time,open,high,low,close,volume
1104710400,81.05000305175781,81.76000213623047,80.7699966430664,81.30000305175781,0.0
1104796800,81.36000061035156,82.70999908447266,81.18000030517578,82.56999969482422,0.0
1104883200,82.48999786376953,82.91999816894531,82.30000305175781,82.54000091552734,0.0
1104969600,82.44999694824219,83.2300033569336,82.43000030517578,83.1500015258789,0.0
1105056000,83.06999969482422,83.79000091552734,82.61000061035156,83.61000061035156,0.0
1105315200,83.48999786376953,83.61000061035156,83.12999725341797,83.29000091552734,0.0
1105401600,83.19999694824219,83.25,82.77999877929688,83.0199966430664,0.0
1105488000,83.06999969482422,83.26000213623047,82.0,82.13999938964844,0.0
1105574400,82.20999908447266,82.5199966430664,82.13999938964844,82.51000213623047,0.0
1105660800,82.47000122070312,83.30999755859375,82.43000030517578,83.05999755859375,0.0
1105920000,82.93000030517578,83.13999938964844,82.83000183105469,83.05999755859375,0.0
1106006400,83.55000305175781,83.66000366210938,83.13999938964844,83.36000061035156,0.0
1106092800,83.47000122070312,83.7699966430664,82.87999725341797,83.5999984741211,0.0
1106179200,83.58000183105469,83.98999786376953,83.4000015258789,83.83999633789062,0.0
1106265600,83.83000183105469,84.0,83.18000030517578,83.26000213623047,0.0
1106524800,83.1500015258789,83.48999786376953,83.01000213623047,83.23999786376953,0.0
1106611200,83.33000183105469,84.08000183105469,83.20999908447266,83.98999786376953,0.0
1106697600,83.94999694824219,83.94999694824219,83.08000183105469,83.30000305175781,0.0
1106784000,83.2699966430664,83.61000061035156,83.04000091552734,83.43000030517578,0.0
1106870400,83.37999725341797,83.83000183105469,83.25,83.4800033569336,0.0
1107129600,83.5999984741211,83.83999633789062,83.38999938964844,83.5999984741211,0.0
1107216000,83.48999786376953,83.79000091552734,83.41999816894531,83.44999694824219,0.0
1107302400,83.4800033569336,83.72000122070312,83.23999786376953,83.5199966430664,0.0
1107388800,83.55000305175781,84.11000061035156,83.5199966430664,83.97000122070312,0.0
1107475200,83.94999694824219,84.43000030517578,83.47000122070312,84.38999938964844,0.0
1107734400,84.52999877929688,85.29000091552734,84.47000122070312,85.04000091552734,0.0
1107820800,85.11000061035156,85.38999938964844,84.95999908447266,85.0999984741211,0.0
1107907200,85.1500015258789,85.30000305175781,84.87000274658203,85.0199966430664,0.0
1107993600,84.91000366210938,85.44000244140625,84.36000061035156,84.54000091552734,0.0
1108080000,84.58000183105469,84.75,84.41999816894531,84.56999969482422,0.0
1108339200,84.45999908447266,84.52999877929688,83.77999877929688,83.95999908447266,0.0
1108425600,83.93000030517578,84.04000091552734,83.45999908447266,83.58999633789062,0.0
1108512000,83.61000061035156,84.13999938964844,83.47000122070312,83.66999816894531,0.0
1108598400,83.77999877929688,83.83999633789062,83.36000061035156,83.47000122070312,0.0
1108684800,83.44999694824219,83.77999877929688,83.41000366210938,83.48999786376953,0.0
1108944000,83.54000091552734,83.69999694824219,83.43000030517578,83.55000305175781,0.0
1109030400,82.77999877929688,83.56999969482422,82.4000015258789,82.41000366210938,0.0
1109116800,82.44000244140625,82.97000122070312,82.4000015258789,82.68000030517578,0.0
1109203200,82.91999816894531,83.08000183105469,82.55000305175781,82.87999725341797,0.0
1109289600,83.0,83.16999816894531,82.62999725341797,82.66000366210938,0.0
1109548800,82.56999969482422,82.69999694824219,82.30000305175781,82.51000213623047,0.0
1109635200,82.6500015258789,82.87999725341797,82.55000305175781,82.7699966430664,0.0
1109721600,82.86000061035156,83.33000183105469,82.76000213623047,83.08000183105469,0.0
1109808000,83.06999969482422,83.37000274658203,82.9800033569336,83.27999877929688,0.0
1109894400,83.33000183105469,83.41000366210938,82.41000366210938,82.54000091552734,0.0
1110153600,82.54000091552734,82.94000244140625,82.48999786376953,82.79000091552734,0.0
1110240000,82.69999694824219,82.75,81.8499984741211,81.9800033569336,0.0
1110326400,81.94999694824219,82.0199966430664,81.5,81.62999725341797,0.0
1110412800,81.77999877929688,81.80999755859375,81.36000061035156,81.56999969482422,0.0
1110499200,81.48999786376953,81.75,81.27999877929688,81.41999816894531,0.0
1110758400,81.31999969482422,82.16000366210938,81.30999755859375,81.97000122070312,0.0
1110844800,82.0,82.2300033569336,81.61000061035156,82.12000274658203,0.0
1110931200,82.16999816894531,82.23999786376953,81.47000122070312,81.62000274658203,0.0
1111017600,81.62999725341797,82.04000091552734,81.58999633789062,81.83999633789062,0.0
1111104000,81.79000091552734,82.4000015258789,81.7699966430664,82.12999725341797,0.0
1111363200,82.11000061035156,83.08000183105469,82.05999755859375,82.87999725341797,0.0
1111449600,82.9800033569336,83.55000305175781,82.5999984741211,83.36000061035156,0.0
1111536000,83.41999816894531,84.0999984741211,83.31999969482422,84.0,0.0
1111622400,83.93000030517578,84.16000366210938,83.73999786376953,84.12999725341797,0.0
1111968000,84.30000305175781,84.73999786376953,84.08999633789062,84.62000274658203,0.0
1112054400,84.55000305175781,84.58000183105469,84.1500015258789,84.31999969482422,0.0
1112140800,84.2699966430664,84.36000061035156,83.98999786376953,84.29000091552734,0.0
1112227200,84.33000183105469,84.4000015258789,83.73999786376953,84.05999755859375,0.0
1112313600,84.06999969482422,84.62999725341797,83.55999755859375,84.43000030517578,0.0
1112572800,84.5,84.9800033569336,84.44000244140625,84.77999877929688,0.0
1112659200,84.81999969482422,85.12000274658203,84.62999725341797,84.66000366210938,0.0
1112745600,84.73999786376953,84.88999938964844,84.44000244140625,84.68000030517578,0.0
1112832000,84.76000213623047,84.91000366210938,84.31999969482422,84.87000274658203,0.0
1112918400,84.87999725341797,85.11000061035156,84.4000015258789,84.47000122070312,0.0
1113177600,84.48999786376953,84.58000183105469,84.05000305175781,84.16000366210938,0.0
1113264000,84.2300033569336,84.80999755859375,83.94999694824219,84.41999816894531,0.0
1113350400,84.48999786376953,84.76000213623047,84.19000244140625,84.41999816894531,0.0
1113436800,84.41999816894531,85.31999969482422,84.38999938964844,85.0,0.0
1113523200,85.16999816894531,85.2699966430664,84.3499984741211,84.55999755859375,0.0
1113782400,84.5,84.7300033569336,83.87999725341797,84.0,0.0
1113868800,84.01000213623047,84.16000366210938,83.69999694824219,83.76000213623047,0.0
1113955200,83.61000061035156,84.05999755859375,83.4000015258789,83.5199966430664,0.0
1114041600,83.52999877929688,83.87000274658203,83.37999725341797,83.69999694824219,0.0
1114128000,83.7300033569336,83.87000274658203,83.36000061035156,83.5,0.0
1114387200,83.51000213623047,84.0,83.37000274658203,83.81999969482422,0.0
1114473600,83.80999755859375,84.1500015258789,83.69999694824219,83.95999908447266,0.0
1114560000,83.95999908447266,84.37000274658203,83.87000274658203,84.12000274658203,0.0
1114646400,84.26000213623047,84.41999816894531,84.08999633789062,84.3499984741211,0.0
1114732800,84.33000183105469,84.4800033569336,83.83999633789062,84.43000030517578,0.0
1114992000,84.45999908447266,84.6500015258789,84.41999816894531,84.48999786376953,0.0
1115078400,84.58000183105469,84.69000244140625,84.27999877929688,84.51000213623047,0.0
1115164800,84.37999725341797,84.45999908447266,83.88999938964844,84.0,0.0
1115251200,83.97000122070312,84.08000183105469,83.75,83.94000244140625,0.0
1115337600,83.94000244140625,84.69000244140625,83.9000015258789,84.61000061035156,0.0
1115596800,84.66000366210938,84.80999755859375,84.54000091552734,84.63999938964844,0.0
1115683200,84.55999755859375,84.77999877929688,84.38999938964844,84.44999694824219,0.0
1115769600,84.41000366210938,85.05999755859375,84.22000122070312,84.94000244140625,0.0
1115856000,84.87000274658203,85.5999984741211,84.8499984741211,85.48999786376953,0.0
1115942400,85.66000366210938,86.12999725341797,85.58000183105469,86.0999984741211,0.0
1116201600,86.22000122070312,86.38999938964844,86.06999969482422,86.12000274658203,0.0
1116288000,86.08000183105469,86.29000091552734,85.95999908447266,86.20999908447266,0.0
1116374400,86.30000305175781,86.41000366210938,85.7699966430664,85.81999969482422,0.0
1116460800,85.83999633789062,86.29000091552734,85.77999877929688,86.08999633789062,0.0
1116547200,86.12000274658203,86.73999786376953,85.98999786376953,86.62999725341797,0.0
1116806400,86.6500015258789,86.70999908447266,86.27999877929688,86.4000015258789,0.0
1116892800,86.47000122070312,86.52999877929688,86.0999984741211,86.37000274658203,0.0
1116979200,86.5,86.58000183105469,86.16999816894531,86.3499984741211,0.0
1117065600,86.3499984741211,86.93000030517578,86.2699966430664,86.8499984741211,0.0
1117152000,86.86000061035156,86.87999725341797,86.37999725341797,86.41999816894531,0.0
1117497600,86.9000015258789,87.80000305175781,86.86000061035156,87.76000213623047,0.0
1117584000,87.73999786376953,88.18000030517578,87.54000091552734,88.11000061035156,0.0
1117670400,88.30000305175781,88.3499984741211,87.69999694824219,87.75,0.0
1117756800,87.86000061035156,88.16999816894531,87.37000274658203,88.04000091552734,0.0
1118016000,88.0,88.05000305175781,87.51000213623047,87.5999984741211,0.0
1118102400,87.69000244140625,87.80999755859375,87.33000183105469,87.48999786376953,0.0
1118188800,87.5199966430664,88.05999755859375,87.1500015258789,87.87999725341797,0.0
1118275200,87.88999938964844,88.30999755859375,87.80000305175781,88.06999969482422,0.0
1118361600,88.02999877929688,88.75,87.9000015258789,88.69000244140625,0.0
1118620800,88.72000122070312,89.3499984741211,88.66999816894531,88.94999694824219,0.0
1118707200,88.88999938964844,89.3499984741211,88.5999984741211,89.26000213623047,0.0
1118793600,89.30000305175781,89.36000061035156,88.55000305175781,88.6500015258789,0.0
1118880000,88.62000274658203,88.98999786376953,88.29000091552734,88.72000122070312,0.0
1118966400,88.70999908447266,88.76000213623047,87.68000030517578,87.7300033569336,0.0
1119225600,88.16999816894531,88.5999984741211,87.91999816894531,88.48999786376953,0.0
1119312000,88.48999786376953,88.94999694824219,88.1500015258789,88.18000030517578,0.0
1119398400,88.22000122070312,88.76000213623047,88.05000305175781,88.55999755859375,0.0
1119484800,88.61000061035156,89.1500015258789,88.45999908447266,89.12000274658203,0.0
1119571200,89.11000061035156,89.3499984741211,88.69000244140625,88.77999877929688,0.0
1119830400,88.72000122070312,88.83000183105469,88.31999969482422,88.44999694824219,0.0
1119916800,88.41000366210938,89.05000305175781,88.36000061035156,88.98999786376953,0.0
1120003200,88.98999786376953,89.4800033569336,88.87000274658203,89.11000061035156,0.0
1120089600,89.0999984741211,89.38999938964844,88.86000061035156,89.11000061035156,0.0
1120176000,89.16999816894531,90.2300033569336,89.08999633789062,90.12999725341797,0.0
1120435200,90.27999877929688,90.52999877929688,90.18000030517578,90.43000030517578,0.0
1120521600,90.66999816894531,90.7300033569336,90.25,90.44000244140625,0.0
1120608000,90.33000183105469,90.58000183105469,90.19999694824219,90.37999725341797,0.0
1120694400,90.37999725341797,90.51000213623047,89.76000213623047,90.27999877929688,0.0
1120780800,90.29000091552734,90.7699966430664,90.0,90.25,0.0
1121040000,90.18000030517578,90.23999786376953,89.4000015258789,89.45999908447266,0.0
1121126400,89.5199966430664,89.58999633789062,88.27999877929688,88.41000366210938,0.0
1121212800,88.44999694824219,89.47000122070312,88.41000366210938,89.30999755859375,0.0
1121299200,89.37999725341797,89.4800033569336,89.12999725341797,89.4000015258789,0.0
1121385600,89.41000366210938,89.81999969482422,89.0999984741211,89.72000122070312,0.0
1121644800,89.77999877929688,89.83999633789062,89.37000274658203,89.63999938964844,0.0
1121731200,89.68000030517578,90.36000061035156,89.58999633789062,89.8499984741211,0.0
1121817600,89.9800033569336,90.30999755859375,89.12999725341797,89.33999633789062,0.0
1121904000,89.3499984741211,89.44999694824219,88.44000244140625,88.93000030517578,0.0
1121990400,88.97000122070312,89.68000030517578,88.86000061035156,89.63999938964844,0.0
1122249600,89.75,89.9000015258789,89.5,89.5999984741211,0.0
1122336000,89.61000061035156,90.26000213623047,89.55000305175781,90.0,0.0
1122422400,90.0999984741211,90.44999694824219,89.66999816894531,89.7300033569336,0.0
1122508800,89.8499984741211,90.01000213623047,89.22000122070312,89.33999633789062,0.0
1122595200,89.37000274658203,89.66000366210938,89.1500015258789,89.3499984741211,0.0
1122854400,89.41000366210938,89.44000244140625,88.52999877929688,88.80000305175781,0.0
1122940800,88.9000015258789,88.97000122070312,88.36000061035156,88.76000213623047,0.0
1123027200,88.76000213623047,89.05000305175781,87.93000030517578,87.98999786376953,0.0
1123113600,88.0199966430664,88.2300033569336,87.61000061035156,87.80000305175781,0.0
1123200000,87.76000213623047,88.30000305175781,87.69999694824219,88.05999755859375,0.0
1123459200,88.18000030517578,88.29000091552734,87.7300033569336,87.91999816894531,0.0
1123545600,87.98999786376953,88.11000061035156,87.5999984741211,87.88999938964844,0.0
1123632000,87.81999969482422,87.97000122070312,87.44999694824219,87.61000061035156,0.0
1123718400,87.5999984741211,87.61000061035156,87.04000091552734,87.0999984741211,0.0
1123804800,86.91999816894531,87.33000183105469,86.76000213623047,86.9800033569336,0.0
1124064000,86.88999938964844,87.48999786376953,86.83000183105469,87.31999969482422,0.0
1124150400,87.33999633789062,87.72000122070312,87.2699966430664,87.43000030517578,0.0
1124236800,87.47000122070312,88.0199966430664,87.3499984741211,88.0,0.0
1124323200,87.94000244140625,88.69999694824219,87.86000061035156,88.58999633789062,0.0
1124409600,88.55000305175781,88.9000015258789,88.45999908447266,88.58000183105469,0.0
1124668800,88.58999633789062,88.66000366210938,88.05000305175781,88.13999938964844,0.0
1124755200,88.0999984741211,88.37999725341797,88.02999877929688,88.08000183105469,0.0
1124841600,88.0999984741211,88.58000183105469,87.81999969482422,87.91000366210938,0.0
1124928000,87.88999938964844,87.98999786376953,87.52999877929688,87.63999938964844,0.0
1125014400,87.7300033569336,87.9000015258789,87.43000030517578,87.86000061035156,0.0
1125273600,87.73999786376953,88.29000091552734,87.44999694824219,88.25,0.0
1125360000,88.19000244140625,88.68000030517578,88.1500015258789,88.3499984741211,0.0
1125446400,88.37000274658203,88.55999755859375,87.43000030517578,87.58000183105469,0.0
1125532800,87.58999633789062,87.68000030517578,86.37000274658203,86.55000305175781,0.0
1125619200,86.61000061035156,86.72000122070312,86.0199966430664,86.30000305175781,0.0
1125964800,86.63999938964844,86.81999969482422,86.23999786376953,86.56999969482422,0.0
1126051200,86.72000122070312,87.0199966430664,86.29000091552734,86.97000122070312,0.0
1126137600,86.97000122070312,87.13999938964844,86.7300033569336,87.04000091552734,0.0
1126224000,87.08000183105469,87.19999694824219,86.58000183105469,86.88999938964844,0.0
1126483200,86.83999633789062,87.72000122070312,86.75,87.70999908447266,0.0
1126569600,87.6500015258789,87.91999816894531,87.48999786376953,87.75,0.0
1126656000,87.72000122070312,87.83000183105469,87.3499984741211,87.66999816894531,0.0
1126742400,87.69000244140625,88.20999908447266,87.62000274658203,88.12999725341797,0.0
1126828800,88.02999877929688,88.30000305175781,87.61000061035156,88.05000305175781,0.0
1127088000,88.5199966430664,88.80999755859375,88.33000183105469,88.44000244140625,0.0
1127174400,88.5,88.63999938964844,88.22000122070312,88.5999984741211,0.0
1127260800,88.69000244140625,88.72000122070312,87.88999938964844,88.13999938964844,0.0
1127347200,87.95999908447266,88.62999725341797,87.75,88.55999755859375,0.0
1127433600,88.55000305175781,89.20999908447266,88.4000015258789,89.20999908447266,0.0
1127692800,89.37999725341797,89.45999908447266,89.08000183105469,89.11000061035156,0.0
1127779200,89.11000061035156,89.81999969482422,89.05999755859375,89.5999984741211,0.0
1127865600,89.58999633789062,89.77999877929688,89.33999633789062,89.47000122070312,0.0
1127952000,89.27999877929688,89.62000274658203,89.19000244140625,89.4000015258789,0.0
1128038400,89.54000091552734,89.69000244140625,89.02999877929688,89.5199966430664,0.0
1128297600,89.51000213623047,90.2300033569336,89.4000015258789,90.12999725341797,0.0
1128384000,90.19999694824219,90.23999786376953,89.94000244140625,90.0999984741211,0.0
1128470400,90.16000366210938,90.16999816894531,89.73999786376953,89.9800033569336,0.0
1128556800,89.66999816894531,89.76000213623047,88.52999877929688,88.66000366210938,0.0
1128643200,88.7699966430664,89.30999755859375,88.72000122070312,89.16999816894531,0.0
1128902400,89.05000305175781,89.47000122070312,88.93000030517578,89.45999908447266,0.0
1128988800,89.55000305175781,90.0199966430664,89.44999694824219,89.97000122070312,0.0
1129075200,89.95999908447266,90.16999816894531,89.5,89.62999725341797,0.0
1129161600,89.66999816894531,90.43000030517578,89.61000061035156,89.80999755859375,0.0
1129248000,89.83000183105469,90.08999633789062,89.25,89.3499984741211,0.0
1129507200,89.5199966430664,89.91999816894531,89.16000366210938,89.80000305175781,0.0
1129593600,89.94000244140625,90.56999969482422,89.25,90.29000091552734,0.0
1129680000,90.27999877929688,90.73999786376953,89.25,89.98999786376953,0.0
1129766400,90.05999755859375,90.19000244140625,89.88999938964844,89.91000366210938,0.0
1129852800,89.7699966430664,90.41000366210938,89.4000015258789,90.30999755859375,0.0
1130112000,90.31999969482422,90.43000030517578,89.80999755859375,90.11000061035156,0.0
1130198400,90.11000061035156,90.3499984741211,89.13999938964844,89.23999786376953,0.0
1130284800,89.2300033569336,89.66999816894531,89.08000183105469,89.48999786376953,0.0
1130371200,89.58999633789062,89.69999694824219,88.81999969482422,89.0999984741211,0.0
1130457600,89.08000183105469,89.66999816894531,88.9000015258789,89.58999633789062,0.0
1130716800,89.61000061035156,90.19000244140625,89.4000015258789,90.06999969482422,0.0
1130803200,90.12000274658203,90.30999755859375,89.93000030517578,90.08000183105469,0.0
1130889600,90.0,90.19999694824219,89.62000274658203,89.72000122070312,0.0
1130976000,89.73999786376953,90.4800033569336,89.6500015258789,90.44000244140625,0.0
1131062400,90.38999938964844,91.37000274658203,90.13999938964844,91.26000213623047,0.0
1131321600,91.38999938964844,91.58999633789062,91.16999816894531,91.29000091552734,0.0
1131408000,91.44999694824219,91.95999908447266,91.33000183105469,91.37000274658203,0.0
1131494400,91.5,91.83999633789062,91.33000183105469,91.5,0.0
1131580800,91.5199966430664,92.0999984741211,91.30000305175781,92.08000183105469,0.0
1131667200,92.12000274658203,92.12999725341797,91.86000061035156,91.9800033569336,0.0
1131926400,91.76000213623047,92.33999633789062,91.5,92.12999725341797,0.0
1132012800,92.1500015258789,92.54000091552734,91.98999786376953,92.08999633789062,0.0
1132099200,91.95999908447266,92.62999725341797,91.91000366210938,92.33000183105469,0.0
1132185600,92.4000015258789,92.5999984741211,91.80999755859375,91.87999725341797,0.0
1132272000,91.95999908447266,92.48999786376953,91.69999694824219,91.93000030517578,0.0
1132531200,91.87000274658203,92.08999633789062,91.38999938964844,92.02999877929688,0.0
1132617600,92.02999877929688,92.33000183105469,91.4000015258789,91.5,0.0
1132704000,91.48999786376953,91.72000122070312,91.1500015258789,91.51000213623047,0.0
1132876800,91.81999969482422,92.06999969482422,91.61000061035156,92.04000091552734,0.0
1133136000,92.05000305175781,92.30999755859375,90.80000305175781,90.9800033569336,0.0
1133222400,91.20999908447266,91.94000244140625,91.11000061035156,91.62000274658203,0.0
1133308800,91.80999755859375,91.83000183105469,91.44999694824219,91.56999969482422,0.0
1133395200,91.54000091552734,92.20999908447266,91.5,91.81999969482422,0.0
1133481600,91.87000274658203,92.31999969482422,91.76000213623047,91.94999694824219,0.0
1133740800,92.0,92.19000244140625,91.31999969482422,91.4800033569336,0.0
1133827200,91.52999877929688,91.73999786376953,91.38999938964844,91.44000244140625,0.0
1133913600,91.41999816894531,92.05000305175781,91.38999938964844,91.88999938964844,0.0
1134000000,91.94999694824219,91.9800033569336,91.02999877929688,91.26000213623047,0.0
1134086400,91.29000091552734,91.56999969482422,91.13999938964844,91.25,0.0
1134345600,91.43000030517578,91.51000213623047,90.1500015258789,90.3499984741211,0.0
1134432000,90.33000183105469,90.68000030517578,90.16999816894531,90.37999725341797,0.0
1134518400,90.41999816894531,90.62000274658203,89.5199966430664,89.83000183105469,0.0
1134604800,90.0199966430664,90.62000274658203,89.54000091552734,90.0199966430664,0.0
1134691200,90.02999877929688,90.16000366210938,89.66999816894531,89.69999694824219,0.0
1134950400,89.5999984741211,90.02999877929688,89.58000183105469,89.87000274658203,0.0
1135036800,89.9000015258789,90.95999908447266,89.83999633789062,90.77999877929688,0.0
1135123200,90.76000213623047,91.2300033569336,90.51000213623047,90.94000244140625,0.0
1135209600,91.0199966430664,91.19999694824219,90.5999984741211,90.72000122070312,0.0
1135296000,90.80000305175781,91.08999633789062,90.68000030517578,90.83999633789062,0.0
1135641600,90.9000015258789,91.19999694824219,90.80000305175781,91.19000244140625,0.0
1135728000,91.06999969482422,91.33000183105469,90.5199966430664,91.26000213623047,0.0
1135814400,91.12999725341797,91.30000305175781,90.91999816894531,91.0999984741211,0.0
1135900800,91.08000183105469,91.47000122070312,90.77999877929688,91.16999816894531,0.0
1136246400,90.75,90.94000244140625,89.77999877929688,89.83999633789062,0.0
1136332800,89.7300033569336,89.86000061035156,89.01000213623047,89.13999938964844,0.0
1136419200,89.2699966430664,89.62999725341797,89.18000030517578,89.33000183105469,0.0
1136505600,89.3499984741211,89.62999725341797,88.80000305175781,88.8499984741211,0.0
1136764800,88.95999908447266,89.44999694824219,88.80999755859375,89.25,0.0
1136851200,89.33999633789062,89.54000091552734,89.11000061035156,89.33000183105469,0.0
1136937600,89.37000274658203,89.56999969482422,88.86000061035156,88.98999786376953,0.0
1137024000,88.94000244140625,89.66999816894531,88.7300033569336,89.44000244140625,0.0
1137110400,89.47000122070312,89.55000305175781,88.8499984741211,88.88999938964844,0.0
1137456000,89.11000061035156,89.5999984741211,88.93000030517578,89.30000305175781,0.0
1137542400,89.2300033569336,89.51000213623047,88.94000244140625,89.26000213623047,0.0
1137628800,89.30999755859375,89.63999938964844,89.18000030517578,89.38999938964844,0.0
1137715200,89.38999938964844,89.6500015258789,88.94999694824219,88.94999694824219,0.0
1137974400,88.79000091552734,88.95999908447266,87.93000030517578,87.94999694824219,0.0
1138060800,87.94000244140625,88.23999786376953,87.83000183105469,88.05999755859375,0.0
1138147200,88.23999786376953,88.41999816894531,87.86000061035156,88.33000183105469,0.0
1138233600,88.41999816894531,88.70999908447266,88.2300033569336,88.62000274658203,0.0
1138320000,88.5999984741211,89.4000015258789,88.45999908447266,89.31999969482422,0.0
1138579200,89.2699966430664,89.52999877929688,89.2300033569336,89.41999816894531,0.0
1138665600,89.43000030517578,89.47000122070312,88.69000244140625,88.95999908447266,0.0
1138752000,88.95999908447266,89.56999969482422,88.83999633789062,89.51000213623047,0.0
1138838400,89.48999786376953,89.73999786376953,89.29000091552734,89.37000274658203,0.0
1138924800,89.47000122070312,90.2300033569336,89.30000305175781,89.88999938964844,0.0
1139184000,89.86000061035156,90.41999816894531,89.7300033569336,90.29000091552734,0.0
1139270400,90.33999633789062,90.4000015258789,89.9000015258789,90.23999786376953,0.0
1139356800,90.08999633789062,90.55000305175781,90.05999755859375,90.43000030517578,0.0
1139443200,90.30000305175781,90.38999938964844,90.08000183105469,90.29000091552734,0.0
1139529600,90.1500015258789,90.56999969482422,89.69999694824219,90.55000305175781,0.0
1139788800,90.55000305175781,90.77999877929688,90.4800033569336,90.54000091552734,0.0
1139875200,90.5199966430664,90.93000030517578,90.41000366210938,90.54000091552734,0.0
1139961600,90.55999755859375,90.80999755859375,90.16999816894531,90.72000122070312,0.0
1140048000,90.73999786376953,91.0199966430664,90.58000183105469,90.7300033569336,0.0
1140134400,90.61000061035156,91.01000213623047,90.43000030517578,90.63999938964844,0.0
1140480000,90.44999694824219,90.73999786376953,90.41000366210938,90.55000305175781,0.0
1140566400,90.56999969482422,90.88999938964844,90.47000122070312,90.66999816894531,0.0
1140652800,90.55999755859375,90.66999816894531,90.08999633789062,90.38999938964844,0.0
1140739200,90.37999725341797,90.70999908447266,90.23999786376953,90.61000061035156,0.0
1140998400,90.86000061035156,90.88999938964844,90.51000213623047,90.62999725341797,0.0
1141084800,90.66999816894531,90.76000213623047,90.0199966430664,90.11000061035156,0.0
1141171200,90.08000183105469,90.4000015258789,89.8499984741211,90.22000122070312,0.0
1141257600,90.22000122070312,90.2699966430664,89.52999877929688,89.55999755859375,0.0
1141344000,89.55000305175781,89.9000015258789,89.5,89.66000366210938,0.0
1141603200,89.36000061035156,90.06999969482422,89.27999877929688,89.88999938964844,0.0
1141689600,89.91000366210938,90.86000061035156,89.86000061035156,90.7699966430664,0.0
1141776000,90.70999908447266,90.80000305175781,90.43000030517578,90.62000274658203,0.0
1141862400,90.5999984741211,90.79000091552734,90.37999725341797,90.75,0.0
1141948800,90.77999877929688,91.16000366210938,90.58999633789062,90.8499984741211,0.0
1142208000,90.83000183105469,90.87000274658203,90.5199966430664,90.54000091552734,0.0
1142294400,90.4800033569336,90.61000061035156,89.88999938964844,90.0,0.0
1142380800,90.04000091552734,90.08000183105469,89.69000244140625,89.69999694824219,0.0
1142467200,89.73999786376953,89.97000122070312,89.0,89.06999969482422,0.0
1142553600,89.11000061035156,89.29000091552734,88.8499984741211,88.91999816894531,0.0
1142812800,89.06999969482422,89.2699966430664,88.94999694824219,89.12999725341797,0.0
1142899200,89.16999816894531,89.79000091552734,89.1500015258789,89.62000274658203,0.0
1142985600,89.5999984741211,89.87000274658203,89.54000091552734,89.72000122070312,0.0
1143072000,89.7699966430664,90.5199966430664,89.75,90.45999908447266,0.0
1143158400,90.43000030517578,90.62000274658203,89.95999908447266,90.06999969482422,0.0
1143417600,90.05000305175781,90.08999633789062,89.76000213623047,90.06999969482422,0.0
1143504000,90.02999877929688,90.30999755859375,89.51000213623047,90.25,0.0
1143590400,90.2300033569336,90.44999694824219,90.05999755859375,90.25,0.0
1143676800,90.20999908447266,90.25,89.31999969482422,89.38999938964844,0.0
1143763200,89.30000305175781,89.94000244140625,89.27999877929688,89.7300033569336,0.0
1144022400,89.73999786376953,90.4000015258789,89.58999633789062,89.62999725341797,0.0
1144108800,89.66000366210938,89.76000213623047,88.79000091552734,88.83000183105469,0.0
1144195200,88.87999725341797,88.95999908447266,88.5999984741211,88.62999725341797,0.0
1144281600,88.73999786376953,89.16000366210938,88.44000244140625,88.95999908447266,0.0
1144368000,89.05000305175781,89.70999908447266,88.91000366210938,89.62999725341797,0.0
1144627200,89.5999984741211,89.83999633789062,89.4800033569336,89.72000122070312,0.0
1144713600,89.63999938964844,89.75,89.38999938964844,89.44000244140625,0.0
1144800000,89.36000061035156,89.81999969482422,89.20999908447266,89.62000274658203,0.0
1144886400,89.56999969482422,89.86000061035156,89.41000366210938,89.62000274658203,0.0
1145232000,88.76000213623047,89.16000366210938,88.43000030517578,88.63999938964844,0.0
1145318400,88.68000030517578,88.8499984741211,88.18000030517578,88.23999786376953,0.0
1145404800,87.94000244140625,88.41999816894531,87.7300033569336,87.79000091552734,0.0
1145491200,87.83999633789062,88.44000244140625,87.81999969482422,88.25,0.0
1145577600,88.29000091552734,88.52999877929688,87.93000030517578,88.05000305175781,0.0
1145836800,87.7300033569336,87.91999816894531,87.41000366210938,87.44999694824219,0.0
1145923200,87.55999755859375,87.69000244140625,87.23999786376953,87.31999969482422,0.0
1146009600,87.37000274658203,87.66000366210938,87.11000061035156,87.22000122070312,0.0
1146096000,87.2699966430664,87.5199966430664,86.55999755859375,86.62999725341797,0.0
1146182400,86.69000244140625,86.76000213623047,86.0,86.11000061035156,0.0
1146441600,85.93000030517578,86.0199966430664,85.4800033569336,85.97000122070312,0.0
1146528000,86.18000030517578,86.36000061035156,85.63999938964844,85.79000091552734,0.0
1146614400,85.87999725341797,86.02999877929688,85.5,85.83999633789062,0.0
1146700800,85.91000366210938,86.22000122070312,85.30999755859375,85.83999633789062,0.0
1146787200,85.45999908447266,85.62999725341797,85.0,85.12000274658203,0.0
1147046400,85.08999633789062,85.30999755859375,84.68000030517578,85.2300033569336,0.0
1147132800,85.25,85.48999786376953,84.66000366210938,84.83000183105469,0.0
1147219200,84.73999786376953,84.83999633789062,84.37000274658203,84.5,0.0
1147305600,84.75,85.27999877929688,84.13999938964844,84.2699966430664,0.0
1147392000,84.25,84.37000274658203,83.61000061035156,83.95999908447266,0.0
1147651200,83.61000061035156,84.68000030517578,83.5999984741211,84.54000091552734,0.0
1147737600,84.70999908447266,84.77999877929688,84.12000274658203,84.16999816894531,0.0
1147824000,84.25,85.0999984741211,83.7300033569336,84.8499984741211,0.0
1147910400,84.9000015258789,84.9800033569336,84.36000061035156,84.51000213623047,0.0
1147996800,84.37999725341797,85.3499984741211,84.23999786376953,84.87999725341797,0.0
1148256000,84.91000366210938,85.47000122070312,84.2699966430664,84.3499984741211,0.0
1148342400,84.44000244140625,84.72000122070312,84.2699966430664,84.3499984741211,0.0
1148428800,84.93000030517578,85.2699966430664,84.30999755859375,84.94999694824219,0.0
1148515200,85.02999877929688,85.16000366210938,84.5999984741211,84.6500015258789,0.0
1148601600,84.66999816894531,85.36000061035156,84.55999755859375,85.26000213623047,0.0
1148947200,85.06999969482422,85.11000061035156,84.08000183105469,84.27999877929688,0.0
1149033600,84.3499984741211,84.73999786376953,84.08000183105469,84.72000122070312,0.0
1149120000,84.68000030517578,85.2699966430664,84.62999725341797,84.79000091552734,0.0
1149206400,84.72000122070312,84.87000274658203,83.91000366210938,84.05000305175781,0.0
1149465600,84.05999755859375,84.16999816894531,83.72000122070312,84.13999938964844,0.0
1149552000,84.29000091552734,84.94999694824219,84.08000183105469,84.7300033569336,0.0
1149638400,84.83999633789062,85.20999908447266,84.72000122070312,84.98999786376953,0.0
1149724800,84.97000122070312,86.0,84.91999816894531,85.91000366210938,0.0
1149811200,85.81999969482422,86.05999755859375,85.48999786376953,85.72000122070312,0.0
1150070400,85.88999938964844,86.12000274658203,85.66999816894531,85.8499984741211,0.0
1150156800,86.0,86.5,85.9000015258789,86.43000030517578,0.0
1150243200,86.41999816894531,86.4800033569336,85.76000213623047,86.13999938964844,0.0
1150329600,86.05000305175781,86.20999908447266,85.7300033569336,86.0199966430664,0.0
1150416000,85.86000061035156,86.08999633789062,85.66000366210938,85.91999816894531,0.0
1150675200,86.01000213623047,86.47000122070312,85.91999816894531,86.30999755859375,0.0
1150761600,86.31999969482422,86.45999908447266,85.98999786376953,86.18000030517578,0.0
1150848000,86.16999816894531,86.18000030517578,85.62999725341797,85.77999877929688,0.0
1150934400,85.75,86.55000305175781,85.66000366210938,86.38999938964844,0.0
1151020800,86.41000366210938,87.05000305175781,86.30999755859375,86.81999969482422,0.0
1151280000,86.86000061035156,86.88999938964844,86.36000061035156,86.48999786376953,0.0
1151366400,86.44999694824219,86.66000366210938,86.25,86.47000122070312,0.0
1151452800,86.58999633789062,86.87000274658203,86.45999908447266,86.62999725341797,0.0
1151539200,86.69999694824219,86.8499984741211,85.86000061035156,85.87000274658203,0.0
1151625600,85.91000366210938,85.93000030517578,85.13999938964844,85.22000122070312,0.0
1151884800,85.19999694824219,85.36000061035156,85.05999755859375,85.18000030517578,0.0
1152057600,84.9800033569336,85.76000213623047,84.88999938964844,85.5999984741211,0.0
1152144000,85.61000061035156,85.66999816894531,85.30999755859375,85.3499984741211,0.0
1152230400,85.37000274658203,85.41000366210938,84.7699966430664,84.9800033569336,0.0
1152489600,85.02999877929688,85.5999984741211,84.97000122070312,85.5,0.0
1152576000,85.44999694824219,85.7300033569336,85.33999633789062,85.36000061035156,0.0
1152662400,85.4000015258789,86.04000091552734,85.31999969482422,85.91000366210938,0.0
1152748800,85.81999969482422,86.0,85.63999938964844,85.79000091552734,0.0
1152835200,85.81999969482422,86.27999877929688,85.80999755859375,86.08999633789062,0.0
1153094400,86.16999816894531,87.01000213623047,86.05999755859375,86.95999908447266,0.0
1153180800,86.9800033569336,87.18000030517578,86.55000305175781,87.01000213623047,0.0
1153267200,87.05999755859375,87.33000183105469,86.37000274658203,86.45999908447266,0.0
1153353600,86.47000122070312,86.5,86.12000274658203,86.22000122070312,0.0
1153440000,86.2699966430664,86.30000305175781,85.8499984741211,85.93000030517578,0.0
1153699200,85.86000061035156,86.43000030517578,85.80999755859375,86.33999633789062,0.0
1153785600,86.37999725341797,86.7699966430664,86.08000183105469,86.63999938964844,0.0
1153872000,86.63999938964844,86.7300033569336,85.88999938964844,85.93000030517578,0.0
1153958400,85.87999725341797,85.95999908447266,85.37000274658203,85.87000274658203,0.0
1154044800,85.8499984741211,86.02999877929688,85.31999969482422,85.44000244140625,0.0
1154304000,85.38999938964844,85.45999908447266,85.18000030517578,85.30000305175781,0.0
1154390400,85.27999877929688,85.62999725341797,85.02999877929688,85.05000305175781,0.0
1154476800,85.05000305175781,85.19999694824219,84.91000366210938,85.05000305175781,0.0
1154563200,85.12000274658203,85.38999938964844,84.86000061035156,85.0199966430664,0.0
1154649600,85.08999633789062,85.2699966430664,84.38999938964844,84.56999969482422,0.0
1154908800,84.52999877929688,84.80999755859375,84.48999786376953,84.75,0.0
1154995200,84.86000061035156,84.9000015258789,84.47000122070312,84.66000366210938,0.0
1155081600,85.20999908447266,85.22000122070312,84.43000030517578,84.70999908447266,0.0
1155168000,84.62999725341797,85.38999938964844,84.41999816894531,85.08000183105469,0.0
1155254400,85.0999984741211,85.58000183105469,85.06999969482422,85.5199966430664,0.0
1155513600,85.48999786376953,85.68000030517578,85.30999755859375,85.63999938964844,0.0
1155600000,85.5999984741211,85.75,85.0999984741211,85.22000122070312,0.0
1155686400,85.18000030517578,85.30999755859375,84.69999694824219,84.87999725341797,0.0
1155772800,84.88999938964844,85.13999938964844,84.61000061035156,85.04000091552734,0.0
1155859200,85.02999877929688,85.30999755859375,84.93000030517578,85.08999633789062,0.0
1156118400,85.0199966430664,85.12000274658203,84.41999816894531,84.62999725341797,0.0
1156204800,84.80000305175781,85.27999877929688,84.7300033569336,85.18000030517578,0.0
1156291200,85.12000274658203,85.22000122070312,84.76000213623047,85.12999725341797,0.0
1156377600,85.19000244140625,85.33999633789062,84.88999938964844,85.27999877929688,0.0
1156464000,85.30000305175781,85.55000305175781,85.19999694824219,85.37999725341797,0.0
1156723200,85.38999938964844,85.45999908447266,85.02999877929688,85.2300033569336,0.0
1156809600,85.22000122070312,85.37999725341797,84.88999938964844,84.91000366210938,0.0
1156896000,84.95999908447266,85.06999969482422,84.83999633789062,84.97000122070312,0.0
1156982400,84.91000366210938,85.20999908447266,84.72000122070312,85.05000305175781,0.0
1157068800,85.08999633789062,85.37000274658203,84.87999725341797,84.94000244140625,0.0
1157414400,84.87000274658203,85.13999938964844,84.7300033569336,85.0,0.0
1157500800,85.01000213623047,85.3499984741211,84.97000122070312,85.0999984741211,0.0
1157587200,85.08000183105469,85.63999938964844,85.02999877929688,85.52999877929688,0.0
1157673600,85.55000305175781,86.05999755859375,85.51000213623047,85.94999694824219,0.0
1157932800,85.97000122070312,86.08000183105469,85.62999725341797,85.91999816894531,0.0
1158019200,85.88999938964844,86.0199966430664,85.66000366210938,85.91999816894531,0.0
1158105600,85.86000061035156,86.0199966430664,85.72000122070312,85.87000274658203,0.0
1158192000,85.83999633789062,85.94000244140625,85.45999908447266,85.66000366210938,0.0
1158278400,85.69000244140625,86.16999816894531,85.58999633789062,85.98999786376953,0.0
1158537600,86.05999755859375,86.13999938964844,85.79000091552734,85.80999755859375,0.0
1158624000,85.7699966430664,86.04000091552734,85.62999725341797,85.94000244140625,0.0
1158710400,85.91999816894531,85.97000122070312,85.62999725341797,85.80999755859375,0.0
1158796800,85.87000274658203,85.88999938964844,85.16999816894531,85.18000030517578,0.0
1158883200,85.22000122070312,85.2300033569336,84.91000366210938,85.19999694824219,0.0
1159142400,85.18000030517578,85.44999694824219,84.97000122070312,85.29000091552734,0.0
1159228800,85.37000274658203,85.83999633789062,85.2699966430664,85.62999725341797,0.0
1159315200,85.70999908447266,85.86000061035156,85.55999755859375,85.66000366210938,0.0
1159401600,85.66999816894531,85.91999816894531,85.54000091552734,85.72000122070312,0.0
1159488000,85.7699966430664,86.22000122070312,85.72000122070312,85.97000122070312,0.0
1159747200,86.01000213623047,86.12999725341797,85.51000213623047,85.58999633789062,0.0
1159833600,85.61000061035156,85.76000213623047,85.47000122070312,85.70999908447266,0.0
1159920000,85.7300033569336,86.0999984741211,85.68000030517578,85.83999633789062,0.0
1160006400,85.83000183105469,86.05000305175781,85.73999786376953,85.91999816894531,0.0
1160092800,85.91999816894531,86.6500015258789,85.79000091552734,86.44000244140625,0.0
1160352000,86.52999877929688,86.5999984741211,86.44000244140625,86.5199966430664,0.0
1160438400,86.52999877929688,87.08999633789062,86.45999908447266,87.0199966430664,0.0
1160524800,87.05000305175781,87.20999908447266,86.87999725341797,87.12000274658203,0.0
1160611200,87.0999984741211,87.12000274658203,86.80999755859375,86.91999816894531,0.0
1160697600,86.86000061035156,87.30000305175781,86.70999908447266,87.12000274658203,0.0
1160956800,87.16999816894531,87.19999694824219,86.87999725341797,87.0,0.0
1161043200,86.9000015258789,86.98999786376953,86.66999816894531,86.87000274658203,0.0
1161129600,86.81999969482422,87.08999633789062,86.69999694824219,86.87999725341797,0.0
1161216000,86.87000274658203,86.88999938964844,86.18000030517578,86.23999786376953,0.0
1161302400,86.27999877929688,86.4000015258789,86.13999938964844,86.2699966430664,0.0
1161561600,86.30000305175781,86.81999969482422,86.2699966430664,86.70999908447266,0.0
1161648000,86.73999786376953,86.91999816894531,86.55999755859375,86.62999725341797,0.0
1161734400,86.69999694824219,86.72000122070312,86.33999633789062,86.37999725341797,0.0
1161820800,86.37000274658203,86.37999725341797,85.83000183105469,85.88999938964844,0.0
1161907200,85.88999938964844,86.06999969482422,85.43000030517578,85.55999755859375,0.0
1162166400,85.56999969482422,85.69000244140625,85.5,85.58999633789062,0.0
1162252800,85.66999816894531,85.87000274658203,85.20999908447266,85.31999969482422,0.0
1162339200,85.29000091552734,85.5,85.1500015258789,85.31999969482422,0.0
1162425600,85.45999908447266,85.55000305175781,85.31999969482422,85.33999633789062,0.0
1162512000,85.3499984741211,85.91000366210938,85.2699966430664,85.70999908447266,0.0
1162771200,85.69999694824219,85.93000030517578,85.66000366210938,85.75,0.0
1162857600,85.70999908447266,85.7300033569336,85.0999984741211,85.43000030517578,0.0
1162944000,85.37999725341797,85.5999984741211,85.19000244140625,85.41000366210938,0.0
1163030400,85.4800033569336,85.62999725341797,85.05999755859375,85.18000030517578,0.0
1163116800,85.12000274658203,85.12999725341797,84.69999694824219,85.05000305175781,0.0
1163376000,85.0199966430664,85.44000244140625,84.83999633789062,85.36000061035156,0.0
1163462400,85.30000305175781,85.44000244140625,84.94999694824219,85.23999786376953,0.0
1163548800,85.30000305175781,85.62999725341797,85.22000122070312,85.33999633789062,0.0
1163635200,85.31999969482422,85.55999755859375,85.22000122070312,85.5,0.0
1163721600,85.52999877929688,85.69999694824219,85.18000030517578,85.37000274658203,0.0
1163980800,85.33999633789062,85.45999908447266,85.19999694824219,85.41999816894531,0.0
1164067200,85.4000015258789,85.4800033569336,85.18000030517578,85.23999786376953,0.0
1164153600,85.26000213623047,85.2699966430664,84.44000244140625,84.6500015258789,0.0
1164240000,84.58000183105469,84.58000183105469,84.36000061035156,84.4800033569336,0.0
1164326400,84.4000015258789,84.51000213623047,83.55999755859375,83.70999908447266,0.0
1164585600,83.3499984741211,83.77999877929688,83.25,83.51000213623047,0.0
1164672000,83.51000213623047,83.58000183105469,83.1500015258789,83.20999908447266,0.0
1164758400,83.13999938964844,83.56999969482422,83.05000305175781,83.44000244140625,0.0
1164844800,83.51000213623047,83.52999877929688,82.79000091552734,82.91999816894531,0.0
1164931200,82.91000366210938,83.08999633789062,82.36000061035156,82.4800033569336,0.0
1165190400,82.36000061035156,82.76000213623047,82.30999755859375,82.48999786376953,0.0
1165276800,82.45999908447266,82.69999694824219,82.23999786376953,82.44999694824219,0.0
1165363200,82.52999877929688,82.87999725341797,82.4000015258789,82.7699966430664,0.0
1165449600,82.77999877929688,82.83000183105469,82.52999877929688,82.80000305175781,0.0
1165536000,82.77999877929688,83.33999633789062,82.37999725341797,83.33000183105469,0.0
1165795200,83.33999633789062,83.66999816894531,83.05000305175781,83.12000274658203,0.0
1165881600,83.08999633789062,83.30999755859375,82.87999725341797,82.97000122070312,0.0
1165968000,82.91999816894531,83.44000244140625,82.88999938964844,82.97000122070312,0.0
1166054400,83.30000305175781,83.72000122070312,83.12999725341797,83.6500015258789,0.0
1166140800,83.63999938964844,84.13999938964844,83.48999786376953,84.05999755859375,0.0
1166400000,84.02999877929688,84.22000122070312,83.83999633789062,83.9800033569336,0.0
1166486400,83.95999908447266,84.02999877929688,83.31999969482422,83.45999908447266,0.0
1166572800,83.37000274658203,83.62999725341797,83.20999908447266,83.5199966430664,0.0
1166659200,83.48999786376953,83.76000213623047,83.33999633789062,83.56999969482422,0.0
1166745600,83.54000091552734,83.95999908447266,83.37999725341797,83.94000244140625,0.0
1167091200,83.83999633789062,84.12999725341797,83.80000305175781,84.06999969482422,0.0
1167177600,84.02999877929688,84.0999984741211,83.6500015258789,83.94000244140625,0.0
1167264000,83.94000244140625,84.02999877929688,83.52999877929688,83.81999969482422,0.0
1167350400,83.81999969482422,83.87000274658203,83.61000061035156,83.72000122070312,0.0
1167696000,83.45999908447266,83.61000061035156,83.1500015258789,83.19999694824219,0.0
1167782400,83.2699966430664,84.04000091552734,83.16999816894531,83.91999816894531,0.0
1167868800,83.91000366210938,84.38999938964844,83.83999633789062,84.31999969482422,0.0
1167955200,84.29000091552734,84.80999755859375,84.1500015258789,84.62999725341797,0.0
1168214400,84.63999938964844,84.83999633789062,84.48999786376953,84.5999984741211,0.0
1168300800,84.48999786376953,84.83999633789062,84.43000030517578,84.73999786376953,0.0
1168387200,84.77999877929688,85.13999938964844,84.72000122070312,85.08000183105469,0.0
1168473600,85.05999755859375,85.36000061035156,84.69999694824219,85.30999755859375,0.0
1168560000,85.29000091552734,85.4000015258789,84.93000030517578,85.02999877929688,0.0
1168905600,84.94000244140625,85.12999725341797,84.63999938964844,85.05000305175781,0.0
1168992000,85.0999984741211,85.16000366210938,84.87000274658203,84.9800033569336,0.0
1169078400,84.93000030517578,85.26000213623047,84.76000213623047,84.91000366210938,0.0
1169164800,84.91999816894531,85.1500015258789,84.7300033569336,84.86000061035156,0.0
1169424000,84.9000015258789,85.13999938964844,84.83000183105469,85.0199966430664,0.0
1169510400,85.02999877929688,85.12000274658203,84.48999786376953,84.66999816894531,0.0
1169596800,84.69000244140625,85.04000091552734,84.61000061035156,84.94000244140625,0.0
1169683200,84.91999816894531,85.19000244140625,84.66999816894531,85.11000061035156,0.0
1169769600,85.1500015258789,85.43000030517578,85.0999984741211,85.27999877929688,0.0
1170028800,85.1500015258789,85.37999725341797,85.04000091552734,85.0999984741211,0.0
1170115200,85.05999755859375,85.12000274658203,84.94000244140625,85.02999877929688,0.0
1170201600,85.0199966430664,85.2699966430664,84.56999969482422,84.61000061035156,0.0
1170288000,84.6500015258789,84.73999786376953,84.4000015258789,84.62999725341797,0.0
1170374400,84.68000030517578,85.04000091552734,84.44000244140625,84.95999908447266,0.0
1170633600,84.9800033569336,85.19999694824219,84.88999938964844,85.08000183105469,0.0
1170720000,85.05000305175781,85.16999816894531,84.72000122070312,84.77999877929688,0.0
1170806400,84.75,84.86000061035156,84.6500015258789,84.75,0.0
1170892800,84.66999816894531,85.02999877929688,84.66000366210938,84.69999694824219,0.0
1170979200,84.72000122070312,85.02999877929688,84.69000244140625,84.87000274658203,0.0
1171238400,84.83000183105469,85.20999908447266,84.73999786376953,85.1500015258789,0.0
1171324800,85.13999938964844,85.16000366210938,84.69000244140625,84.7300033569336,0.0
1171411200,84.73999786376953,84.77999877929688,84.06999969482422,84.19999694824219,0.0
1171497600,84.0999984741211,84.26000213623047,83.94000244140625,84.01000213623047,0.0
1171584000,84.0999984741211,84.30999755859375,84.05000305175781,84.08999633789062,0.0
1171929600,84.0999984741211,84.23999786376953,83.88999938964844,84.19000244140625,0.0
1172016000,84.13999938964844,84.41000366210938,84.08000183105469,84.20999908447266,0.0
1172102400,84.23999786376953,84.52999877929688,84.19000244140625,84.31999969482422,0.0
1172188800,84.33999633789062,84.43000030517578,83.94000244140625,84.06999969482422,0.0
1172448000,83.97000122070312,84.08999633789062,83.88999938964844,83.93000030517578,0.0
1172534400,83.9000015258789,84.01000213623047,83.4000015258789,83.4800033569336,0.0
1172620800,83.52999877929688,83.8499984741211,83.48999786376953,83.56999969482422,0.0
1172707200,83.62000274658203,83.87999725341797,83.47000122070312,83.68000030517578,0.0
1172793600,83.83999633789062,83.97000122070312,83.63999938964844,83.73999786376953,0.0
1173052800,83.7300033569336,84.25,83.61000061035156,84.1500015258789,0.0
1173139200,84.18000030517578,84.26000213623047,83.98999786376953,84.06999969482422,0.0
1173225600,83.9800033569336,84.0999984741211,83.75,83.77999877929688,0.0
1173312000,83.75,84.22000122070312,83.73999786376953,84.0999984741211,0.0
1173398400,84.08999633789062,84.37999725341797,83.95999908447266,84.23999786376953,0.0
1173657600,84.2300033569336,84.27999877929688,83.80000305175781,83.86000061035156,0.0
1173744000,83.83999633789062,83.97000122070312,83.58000183105469,83.7300033569336,0.0
1173830400,83.70999908447266,83.87999725341797,83.4800033569336,83.61000061035156,0.0
1173916800,83.72000122070312,83.80999755859375,83.54000091552734,83.68000030517578,0.0
1174003200,83.61000061035156,83.6500015258789,83.02999877929688,83.2300033569336,0.0
1174262400,83.16999816894531,83.47000122070312,83.1500015258789,83.38999938964844,0.0
1174348800,83.30999755859375,83.5,83.04000091552734,83.11000061035156,0.0
1174435200,83.08000183105469,83.26000213623047,82.73999786376953,82.7699966430664,0.0
1174521600,82.73999786376953,83.19999694824219,82.6500015258789,83.08999633789062,0.0
1174608000,83.0999984741211,83.29000091552734,82.95999908447266,83.27999877929688,0.0
1174867200,83.38999938964844,83.45999908447266,82.94000244140625,83.08000183105469,0.0
1174953600,83.08000183105469,83.13999938964844,82.91000366210938,83.01000213623047,0.0
1175040000,82.9000015258789,83.06999969482422,82.75,83.02999877929688,0.0
1175126400,83.06999969482422,83.16999816894531,82.94000244140625,83.08999633789062,0.0
1175212800,83.08999633789062,83.33000183105469,82.63999938964844,82.93000030517578,0.0
1175472000,82.91000366210938,83.04000091552734,82.75,82.87000274658203,0.0
1175558400,82.8499984741211,83.20999908447266,82.81999969482422,83.1500015258789,0.0
1175644800,83.18000030517578,83.20999908447266,82.87999725341797,82.95999908447266,0.0
1175731200,82.94000244140625,83.02999877929688,82.58999633789062,82.68000030517578,0.0
1176076800,83.0,83.18000030517578,82.95999908447266,83.0999984741211,0.0
1176163200,83.0999984741211,83.12999725341797,82.55999755859375,82.69999694824219,0.0
1176249600,82.69000244140625,82.79000091552734,82.5999984741211,82.66999816894531,0.0
1176336000,82.61000061035156,82.66999816894531,82.2699966430664,82.37000274658203,0.0
1176422400,82.31999969482422,82.44000244140625,81.97000122070312,82.12999725341797,0.0
1176681600,82.02999877929688,82.16000366210938,81.9800033569336,82.06999969482422,0.0
1176768000,82.16999816894531,82.19000244140625,81.75,81.83000183105469,0.0
1176854400,81.81999969482422,81.91999816894531,81.56999969482422,81.73999786376953,0.0
1176940800,81.56999969482422,81.76000213623047,81.51000213623047,81.63999938964844,0.0
1177027200,81.55000305175781,81.73999786376953,81.5199966430664,81.63999938964844,0.0
1177286400,81.62999725341797,81.93000030517578,81.5999984741211,81.73999786376953,0.0
1177372800,81.69999694824219,81.83999633789062,81.44000244140625,81.55000305175781,0.0
1177459200,81.4800033569336,81.55999755859375,81.29000091552734,81.43000030517578,0.0
1177545600,81.44999694824219,81.80999755859375,81.36000061035156,81.75,0.0
1177632000,81.80999755859375,81.83000183105469,81.2699966430664,81.52999877929688,0.0
1177891200,81.5199966430664,81.80000305175781,81.2699966430664,81.44999694824219,0.0
1177977600,81.43000030517578,81.72000122070312,81.25,81.5999984741211,0.0
1178064000,81.70999908447266,81.94000244140625,81.63999938964844,81.73999786376953,0.0
1178150400,81.80000305175781,81.98999786376953,81.61000061035156,81.94999694824219,0.0
1178236800,81.94999694824219,82.04000091552734,81.63999938964844,81.73999786376953,0.0
1178496000,81.61000061035156,81.75,81.54000091552734,81.68000030517578,0.0
1178582400,81.68000030517578,82.04000091552734,81.55000305175781,81.94000244140625,0.0
1178668800,81.95999908447266,82.04000091552734,81.7699966430664,82.0199966430664,0.0
1178755200,82.0199966430664,82.37999725341797,81.83999633789062,82.29000091552734,0.0
1178841600,82.27999877929688,82.36000061035156,82.08999633789062,82.12000274658203,0.0
1179100800,82.0999984741211,82.1500015258789,81.98999786376953,82.06999969482422,0.0
1179187200,82.05000305175781,82.11000061035156,81.66000366210938,81.75,0.0
1179273600,81.75,82.23999786376953,81.66999816894531,82.16000366210938,0.0
1179360000,82.16000366210938,82.4000015258789,82.08000183105469,82.31999969482422,0.0
1179446400,82.31999969482422,82.4000015258789,82.08999633789062,82.19999694824219,0.0
1179705600,82.12999725341797,82.51000213623047,82.08000183105469,82.36000061035156,0.0
1179792000,82.37000274658203,82.4800033569336,82.29000091552734,82.38999938964844,0.0
1179878400,82.41999816894531,82.5999984741211,82.0999984741211,82.30999755859375,0.0
1179964800,82.30999755859375,82.48999786376953,82.23999786376953,82.41000366210938,0.0
1180051200,82.41000366210938,82.47000122070312,82.19999694824219,82.33000183105469,0.0
1180396800,82.3499984741211,82.45999908447266,82.05000305175781,82.30999755859375,0.0
1180483200,82.3499984741211,82.5199966430664,82.26000213623047,82.43000030517578,0.0
1180569600,82.44000244140625,82.45999908447266,82.19000244140625,82.30000305175781,0.0
1180656000,82.30999755859375,82.58999633789062,82.26000213623047,82.31999969482422,0.0
1180915200,82.33999633789062,82.33999633789062,81.9800033569336,82.05999755859375,0.0
1181001600,82.04000091552734,82.05999755859375,81.69999694824219,81.88999938964844,0.0
1181088000,81.9000015258789,81.98999786376953,81.79000091552734,81.9000015258789,0.0
1181174400,81.94000244140625,82.33999633789062,81.87000274658203,82.29000091552734,0.0
1181260800,82.30000305175781,82.91999816894531,82.30000305175781,82.69000244140625,0.0
1181520000,82.70999908447266,82.81999969482422,82.62999725341797,82.70999908447266,0.0
1181606400,82.72000122070312,82.93000030517578,82.62000274658203,82.88999938964844,0.0
1181692800,82.94999694824219,83.2699966430664,82.93000030517578,83.04000091552734,0.0
1181779200,83.04000091552734,83.25,83.01000213623047,83.12999725341797,0.0
1181865600,83.08999633789062,83.13999938964844,82.79000091552734,82.8499984741211,0.0
1182124800,82.83999633789062,82.86000061035156,82.68000030517578,82.70999908447266,0.0
1182211200,82.70999908447266,82.81999969482422,82.54000091552734,82.54000091552734,0.0
1182297600,82.56999969482422,82.58000183105469,82.45999908447266,82.5199966430664,0.0
1182384000,82.62999725341797,82.75,82.58999633789062,82.7300033569336,0.0
1182470400,82.69999694824219,82.76000213623047,82.31999969482422,82.33999633789062,0.0
1182729600,82.33999633789062,82.47000122070312,82.29000091552734,82.31999969482422,0.0
1182816000,82.33999633789062,82.47000122070312,82.19999694824219,82.29000091552734,0.0
1182902400,82.37000274658203,82.4800033569336,82.26000213623047,82.31999969482422,0.0
1182988800,82.33000183105469,82.3499984741211,82.13999938964844,82.33000183105469,0.0
1183075200,82.27999877929688,82.3499984741211,81.9000015258789,81.91999816894531,0.0
1183334400,81.87000274658203,81.94999694824219,81.30999755859375,81.38999938964844,0.0
1183420800,81.41000366210938,81.5999984741211,81.33999633789062,81.43000030517578,0.0
1183593600,81.44999694824219,81.66000366210938,81.23999786376953,81.54000091552734,0.0
1183680000,81.62999725341797,81.7300033569336,81.33999633789062,81.45999908447266,0.0
1183939200,81.45999908447266,81.51000213623047,81.33999633789062,81.43000030517578,0.0
1184025600,81.54000091552734,81.58999633789062,80.81999969482422,80.86000061035156,0.0
1184112000,80.69000244140625,80.86000061035156,80.62000274658203,80.7300033569336,0.0
1184198400,80.76000213623047,80.83999633789062,80.54000091552734,80.63999938964844,0.0
1184284800,80.62999725341797,80.7300033569336,80.44000244140625,80.58000183105469,0.0
1184544000,80.52999877929688,80.66999816894531,80.44000244140625,80.5199966430664,0.0
1184630400,80.52999877929688,80.61000061035156,80.44000244140625,80.54000091552734,0.0
1184716800,80.30999755859375,80.66000366210938,80.2300033569336,80.41999816894531,0.0
1184803200,80.47000122070312,80.48999786376953,80.30000305175781,80.41999816894531,0.0
1184889600,80.44999694824219,80.52999877929688,80.12000274658203,80.29000091552734,0.0
1185148800,80.12999725341797,80.4000015258789,80.12000274658203,80.3499984741211,0.0
1185235200,80.18000030517578,80.3499984741211,80.0199966430664,80.08000183105469,0.0
1185321600,80.12999725341797,80.70999908447266,80.06999969482422,80.6500015258789,0.0
1185408000,80.5999984741211,80.75,80.29000091552734,80.44999694824219,0.0
1185494400,80.52999877929688,81.01000213623047,80.38999938964844,80.94999694824219,0.0
1185753600,80.97000122070312,81.08999633789062,80.80000305175781,80.8499984741211,0.0
1185840000,80.7699966430664,80.88999938964844,80.6500015258789,80.7699966430664,0.0
1185926400,80.9000015258789,80.97000122070312,80.66000366210938,80.87000274658203,0.0
1186012800,80.83999633789062,80.91000366210938,80.63999938964844,80.70999908447266,0.0
1186099200,80.66000366210938,80.7699966430664,80.16000366210938,80.18000030517578,0.0
1186358400,80.11000061035156,80.30999755859375,79.95999908447266,80.25,0.0
1186444800,80.25,80.58999633789062,80.19000244140625,80.4800033569336,0.0
1186531200,80.55999755859375,80.70999908447266,80.16999816894531,80.33999633789062,0.0
1186617600,80.2699966430664,80.91999816894531,80.2300033569336,80.73999786376953,0.0
1186704000,80.83999633789062,80.9000015258789,80.63999938964844,80.68000030517578,0.0
1186963200,80.7300033569336,81.11000061035156,80.62000274658203,81.05000305175781,0.0
1187049600,81.05000305175781,81.51000213623047,81.0,81.48999786376953,0.0
1187136000,81.72000122070312,81.87000274658203,81.4800033569336,81.81999969482422,0.0
1187222400,81.9800033569336,82.12999725341797,81.62999725341797,81.7300033569336,0.0
1187308800,81.62999725341797,81.80000305175781,81.02999877929688,81.43000030517578,0.0
1187568000,81.31999969482422,81.48999786376953,81.29000091552734,81.4000015258789,0.0
1187654400,81.43000030517578,81.55999755859375,81.25,81.48999786376953,0.0
1187740800,81.43000030517578,81.56999969482422,81.16999816894531,81.25,0.0
1187827200,81.2300033569336,81.29000091552734,81.05000305175781,81.13999938964844,0.0
1187913600,81.0999984741211,81.16000366210938,80.61000061035156,80.66999816894531,0.0
1188172800,80.69999694824219,80.77999877929688,80.58000183105469,80.73999786376953,0.0
1188259200,80.86000061035156,80.9000015258789,80.58000183105469,80.76000213623047,0.0
1188345600,80.97000122070312,81.05000305175781,80.61000061035156,80.69999694824219,0.0
1188432000,80.69000244140625,81.0199966430664,80.63999938964844,80.79000091552734,0.0
1188518400,80.72000122070312,80.86000061035156,80.44000244140625,80.79000091552734,0.0
1188864000,80.80999755859375,81.13999938964844,80.80000305175781,80.87999725341797,0.0
1188950400,81.0199966430664,81.08999633789062,80.5199966430664,80.62000274658203,0.0
1189036800,80.66000366210938,80.70999908447266,80.36000061035156,80.47000122070312,0.0
1189123200,80.5,80.56999969482422,79.83999633789062,79.95999908447266,0.0
1189382400,79.91000366210938,80.0,79.79000091552734,79.81999969482422,0.0
1189468800,79.93000030517578,79.94000244140625,79.5999984741211,79.69999694824219,0.0
1189555200,79.5199966430664,79.73999786376953,79.31999969482422,79.36000061035156,0.0
1189641600,79.44000244140625,79.6500015258789,79.30000305175781,79.51000213623047,0.0
1189728000,79.62000274658203,79.77999877929688,79.44000244140625,79.62000274658203,0.0
1189987200,79.66000366210938,79.80000305175781,79.56999969482422,79.72000122070312,0.0
1190073600,79.75,79.8499984741211,79.18000030517578,79.20999908447266,0.0
1190160000,79.1500015258789,79.44999694824219,79.08999633789062,79.30000305175781,0.0
1190246400,79.20999908447266,79.30999755859375,78.44999694824219,78.58000183105469,0.0
1190332800,78.52999877929688,78.83000183105469,78.4000015258789,78.5999984741211,0.0
1190592000,78.38999938964844,78.62000274658203,78.30999755859375,78.52999877929688,0.0
1190678400,78.56999969482422,78.69000244140625,78.20999908447266,78.30999755859375,0.0
1190764800,78.38999938964844,78.61000061035156,78.25,78.48999786376953,0.0
1190851200,78.47000122070312,78.55000305175781,78.16000366210938,78.33999633789062,0.0
1190937600,78.29000091552734,78.37999725341797,77.66999816894531,77.72000122070312,0.0
1191196800,77.79000091552734,78.05000305175781,77.66000366210938,77.9000015258789,0.0
1191283200,77.98999786376953,78.37999725341797,77.91000366210938,78.30000305175781,0.0
1191369600,78.26000213623047,78.58000183105469,78.12000274658203,78.56999969482422,0.0
1191456000,78.66999816894531,78.72000122070312,78.33000183105469,78.4800033569336,0.0
1191542400,78.45999908447266,78.81999969482422,78.22000122070312,78.30999755859375,0.0
1191801600,78.31999969482422,78.66999816894531,78.30999755859375,78.66999816894531,0.0
1191888000,78.81999969482422,78.88999938964844,78.45999908447266,78.52999877929688,0.0
1191974400,78.48999786376953,78.52999877929688,78.19999694824219,78.37999725341797,0.0
1192060800,78.25,78.37000274658203,77.95999908447266,78.08000183105469,0.0
1192147200,78.19000244140625,78.36000061035156,78.08000183105469,78.22000122070312,0.0
1192406400,78.20999908447266,78.27999877929688,77.94000244140625,78.08999633789062,0.0
1192492800,78.05000305175781,78.33999633789062,77.98999786376953,78.25,0.0
1192579200,78.18000030517578,78.26000213623047,77.94000244140625,78.12000274658203,0.0
1192665600,77.9000015258789,78.04000091552734,77.4800033569336,77.58999633789062,0.0
1192752000,77.43000030517578,77.66999816894531,77.4000015258789,77.41000366210938,0.0
1193011200,77.27999877929688,78.19999694824219,77.08999633789062,78.05999755859375,0.0
1193097600,77.86000061035156,78.01000213623047,77.47000122070312,77.58999633789062,0.0
1193184000,77.55000305175781,77.83000183105469,77.4800033569336,77.55000305175781,0.0
1193270400,77.5199966430664,77.58000183105469,77.1500015258789,77.27999877929688,0.0
1193356800,77.22000122070312,77.30000305175781,76.9800033569336,77.02999877929688,0.0
1193616000,76.87000274658203,77.08999633789062,76.77999877929688,76.83999633789062,0.0
1193702400,76.97000122070312,77.02999877929688,76.75,76.7699966430664,0.0
1193788800,76.75,76.88999938964844,76.45999908447266,76.4800033569336,0.0
1193875200,76.61000061035156,76.87000274658203,76.51000213623047,76.58999633789062,0.0
1193961600,76.58999633789062,76.7699966430664,76.22000122070312,76.33999633789062,0.0
1194220800,76.38999938964844,76.5,76.23999786376953,76.43000030517578,0.0
1194307200,76.27999877929688,76.44000244140625,75.98999786376953,76.04000091552734,0.0
1194393600,75.56999969482422,76.0199966430664,75.08000183105469,75.41000366210938,0.0
1194480000,75.56999969482422,75.6500015258789,75.26000213623047,75.45999908447266,0.0
1194566400,75.22000122070312,75.52999877929688,74.9800033569336,75.4000015258789,0.0
1194825600,75.5199966430664,76.11000061035156,75.37999725341797,75.9000015258789,0.0
1194912000,75.79000091552734,76.1500015258789,75.6500015258789,75.87999725341797,0.0
1194998400,75.63999938964844,75.87000274658203,75.4000015258789,75.80999755859375,0.0
1195084800,75.63999938964844,76.08999633789062,75.55000305175781,76.06999969482422,0.0
1195171200,76.01000213623047,76.1500015258789,75.7699966430664,75.83000183105469,0.0
1195430400,75.77999877929688,75.95999908447266,75.66999816894531,75.77999877929688,0.0
1195516800,75.76000213623047,75.91000366210938,75.06999969482422,75.20999908447266,0.0
1195603200,75.06999969482422,75.30999755859375,74.94000244140625,75.06999969482422,0.0
1195776000,74.70999908447266,75.2300033569336,74.4800033569336,75.05000305175781,0.0
1196035200,75.11000061035156,75.18000030517578,74.76000213623047,74.86000061035156,0.0
1196121600,74.87999725341797,75.23999786376953,74.75,75.0999984741211,0.0
1196208000,75.16000366210938,75.7300033569336,75.08000183105469,75.08000183105469,0.0
1196294400,75.30999755859375,75.68000030517578,75.13999938964844,75.58999633789062,0.0
1196380800,75.70999908447266,76.18000030517578,75.4800033569336,76.1500015258789,0.0
1196640000,75.93000030517578,76.16000366210938,75.80999755859375,75.93000030517578,0.0
1196726400,75.93000030517578,76.08000183105469,75.5999984741211,75.69000244140625,0.0
1196812800,75.83999633789062,76.52999877929688,75.68000030517578,76.41000366210938,0.0
1196899200,76.5,76.81999969482422,76.2699966430664,76.37999725341797,0.0
1196985600,76.44000244140625,76.51000213623047,76.20999908447266,76.29000091552734,0.0
1197244800,76.29000091552734,76.37000274658203,75.97000122070312,76.05999755859375,0.0
1197331200,76.04000091552734,76.33000183105469,75.91999816894531,76.22000122070312,0.0
1197417600,76.12999725341797,76.30999755859375,75.93000030517578,76.13999938964844,0.0
1197504000,76.16000366210938,76.73999786376953,76.0199966430664,76.55999755859375,0.0
1197590400,76.45999908447266,77.48999786376953,76.41999816894531,77.44000244140625,0.0
1197849600,77.37000274658203,77.80000305175781,77.2699966430664,77.4000015258789,0.0
1197936000,77.30999755859375,77.55999755859375,77.30999755859375,77.41000366210938,0.0
1198022400,77.45999908447266,77.80000305175781,77.33999633789062,77.58999633789062,0.0
1198108800,77.63999938964844,77.8499984741211,77.5199966430664,77.79000091552734,0.0
1198195200,77.48999786376953,77.79000091552734,77.43000030517578,77.72000122070312,0.0
1198454400,77.62999725341797,77.69999694824219,77.51000213623047,77.56999969482422,0.0
1198627200,77.58999633789062,77.61000061035156,77.12999725341797,77.1500015258789,0.0
1198713600,77.08999633789062,77.2699966430664,76.55999755859375,76.61000061035156,0.0
1198800000,76.56999969482422,76.75,76.11000061035156,76.22000122070312,0.0
1199059200,75.9800033569336,76.75,75.95999908447266,76.69999694824219,0.0
1199232000,76.3499984741211,76.6500015258789,75.9000015258789,75.97000122070312,0.0
1199318400,75.98999786376953,76.16000366210938,75.70999908447266,75.88999938964844,0.0
1199404800,75.94999694824219,76.08000183105469,75.43000030517578,75.79000091552734,0.0
1199664000,76.05000305175781,76.33999633789062,75.8499984741211,76.16999816894531,0.0
1199750400,76.0999984741211,76.25,75.94999694824219,76.11000061035156,0.0
1199836800,76.08000183105469,76.5,76.05000305175781,76.41999816894531,0.0
1199923200,76.4000015258789,76.5199966430664,75.83000183105469,75.93000030517578,0.0
1200009600,75.88999938964844,76.05999755859375,75.79000091552734,75.9800033569336,0.0
1200268800,75.61000061035156,75.98999786376953,75.36000061035156,75.61000061035156,0.0
1200355200,75.4800033569336,75.79000091552734,75.19999694824219,75.56999969482422,0.0
1200441600,75.54000091552734,76.45999908447266,75.43000030517578,76.26000213623047,0.0
1200528000,76.19000244140625,76.5199966430664,75.95999908447266,76.16999816894531,0.0
1200614400,76.30000305175781,76.48999786376953,76.13999938964844,76.37999725341797,0.0
1200960000,77.11000061035156,77.3499984741211,76.25,76.3499984741211,0.0
1201046400,76.27999877929688,76.6500015258789,76.25,76.4000015258789,0.0
1201132800,76.30999755859375,76.44000244140625,75.62000274658203,75.69000244140625,0.0
1201219200,75.75,76.04000091552734,75.62999725341797,75.97000122070312,0.0
1201478400,75.94000244140625,76.0199966430664,75.4800033569336,75.58000183105469,0.0
1201564800,75.55999755859375,75.68000030517578,75.47000122070312,75.54000091552734,0.0
1201651200,75.5,75.58999633789062,74.98999786376953,75.02999877929688,0.0
1201737600,75.0999984741211,75.44999694824219,74.97000122070312,75.18000030517578,0.0
1201824000,75.2300033569336,75.56999969482422,74.8499984741211,75.44999694824219,0.0
1202083200,75.44000244140625,75.55000305175781,75.27999877929688,75.37000274658203,0.0
1202169600,75.43000030517578,76.19999694824219,75.33999633789062,76.12000274658203,0.0
1202256000,76.0999984741211,76.31999969482422,75.98999786376953,76.13999938964844,0.0
1202342400,76.1500015258789,77.04000091552734,76.08999633789062,76.94000244140625,0.0
1202428800,76.76000213623047,76.97000122070312,76.5,76.66999816894531,0.0
1202688000,76.44999694824219,76.70999908447266,76.31999969482422,76.58000183105469,0.0
1202774400,76.47000122070312,76.66999816894531,76.19999694824219,76.31999969482422,0.0
1202860800,76.38999938964844,76.61000061035156,76.27999877929688,76.4000015258789,0.0
1202947200,76.41999816894531,76.51000213623047,76.06999969482422,76.1500015258789,0.0
1203033600,76.05000305175781,76.16999816894531,75.8499984741211,76.0999984741211,0.0
1203379200,76.0199966430664,76.31999969482422,75.80999755859375,76.0,0.0
1203465600,76.11000061035156,76.52999877929688,75.98999786376953,76.12000274658203,0.0
1203552000,76.06999969482422,76.16000366210938,75.48999786376953,75.5999984741211,0.0
1203638400,75.63999938964844,75.70999908447266,75.36000061035156,75.5199966430664,0.0
1203897600,75.52999877929688,75.68000030517578,75.44000244140625,75.52999877929688,0.0
1203984000,75.56999969482422,75.68000030517578,74.51000213623047,74.76000213623047,0.0
1204070400,74.54000091552734,74.73999786376953,74.06999969482422,74.20999908447266,0.0
1204156800,74.26000213623047,74.37000274658203,73.62999725341797,73.72000122070312,0.0
1204243200,73.83000183105469,73.88999938964844,73.55999755859375,73.70999908447266,0.0
1204502400,73.75,73.77999877929688,73.62000274658203,73.69999694824219,0.0
1204588800,73.73999786376953,73.77999877929688,73.4800033569336,73.66000366210938,0.0
1204675200,73.72000122070312,73.94999694824219,73.37000274658203,73.4800033569336,0.0
1204761600,73.43000030517578,73.47000122070312,72.86000061035156,73.0,0.0
1204848000,72.87999725341797,73.16999816894531,72.45999908447266,73.02999877929688,0.0
1205107200,72.98999786376953,73.08999633789062,72.76000213623047,72.98999786376953,0.0
1205193600,73.0,73.4000015258789,72.47000122070312,73.27999877929688,0.0
1205280000,73.18000030517578,73.20999908447266,72.19999694824219,72.4000015258789,0.0
1205366400,72.29000091552734,72.36000061035156,71.79000091552734,72.06999969482422,0.0
1205452800,71.93000030517578,72.27999877929688,71.58000183105469,71.66000366210938,0.0
1205712000,71.62999725341797,71.69000244140625,70.69999694824219,71.45999908447266,0.0
1205798400,71.51000213623047,71.95999908447266,71.04000091552734,71.56999969482422,0.0
1205884800,71.9000015258789,72.23999786376953,71.25,72.13999938964844,0.0
1205971200,72.0199966430664,72.91999816894531,71.9800033569336,72.75,0.0
1206316800,72.77999877929688,73.19000244140625,72.7699966430664,72.94999694824219,0.0
1206403200,72.94000244140625,72.97000122070312,72.0199966430664,72.27999877929688,0.0
1206489600,72.12999725341797,72.30999755859375,71.33000183105469,71.51000213623047,0.0
1206576000,71.37999725341797,71.80999755859375,71.33000183105469,71.66000366210938,0.0
1206662400,71.58999633789062,71.83999633789062,71.4800033569336,71.68000030517578,0.0
1206921600,71.61000061035156,71.87999725341797,71.3499984741211,71.80000305175781,0.0
1207008000,71.87000274658203,72.73999786376953,71.73999786376953,72.55999755859375,0.0
1207094400,72.54000091552734,72.79000091552734,72.18000030517578,72.26000213623047,0.0
1207180800,72.2699966430664,72.83999633789062,72.12999725341797,72.22000122070312,0.0
1207267200,72.19000244140625,72.31999969482422,71.80000305175781,72.0199966430664,0.0
1207526400,71.9800033569336,72.43000030517578,71.93000030517578,72.19999694824219,0.0
1207612800,72.19000244140625,72.37999725341797,71.8499984741211,72.2300033569336,0.0
1207699200,72.37000274658203,72.38999938964844,71.69000244140625,71.83000183105469,0.0
1207785600,71.87999725341797,72.19000244140625,71.41999816894531,72.12000274658203,0.0
1207872000,72.12000274658203,72.16999816894531,71.69999694824219,71.80999755859375,0.0
1208131200,72.36000061035156,72.37999725341797,71.48999786376953,71.87999725341797,0.0
1208217600,71.80000305175781,72.16000366210938,71.6500015258789,72.0199966430664,0.0
1208304000,72.05999755859375,72.08999633789062,71.27999877929688,71.41000366210938,0.0
1208390400,71.44999694824219,71.77999877929688,71.30000305175781,71.68000030517578,0.0
1208476800,71.62000274658203,72.41000366210938,71.38999938964844,72.01000213623047,0.0
1208736000,71.9800033569336,72.02999877929688,71.5,71.6500015258789,0.0
1208822400,71.69000244140625,71.91999816894531,71.19000244140625,71.33000183105469,0.0
1208908800,71.33000183105469,71.94999694824219,71.31999969482422,71.81999969482422,0.0
1208995200,71.8499984741211,72.72000122070312,71.83000183105469,72.54000091552734,0.0
1209081600,72.54000091552734,73.02999877929688,72.44999694824219,72.79000091552734,0.0
1209340800,72.7300033569336,72.79000091552734,72.44000244140625,72.79000091552734,0.0
1209427200,72.55999755859375,72.94000244140625,72.51000213623047,72.88999938964844,0.0
1209513600,72.86000061035156,73.11000061035156,72.48999786376953,72.51000213623047,0.0
1209600000,72.56999969482422,73.38999938964844,72.5,73.27999877929688,0.0
1209686400,73.20999908447266,73.69999694824219,73.11000061035156,73.5,0.0
1209945600,73.45999908447266,73.54000091552734,73.11000061035156,73.19000244140625,0.0
1210032000,73.18000030517578,73.33999633789062,72.7300033569336,73.0,0.0
1210118400,72.9800033569336,73.6500015258789,72.97000122070312,73.51000213623047,0.0
1210204800,73.5199966430664,73.88999938964844,73.23999786376953,73.4800033569336,0.0
1210291200,73.45999908447266,73.4800033569336,73.02999877929688,73.05000305175781,0.0
1210550400,73.05999755859375,73.5199966430664,72.79000091552734,72.94999694824219,0.0
1210636800,72.91999816894531,73.43000030517578,72.86000061035156,73.2699966430664,0.0
1210723200,73.27999877929688,73.62000274658203,73.23999786376953,73.4000015258789,0.0
1210809600,73.33000183105469,73.51000213623047,73.02999877929688,73.3499984741211,0.0
1210896000,73.33999633789062,73.38999938964844,72.69000244140625,72.83999633789062,0.0
1211155200,72.80999755859375,73.16999816894531,72.55000305175781,73.04000091552734,0.0
1211241600,72.98999786376953,73.08000183105469,72.3499984741211,72.4000015258789,0.0
1211328000,72.44999694824219,72.48999786376953,71.87999725341797,71.94000244140625,0.0
1211414400,71.91000366210938,72.30999755859375,71.81999969482422,72.27999877929688,0.0
1211500800,72.12999725341797,72.29000091552734,71.8499984741211,71.88999938964844,0.0
1211846400,71.98999786376953,72.4000015258789,71.83999633789062,72.33999633789062,0.0
1211932800,72.36000061035156,72.75,72.0999984741211,72.55000305175781,0.0
1212019200,72.5,73.12999725341797,72.44000244140625,73.0199966430664,0.0
1212105600,73.0199966430664,73.22000122070312,72.83999633789062,72.87999725341797,0.0
1212364800,72.87000274658203,73.1500015258789,72.73999786376953,72.93000030517578,0.0
1212451200,72.91000366210938,73.5,72.56999969482422,73.23999786376953,0.0
1212537600,73.36000061035156,73.5199966430664,73.19999694824219,73.41999816894531,0.0
1212624000,73.48999786376953,73.87000274658203,73.0,73.04000091552734,0.0
1212710400,73.06999969482422,73.1500015258789,72.33999633789062,72.38999938964844,0.0
1212969600,72.29000091552734,72.9800033569336,72.12999725341797,72.8499984741211,0.0
1213056000,72.87000274658203,73.73999786376953,72.8499984741211,73.69999694824219,0.0
1213142400,73.6500015258789,73.70999908447266,73.08999633789062,73.20999908447266,0.0
1213228800,73.26000213623047,74.04000091552734,73.20999908447266,73.86000061035156,0.0
1213315200,73.77999877929688,74.30999755859375,73.69999694824219,74.1500015258789,0.0
1213574400,74.01000213623047,74.18000030517578,73.44999694824219,73.61000061035156,0.0
1213660800,73.63999938964844,73.72000122070312,73.31999969482422,73.51000213623047,0.0
1213747200,73.51000213623047,73.7699966430664,73.38999938964844,73.44000244140625,0.0
1213833600,73.4000015258789,73.58999633789062,73.20999908447266,73.4800033569336,0.0
1213920000,73.47000122070312,73.5199966430664,72.93000030517578,73.02999877929688,0.0
1214179200,73.06999969482422,73.6500015258789,72.9800033569336,73.43000030517578,0.0
1214265600,73.43000030517578,73.58000183105469,73.04000091552734,73.23999786376953,0.0
1214352000,73.25,73.4000015258789,72.83000183105469,72.93000030517578,0.0
1214438400,72.91000366210938,73.08000183105469,72.44999694824219,72.48999786376953,0.0
1214524800,72.52999877929688,72.63999938964844,72.2699966430664,72.36000061035156,0.0
1214784000,72.33000183105469,72.56999969482422,72.04000091552734,72.45999908447266,0.0
1214870400,72.45999908447266,72.5999984741211,72.13999938964844,72.37000274658203,0.0
1214956800,72.37000274658203,72.5199966430664,72.01000213623047,72.02999877929688,0.0
1215043200,72.06999969482422,72.80000305175781,72.0,72.73999786376953,0.0
1215388800,72.69000244140625,73.16000366210938,72.55999755859375,72.66999816894531,0.0
1215475200,72.75,73.08000183105469,72.55999755859375,73.01000213623047,0.0
1215561600,72.95999908447266,73.0199966430664,72.54000091552734,72.58000183105469,0.0
1215648000,72.5999984741211,72.83999633789062,72.41000366210938,72.48999786376953,0.0
1215734400,72.48999786376953,72.58999633789062,71.79000091552734,72.0999984741211,0.0
1215993600,71.86000061035156,72.30000305175781,71.7699966430664,71.91999816894531,0.0
1216080000,71.98999786376953,72.04000091552734,71.30999755859375,71.87000274658203,0.0
1216166400,71.73999786376953,72.11000061035156,71.51000213623047,72.05999755859375,0.0
1216252800,72.08000183105469,72.4000015258789,71.81999969482422,72.23999786376953,0.0
1216339200,72.08999633789062,72.30000305175781,71.97000122070312,72.19000244140625,0.0
1216598400,72.19000244140625,72.25,71.80000305175781,71.98999786376953,0.0
1216684800,71.87000274658203,72.58000183105469,71.73999786376953,72.44999694824219,0.0
1216771200,72.5199966430664,72.8499984741211,72.37999725341797,72.80999755859375,0.0
1216857600,72.87000274658203,73.0199966430664,72.69999694824219,72.93000030517578,0.0
1216944000,72.8499984741211,72.93000030517578,72.54000091552734,72.86000061035156,0.0
1217203200,72.81999969482422,72.91000366210938,72.61000061035156,72.6500015258789,0.0
1217289600,72.66999816894531,73.43000030517578,72.62000274658203,73.30999755859375,0.0
1217376000,73.27999877929688,73.54000091552734,73.12999725341797,73.31999969482422,0.0
1217462400,73.30000305175781,73.33999633789062,72.86000061035156,73.2300033569336,0.0
1217548800,73.22000122070312,73.52999877929688,73.20999908447266,73.41999816894531,0.0
1217808000,73.37000274658203,73.54000091552734,73.19999694824219,73.45999908447266,0.0
1217894400,73.56999969482422,73.98999786376953,73.55999755859375,73.87999725341797,0.0
1217980800,73.93000030517578,74.30999755859375,73.7300033569336,74.23999786376953,0.0
1218067200,74.25,74.61000061035156,73.88999938964844,74.55000305175781,0.0
1218153600,74.52999877929688,75.9000015258789,74.5,75.8499984741211,0.0
1218412800,75.81999969482422,76.36000061035156,75.48999786376953,76.12999725341797,0.0
1218499200,76.25,76.62000274658203,75.97000122070312,76.1500015258789,0.0
1218585600,76.13999938964844,76.5199966430664,75.83999633789062,76.20999908447266,0.0
1218672000,76.22000122070312,76.81999969482422,76.0999984741211,76.66999816894531,0.0
1218758400,76.76000213623047,77.2699966430664,76.76000213623047,77.18000030517578,0.0
1219017600,77.13999938964844,77.19999694824219,76.77999877929688,77.12000274658203,0.0
1219104000,77.13999938964844,77.41000366210938,76.72000122070312,76.83999633789062,0.0
1219190400,76.75,77.23999786376953,76.66000366210938,76.95999908447266,0.0
1219276800,76.94000244140625,76.94999694824219,76.0199966430664,76.19999694824219,0.0
1219363200,76.11000061035156,76.87000274658203,76.0999984741211,76.80999755859375,0.0
1219622400,76.79000091552734,77.1500015258789,76.55000305175781,76.79000091552734,0.0
1219708800,76.80000305175781,77.62000274658203,76.77999877929688,77.25,0.0
1219795200,77.27999877929688,77.29000091552734,76.66000366210938,77.05000305175781,0.0
1219881600,77.01000213623047,77.30999755859375,76.62000274658203,77.1500015258789,0.0
1219968000,77.12999725341797,77.44000244140625,76.79000091552734,77.37999725341797,0.0
1220313600,77.75,78.30999755859375,77.6500015258789,78.05999755859375,0.0
1220400000,78.05999755859375,78.6500015258789,77.97000122070312,78.08999633789062,0.0
1220486400,78.06999969482422,79.08000183105469,77.81999969482422,78.61000061035156,0.0
1220572800,78.94999694824219,79.06999969482422,78.38999938964844,78.93000030517578,0.0
1220832000,78.72000122070312,79.83999633789062,78.19999694824219,79.58999633789062,0.0
1220918400,79.44999694824219,79.77999877929688,79.0,79.25,0.0
1221004800,79.5199966430664,80.16000366210938,79.20999908447266,79.8499984741211,0.0
1221091200,80.08000183105469,80.37999725341797,79.79000091552734,80.1500015258789,0.0
1221177600,80.0,80.05000305175781,78.91000366210938,78.97000122070312,0.0
1221436800,78.41999816894531,79.36000061035156,77.63999938964844,78.91000366210938,0.0
1221523200,78.4800033569336,79.37000274658203,78.37999725341797,79.06999969482422,0.0
1221609600,79.23999786376953,79.26000213623047,77.94000244140625,78.0999984741211,0.0
1221696000,78.22000122070312,78.41000366210938,77.26000213623047,78.0199966430664,0.0
1221782400,78.25,79.20999908447266,77.58000183105469,77.68000030517578,0.0
1222041600,77.58000183105469,77.80000305175781,75.88999938964844,76.1500015258789,0.0
1222128000,76.19000244140625,76.91999816894531,76.05999755859375,76.47000122070312,0.0
1222214400,76.63999938964844,77.05000305175781,76.4000015258789,76.79000091552734,0.0
1222300800,76.86000061035156,77.27999877929688,76.30000305175781,76.98999786376953,0.0
1222387200,76.97000122070312,77.1500015258789,76.69999694824219,76.94999694824219,0.0
1222646400,76.91000366210938,78.37000274658203,76.9000015258789,77.47000122070312,0.0
1222732800,77.88999938964844,79.69000244140625,77.7300033569336,79.44999694824219,0.0
1222819200,79.20999908447266,79.87000274658203,78.94999694824219,79.45999908447266,0.0
1222905600,79.69999694824219,80.79000091552734,79.63999938964844,80.44000244140625,0.0
1222992000,80.51000213623047,80.93000030517578,79.98999786376953,80.30999755859375,0.0
1223251200,81.08999633789062,81.75,80.80999755859375,81.68000030517578,0.0
1223337600,81.45999908447266,81.6500015258789,80.56999969482422,80.97000122070312,0.0
1223424000,81.19999694824219,81.36000061035156,80.4000015258789,80.91000366210938,0.0
1223510400,81.0,81.48999786376953,80.54000091552734,81.16000366210938,0.0
1223596800,81.4000015258789,83.19000244140625,81.29000091552734,83.0,0.0
1223856000,81.58000183105469,82.23999786376953,81.04000091552734,81.87999725341797,0.0
1223942400,81.3499984741211,81.5999984741211,80.75,81.36000061035156,0.0
1224028800,81.62000274658203,82.44999694824219,81.08999633789062,82.05000305175781,0.0
1224115200,82.31999969482422,82.83999633789062,82.0,82.45999908447266,0.0
1224201600,82.0999984741211,82.63999938964844,82.06999969482422,82.41000366210938,0.0
1224460800,82.5,83.2300033569336,81.95999908447266,83.0999984741211,0.0
1224547200,83.11000061035156,84.45999908447266,82.95999908447266,83.98999786376953,0.0
1224633600,84.4000015258789,85.91999816894531,84.38999938964844,85.37000274658203,0.0
1224720000,85.94999694824219,86.12000274658203,84.69999694824219,85.36000061035156,0.0
1224806400,84.9800033569336,86.95999908447266,84.9800033569336,86.44000244140625,0.0
1225065600,86.31999969482422,87.86000061035156,86.04000091552734,86.93000030517578,0.0
1225152000,87.25,87.87999725341797,86.0999984741211,87.02999877929688,0.0
1225238400,86.05999755859375,86.52999877929688,84.47000122070312,85.06999969482422,0.0
1225324800,84.58999633789062,85.3499984741211,83.0999984741211,84.55999755859375,0.0
1225411200,84.95999908447266,86.19999694824219,84.8499984741211,85.62999725341797,0.0
1225670400,85.80999755859375,86.62999725341797,84.9000015258789,86.3499984741211,0.0
1225756800,86.44000244140625,86.9000015258789,84.30000305175781,84.77999877929688,0.0
1225843200,84.5199966430664,85.58000183105469,83.9000015258789,84.61000061035156,0.0
1225929600,84.9800033569336,86.29000091552734,84.83000183105469,85.88999938964844,0.0
1226016000,86.23999786376953,86.3499984741211,85.33999633789062,85.91000366210938,0.0
1226275200,85.68000030517578,86.12999725341797,85.05999755859375,85.91000366210938,0.0
1226361600,85.91999816894531,87.27999877929688,85.69000244140625,87.06999969482422,0.0
1226448000,87.06999969482422,87.79000091552734,86.62999725341797,87.47000122070312,0.0
1226534400,87.62999725341797,88.1500015258789,86.12999725341797,86.94000244140625,0.0
1226620800,86.33999633789062,87.44999694824219,86.33999633789062,86.36000061035156,0.0
1226880000,87.56999969482422,87.79000091552734,86.48999786376953,86.80999755859375,0.0
1226966400,86.88999938964844,87.44000244140625,86.77999877929688,87.37000274658203,0.0
1227052800,87.08999633789062,87.88999938964844,86.13999938964844,87.30999755859375,0.0
1227139200,87.75,88.33999633789062,87.41999816894531,87.97000122070312,0.0
1227225600,88.25,88.45999908447266,87.2300033569336,88.19000244140625,0.0
1227484800,87.61000061035156,87.70999908447266,85.68000030517578,86.08000183105469,0.0
1227571200,85.7699966430664,86.43000030517578,84.70999908447266,85.0,0.0
1227657600,84.95999908447266,86.11000061035156,84.9000015258789,85.66999816894531,0.0
1227830400,85.5999984741211,86.83999633789062,85.30999755859375,86.5199966430664,0.0
1228089600,86.43000030517578,87.31999969482422,86.41999816894531,86.72000122070312,0.0
1228176000,87.16999816894531,87.30999755859375,86.2699966430664,86.69999694824219,0.0
1228262400,86.62000274658203,87.2699966430664,86.48999786376953,87.02999877929688,0.0
1228348800,86.7300033569336,87.69999694824219,86.0999984741211,86.44000244140625,0.0
1228435200,86.61000061035156,87.48999786376953,86.4000015258789,87.12000274658203,0.0
1228694400,86.87000274658203,86.91000366210938,85.47000122070312,85.55999755859375,0.0
1228780800,85.70999908447266,86.48999786376953,85.43000030517578,85.83999633789062,0.0
1228867200,85.83999633789062,85.95999908447266,85.18000030517578,85.4800033569336,0.0
1228953600,85.45999908447266,85.48999786376953,83.27999877929688,83.83000183105469,0.0
1229040000,83.7699966430664,84.02999877929688,83.20999908447266,83.63999938964844,0.0
1229299200,83.70999908447266,83.7300033569336,81.97000122070312,82.2699966430664,0.0
1229385600,82.08000183105469,82.3499984741211,79.79000091552734,80.68000030517578,0.0
1229472000,80.26000213623047,80.44000244140625,78.47000122070312,78.91000366210938,0.0
1229558400,78.58999633789062,80.08999633789062,77.69000244140625,79.47000122070312,0.0
1229644800,79.55999755859375,81.62000274658203,79.44000244140625,81.30000305175781,0.0
1229904000,81.04000091552734,81.41999816894531,80.3499984741211,81.08999633789062,0.0
1229990400,81.2300033569336,81.48999786376953,80.86000061035156,81.23999786376953,0.0
1230076800,81.38999938964844,81.41999816894531,80.95999908447266,81.20999908447266,0.0
1230249600,81.0199966430664,81.16999816894531,80.68000030517578,80.88999938964844,0.0
1230508800,80.87999725341797,81.55999755859375,79.62999725341797,80.68000030517578,0.0
1230595200,81.12999725341797,81.19999694824219,80.30999755859375,80.9000015258789,0.0
1230681600,80.56999969482422,81.76000213623047,80.56999969482422,81.30999755859375,0.0
1230854400,81.06999969482422,81.91999816894531,80.91000366210938,81.83999633789062,0.0
1231113600,81.55999755859375,83.16999816894531,81.33999633789062,82.63999938964844,0.0
1231200000,82.5999984741211,84.0199966430664,82.43000030517578,82.8499984741211,0.0
1231286400,82.86000061035156,83.2699966430664,81.62999725341797,82.27999877929688,0.0
1231372800,82.27999877929688,82.66000366210938,81.18000030517578,81.54000091552734,0.0
1231459200,81.63999938964844,82.76000213623047,81.3499984741211,82.66000366210938,0.0
1231718400,82.47000122070312,83.43000030517578,82.45999908447266,83.0199966430664,0.0
1231804800,83.19999694824219,84.44999694824219,83.19000244140625,84.2699966430664,0.0
1231891200,84.2300033569336,84.63999938964844,83.45999908447266,84.41999816894531,0.0
1231977600,84.30999755859375,85.13999938964844,84.04000091552734,84.44000244140625,0.0
1232064000,84.37999725341797,84.55000305175781,83.45999908447266,84.20999908447266,0.0
1232409600,85.06999969482422,86.41000366210938,84.97000122070312,86.22000122070312,0.0
1232496000,86.26000213623047,86.5,85.16999816894531,85.81999969482422,0.0
1232582400,85.51000213623047,86.11000061035156,85.22000122070312,85.5199966430664,0.0
1232668800,85.55999755859375,86.80999755859375,85.30999755859375,85.61000061035156,0.0
1232928000,85.51000213623047,86.27999877929688,84.19999694824219,84.7300033569336,0.0
1233014400,84.41999816894531,84.7699966430664,83.72000122070312,84.43000030517578,0.0
1233100800,84.37999725341797,84.87000274658203,83.56999969482422,84.66999816894531,0.0
1233187200,84.5999984741211,85.5,84.2699966430664,85.27999877929688,0.0
1233273600,85.51000213623047,86.12999725341797,85.44000244140625,86.0,0.0
1233532800,86.05999755859375,86.55000305175781,85.73999786376953,86.06999969482422,0.0
1233619200,86.13999938964844,86.25,84.7699966430664,85.05000305175781,0.0
1233705600,85.04000091552734,85.91999816894531,84.75,85.69999694824219,0.0
1233792000,85.72000122070312,86.12000274658203,85.38999938964844,86.05999755859375,0.0
1233878400,86.05000305175781,86.30000305175781,85.0999984741211,85.3499984741211,0.0
1234137600,85.16000366210938,85.61000061035156,84.45999908447266,84.79000091552734,0.0
1234224000,85.05000305175781,85.95999908447266,84.7300033569336,85.80999755859375,0.0
1234310400,85.55999755859375,86.1500015258789,85.29000091552734,85.77999877929688,0.0
1234396800,85.86000061035156,86.7300033569336,85.5199966430664,86.55000305175781,0.0
1234483200,86.08000183105469,86.20999908447266,85.62999725341797,86.04000091552734,0.0
1234828800,86.55999755859375,87.86000061035156,86.4800033569336,87.58000183105469,0.0
1234915200,87.80999755859375,88.25,87.4800033569336,88.01000213623047,0.0
1235001600,88.05999755859375,88.05999755859375,86.94000244140625,87.44000244140625,0.0
1235088000,87.48999786376953,88.12999725341797,86.2300033569336,86.48999786376953,0.0
1235347200,86.8499984741211,87.37000274658203,85.62999725341797,87.23999786376953,0.0
1235433600,87.30999755859375,87.63999938964844,86.76000213623047,86.88999938964844,0.0
1235520000,86.73999786376953,88.04000091552734,86.58000183105469,87.91000366210938,0.0
1235606400,87.81999969482422,88.08999633789062,87.30999755859375,87.7300033569336,0.0
1235692800,87.91000366210938,88.48999786376953,87.68000030517578,88.01000213623047,0.0
1235952000,88.58000183105469,89.02999877929688,88.41000366210938,88.94000244140625,0.0
1236038400,89.0,89.33000183105469,88.33999633789062,88.91000366210938,0.0
1236124800,89.20999908447266,89.62000274658203,88.41000366210938,88.58000183105469,0.0
1236211200,88.5,89.48999786376953,88.4800033569336,89.11000061035156,0.0
1236297600,89.05999755859375,89.0999984741211,87.87999725341797,88.51000213623047,0.0
1236556800,88.58999633789062,89.45999908447266,88.12000274658203,89.01000213623047,0.0
1236643200,89.29000091552734,89.30999755859375,87.83000183105469,88.93000030517578,0.0
1236729600,88.5199966430664,89.01000213623047,87.55000305175781,87.87000274658203,0.0
1236816000,87.68000030517578,88.54000091552734,87.19000244140625,87.66000366210938,0.0
1236902400,87.48999786376953,87.66999816894531,87.18000030517578,87.43000030517578,0.0
1237161600,87.29000091552734,87.7699966430664,86.45999908447266,86.94999694824219,0.0
1237248000,86.98999786376953,87.3499984741211,86.7300033569336,86.93000030517578,0.0
1237334400,86.80999755859375,87.0999984741211,83.95999908447266,84.5999984741211,0.0
1237420800,84.20999908447266,84.5999984741211,82.62999725341797,83.12999725341797,0.0
1237507200,83.06999969482422,84.04000091552734,82.76000213623047,83.83999633789062,0.0
1237766400,83.5,84.18000030517578,82.88999938964844,83.43000030517578,0.0
1237852800,83.45999908447266,84.30000305175781,83.19999694824219,83.86000061035156,0.0
1237939200,84.08000183105469,84.37000274658203,83.20999908447266,83.80999755859375,0.0
1238025600,83.72000122070312,84.26000213623047,83.44999694824219,84.16999816894531,0.0
1238112000,84.08000183105469,85.3499984741211,83.69999694824219,85.11000061035156,0.0
1238371200,85.38999938964844,86.12999725341797,85.2300033569336,85.87000274658203,0.0
1238457600,85.7699966430664,85.80999755859375,85.08999633789062,85.43000030517578,0.0
1238544000,85.61000061035156,85.98999786376953,85.3499984741211,85.5,0.0
1238630400,85.41000366210938,85.47000122070312,84.05000305175781,84.44999694824219,0.0
1238716800,84.31999969482422,84.76000213623047,84.12999725341797,84.16999816894531,0.0
1238976000,84.01000213623047,84.91999816894531,83.7300033569336,84.56999969482422,0.0
1239062400,84.69000244140625,85.5,84.66999816894531,85.29000091552734,0.0
1239148800,85.20999908447266,85.7699966430664,85.0,85.36000061035156,0.0
1239235200,85.22000122070312,85.9000015258789,84.93000030517578,85.79000091552734,0.0
1239580800,85.55000305175781,85.86000061035156,84.44999694824219,84.63999938964844,0.0
1239667200,84.61000061035156,85.05999755859375,84.5,84.63999938964844,0.0
1239753600,84.77999877929688,85.33999633789062,84.58000183105469,85.08000183105469,0.0
1239840000,84.91999816894531,85.47000122070312,84.66000366210938,85.2300033569336,0.0
1239926400,85.19999694824219,86.02999877929688,85.11000061035156,85.9800033569336,0.0
1240185600,85.80999755859375,86.87000274658203,85.77999877929688,86.63999938964844,0.0
1240272000,86.6500015258789,86.8499984741211,86.25,86.58000183105469,0.0
1240358400,86.5,86.76000213623047,86.08999633789062,86.19000244140625,0.0
1240444800,86.30000305175781,86.37999725341797,85.29000091552734,85.5199966430664,0.0
1240531200,85.41000366210938,85.54000091552734,84.45999908447266,84.70999908447266,0.0
1240790400,84.73999786376953,85.83999633789062,84.68000030517578,85.69999694824219,0.0
1240876800,85.66999816894531,86.01000213623047,85.02999877929688,85.16000366210938,0.0
1240963200,85.16999816894531,85.27999877929688,84.16999816894531,84.47000122070312,0.0
1241049600,84.68000030517578,84.94999694824219,83.88999938964844,84.61000061035156,0.0
1241136000,84.80999755859375,84.83000183105469,84.29000091552734,84.55000305175781,0.0
1241395200,84.5999984741211,84.87000274658203,83.5999984741211,83.97000122070312,0.0
1241481600,83.69000244140625,84.30999755859375,83.5,84.16000366210938,0.0
1241568000,84.13999938964844,84.41000366210938,83.76000213623047,83.80000305175781,0.0
1241654400,84.0,84.3499984741211,83.41999816894531,83.94000244140625,0.0
1241740800,83.87000274658203,84.08999633789062,82.38999938964844,82.52999877929688,0.0
1242000000,82.41999816894531,82.86000061035156,82.29000091552734,82.68000030517578,0.0
1242086400,82.79000091552734,82.87000274658203,82.0,82.30999755859375,0.0
1242172800,82.30999755859375,82.73999786376953,81.87000274658203,82.5,0.0
1242259200,82.56999969482422,82.87999725341797,82.22000122070312,82.27999877929688,0.0
1242345600,82.43000030517578,83.0999984741211,82.29000091552734,83.0199966430664,0.0
1242604800,82.97000122070312,83.22000122070312,82.5,82.66999816894531,0.0
1242691200,82.54000091552734,82.68000030517578,81.9000015258789,81.9800033569336,0.0
1242777600,82.08999633789062,82.25,80.91000366210938,80.98999786376953,0.0
1242864000,81.18000030517578,81.41999816894531,80.37000274658203,80.55999755859375,0.0
1242950400,80.44999694824219,80.4800033569336,79.80999755859375,79.95999908447266,0.0
1243296000,80.02999877929688,80.77999877929688,80.01000213623047,80.12999725341797,0.0
1243382400,80.11000061035156,80.81999969482422,79.95999908447266,80.33000183105469,0.0
1243468800,80.75,81.12999725341797,80.27999877929688,80.43000030517578,0.0
1243555200,80.54000091552734,80.58999633789062,79.18000030517578,80.43000030517578,0.0
1243814400,79.19999694824219,79.45999908447266,78.58999633789062,79.16999816894531,0.0
1243900800,79.16999816894531,79.4800033569336,78.33000183105469,78.4000015258789,0.0
1243987200,78.47000122070312,79.62999725341797,78.33999633789062,79.5,0.0
1244073600,79.48999786376953,79.94999694824219,79.0199966430664,79.41000366210938,0.0
1244160000,79.45999908447266,80.81999969482422,79.16000366210938,80.66999816894531,0.0
1244419200,80.72000122070312,81.47000122070312,80.5199966430664,80.91000366210938,0.0
1244505600,80.83999633789062,81.05999755859375,79.6500015258789,79.79000091552734,0.0
1244592000,79.83999633789062,80.63999938964844,79.44000244140625,80.33000183105469,0.0
1244678400,80.2699966430664,80.4000015258789,79.19000244140625,79.41000366210938,0.0
1244764800,79.56999969482422,80.5199966430664,79.41000366210938,80.13999938964844,0.0
1245024000,80.11000061035156,81.37000274658203,80.11000061035156,81.13999938964844,0.0
1245110400,81.12999725341797,81.33999633789062,80.33000183105469,80.70999908447266,0.0
1245196800,80.76000213623047,80.94999694824219,80.05999755859375,80.16999816894531,0.0
1245283200,80.2699966430664,80.77999877929688,80.06999969482422,80.61000061035156,0.0
1245369600,80.55999755859375,80.73999786376953,79.97000122070312,80.26000213623047,0.0
1245628800,80.27999877929688,80.93000030517578,80.23999786376953,80.77999877929688,0.0
1245715200,80.83999633789062,80.94000244140625,79.69999694824219,79.83999633789062,0.0
1245801600,79.87000274658203,80.75,79.55999755859375,80.55999755859375,0.0
1245888000,80.54000091552734,80.91000366210938,80.25,80.4000015258789,0.0
1245974400,80.37999725341797,80.4000015258789,79.61000061035156,79.87999725341797,0.0
1246233600,79.88999938964844,80.29000091552734,79.76000213623047,79.83999633789062,0.0
1246320000,79.9000015258789,80.33000183105469,79.43000030517578,80.12999725341797,0.0
1246406400,80.16000366210938,80.4000015258789,79.3499984741211,79.62999725341797,0.0
1246492800,79.66000366210938,80.61000061035156,79.5999984741211,80.1500015258789,0.0
1246838400,80.47000122070312,80.88999938964844,80.2699966430664,80.44999694824219,0.0
1246924800,80.38999938964844,80.7300033569336,80.08000183105469,80.62000274658203,0.0
1247011200,80.70999908447266,80.88999938964844,80.5199966430664,80.7699966430664,0.0
1247097600,80.6500015258789,80.72000122070312,79.69000244140625,79.86000061035156,0.0
1247184000,79.94000244140625,80.5199966430664,79.9000015258789,80.2300033569336,0.0
1247443200,80.23999786376953,80.5,80.0,80.12999725341797,0.0
1247529600,80.05999755859375,80.30000305175781,79.87999725341797,80.18000030517578,0.0
1247616000,80.02999877929688,80.05999755859375,79.29000091552734,79.31999969482422,0.0
1247702400,79.44000244140625,79.62999725341797,79.12999725341797,79.22000122070312,0.0
1247788800,79.2699966430664,79.66000366210938,79.25,79.3499984741211,0.0
1248048000,79.4800033569336,79.52999877929688,78.80000305175781,78.91000366210938,0.0
1248134400,78.83000183105469,79.08000183105469,78.58999633789062,78.93000030517578,0.0
1248220800,78.80999755859375,79.06999969482422,78.55999755859375,78.70999908447266,0.0
1248307200,78.79000091552734,79.1500015258789,78.41999816894531,78.80000305175781,0.0
1248393600,78.98999786376953,79.08999633789062,78.5999984741211,78.75,0.0
1248652800,78.75,78.9800033569336,78.4000015258789,78.62999725341797,0.0
1248739200,78.62999725341797,79.06999969482422,78.31999969482422,78.8499984741211,0.0
1248825600,78.87000274658203,79.66000366210938,78.76000213623047,79.62999725341797,0.0
1248912000,79.52999877929688,79.63999938964844,79.16999816894531,79.29000091552734,0.0
1248998400,79.30999755859375,79.33000183105469,78.22000122070312,78.3499984741211,0.0
1249257600,78.19000244140625,78.48999786376953,77.44999694824219,77.63999938964844,0.0
1249344000,77.58999633789062,77.80999755859375,77.47000122070312,77.7699966430664,0.0
1249430400,77.72000122070312,77.8499984741211,77.43000030517578,77.5199966430664,0.0
1249516800,77.55999755859375,78.13999938964844,77.51000213623047,78.06999969482422,0.0
1249603200,77.9800033569336,79.06999969482422,77.80999755859375,78.97000122070312,0.0
1249862400,78.87999725341797,79.38999938964844,78.7300033569336,79.26000213623047,0.0
1249948800,79.23999786376953,79.36000061035156,79.01000213623047,79.18000030517578,0.0
1250035200,79.16000366210938,79.38999938964844,78.62000274658203,78.79000091552734,0.0
1250121600,78.80000305175781,78.81999969482422,78.23999786376953,78.48999786376953,0.0
1250208000,78.41000366210938,78.91999816894531,78.2300033569336,78.88999938964844,0.0
1250467200,78.79000091552734,79.51000213623047,78.77999877929688,79.29000091552734,0.0
1250553600,79.27999877929688,79.3499984741211,78.88999938964844,78.94000244140625,0.0
1250640000,78.91999816894531,79.22000122070312,78.33999633789062,78.47000122070312,0.0
1250726400,78.44999694824219,78.66999816894531,78.30000305175781,78.37999725341797,0.0
1250812800,78.36000061035156,78.58000183105469,77.75,78.04000091552734,0.0
1251072000,78.02999877929688,78.33999633789062,77.94999694824219,78.2699966430664,0.0
1251158400,78.25,78.41999816894531,77.93000030517578,78.23999786376953,0.0
1251244800,78.31999969482422,78.83000183105469,78.11000061035156,78.66000366210938,0.0
1251331200,78.66999816894531,78.73999786376953,77.8499984741211,78.01000213623047,0.0
1251417600,78.02999877929688,78.38999938964844,77.87000274658203,78.37000274658203,0.0
1251676800,78.37999725341797,78.58999633789062,78.0,78.16999816894531,0.0
1251763200,78.11000061035156,78.94000244140625,77.94000244140625,78.76000213623047,0.0
1251849600,78.77999877929688,78.83999633789062,78.2699966430664,78.37999725341797,0.0
1251936000,78.37000274658203,78.54000091552734,78.0,78.45999908447266,0.0
1252022400,78.43000030517578,78.69999694824219,78.0199966430664,78.13999938964844,0.0
1252368000,78.0,78.02999877929688,77.05000305175781,77.31999969482422,0.0
1252454400,77.2300033569336,77.44999694824219,76.80000305175781,77.08999633789062,0.0
1252540800,77.04000091552734,77.23999786376953,76.69999694824219,76.81999969482422,0.0
1252627200,76.80999755859375,76.8499984741211,76.45999908447266,76.61000061035156,0.0
1252886400,76.63999938964844,77.08999633789062,76.5199966430664,76.69999694824219,0.0
1252972800,76.58999633789062,77.05999755859375,76.41000366210938,76.54000091552734,0.0
1253059200,76.45999908447266,76.56999969482422,76.1500015258789,76.23999786376953,0.0
1253145600,76.26000213623047,76.41000366210938,76.01000213623047,76.19000244140625,0.0
1253232000,76.2699966430664,76.72000122070312,76.25,76.43000030517578,0.0
1253491200,76.51000213623047,77.11000061035156,76.44999694824219,76.77999877929688,0.0
1253577600,76.7300033569336,76.73999786376953,76.0,76.12000274658203,0.0
1253664000,75.98999786376953,76.58000183105469,75.83000183105469,76.05000305175781,0.0
1253750400,76.4000015258789,77.05000305175781,76.08999633789062,76.9000015258789,0.0
1253836800,77.02999877929688,77.06999969482422,76.48999786376953,76.80999755859375,0.0
1254096000,76.62999725341797,77.25,76.51000213623047,77.05000305175781,0.0
1254182400,76.93000030517578,77.33000183105469,76.80000305175781,77.12000274658203,0.0
1254268800,77.0199966430664,77.06999969482422,76.48999786376953,76.6500015258789,0.0
1254355200,76.6500015258789,77.2699966430664,76.58999633789062,77.19000244140625,0.0
1254441600,77.2300033569336,77.47000122070312,76.68000030517578,77.0,0.0
1254700800,76.91000366210938,76.98999786376953,76.61000061035156,76.63999938964844,0.0
1254787200,76.66000366210938,76.68000030517578,76.0999984741211,76.33999633789062,0.0
1254873600,76.23999786376953,76.62999725341797,76.12999725341797,76.48999786376953,0.0
1254960000,76.30000305175781,76.33000183105469,75.7699966430664,75.97000122070312,0.0
1255046400,75.98999786376953,76.55999755859375,75.97000122070312,76.43000030517578,0.0
1255305600,76.29000091552734,76.66999816894531,76.0199966430664,76.12999725341797,0.0
1255392000,76.06999969482422,76.29000091552734,75.73999786376953,75.9800033569336,0.0
1255478400,75.86000061035156,75.87999725341797,75.33999633789062,75.55000305175781,0.0
1255564800,75.4000015258789,75.7699966430664,75.20999908447266,75.4800033569336,0.0
1255651200,75.38999938964844,75.9000015258789,75.29000091552734,75.5999984741211,0.0
1255910400,75.56999969482422,75.91000366210938,75.18000030517578,75.51000213623047,0.0
1255996800,75.2699966430664,75.76000213623047,75.0999984741211,75.56999969482422,0.0
1256083200,75.54000091552734,75.72000122070312,74.94000244140625,74.97000122070312,0.0
1256169600,75.08000183105469,75.5199966430664,75.01000213623047,75.08999633789062,0.0
1256256000,75.06999969482422,75.5199966430664,74.94999694824219,75.47000122070312,0.0
1256515200,75.41999816894531,76.12000274658203,75.19999694824219,76.05999755859375,0.0
1256601600,76.06999969482422,76.31999969482422,75.76000213623047,76.13999938964844,0.0
1256688000,76.08999633789062,76.55999755859375,75.98999786376953,76.43000030517578,0.0
1256774400,76.43000030517578,76.58000183105469,75.86000061035156,75.91999816894531,0.0
1256860800,75.91999816894531,76.43000030517578,75.83000183105469,76.30000305175781,0.0
1257120000,76.38999938964844,76.41000366210938,75.93000030517578,76.29000091552734,0.0
1257206400,76.0999984741211,76.81999969482422,76.06999969482422,76.38999938964844,0.0
1257292800,76.37000274658203,76.4000015258789,75.5999984741211,75.63999938964844,0.0
1257379200,75.87999725341797,75.9800033569336,75.51000213623047,75.73999786376953,0.0
1257465600,75.76000213623047,75.97000122070312,75.5,75.81999969482422,0.0
1257724800,75.68000030517578,75.72000122070312,74.93000030517578,75.02999877929688,0.0
1257811200,75.0,75.2699966430664,74.94999694824219,75.0199966430664,0.0
1257897600,74.93000030517578,75.22000122070312,74.7699966430664,75.16000366210938,0.0
1257984000,75.05999755859375,75.7699966430664,74.93000030517578,75.5999984741211,0.0
1258070400,75.56999969482422,75.66000366210938,75.13999938964844,75.33000183105469,0.0
1258329600,75.06999969482422,75.30999755859375,74.68000030517578,74.91000366210938,0.0
1258416000,74.80999755859375,75.62000274658203,74.80999755859375,75.37000274658203,0.0
1258502400,75.23999786376953,75.33999633789062,74.9000015258789,75.18000030517578,0.0
1258588800,75.11000061035156,75.55000305175781,75.0999984741211,75.29000091552734,0.0
1258675200,75.23999786376953,75.87999725341797,75.20999908447266,75.66000366210938,0.0
1258934400,75.56999969482422,75.56999969482422,74.94999694824219,75.08999633789062,0.0
1259020800,75.19000244140625,75.44999694824219,75.0,75.06999969482422,0.0
1259107200,75.04000091552734,75.0999984741211,74.2300033569336,74.2699966430664,0.0
1259280000,74.77999877929688,75.56999969482422,74.76000213623047,75.0,0.0
1259539200,74.86000061035156,74.95999908447266,74.48999786376953,74.87999725341797,0.0
1259625600,74.70999908447266,75.08999633789062,74.2699966430664,74.36000061035156,0.0
1259712000,74.4000015258789,74.68000030517578,74.36000061035156,74.66999816894531,0.0
1259798400,74.52999877929688,74.86000061035156,74.33000183105469,74.62999725341797,0.0
1259884800,74.77999877929688,75.94000244140625,74.5999984741211,75.91000366210938,0.0
1260144000,75.6500015258789,76.18000030517578,75.44999694824219,75.7699966430664,0.0
1260230400,75.75,76.30999755859375,75.51000213623047,76.30999755859375,0.0
1260316800,76.27999877929688,76.33000183105469,75.83000183105469,76.04000091552734,0.0
1260403200,75.9800033569336,76.20999908447266,75.86000061035156,76.04000091552734,0.0
1260489600,76.0199966430664,76.7300033569336,75.9000015258789,76.56999969482422,0.0
1260748800,76.56999969482422,76.58000183105469,76.25,76.3499984741211,0.0
1260835200,76.3499984741211,77.08999633789062,76.31999969482422,76.95999908447266,0.0
1260921600,76.94000244140625,77.04000091552734,76.5999984741211,77.0,0.0
1261008000,76.94999694824219,77.94000244140625,76.91000366210938,77.69000244140625,0.0
1261094400,77.73999786376953,78.13999938964844,77.37999725341797,77.81999969482422,0.0
1261353600,77.77999877929688,78.13999938964844,77.58999633789062,78.04000091552734,0.0
1261440000,78.04000091552734,78.44999694824219,77.8499984741211,78.25,0.0
1261526400,78.25,78.36000061035156,77.73999786376953,77.9000015258789,0.0
1261612800,77.88999938964844,77.91999816894531,77.5,77.83999633789062,0.0
1261958400,77.73999786376953,77.86000061035156,77.54000091552734,77.62999725341797,0.0
1262044800,77.69999694824219,77.93000030517578,77.33000183105469,77.83000183105469,0.0
1262131200,77.87999725341797,78.22000122070312,77.80000305175781,77.91000366210938,0.0
1262217600,77.88999938964844,78.0199966430664,77.41000366210938,77.86000061035156,0.0
1262563200,77.93000030517578,78.19000244140625,77.26000213623047,77.52999877929688,0.0
1262649600,77.37000274658203,77.70999908447266,77.08999633789062,77.62000274658203,0.0
1262736000,77.6500015258789,78.0,77.36000061035156,77.48999786376953,0.0
1262822400,77.37000274658203,78.08000183105469,77.30000305175781,77.91000366210938,0.0
1262908800,77.9800033569336,78.19000244140625,77.3499984741211,77.47000122070312,0.0
1263168000,77.20999908447266,77.2300033569336,76.79000091552734,77.0,0.0
1263254400,77.08999633789062,77.30999755859375,76.76000213623047,76.94999694824219,0.0
1263340800,77.12000274658203,77.1500015258789,76.5999984741211,76.8499984741211,0.0
1263427200,76.79000091552734,77.0199966430664,76.66999816894531,76.7300033569336,0.0
1263513600,76.77999877929688,77.41000366210938,76.7699966430664,77.31999969482422,0.0
1263859200,76.9800033569336,77.69000244140625,76.94000244140625,77.5,0.0
1263945600,77.58000183105469,78.44999694824219,77.51000213623047,78.33999633789062,0.0
1264032000,78.2699966430664,78.80999755859375,78.12999725341797,78.31999969482422,0.0
1264118400,78.38999938964844,78.52999877929688,78.04000091552734,78.27999877929688,0.0
1264377600,78.22000122070312,78.33999633789062,78.02999877929688,78.19000244140625,0.0
1264464000,78.16999816894531,78.63999938964844,78.08000183105469,78.43000030517578,0.0
1264550400,78.55000305175781,78.8499984741211,78.37000274658203,78.68000030517578,0.0
1264636800,78.66000366210938,79.06999969482422,78.54000091552734,78.9000015258789,0.0
1264723200,78.98999786376953,79.5,78.8499984741211,79.45999908447266,0.0
1264982400,79.43000030517578,79.52999877929688,79.16000366210938,79.23999786376953,0.0
1265068800,79.2300033569336,79.41000366210938,78.95999908447266,79.01000213623047,0.0
1265155200,78.9800033569336,79.45999908447266,78.68000030517578,79.37000274658203,0.0
1265241600,79.3499984741211,80.0199966430664,79.3499984741211,79.91999816894531,0.0
1265328000,79.9800033569336,80.68000030517578,79.95999908447266,80.44000244140625,0.0
1265587200,80.41999816894531,80.5199966430664,80.08999633789062,80.30000305175781,0.0
1265673600,80.33999633789062,80.43000030517578,79.55999755859375,79.86000061035156,0.0
1265760000,79.80999755859375,80.30999755859375,79.6500015258789,80.02999877929688,0.0
1265846400,79.94000244140625,80.5,79.70999908447266,79.98999786376953,0.0
1265932800,80.0199966430664,80.75,79.98999786376953,80.31999969482422,0.0
1266278400,80.38999938964844,80.41999816894531,79.58999633789062,79.69999694824219,0.0
1266364800,79.63999938964844,80.52999877929688,79.55999755859375,80.37999725341797,0.0
1266451200,80.44999694824219,81.25,80.19000244140625,80.4000015258789,0.0
1266537600,81.25,81.33999633789062,80.51000213623047,80.63999938964844,0.0
1266796800,80.4800033569336,80.66999816894531,80.36000061035156,80.51000213623047,0.0
1266883200,80.51000213623047,80.98999786376953,80.08999633789062,80.8499984741211,0.0
1266969600,80.88999938964844,80.94999694824219,80.36000061035156,80.8499984741211,0.0
1267056000,80.77999877929688,81.12999725341797,80.6500015258789,80.79000091552734,0.0
1267142400,80.7699966430664,80.79000091552734,80.12000274658203,80.36000061035156,0.0
1267401600,80.33000183105469,81.26000213623047,80.29000091552734,80.66000366210938,0.0
1267488000,80.76000213623047,81.29000091552734,80.37999725341797,80.5199966430664,0.0
1267574400,80.3499984741211,80.55999755859375,79.81999969482422,79.9800033569336,0.0
1267660800,80.05000305175781,80.66999816894531,79.94000244140625,80.55999755859375,0.0
1267747200,80.52999877929688,80.88999938964844,80.4000015258789,80.43000030517578,0.0
1268006400,80.4000015258789,80.55000305175781,80.08000183105469,80.43000030517578,0.0
1268092800,80.51000213623047,80.86000061035156,80.41000366210938,80.58999633789062,0.0
1268179200,80.55999755859375,80.86000061035156,80.30999755859375,80.44999694824219,0.0
1268265600,80.45999908447266,80.56999969482422,80.23999786376953,80.31999969482422,0.0
1268352000,80.2699966430664,80.33000183105469,79.69000244140625,79.83000183105469,0.0
1268611200,79.83000183105469,80.41000366210938,79.7699966430664,80.25,0.0
1268697600,80.22000122070312,80.33000183105469,79.62999725341797,79.75,0.0
1268784000,79.70999908447266,79.81999969482422,79.51000213623047,79.63999938964844,0.0
1268870400,79.75,80.44000244140625,79.7300033569336,80.22000122070312,0.0
1268956800,80.29000091552734,80.88999938964844,80.2300033569336,80.72000122070312,0.0
1269216000,80.8499984741211,81.08000183105469,80.5199966430664,80.6500015258789,0.0
1269302400,80.56999969482422,81.02999877929688,80.54000091552734,80.9000015258789,0.0
1269388800,80.94000244140625,82.02999877929688,80.88999938964844,81.83999633789062,0.0
1269475200,81.8499984741211,82.23999786376953,81.5999984741211,82.12000274658203,0.0
1269561600,82.18000030517578,82.19000244140625,81.55999755859375,81.68000030517578,0.0
1269820800,81.44999694824219,81.62000274658203,81.1500015258789,81.36000061035156,0.0
1269907200,81.25,81.56999969482422,81.0,81.47000122070312,0.0
1269993600,81.45999908447266,81.69999694824219,80.88999938964844,81.06999969482422,0.0
1270080000,81.04000091552734,81.25,80.68000030517578,80.77999877929688,0.0
1270425600,81.1500015258789,81.30000305175781,80.91999816894531,81.08999633789062,0.0
1270512000,81.06999969482422,81.63999938964844,81.04000091552734,81.38999938964844,0.0
1270598400,81.31999969482422,81.72000122070312,81.31999969482422,81.44000244140625,0.0
1270684800,81.63999938964844,81.91000366210938,81.44999694824219,81.52999877929688,0.0
1270771200,81.48999786376953,81.58000183105469,80.87000274658203,81.08999633789062,0.0
1271030400,80.36000061035156,80.69000244140625,80.08000183105469,80.55999755859375,0.0
1271116800,80.54000091552734,80.75,80.2699966430664,80.51000213623047,0.0
1271203200,80.41999816894531,80.48999786376953,80.02999877929688,80.19000244140625,0.0
1271289600,80.19000244140625,80.75,80.1500015258789,80.4800033569336,0.0
1271376000,80.5199966430664,80.91000366210938,80.47000122070312,80.81999969482422,0.0
1271635200,80.9000015258789,81.27999877929688,80.87999725341797,81.0,0.0
1271721600,80.91999816894531,81.12999725341797,80.76000213623047,81.05000305175781,0.0
1271808000,81.12000274658203,81.33000183105469,80.95999908447266,81.16000366210938,0.0
1271894400,81.2300033569336,81.77999877929688,81.04000091552734,81.56999969482422,0.0
1271980800,82.0199966430664,82.0999984741211,81.31999969482422,81.3499984741211,0.0
1272240000,81.47000122070312,81.70999908447266,81.16999816894531,81.4800033569336,0.0
1272326400,81.18000030517578,82.44000244140625,81.16999816894531,82.1500015258789,0.0
1272412800,82.29000091552734,82.70999908447266,82.0199966430664,82.37999725341797,0.0
1272499200,82.2699966430664,82.37999725341797,81.87999725341797,82.0,0.0
1272585600,81.9000015258789,82.08999633789062,81.62999725341797,81.87000274658203,0.0
1272844800,81.80000305175781,82.55999755859375,81.77999877929688,82.2699966430664,0.0
1272931200,82.36000061035156,83.52999877929688,82.29000091552734,83.30000305175781,0.0
1273017600,83.44999694824219,84.30999755859375,83.36000061035156,84.08000183105469,0.0
1273104000,84.16000366210938,85.2699966430664,83.91999816894531,84.88999938964844,0.0
1273190400,84.87000274658203,85.13999938964844,84.31999969482422,84.44999694824219,0.0
1273449600,83.91000366210938,84.37999725341797,82.91000366210938,84.16000366210938,0.0
1273536000,84.38999938964844,84.77999877929688,84.13999938964844,84.47000122070312,0.0
1273622400,84.70999908447266,84.93000030517578,84.20999908447266,84.83000183105469,0.0
1273708800,84.80000305175781,85.45999908447266,84.54000091552734,85.20999908447266,0.0
1273795200,85.36000061035156,86.29000091552734,85.19999694824219,86.0999984741211,0.0
1274054400,86.20999908447266,87.05999755859375,86.05000305175781,86.20999908447266,0.0
1274140800,86.22000122070312,87.37999725341797,85.91000366210938,87.16000366210938,0.0
1274227200,87.25,87.45999908447266,86.05999755859375,86.38999938964844,0.0
1274313600,86.29000091552734,86.80000305175781,85.4000015258789,85.56999969482422,0.0
1274400000,85.9000015258789,85.9800033569336,85.12999725341797,85.37000274658203,0.0
1274659200,85.66000366210938,86.56999969482422,85.5999984741211,86.20999908447266,0.0
1274745600,86.47000122070312,87.44999694824219,86.33000183105469,86.77999877929688,0.0
1274832000,86.52999877929688,87.38999938964844,86.48999786376953,87.12000274658203,0.0
1274918400,87.30000305175781,87.30999755859375,86.0999984741211,86.18000030517578,0.0
1275004800,86.3499984741211,86.80000305175781,85.8499984741211,86.4800033569336,0.0
1275350400,86.58000183105469,87.47000122070312,86.16000366210938,86.63999938964844,0.0
1275436800,86.68000030517578,87.18000030517578,86.62000274658203,86.79000091552734,0.0
1275523200,86.81999969482422,87.2699966430664,86.30000305175781,87.13999938964844,0.0
1275609600,87.22000122070312,88.33999633789062,86.9000015258789,88.2300033569336,0.0
1275868800,88.44999694824219,88.70999908447266,88.16000366210938,88.4000015258789,0.0
1275955200,88.44999694824219,88.58999633789062,87.95999908447266,88.38999938964844,0.0
1276041600,88.12999725341797,88.38999938964844,87.41000366210938,87.9000015258789,0.0
1276128000,87.9000015258789,88.05999755859375,86.94999694824219,87.16999816894531,0.0
1276214400,87.0999984741211,87.6500015258789,86.94000244140625,87.51000213623047,0.0
1276473600,86.95999908447266,87.0199966430664,86.18000030517578,86.51000213623047,0.0
1276560000,86.70999908447266,86.88999938964844,85.9000015258789,85.9800033569336,0.0
1276646400,86.08999633789062,86.38999938964844,85.91999816894531,86.08000183105469,0.0
1276732800,86.13999938964844,86.5199966430664,85.5199966430664,85.69000244140625,0.0
1276819200,85.69999694824219,85.7699966430664,85.44999694824219,85.69999694824219,0.0
1277078400,85.4000015258789,86.04000091552734,85.08999633789062,85.93000030517578,0.0
1277164800,85.94000244140625,86.26000213623047,85.75,86.11000061035156,0.0
1277251200,86.06999969482422,86.41999816894531,85.6500015258789,85.73999786376953,0.0
1277337600,85.79000091552734,86.0,85.41000366210938,85.7300033569336,0.0
1277424000,85.7300033569336,86.12000274658203,85.25,85.30999755859375,0.0
1277683200,85.33999633789062,85.79000091552734,85.20999908447266,85.6500015258789,0.0
1277769600,85.70999908447266,86.30000305175781,85.62999725341797,86.02999877929688,0.0
1277856000,86.12999725341797,86.2699966430664,85.5999984741211,86.0199966430664,0.0
1277942400,86.0999984741211,86.26000213623047,84.41999816894531,84.72000122070312,0.0
1278028800,84.61000061035156,84.7699966430664,84.12999725341797,84.43000030517578,0.0
1278374400,84.58999633789062,84.83000183105469,83.81999969482422,84.08000183105469,0.0
1278460800,84.11000061035156,84.37999725341797,83.75,83.81999969482422,0.0
1278547200,83.95999908447266,84.0199966430664,83.66000366210938,83.81999969482422,0.0
1278633600,83.7699966430664,84.11000061035156,83.62000274658203,83.94999694824219,0.0
1278892800,83.94999694824219,84.44000244140625,83.94000244140625,84.19999694824219,0.0
1278979200,84.2300033569336,84.55999755859375,83.37999725341797,83.63999938964844,0.0
1279065600,83.58000183105469,83.70999908447266,83.20999908447266,83.43000030517578,0.0
1279152000,83.37000274658203,83.51000213623047,82.29000091552734,82.55999755859375,0.0
1279238400,82.41999816894531,82.61000061035156,82.08999633789062,82.48999786376953,0.0
1279497600,82.69000244140625,82.81999969482422,82.27999877929688,82.51000213623047,0.0
1279584000,82.61000061035156,83.06999969482422,82.18000030517578,82.75,0.0
1279670400,82.70999908447266,83.44999694824219,82.55999755859375,83.38999938964844,0.0
1279756800,83.25,83.36000061035156,82.45999908447266,82.5999984741211,0.0
1279843200,82.58000183105469,83.02999877929688,82.20999908447266,82.45999908447266,0.0
1280102400,82.62000274658203,82.62999725341797,81.98999786376953,82.08999633789062,0.0
1280188800,82.05000305175781,82.37999725341797,81.81999969482422,82.18000030517578,0.0
1280275200,82.16000366210938,82.29000091552734,81.94000244140625,82.18000030517578,0.0
1280361600,82.0999984741211,82.16000366210938,81.48999786376953,81.63999938964844,0.0
1280448000,81.61000061035156,81.9800033569336,81.45999908447266,81.54000091552734,0.0
1280707200,81.5199966430664,81.55999755859375,80.79000091552734,80.94000244140625,0.0
1280793600,80.91000366210938,81.04000091552734,80.47000122070312,80.5999984741211,0.0
1280880000,80.62000274658203,81.11000061035156,80.51000213623047,80.88999938964844,0.0
1280966400,80.97000122070312,81.12999725341797,80.52999877929688,80.81999969482422,0.0
1281052800,80.77999877929688,80.94999694824219,80.08999633789062,80.41000366210938,0.0
1281312000,80.3499984741211,80.73999786376953,80.2699966430664,80.70999908447266,0.0
1281398400,80.73999786376953,81.52999877929688,80.63999938964844,80.80000305175781,0.0
1281484800,80.88999938964844,82.52999877929688,80.86000061035156,82.29000091552734,0.0
1281571200,82.45999908447266,82.79000091552734,82.11000061035156,82.63999938964844,0.0
1281657600,82.58000183105469,82.95999908447266,82.18000030517578,82.94999694824219,0.0
1281916800,82.83999633789062,83.0199966430664,82.23999786376953,82.52999877929688,0.0
1282003200,82.43000030517578,82.5199966430664,82.01000213623047,82.2300033569336,0.0
1282089600,82.25,82.51000213623047,81.91000366210938,82.22000122070312,0.0
1282176000,82.30999755859375,82.72000122070312,82.0,82.44999694824219,0.0
1282262400,82.5199966430664,83.30000305175781,82.41999816894531,83.05999755859375,0.0
1282521600,83.0199966430664,83.27999877929688,82.83999633789062,83.12000274658203,0.0
1282608000,83.30999755859375,83.55999755859375,82.86000061035156,83.1500015258789,0.0
1282694400,83.33000183105469,83.5199966430664,82.94000244140625,83.26000213623047,0.0
1282780800,83.19000244140625,83.26000213623047,82.62000274658203,82.93000030517578,0.0
1282867200,82.94000244140625,83.16999816894531,82.66000366210938,82.91999816894531,0.0
1283126400,82.80999755859375,83.19999694824219,82.75,83.16000366210938,0.0
1283212800,83.16999816894531,83.33999633789062,82.87999725341797,83.19999694824219,0.0
1283299200,83.08999633789062,83.22000122070312,82.19000244140625,82.5199966430664,0.0
1283385600,82.4800033569336,82.5999984741211,82.29000091552734,82.45999908447266,0.0
1283472000,82.38999938964844,83.0999984741211,81.98999786376953,83.0999984741211,0.0
1283817600,82.12000274658203,82.91999816894531,82.12000274658203,82.81999969482422,0.0
1283904000,82.91000366210938,82.91999816894531,82.37999725341797,82.58999633789062,0.0
1283990400,82.55000305175781,82.81999969482422,82.33999633789062,82.66999816894531,0.0
1284076800,82.72000122070312,82.98999786376953,82.44999694824219,82.69999694824219,0.0
1284336000,82.68000030517578,82.69000244140625,81.76000213623047,81.91000366210938,0.0
1284422400,81.91000366210938,82.02999877929688,81.0,81.08000183105469,0.0
1284508800,81.20999908447266,81.76000213623047,81.08999633789062,81.48999786376953,0.0
1284595200,81.47000122070312,81.5999984741211,81.06999969482422,81.23999786376953,0.0
1284681600,81.2699966430664,81.5199966430664,80.86000061035156,81.4000015258789,0.0
1284940800,81.41000366210938,81.5,81.05000305175781,81.33999633789062,0.0
1285027200,81.30999755859375,81.3499984741211,80.2699966430664,80.44000244140625,0.0
1285113600,80.4000015258789,80.41000366210938,79.55999755859375,79.83000183105469,0.0
1285200000,79.83000183105469,80.18000030517578,79.72000122070312,80.01000213623047,0.0
1285286400,80.12999725341797,80.26000213623047,79.25,79.38999938964844,0.0
1285545600,79.33000183105469,79.58000183105469,79.19000244140625,79.33999633789062,0.0
1285632000,79.56999969482422,79.81999969482422,78.86000061035156,79.01000213623047,0.0
1285718400,78.9000015258789,78.93000030517578,78.62000274658203,78.69000244140625,0.0
1285804800,78.79000091552734,79.0199966430664,78.41000366210938,78.72000122070312,0.0
1285891200,78.80000305175781,78.83000183105469,78.02999877929688,78.08999633789062,0.0
1286150400,78.12999725341797,78.5199966430664,78.08000183105469,78.44999694824219,0.0
1286236800,78.5,78.69000244140625,77.69999694824219,77.75,0.0
1286323200,77.81999969482422,77.91999816894531,77.30000305175781,77.38999938964844,0.0
1286409600,77.48999786376953,77.68000030517578,76.91000366210938,77.38999938964844,0.0
1286496000,77.44999694824219,77.76000213623047,77.13999938964844,77.31999969482422,0.0
1286755200,77.05999755859375,77.55999755859375,76.93000030517578,77.44000244140625,0.0
1286841600,77.52999877929688,77.93000030517578,77.25,77.36000061035156,0.0
1286928000,77.33999633789062,77.3499984741211,76.97000122070312,77.06999969482422,0.0
1287014400,77.0199966430664,77.02999877929688,76.26000213623047,76.6500015258789,0.0
1287100800,76.63999938964844,77.12999725341797,76.13999938964844,77.04000091552734,0.0
1287360000,77.02999877929688,77.63999938964844,76.91999816894531,76.93000030517578,0.0
1287446400,77.12000274658203,78.30999755859375,76.91999816894531,78.18000030517578,0.0
1287532800,78.25,78.36000061035156,77.05999755859375,77.16999816894531,0.0
1287619200,77.1500015258789,77.61000061035156,76.83999633789062,77.41999816894531,0.0
1287705600,77.4800033569336,77.75,77.20999908447266,77.47000122070312,0.0
1287964800,77.41000366210938,77.44000244140625,76.70999908447266,77.0999984741211,0.0
1288051200,77.36000061035156,77.81999969482422,77.04000091552734,77.70999908447266,0.0
1288137600,77.63999938964844,78.2699966430664,77.55999755859375,78.1500015258789,0.0
1288224000,78.05999755859375,78.05999755859375,77.16999816894531,77.30999755859375,0.0
1288310400,77.27999877929688,77.76000213623047,77.02999877929688,77.2699966430664,0.0
1288569600,76.94999694824219,77.41999816894531,76.7699966430664,77.30000305175781,0.0
1288656000,77.19999694824219,77.30999755859375,76.63999938964844,76.72000122070312,0.0
1288742400,76.72000122070312,76.9800033569336,76.22000122070312,76.4800033569336,0.0
1288828800,76.38999938964844,76.5,75.62999725341797,75.87999725341797,0.0
1288915200,75.87000274658203,76.63999938964844,75.7300033569336,76.55000305175781,0.0
1289174400,76.41999816894531,77.16000366210938,76.37999725341797,77.02999877929688,0.0
1289260800,77.26000213623047,77.87000274658203,76.70999908447266,77.44000244140625,0.0
1289347200,77.73999786376953,78.16999816894531,77.48999786376953,77.62999725341797,0.0
1289433600,77.62999725341797,78.29000091552734,77.44000244140625,78.22000122070312,0.0
1289520000,78.16000366210938,78.4800033569336,77.69999694824219,78.08000183105469,0.0
1289779200,78.12000274658203,78.70999908447266,77.87999725341797,78.5199966430664,0.0
1289865600,78.69000244140625,79.45999908447266,78.30000305175781,79.20999908447266,0.0
1289952000,79.29000091552734,79.37000274658203,78.86000061035156,79.08000183105469,0.0
1290038400,78.94999694824219,79.01000213623047,78.43000030517578,78.62000274658203,0.0
1290124800,78.5199966430664,78.72000122070312,78.16999816894531,78.5,0.0
1290384000,78.20999908447266,78.87999725341797,77.97000122070312,78.68000030517578,0.0
1290470400,78.69999694824219,79.73999786376953,78.69000244140625,79.68000030517578,0.0
1290556800,79.68000030517578,80.0,79.38999938964844,79.87000274658203,0.0
1290729600,79.7699966430664,80.5199966430664,79.75,80.36000061035156,0.0
1290988800,80.61000061035156,81.13999938964844,80.05000305175781,80.83999633789062,0.0
1291075200,80.86000061035156,81.44000244140625,80.66999816894531,81.19999694824219,0.0
1291161600,81.26000213623047,81.36000061035156,80.5,80.70999908447266,0.0
1291248000,80.79000091552734,81.0199966430664,80.05999755859375,80.30000305175781,0.0
1291334400,80.22000122070312,80.31999969482422,79.05999755859375,79.37999725341797,0.0
1291593600,79.19999694824219,79.97000122070312,79.16999816894531,79.56999969482422,0.0
1291680000,79.70999908447266,80.01000213623047,79.19999694824219,79.86000061035156,0.0
1291766400,79.94000244140625,80.4000015258789,79.88999938964844,80.0,0.0
1291852800,80.04000091552734,80.4000015258789,79.68000030517578,80.06999969482422,0.0
1291939200,80.08999633789062,80.30000305175781,79.81999969482422,80.06999969482422,0.0
1292198400,80.2300033569336,80.30999755859375,79.0999984741211,79.27999877929688,0.0
1292284800,79.36000061035156,79.52999877929688,78.83000183105469,79.37000274658203,0.0
1292371200,79.55000305175781,80.27999877929688,79.45999908447266,80.26000213623047,0.0
1292457600,80.20999908447266,80.38999938964844,79.9800033569336,80.18000030517578,0.0
1292544000,80.05000305175781,80.62999725341797,79.55000305175781,80.37000274658203,0.0
1292803200,80.45999908447266,80.72000122070312,80.30999755859375,80.62999725341797,0.0
1292889600,80.62000274658203,80.81999969482422,80.23999786376953,80.72000122070312,0.0
1292976000,80.70999908447266,80.77999877929688,80.27999877929688,80.7300033569336,0.0
1293062400,80.58000183105469,80.83000183105469,80.33999633789062,80.5,0.0
1293408000,80.66000366210938,80.66000366210938,80.20999908447266,80.37000274658203,0.0
1293494400,80.08999633789062,80.45999908447266,79.5999984741211,80.36000061035156,0.0
1293580800,80.41000366210938,80.44000244140625,79.69999694824219,79.80000305175781,0.0
1293667200,79.68000030517578,79.73999786376953,79.43000030517578,79.5199966430664,0.0
1293753600,79.45999908447266,79.5199966430664,78.77999877929688,79.02999877929688,0.0
1294012800,79.05999755859375,79.52999877929688,78.98999786376953,79.12999725341797,0.0
1294099200,79.0999984741211,79.51000213623047,78.88999938964844,79.44000244140625,0.0
1294185600,79.38999938964844,80.3499984741211,79.37999725341797,80.26000213623047,0.0
1294272000,80.18000030517578,80.94000244140625,80.16000366210938,80.79000091552734,0.0
1294358400,80.87000274658203,81.13999938964844,80.69000244140625,81.01000213623047,0.0
1294617600,81.16000366210938,81.30999755859375,80.81999969482422,80.87999725341797,0.0
1294704000,80.87999725341797,81.1500015258789,80.73999786376953,80.8499984741211,0.0
1294790400,80.75,80.8499984741211,79.98999786376953,80.02999877929688,0.0
1294876800,80.11000061035156,80.23999786376953,78.98999786376953,79.19000244140625,0.0
1294963200,79.22000122070312,79.41000366210938,78.80999755859375,79.16000366210938,0.0
1295308800,79.4000015258789,79.5,78.63999938964844,78.95999908447266,0.0
1295395200,78.95999908447266,78.95999908447266,78.30000305175781,78.63999938964844,0.0
1295481600,78.75,79.16999816894531,78.44000244140625,78.81999969482422,0.0
1295568000,78.87999725341797,78.91000366210938,78.0999984741211,78.20999908447266,0.0
1295827200,78.13999938964844,78.51000213623047,77.80999755859375,78.05000305175781,0.0
1295913600,78.05000305175781,78.41000366210938,77.81999969482422,78.0,0.0
1296000000,77.97000122070312,78.05999755859375,77.69000244140625,77.9000015258789,0.0
1296086400,77.75,78.1500015258789,77.58999633789062,77.7300033569336,0.0
1296172800,77.7699966430664,78.27999877929688,77.61000061035156,78.12999725341797,0.0
1296432000,78.30999755859375,78.31999969482422,77.54000091552734,77.73999786376953,0.0
1296518400,77.61000061035156,77.66000366210938,76.94000244140625,77.06999969482422,0.0
1296604800,77.01000213623047,77.30999755859375,76.87999725341797,77.16000366210938,0.0
1296691200,77.0999984741211,77.88999938964844,77.0199966430664,77.75,0.0
1296777600,77.79000091552734,78.20999908447266,77.55999755859375,78.04000091552734,0.0
1297036800,78.06999969482422,78.3499984741211,77.8499984741211,78.02999877929688,0.0
1297123200,78.05999755859375,78.11000061035156,77.62999725341797,78.0,0.0
1297209600,78.0199966430664,78.08999633789062,77.5,77.63999938964844,0.0
1297296000,77.63999938964844,78.33999633789062,77.61000061035156,78.25,0.0
1297382400,78.20999908447266,78.69999694824219,78.12000274658203,78.45999908447266,0.0
1297641600,78.55000305175781,78.87000274658203,78.27999877929688,78.61000061035156,0.0
1297728000,78.62000274658203,78.73999786376953,78.30000305175781,78.56999969482422,0.0
1297814400,78.51000213623047,78.79000091552734,78.16000366210938,78.22000122070312,0.0
1297900800,78.19999694824219,78.3499984741211,77.93000030517578,78.0,0.0
1297987200,77.94000244140625,78.22000122070312,77.52999877929688,77.66000366210938,0.0
1298332800,77.69000244140625,78.31999969482422,77.58000183105469,77.7699966430664,0.0
1298419200,77.69999694824219,77.70999908447266,77.25,77.41000366210938,0.0
1298505600,77.30000305175781,77.4800033569336,76.98999786376953,77.05999755859375,0.0
1298592000,77.02999877929688,77.41999816894531,76.94999694824219,77.27999877929688,0.0
1298851200,77.30000305175781,77.38999938964844,76.76000213623047,76.88999938964844,0.0
1298937600,76.86000061035156,77.0999984741211,76.73999786376953,77.05000305175781,0.0
1299024000,77.04000091552734,77.18000030517578,76.52999877929688,76.66999816894531,0.0
1299110400,76.66999816894531,76.86000061035156,76.38999938964844,76.4800033569336,0.0
1299196800,76.47000122070312,76.62000274658203,76.27999877929688,76.4000015258789,0.0
1299456000,76.37999725341797,76.55000305175781,76.12000274658203,76.5,0.0
1299542400,76.52999877929688,76.9800033569336,76.4000015258789,76.80000305175781,0.0
1299628800,76.86000061035156,76.97000122070312,76.54000091552734,76.72000122070312,0.0
1299715200,76.72000122070312,77.3499984741211,76.62999725341797,77.27999877929688,0.0
1299801600,77.22000122070312,77.37999725341797,76.66000366210938,76.77999877929688,0.0
1300060800,76.4800033569336,76.75,76.30000305175781,76.3499984741211,0.0
1300147200,76.3499984741211,77.04000091552734,76.2699966430664,76.33000183105469,0.0
1300233600,76.41000366210938,76.81999969482422,76.05999755859375,76.68000030517578,0.0
1300320000,76.38999938964844,76.66000366210938,75.8499984741211,76.04000091552734,0.0
1300406400,76.05999755859375,76.45999908447266,75.54000091552734,75.72000122070312,0.0
1300665600,75.58999633789062,75.7300033569336,75.33999633789062,75.4000015258789,0.0
1300752000,75.4800033569336,75.55999755859375,75.25,75.43000030517578,0.0
1300838400,75.52999877929688,75.97000122070312,75.43000030517578,75.79000091552734,0.0
1300924800,75.87000274658203,76.04000091552734,75.45999908447266,75.66000366210938,0.0
1301011200,75.70999908447266,76.27999877929688,75.61000061035156,76.22000122070312,0.0
1301270400,76.38999938964844,76.43000030517578,76.02999877929688,76.12999725341797,0.0
1301356800,76.22000122070312,76.43000030517578,75.93000030517578,76.25,0.0
1301443200,76.13999938964844,76.41000366210938,76.01000213623047,76.12000274658203,0.0
1301529600,76.13999938964844,76.16999816894531,75.66000366210938,75.86000061035156,0.0
1301616000,76.05000305175781,76.61000061035156,75.77999877929688,75.83000183105469,0.0
1301875200,75.88999938964844,75.98999786376953,75.69999694824219,75.91000366210938,0.0
1301961600,75.86000061035156,76.1500015258789,75.7699966430664,75.87999725341797,0.0
1302048000,75.91000366210938,75.91999816894531,75.45999908447266,75.51000213623047,0.0
1302134400,75.54000091552734,75.81999969482422,75.52999877929688,75.58999633789062,0.0
1302220800,75.58000183105469,75.61000061035156,74.83999633789062,75.06999969482422,0.0
1302480000,74.97000122070312,75.08999633789062,74.88999938964844,75.05999755859375,0.0
1302566400,75.06999969482422,75.19999694824219,74.69999694824219,74.8499984741211,0.0
1302652800,74.88999938964844,75.0999984741211,74.73999786376953,74.9800033569336,0.0
1302739200,74.94000244140625,75.1500015258789,74.62000274658203,74.68000030517578,0.0
1302825600,74.72000122070312,75.0,74.62000274658203,74.83000183105469,0.0
1303084800,74.9000015258789,75.80999755859375,74.87999725341797,75.5,0.0
1303171200,75.48999786376953,75.61000061035156,74.98999786376953,75.02999877929688,0.0
1303257600,75.05000305175781,75.08999633789062,74.2699966430664,74.37000274658203,0.0
1303344000,74.4000015258789,74.41000366210938,73.73999786376953,74.0,0.0
1303689600,74.0999984741211,74.2699966430664,73.80999755859375,73.98999786376953,0.0
1303776000,74.05999755859375,74.33999633789062,73.55999755859375,73.83999633789062,0.0
1303862400,73.61000061035156,73.9800033569336,73.26000213623047,73.5199966430664,0.0
1303948800,73.36000061035156,73.36000061035156,72.87000274658203,73.12000274658203,0.0
1304035200,73.05999755859375,73.19999694824219,72.83000183105469,72.93000030517578,0.0
1304294400,73.05999755859375,73.29000091552734,72.72000122070312,72.94999694824219,0.0
1304380800,73.05999755859375,73.31999969482422,72.8499984741211,73.13999938964844,0.0
1304467200,73.11000061035156,73.30000305175781,72.69999694824219,73.02999877929688,0.0
1304553600,73.12000274658203,74.22000122070312,72.80999755859375,74.19000244140625,0.0
1304640000,74.0999984741211,74.93000030517578,73.94000244140625,74.83999633789062,0.0
1304899200,74.80999755859375,75.16000366210938,74.44000244140625,74.73999786376953,0.0
1304985600,74.62000274658203,75.0,74.52999877929688,74.61000061035156,0.0
1305072000,74.55000305175781,75.41999816894531,74.4000015258789,75.33000183105469,0.0
1305158400,75.27999877929688,75.63999938964844,75.05999755859375,75.23999786376953,0.0
1305244800,75.22000122070312,75.94999694824219,74.80000305175781,75.76000213623047,0.0
1305504000,75.88999938964844,76.0,75.25,75.47000122070312,0.0
1305590400,75.61000061035156,75.83000183105469,75.33999633789062,75.4000015258789,0.0
1305676800,75.26000213623047,75.58999633789062,75.12999725341797,75.47000122070312,0.0
1305763200,75.30999755859375,75.55999755859375,75.08000183105469,75.12000274658203,0.0
1305849600,75.08000183105469,75.76000213623047,74.95999908447266,75.43000030517578,0.0
1306108800,75.83999633789062,76.37000274658203,75.72000122070312,76.0999984741211,0.0
1306195200,76.25,76.36000061035156,75.81999969482422,75.87999725341797,0.0
1306281600,75.94000244140625,76.2699966430664,75.75,75.93000030517578,0.0
1306368000,75.9000015258789,75.9800033569336,75.33999633789062,75.55000305175781,0.0
1306454400,75.56999969482422,75.58999633789062,74.75,74.94999694824219,0.0
1306800000,74.7300033569336,74.76000213623047,74.44000244140625,74.63999938964844,0.0
1306886400,74.44000244140625,74.94000244140625,74.30999755859375,74.68000030517578,0.0
1306972800,74.83000183105469,74.88999938964844,74.2300033569336,74.33000183105469,0.0
1307059200,74.3499984741211,74.45999908447266,73.69999694824219,73.77999877929688,0.0
1307318400,73.6500015258789,74.05000305175781,73.63999938964844,73.94999694824219,0.0
1307404800,73.94000244140625,74.04000091552734,73.51000213623047,73.5199966430664,0.0
1307491200,73.56999969482422,73.97000122070312,73.54000091552734,73.93000030517578,0.0
1307577600,73.87000274658203,74.30000305175781,73.69000244140625,74.19000244140625,0.0
1307664000,74.18000030517578,74.91999816894531,74.0199966430664,74.79000091552734,0.0
1307923200,74.9000015258789,74.95999908447266,74.44000244140625,74.51000213623047,0.0
1308009600,74.51000213623047,74.62999725341797,74.2300033569336,74.33000183105469,0.0
1308096000,74.44999694824219,75.66000366210938,74.44000244140625,75.5999984741211,0.0
1308182400,75.52999877929688,76.0199966430664,75.37999725341797,75.75,0.0
1308268800,75.41999816894531,75.75,74.88999938964844,74.98999786376953,0.0
1308528000,75.11000061035156,75.47000122070312,74.9000015258789,75.02999877929688,0.0
1308614400,74.91000366210938,74.98999786376953,74.5199966430664,74.54000091552734,0.0
1308700800,74.75,75.04000091552734,74.5,74.77999877929688,0.0
1308787200,75.0199966430664,75.79000091552734,74.95999908447266,75.44999694824219,0.0
1308873600,75.22000122070312,75.75,75.05000305175781,75.66999816894531,0.0
1309132800,75.66999816894531,75.98999786376953,75.26000213623047,75.38999938964844,0.0
1309219200,75.23999786376953,75.51000213623047,74.87000274658203,75.05999755859375,0.0
1309305600,75.08999633789062,75.13999938964844,74.61000061035156,74.69000244140625,0.0
1309392000,74.47000122070312,74.58000183105469,74.25,74.30000305175781,0.0
1309478400,74.44000244140625,74.69000244140625,74.19999694824219,74.3499984741211,0.0
1309824000,74.23999786376953,74.73999786376953,74.20999908447266,74.69000244140625,0.0
1309910400,74.61000061035156,75.18000030517578,74.45999908447266,75.12000274658203,0.0
1309996800,74.9800033569336,75.41000366210938,74.8499984741211,74.95999908447266,0.0
1310083200,74.9000015258789,75.41999816894531,74.83999633789062,75.18000030517578,0.0
1310342400,75.33000183105469,76.16000366210938,75.25,75.98999786376953,0.0
1310428800,75.97000122070312,76.72000122070312,75.69999694824219,75.80999755859375,0.0
1310515200,76.0199966430664,76.05000305175781,74.77999877929688,75.20999908447266,0.0
1310601600,74.8499984741211,75.33000183105469,74.6500015258789,75.25,0.0
1310688000,75.13999938964844,75.41999816894531,74.97000122070312,75.12999725341797,0.0
1310947200,75.23999786376953,75.75,75.19000244140625,75.4800033569336,0.0
1311033600,75.31999969482422,75.5,74.9000015258789,75.22000122070312,0.0
1311120000,75.12000274658203,75.2300033569336,74.70999908447266,74.79000091552734,0.0
1311206400,74.66999816894531,75.0999984741211,73.88999938964844,74.0199966430664,0.0
1311292800,74.05000305175781,74.37999725341797,73.95999908447266,74.19999694824219,0.0
1311552000,74.12000274658203,74.30999755859375,73.98999786376953,74.05999755859375,0.0
1311638400,74.12000274658203,74.19999694824219,73.44999694824219,73.47000122070312,0.0
1311724800,73.52999877929688,74.18000030517578,73.41999816894531,74.08999633789062,0.0
1311811200,74.08000183105469,74.41000366210938,73.87999725341797,74.22000122070312,0.0
1311897600,74.1500015258789,74.51000213623047,73.72000122070312,73.9000015258789,0.0
1312156800,73.91999816894531,74.52999877929688,73.58000183105469,74.26000213623047,0.0
1312243200,74.3499984741211,74.7300033569336,74.19999694824219,74.51000213623047,0.0
1312329600,74.58000183105469,74.69000244140625,73.86000061035156,74.04000091552734,0.0
1312416000,73.91999816894531,75.31999969482422,73.87999725341797,75.12000274658203,0.0
1312502400,75.41000366210938,75.41999816894531,74.45999908447266,74.5999984741211,0.0
1312761600,74.47000122070312,75.0199966430664,73.97000122070312,74.79000091552734,0.0
1312848000,74.80000305175781,74.94000244140625,73.8499984741211,74.61000061035156,0.0
1312934400,73.9800033569336,74.91999816894531,73.81999969482422,74.63999938964844,0.0
1313020800,74.86000061035156,75.05999755859375,74.33000183105469,74.68000030517578,0.0
1313107200,74.66000366210938,74.88999938964844,74.37000274658203,74.61000061035156,0.0
1313366400,74.5199966430664,74.61000061035156,73.76000213623047,73.83999633789062,0.0
1313452800,73.87999725341797,74.18000030517578,73.7699966430664,74.01000213623047,0.0
1313539200,74.04000091552734,74.20999908447266,73.44999694824219,73.66999816894531,0.0
1313625600,73.79000091552734,74.44000244140625,73.7300033569336,74.23999786376953,0.0
1313712000,74.33999633789062,74.45999908447266,73.62000274658203,73.98999786376953,0.0
1313971200,74.12000274658203,74.16999816894531,73.80999755859375,74.06999969482422,0.0
1314057600,73.87999725341797,74.16000366210938,73.56999969482422,73.87000274658203,0.0
1314144000,73.87999725341797,74.08999633789062,73.66999816894531,74.01000213623047,0.0
1314230400,74.05000305175781,74.4000015258789,73.66999816894531,74.27999877929688,0.0
1314316800,74.26000213623047,74.45999908447266,73.70999908447266,73.80999755859375,0.0
1314576000,73.73999786376953,74.45999908447266,73.5199966430664,73.72000122070312,0.0
1314662400,73.68000030517578,74.18000030517578,73.5199966430664,73.94000244140625,0.0
1314748800,74.0,74.16999816894531,73.83000183105469,74.12999725341797,0.0
1314835200,74.4800033569336,74.4800033569336,74.4800033569336,74.4800033569336,0.0
1314921600,74.51000213623047,74.76000213623047,74.13999938964844,74.75,0.0
1315267200,75.26000213623047,76.0,74.66999816894531,75.91999816894531,0.0
1315353600,75.86000061035156,76.0,74.66999816894531,75.45999908447266,0.0
1315440000,75.5,76.30999755859375,75.2300033569336,76.23999786376953,0.0
1315526400,76.16000366210938,77.2699966430664,75.48999786376953,77.19000244140625,0.0
1315785600,77.37000274658203,77.77999877929688,77.04000091552734,77.56999969482422,0.0
1315872000,77.2300033569336,77.77999877929688,76.81999969482422,76.91000366210938,0.0
1315958400,77.05999755859375,77.62000274658203,76.66999816894531,76.83000183105469,0.0
1316044800,76.80000305175781,77.4800033569336,76.05999755859375,76.23999786376953,0.0
1316131200,76.30999755859375,76.7699966430664,76.27999877929688,76.58000183105469,0.0
1316390400,77.44000244140625,77.5199966430664,76.93000030517578,77.38999938964844,0.0
1316476800,77.43000030517578,77.51000213623047,76.83999633789062,77.02999877929688,0.0
1316563200,77.05999755859375,77.83999633789062,76.79000091552734,77.33999633789062,0.0
1316649600,77.73999786376953,78.79000091552734,77.7300033569336,78.37999725341797,0.0
1316736000,78.37000274658203,78.62000274658203,77.94999694824219,78.30000305175781,0.0
1316995200,78.08000183105469,78.86000061035156,77.94000244140625,78.36000061035156,0.0
1317081600,78.08000183105469,78.86000061035156,77.38999938964844,77.51000213623047,0.0
1317168000,77.80000305175781,78.23999786376953,77.30000305175781,77.8499984741211,0.0
1317254400,78.05999755859375,78.1500015258789,77.41999816894531,77.91999816894531,0.0
1317340800,77.95999908447266,78.80000305175781,77.41999816894531,78.55000305175781,0.0
1317600000,78.93000030517578,79.56999969482422,78.79000091552734,79.44999694824219,0.0
1317686400,79.5999984741211,79.5999984741211,79.5999984741211,79.5999984741211,0.0
1317772800,79.0999984741211,79.83000183105469,78.80000305175781,78.91000366210938,0.0
1317859200,78.94999694824219,79.5,78.5199966430664,78.52999877929688,0.0
1317945600,78.62000274658203,79.5,78.05999755859375,78.72000122070312,0.0
1318204800,78.73999786376953,78.7699966430664,77.33999633789062,77.5999984741211,0.0
1318291200,77.61000061035156,78.69000244140625,77.33999633789062,77.58000183105469,0.0
1318377600,77.61000061035156,77.94000244140625,76.79000091552734,76.98999786376953,0.0
1318464000,77.01000213623047,77.91999816894531,76.79000091552734,76.98999786376953,0.0
1318550400,77.19000244140625,77.43000030517578,76.5,76.62000274658203,0.0
1318809600,76.58000183105469,77.23999786376953,76.44000244140625,77.13999938964844,0.0
1318896000,77.16999816894531,77.55000305175781,76.44000244140625,77.12999725341797,0.0
1318982400,77.13999938964844,77.19000244140625,76.56999969482422,77.11000061035156,0.0
1319068800,77.02999877929688,77.48999786376953,76.56999969482422,76.97000122070312,0.0
1319155200,76.94999694824219,77.20999908447266,76.23999786376953,76.30000305175781,0.0
1319414400,76.47000122070312,76.54000091552734,75.9800033569336,76.0199966430664,0.0
1319500800,76.13999938964844,76.44000244140625,75.94000244140625,76.25,0.0
1319587200,76.26000213623047,76.66000366210938,75.87999725341797,76.19999694824219,0.0
1319673600,76.29000091552734,76.66000366210938,74.72000122070312,74.87000274658203,0.0
1319760000,75.0,75.16000366210938,74.9000015258789,75.08999633789062,0.0
1320019200,75.08999633789062,76.56999969482422,74.9800033569336,76.16999816894531,0.0
1320105600,76.55000305175781,77.66999816894531,74.9800033569336,77.26000213623047,0.0
1320192000,77.54000091552734,77.66999816894531,76.44999694824219,77.01000213623047,0.0
1320278400,77.2300033569336,77.5,76.56999969482422,76.66999816894531,0.0
1320364800,76.70999908447266,77.30000305175781,76.62000274658203,76.91000366210938,0.0
1320624000,76.91999816894531,77.37999725341797,76.7300033569336,76.95999908447266,0.0
1320710400,77.01000213623047,77.18000030517578,76.55999755859375,76.66999816894531,0.0
1320796800,76.66999816894531,78.0,76.51000213623047,77.93000030517578,0.0
1320883200,77.97000122070312,78.16999816894531,77.4000015258789,77.63999938964844,0.0
1320969600,77.66000366210938,78.16000366210938,76.72000122070312,76.94000244140625,0.0
1321228800,76.76000213623047,77.6500015258789,76.63999938964844,77.55999755859375,0.0
1321315200,77.4800033569336,78.08999633789062,77.43000030517578,77.87999725341797,0.0
1321401600,78.05999755859375,78.38999938964844,77.83000183105469,78.16000366210938,0.0
1321488000,78.36000061035156,78.47000122070312,77.93000030517578,78.29000091552734,0.0
1321574400,78.30999755859375,78.36000061035156,77.54000091552734,78.0199966430664,0.0
1321833600,77.9800033569336,78.51000213623047,77.97000122070312,78.30000305175781,0.0
1321920000,78.31999969482422,78.44000244140625,77.9800033569336,78.2300033569336,0.0
1322006400,78.2300033569336,79.18000030517578,78.16999816894531,79.0,0.0
1322179200,79.16999816894531,79.69999694824219,79.12999725341797,79.61000061035156,0.0
1322438400,79.23999786376953,79.4000015258789,78.76000213623047,79.29000091552734,0.0
1322524800,79.33999633789062,79.4000015258789,78.5199966430664,79.0,0.0
1322611200,79.05000305175781,79.37999725341797,77.91999816894531,78.38999938964844,0.0
1322697600,78.37000274658203,79.37000274658203,77.91999816894531,78.31999969482422,0.0
1322784000,78.30999755859375,78.7699966430664,77.97000122070312,78.62999725341797,0.0
1323043200,78.56999969482422,78.68000030517578,78.19000244140625,78.61000061035156,0.0
1323129600,78.58999633789062,78.87999725341797,78.44999694824219,78.51000213623047,0.0
1323216000,78.5199966430664,78.87000274658203,78.27999877929688,78.4800033569336,0.0
1323302400,78.45999908447266,79.01000213623047,78.0999984741211,78.80999755859375,0.0
1323388800,78.79000091552734,79.0999984741211,78.0999984741211,78.62999725341797,0.0
1323648000,78.72000122070312,79.63999938964844,78.62999725341797,79.56999969482422,0.0
1323734400,79.55999755859375,80.38999938964844,79.29000091552734,80.25,0.0
1323820800,80.25,80.7300033569336,80.12000274658203,80.52999877929688,0.0
1323907200,80.51000213623047,80.62000274658203,80.11000061035156,80.23999786376953,0.0
1323993600,80.20999908447266,80.61000061035156,79.93000030517578,80.25,0.0
1324252800,80.19000244140625,80.48999786376953,80.11000061035156,80.25,0.0
1324339200,80.30999755859375,80.48999786376953,79.58999633789062,79.87999725341797,0.0
1324425600,79.66999816894531,80.0999984741211,79.23999786376953,80.0199966430664,0.0
1324512000,80.02999877929688,80.12999725341797,79.63999938964844,79.91999816894531,0.0
1324598400,79.9000015258789,80.05999755859375,79.72000122070312,80.01000213623047,0.0
1324944000,79.93000030517578,80.05000305175781,79.7699966430664,79.79000091552734,0.0
1325030400,79.80999755859375,80.5999984741211,79.69999694824219,80.48999786376953,0.0
1325116800,80.6500015258789,80.8499984741211,79.69999694824219,80.4800033569336,0.0
1325203200,80.4000015258789,80.8499984741211,79.9800033569336,80.16999816894531,0.0
1325548800,80.2300033569336,80.38999938964844,79.51000213623047,79.61000061035156,0.0
1325635200,79.6500015258789,80.31999969482422,79.55000305175781,80.08999633789062,0.0
1325721600,80.1500015258789,81.01000213623047,80.08999633789062,80.94000244140625,0.0
1325808000,80.9000015258789,81.37000274658203,80.77999877929688,81.23999786376953,0.0
1326067200,81.43000030517578,81.5,80.91999816894531,81.05000305175781,0.0
1326153600,80.91999816894531,81.47000122070312,80.70999908447266,80.80000305175781,0.0
1326240000,80.98999786376953,81.48999786376953,80.70999908447266,81.3499984741211,0.0
1326326400,81.25,81.48999786376953,80.69000244140625,80.7699966430664,0.0
1326412800,80.81999969482422,81.77999877929688,80.52999877929688,81.43000030517578,0.0
1326758400,81.41999816894531,81.69999694824219,80.7699966430664,81.18000030517578,0.0
1326844800,81.08000183105469,81.44999694824219,80.47000122070312,80.5999984741211,0.0
1326931200,80.4800033569336,81.12000274658203,80.04000091552734,80.20999908447266,0.0
1327017600,80.08999633789062,80.58000183105469,79.98999786376953,80.22000122070312,0.0
1327276800,80.37000274658203,80.38999938964844,79.5999984741211,79.69000244140625,0.0
1327363200,79.75,80.38999938964844,79.5999984741211,79.86000061035156,0.0
1327449600,79.80000305175781,80.3499984741211,79.37999725341797,79.56999969482422,0.0
1327536000,79.48999786376953,79.54000091552734,79.05999755859375,79.41000366210938,0.0
1327622400,79.44999694824219,79.54000091552734,78.7699966430664,78.9000015258789,0.0
1327881600,78.9000015258789,79.44999694824219,78.7699966430664,79.16000366210938,0.0
1327968000,79.0999984741211,79.4800033569336,78.73999786376953,79.27999877929688,0.0
1328054400,79.30999755859375,79.56999969482422,78.62000274658203,78.91999816894531,0.0
1328140800,78.83999633789062,79.19999694824219,78.70999908447266,78.97000122070312,0.0
1328227200,79.01000213623047,79.36000061035156,78.75,78.94000244140625,0.0
1328486400,79.06999969482422,79.5199966430664,78.9800033569336,79.08999633789062,0.0
1328572800,79.05999755859375,79.51000213623047,78.4800033569336,78.56999969482422,0.0
1328659200,78.58000183105469,79.26000213623047,78.43000030517578,78.63999938964844,0.0
1328745600,78.70999908447266,78.80000305175781,78.36000061035156,78.55999755859375,0.0
1328832000,78.63999938964844,79.19000244140625,78.36000061035156,79.11000061035156,0.0
1329091200,78.83000183105469,79.11000061035156,78.5999984741211,78.94000244140625,0.0
1329177600,79.12000274658203,79.62999725341797,78.5999984741211,79.58000183105469,0.0
1329264000,78.94000244140625,79.7300033569336,78.94000244140625,79.66999816894531,0.0
1329350400,79.73999786376953,80.11000061035156,79.08999633789062,79.33999633789062,0.0
1329436800,79.4000015258789,80.11000061035156,79.1500015258789,79.33000183105469,0.0
1329782400,79.12000274658203,79.26000213623047,78.79000091552734,79.04000091552734,0.0
1329868800,79.11000061035156,79.37999725341797,78.79000091552734,79.20999908447266,0.0
1329955200,79.19999694824219,79.37999725341797,78.5999984741211,78.80999755859375,0.0
1330041600,78.62999725341797,79.27999877929688,78.22000122070312,78.3499984741211,0.0
1330300800,78.38999938964844,78.7699966430664,78.22000122070312,78.55999755859375,0.0
1330387200,78.47000122070312,78.66999816894531,78.18000030517578,78.2699966430664,0.0
1330473600,78.18000030517578,78.87000274658203,78.08999633789062,78.7300033569336,0.0
1330560000,78.7699966430664,78.93000030517578,78.08999633789062,78.77999877929688,0.0
1330646400,78.7300033569336,79.44999694824219,78.62999725341797,79.4000015258789,0.0
1330905600,79.45999908447266,79.56999969482422,79.2300033569336,79.31999969482422,0.0
1330992000,79.33999633789062,79.86000061035156,79.2300033569336,79.86000061035156,0.0
1331078400,79.77999877929688,79.91999816894531,79.29000091552734,79.70999908447266,0.0
1331164800,79.75,79.77999877929688,79.06999969482422,79.16000366210938,0.0
1331251200,79.16999816894531,80.05999755859375,79.06999969482422,80.04000091552734,0.0
1331510400,79.9800033569336,80.12999725341797,79.8499984741211,79.87000274658203,0.0
1331596800,79.83999633789062,80.31999969482422,79.66999816894531,80.19000244140625,0.0
1331683200,80.12000274658203,80.62000274658203,79.66999816894531,80.55999755859375,0.0
1331769600,80.55000305175781,80.7300033569336,80.02999877929688,80.1500015258789,0.0
1331856000,80.25,80.7300033569336,79.68000030517578,79.77999877929688,0.0
1332115200,79.76000213623047,79.87999725341797,79.3499984741211,79.44999694824219,0.0
1332201600,79.4800033569336,79.87999725341797,79.3499984741211,79.58999633789062,0.0
1332288000,79.55999755859375,79.83000183105469,79.30999755859375,79.62999725341797,0.0
1332374400,79.73999786376953,79.73999786376953,79.73999786376953,79.73999786376953,0.0
1332460800,79.88999938964844,79.94000244140625,79.20999908447266,79.33999633789062,0.0
1332720000,79.31999969482422,79.72000122070312,78.87000274658203,78.93000030517578,0.0
1332806400,78.93000030517578,79.72000122070312,78.7699966430664,79.04000091552734,0.0
1332892800,79.12000274658203,79.33999633789062,78.87999725341797,79.16000366210938,0.0
1332979200,79.1500015258789,79.33999633789062,78.87000274658203,79.18000030517578,0.0
1333065600,79.06999969482422,79.08000183105469,78.72000122070312,78.93000030517578,0.0
1333324800,78.80999755859375,79.12999725341797,78.77999877929688,78.81999969482422,0.0
1333411200,78.86000061035156,79.48999786376953,78.66000366210938,79.4800033569336,0.0
1333497600,79.41000366210938,79.91999816894531,79.37000274658203,79.76000213623047,0.0
1333584000,79.7300033569336,80.16999816894531,79.37999725341797,80.06999969482422,0.0
1333929600,79.9000015258789,80.08999633789062,79.6500015258789,79.7300033569336,0.0
1334016000,79.7300033569336,80.08999633789062,79.5999984741211,79.88999938964844,0.0
1334102400,79.87999725341797,79.94000244140625,79.5,79.77999877929688,0.0
1334188800,79.69999694824219,79.94000244140625,79.19999694824219,79.27999877929688,0.0
1334275200,79.3499984741211,79.91000366210938,79.19999694824219,79.87999725341797,0.0
1334534400,79.9000015258789,80.16999816894531,79.48999786376953,79.55000305175781,0.0
1334620800,79.55999755859375,80.16999816894531,79.38999938964844,79.47000122070312,0.0
1334707200,79.55999755859375,79.86000061035156,79.38999938964844,79.52999877929688,0.0
1334793600,79.58000183105469,79.86000061035156,79.38999938964844,79.55999755859375,0.0
1334880000,79.52999877929688,79.61000061035156,79.12000274658203,79.18000030517578,0.0
1335139200,79.23999786376953,79.63999938964844,79.13999938964844,79.41999816894531,0.0
1335225600,79.36000061035156,79.63999938964844,79.08999633789062,79.22000122070312,0.0
1335312000,79.19000244140625,79.43000030517578,78.98999786376953,79.01000213623047,0.0
1335398400,78.81999969482422,79.30999755859375,78.81999969482422,78.91000366210938,0.0
1335484800,79.16000366210938,79.25,78.66999816894531,78.69999694824219,0.0
1335744000,78.7699966430664,78.91000366210938,78.62999725341797,78.79000091552734,0.0
1335830400,78.77999877929688,78.97000122070312,78.5999984741211,78.86000061035156,0.0
1335916800,78.83000183105469,79.30999755859375,78.5999984741211,79.12999725341797,0.0
1336003200,79.16999816894531,79.41999816894531,78.80999755859375,79.22000122070312,0.0
1336089600,79.19999694824219,79.5199966430664,79.08000183105469,79.47000122070312,0.0
1336348800,79.91000366210938,80.02999877929688,79.5,79.5999984741211,0.0
1336435200,79.58000183105469,80.02999877929688,79.52999877929688,79.7300033569336,0.0
1336521600,79.9000015258789,80.2699966430664,79.55999755859375,80.08000183105469,0.0
1336608000,80.11000061035156,80.2699966430664,79.86000061035156,80.11000061035156,0.0
1336694400,80.19999694824219,80.33000183105469,80.06999969482422,80.27999877929688,0.0
1336953600,80.41000366210938,80.72000122070312,80.22000122070312,80.5999984741211,0.0
1337040000,80.66000366210938,81.29000091552734,80.3499984741211,81.22000122070312,0.0
1337126400,81.2300033569336,81.56999969482422,80.4800033569336,81.37000274658203,0.0
1337212800,81.38999938964844,81.68000030517578,81.16999816894531,81.37999725341797,0.0
1337299200,81.5,81.75,81.01000213623047,81.29000091552734,0.0
1337558400,81.22000122070312,81.93000030517578,80.88999938964844,81.08000183105469,0.0
1337644800,80.95999908447266,81.76000213623047,80.94999694824219,81.66999816894531,0.0
1337731200,81.72000122070312,82.22000122070312,80.94999694824219,82.08999633789062,0.0
1337817600,81.98999786376953,82.37000274658203,81.83999633789062,82.29000091552734,0.0
1337904000,82.29000091552734,82.45999908447266,81.83999633789062,82.4000015258789,0.0
1338249600,82.23999786376953,82.61000061035156,82.02999877929688,82.44000244140625,0.0
1338336000,82.5,83.0999984741211,82.02999877929688,83.01000213623047,0.0
1338422400,83.0999984741211,83.20999908447266,82.47000122070312,83.04000091552734,0.0
1338508800,83.06999969482422,83.54000091552734,82.6500015258789,82.88999938964844,0.0
1338768000,82.47000122070312,83.06999969482422,82.47000122070312,82.55000305175781,0.0
1338854400,82.5,82.94000244140625,82.30000305175781,82.80000305175781,0.0
1338940800,82.81999969482422,82.94000244140625,82.12000274658203,82.31999969482422,0.0
1339027200,82.2300033569336,82.80999755859375,81.91000366210938,82.05000305175781,0.0
1339113600,82.22000122070312,82.88999938964844,81.91000366210938,82.51000213623047,0.0
1339372800,81.8499984741211,82.68000030517578,81.72000122070312,82.51000213623047,0.0
1339459200,82.5999984741211,82.72000122070312,82.31999969482422,82.41000366210938,0.0
1339545600,82.4000015258789,82.72000122070312,81.91000366210938,82.05000305175781,0.0
1339632000,82.13999938964844,82.29000091552734,81.80999755859375,81.9000015258789,0.0
1339718400,81.86000061035156,81.94000244140625,81.4800033569336,81.58999633789062,0.0
1339977600,81.30999755859375,82.05999755859375,81.16000366210938,81.94000244140625,0.0
1340064000,81.87999725341797,82.05999755859375,81.18000030517578,81.37000274658203,0.0
1340150400,81.43000030517578,81.73999786376953,81.22000122070312,81.48999786376953,0.0
1340236800,81.4800033569336,82.38999938964844,81.44000244140625,82.31999969482422,0.0
1340323200,82.29000091552734,82.45999908447266,82.1500015258789,82.22000122070312,0.0
1340582400,82.33999633789062,82.62999725341797,82.31999969482422,82.45999908447266,0.0
1340668800,82.43000030517578,82.68000030517578,82.23999786376953,82.37000274658203,0.0
1340755200,82.41999816894531,82.69000244140625,82.30000305175781,82.55999755859375,0.0
1340841600,82.52999877929688,82.87000274658203,82.2300033569336,82.66999816894531,0.0
1340928000,82.73999786376953,82.73999786376953,81.43000030517578,81.6500015258789,0.0
1341187200,81.63999938964844,81.95999908447266,81.51000213623047,81.87000274658203,0.0
1341273600,81.88999938964844,82.0199966430664,81.52999877929688,81.77999877929688,0.0
1341446400,82.19000244140625,82.94999694824219,82.08000183105469,82.80999755859375,0.0
1341532800,82.83000183105469,83.43000030517578,82.75,83.29000091552734,0.0
1341792000,83.33000183105469,83.5,83.08999633789062,83.16000366210938,0.0
1341878400,83.08999633789062,83.4800033569336,82.97000122070312,83.36000061035156,0.0
1341964800,83.56999969482422,83.56999969482422,83.56999969482422,83.56999969482422,0.0
1342051200,83.44999694824219,83.81999969482422,83.0999984741211,83.6500015258789,0.0
1342137600,83.61000061035156,83.77999877929688,83.26000213623047,83.30000305175781,0.0
1342396800,83.25,83.63999938964844,83.0199966430664,83.08999633789062,0.0
1342483200,83.13999938964844,83.63999938964844,82.91000366210938,83.02999877929688,0.0
1342569600,83.02999877929688,83.33999633789062,82.91999816894531,82.94999694824219,0.0
1342656000,83.0,83.1500015258789,82.7300033569336,82.9000015258789,0.0
1342742400,82.93000030517578,83.55000305175781,82.7300033569336,83.47000122070312,0.0
1343001600,83.66000366210938,84.0,82.87000274658203,83.70999908447266,0.0
1343088000,83.75,84.0999984741211,83.61000061035156,84.01000213623047,0.0
1343174400,83.9800033569336,84.0999984741211,83.5,83.5199966430664,0.0
1343260800,82.80999755859375,82.80999755859375,82.80999755859375,82.80999755859375,0.0
1343347200,82.8499984741211,83.7300033569336,82.33999633789062,82.70999908447266,0.0
1343606400,82.69000244140625,82.98999786376953,82.52999877929688,82.79000091552734,0.0
1343692800,82.80999755859375,82.98999786376953,82.51000213623047,82.63999938964844,0.0
1343779200,82.70999908447266,83.16000366210938,82.4800033569336,83.05999755859375,0.0
1343865600,83.05000305175781,83.51000213623047,82.19999694824219,83.33000183105469,0.0
1343952000,83.33000183105469,83.51000213623047,82.19999694824219,82.37999725341797,0.0
1344211200,82.33000183105469,82.56999969482422,82.08000183105469,82.2699966430664,0.0
1344297600,82.31999969482422,82.56999969482422,82.04000091552734,82.20999908447266,0.0
1344384000,82.30999755859375,82.52999877929688,82.04000091552734,82.38999938964844,0.0
1344470400,82.31999969482422,82.79000091552734,82.2300033569336,82.63999938964844,0.0
1344556800,82.62000274658203,82.87000274658203,82.2300033569336,82.55000305175781,0.0
1344816000,82.58000183105469,82.87000274658203,82.22000122070312,82.44000244140625,0.0
1344902400,82.43000030517578,82.70999908447266,82.19999694824219,82.4800033569336,0.0
1344988800,82.52999877929688,82.77999877929688,82.19999694824219,82.6500015258789,0.0
1345075200,82.68000030517578,82.87999725341797,82.31999969482422,82.36000061035156,0.0
1345161600,82.37999725341797,82.87999725341797,82.31999969482422,82.5999984741211,0.0
1345420800,82.58999633789062,82.72000122070312,82.37999725341797,82.45999908447266,0.0
1345507200,82.43000030517578,82.72000122070312,81.79000091552734,81.91000366210938,0.0
1345593600,81.91999816894531,82.47000122070312,81.44999694824219,81.48999786376953,0.0
1345680000,81.45999908447266,82.12000274658203,81.22000122070312,81.36000061035156,0.0
1345766400,81.41000366210938,81.72000122070312,81.22000122070312,81.58999633789062,0.0
1346025600,81.56999969482422,81.72000122070312,81.48999786376953,81.66000366210938,0.0
1346112000,81.66000366210938,81.81999969482422,81.26000213623047,81.37000274658203,0.0
1346198400,81.36000061035156,81.81999969482422,81.26000213623047,81.55000305175781,0.0
1346284800,81.55999755859375,81.75,81.4000015258789,81.68000030517578,0.0
1346371200,81.68000030517578,81.72000122070312,80.95999908447266,81.25,0.0
1346716800,81.23999786376953,81.37999725341797,81.05000305175781,81.31999969482422,0.0
1346803200,81.38999938964844,81.66999816894531,81.05000305175781,81.23999786376953,0.0
1346889600,81.25,81.44999694824219,81.0199966430664,81.08000183105469,0.0
1346976000,81.13999938964844,81.44999694824219,80.1500015258789,80.25,0.0
1347235200,80.16999816894531,80.43000030517578,80.16999816894531,80.36000061035156,0.0
1347321600,80.37999725341797,80.43000030517578,79.79000091552734,79.86000061035156,0.0
1347408000,79.87999725341797,80.38999938964844,79.5199966430664,79.73999786376953,0.0
1347494400,79.70999908447266,80.0199966430664,79.18000030517578,79.26000213623047,0.0
1347580800,79.23999786376953,79.83000183105469,78.5999984741211,78.8499984741211,0.0
1347840000,78.87000274658203,79.05999755859375,78.72000122070312,79.01000213623047,0.0
1347926400,78.97000122070312,79.27999877929688,78.72000122070312,79.25,0.0
1348012800,79.19000244140625,79.4000015258789,78.91999816894531,79.05999755859375,0.0
1348099200,79.0999984741211,79.66000366210938,79.0,79.41000366210938,0.0
1348185600,79.38999938964844,79.66000366210938,79.05000305175781,79.33000183105469,0.0
1348444800,79.4000015258789,79.7699966430664,79.05000305175781,79.5199966430664,0.0
1348531200,79.52999877929688,79.7699966430664,79.33000183105469,79.55000305175781,0.0
1348617600,79.69000244140625,80.01000213623047,79.33000183105469,79.88999938964844,0.0
1348704000,79.81999969482422,80.01000213623047,79.48999786376953,79.55000305175781,0.0
1348790400,79.55999755859375,80.0,79.36000061035156,79.94000244140625,0.0
1349049600,80.0,80.1500015258789,79.36000061035156,79.81999969482422,0.0
1349136000,79.80999755859375,80.1500015258789,79.4800033569336,79.73999786376953,0.0
1349222400,79.80000305175781,80.0,79.4800033569336,79.97000122070312,0.0
1349308800,79.86000061035156,80.0,79.2699966430664,79.3499984741211,0.0
1349395200,79.37999725341797,79.91000366210938,79.0999984741211,79.33999633789062,0.0
1349654400,79.38999938964844,79.70999908447266,79.31999969482422,79.54000091552734,0.0
1349740800,79.5999984741211,80.06999969482422,79.4000015258789,79.94999694824219,0.0
1349827200,80.05000305175781,80.19000244140625,79.5,79.91999816894531,0.0
1349913600,80.05999755859375,80.20999908447266,79.69999694824219,79.77999877929688,0.0
1350000000,79.80000305175781,79.83000183105469,79.51000213623047,79.69000244140625,0.0
1350259200,79.70999908447266,79.97000122070312,79.51000213623047,79.73999786376953,0.0
1350345600,79.72000122070312,79.76000213623047,79.30999755859375,79.37000274658203,0.0
1350432000,79.16999816894531,79.76000213623047,78.94000244140625,79.0199966430664,0.0
1350518400,79.0999984741211,79.41000366210938,78.94000244140625,79.37000274658203,0.0
1350604800,79.33000183105469,79.66000366210938,79.31999969482422,79.63999938964844,0.0
1350864000,79.62000274658203,79.68000030517578,79.47000122070312,79.6500015258789,0.0
1350950400,79.54000091552734,80.05999755859375,79.47000122070312,79.9800033569336,0.0
1351036800,79.94000244140625,80.1500015258789,79.81999969482422,79.97000122070312,0.0
1351123200,79.95999908447266,80.1500015258789,79.69999694824219,80.04000091552734,0.0
1351209600,80.11000061035156,80.2699966430664,79.69999694824219,80.06999969482422,0.0
1351641600,79.91999816894531,80.27999877929688,79.66999816894531,79.91999816894531,0.0
1351728000,79.94000244140625,80.11000061035156,79.66999816894531,80.05000305175781,0.0
1351814400,80.0199966430664,80.61000061035156,79.86000061035156,80.58999633789062,0.0
1352073600,80.62999725341797,80.83999633789062,80.5,80.75,0.0
1352160000,80.70999908447266,80.83999633789062,80.5,80.61000061035156,0.0
1352246400,80.63999938964844,80.91999816894531,80.27999877929688,80.76000213623047,0.0
1352332800,80.86000061035156,81.0,80.27999877929688,80.79000091552734,0.0
1352419200,80.8499984741211,81.08999633789062,80.61000061035156,81.02999877929688,0.0
1352678400,81.0,81.0999984741211,80.91000366210938,81.04000091552734,0.0
1352764800,81.11000061035156,81.23999786376953,80.91000366210938,81.08000183105469,0.0
1352851200,81.05000305175781,81.23999786376953,80.9000015258789,81.05999755859375,0.0
1352937600,81.1500015258789,81.20999908447266,80.9000015258789,81.08000183105469,0.0
1353024000,81.02999877929688,81.45999908447266,80.93000030517578,81.26000213623047,0.0
1353283200,81.16000366210938,81.19999694824219,80.79000091552734,80.87000274658203,0.0
1353369600,81.0,81.19999694824219,80.79000091552734,80.95999908447266,0.0
1353456000,80.91000366210938,81.2699966430664,80.79000091552734,80.93000030517578,0.0
1353628800,80.7300033569336,80.88999938964844,80.12999725341797,80.19000244140625,0.0
1353888000,80.26000213623047,80.30999755859375,80.02999877929688,80.25,0.0
1353974400,80.0999984741211,80.47000122070312,80.0199966430664,80.4000015258789,0.0
1354060800,80.37999725341797,80.58999633789062,80.0199966430664,80.33999633789062,0.0
1354147200,80.31999969482422,80.58999633789062,80.0199966430664,80.19999694824219,0.0
1354233600,80.20999908447266,80.3499984741211,80.0199966430664,80.1500015258789,0.0
1354492800,80.18000030517578,80.2699966430664,79.80000305175781,79.87999725341797,0.0
1354579200,79.88999938964844,80.19000244140625,79.61000061035156,79.63999938964844,0.0
1354665600,79.58999633789062,79.91999816894531,79.56999969482422,79.7699966430664,0.0
1354752000,79.80000305175781,80.31999969482422,79.56999969482422,80.26000213623047,0.0
1354838400,80.2699966430664,80.66000366210938,79.7300033569336,80.41999816894531,0.0
1355097600,80.48999786376953,80.66000366210938,80.2300033569336,80.33000183105469,0.0
1355184000,80.30000305175781,80.56999969482422,80.0,80.05999755859375,0.0
1355270400,80.05000305175781,80.12999725341797,79.70999908447266,79.88999938964844,0.0
1355356800,79.87000274658203,80.12999725341797,79.70999908447266,79.93000030517578,0.0
1355443200,79.94999694824219,79.9800033569336,79.5,79.5999984741211,0.0
1355702400,79.62999725341797,79.69999694824219,79.47000122070312,79.56999969482422,0.0
1355788800,79.56999969482422,79.69999694824219,79.26000213623047,79.36000061035156,0.0
1355875200,79.3499984741211,79.37999725341797,79.01000213623047,79.25,0.0
1355961600,79.36000061035156,79.45999908447266,79.01000213623047,79.26000213623047,0.0
1356048000,79.33000183105469,79.6500015258789,79.30000305175781,79.62000274658203,0.0
1356307200,79.62000274658203,79.70999908447266,79.37000274658203,79.63999938964844,0.0
1356480000,79.68000030517578,79.77999877929688,79.37000274658203,79.62000274658203,0.0
1356566400,79.55999755859375,79.79000091552734,79.36000061035156,79.62000274658203,0.0
1356652800,79.66000366210938,79.93000030517578,79.58999633789062,79.68000030517578,0.0
1356912000,79.62000274658203,79.93000030517578,79.58000183105469,79.7699966430664,0.0
1357084800,79.75,79.93000030517578,79.27999877929688,79.8499984741211,0.0
1357171200,79.80999755859375,80.45999908447266,79.80000305175781,80.43000030517578,0.0
1357257600,80.55000305175781,80.87000274658203,79.80000305175781,80.5,0.0
1357516800,80.51000213623047,80.87000274658203,80.12000274658203,80.26000213623047,0.0
1357603200,80.1500015258789,80.68000030517578,80.11000061035156,80.3499984741211,0.0
1357689600,80.30000305175781,80.63999938964844,80.11000061035156,80.55999755859375,0.0
1357776000,80.58999633789062,80.66999816894531,79.66999816894531,79.73999786376953,0.0
1357862400,79.79000091552734,80.66999816894531,79.44000244140625,79.55999755859375,0.0
1358121600,79.52999877929688,79.6500015258789,79.3499984741211,79.48999786376953,0.0
1358208000,79.5,79.87000274658203,79.3499984741211,79.77999877929688,0.0
1358294400,79.69000244140625,79.9000015258789,79.38999938964844,79.80000305175781,0.0
1358380800,79.83000183105469,79.9000015258789,79.56999969482422,79.6500015258789,0.0
1358467200,79.68000030517578,80.19000244140625,79.6500015258789,80.05000305175781,0.0
1358812800,80.05999755859375,80.08999633789062,79.69000244140625,79.87000274658203,0.0
1358899200,79.87999725341797,80.12999725341797,79.69000244140625,79.91999816894531,0.0
1358985600,79.9800033569336,80.1500015258789,79.69999694824219,79.94999694824219,0.0
1359072000,80.01000213623047,80.1500015258789,79.68000030517578,79.75,0.0
1359331200,79.79000091552734,79.93000030517578,79.72000122070312,79.77999877929688,0.0
1359417600,79.77999877929688,79.93000030517578,79.5199966430664,79.55999755859375,0.0
1359504000,79.58000183105469,79.86000061035156,79.18000030517578,79.27999877929688,0.0
1359590400,79.25,79.37000274658203,79.12999725341797,79.20999908447266,0.0
1359676800,79.0999984741211,79.37000274658203,78.91999816894531,79.12999725341797,0.0
1359936000,79.19000244140625,79.61000061035156,78.91999816894531,79.55000305175781,0.0
1360022400,79.58000183105469,79.79000091552734,79.18000030517578,79.48999786376953,0.0
1360108800,79.54000091552734,79.86000061035156,79.44999694824219,79.72000122070312,0.0
1360195200,79.75,80.27999877929688,79.48999786376953,80.19000244140625,0.0
1360281600,80.25,80.27999877929688,79.54000091552734,80.25,0.0
1360540800,80.20999908447266,80.4000015258789,80.11000061035156,80.30999755859375,0.0
1360627200,80.36000061035156,80.51000213623047,79.91999816894531,80.11000061035156,0.0
1360713600,80.05000305175781,80.51000213623047,79.83999633789062,80.08999633789062,0.0
1360800000,79.83999633789062,80.62000274658203,79.83999633789062,80.45999908447266,0.0
1360886400,80.43000030517578,80.62000274658203,80.05000305175781,80.58000183105469,0.0
1361232000,80.63999938964844,80.7300033569336,80.43000030517578,80.47000122070312,0.0
1361318400,80.41999816894531,81.12000274658203,80.2699966430664,81.08999633789062,0.0
1361404800,81.08000183105469,81.51000213623047,80.2699966430664,81.45999908447266,0.0
1361491200,81.37000274658203,81.58999633789062,81.02999877929688,81.4800033569336,0.0
1361750400,81.62000274658203,81.91999816894531,81.06999969482422,81.66999816894531,0.0
1361836800,81.83000183105469,81.94999694824219,81.06999969482422,81.87000274658203,0.0
1361923200,81.86000061035156,81.94999694824219,81.5,81.5999984741211,0.0
1362009600,81.51000213623047,81.98999786376953,81.47000122070312,81.9800033569336,0.0
1362096000,81.91999816894531,82.51000213623047,81.47000122070312,82.30999755859375,0.0
1362355200,82.30000305175781,82.47000122070312,82.16000366210938,82.22000122070312,0.0
1362441600,82.12999725341797,82.47000122070312,81.9000015258789,82.08999633789062,0.0
1362528000,82.02999877929688,82.5999984741211,81.9000015258789,82.45999908447266,0.0
1362614400,82.55999755859375,82.5999984741211,81.93000030517578,82.08000183105469,0.0
1362700800,82.0999984741211,82.91999816894531,81.95999908447266,82.69999694824219,0.0
1362960000,82.80999755859375,82.86000061035156,82.5199966430664,82.56999969482422,0.0
1363046400,82.66000366210938,82.83000183105469,82.41000366210938,82.58000183105469,0.0
1363132800,82.5999984741211,83.05999755859375,82.33000183105469,82.88999938964844,0.0
1363219200,82.9000015258789,83.16999816894531,82.33000183105469,82.61000061035156,0.0
1363305600,82.55000305175781,83.16999816894531,82.05000305175781,82.26000213623047,0.0
1363564800,82.79000091552734,82.87999725341797,82.44000244140625,82.69000244140625,0.0
1363651200,82.72000122070312,83.0999984741211,82.44000244140625,82.98999786376953,0.0
1363737600,83.04000091552734,83.0999984741211,82.56999969482422,82.77999877929688,0.0
1363824000,82.87999725341797,83.0199966430664,82.68000030517578,82.80000305175781,0.0
1363910400,82.80999755859375,83.0199966430664,82.29000091552734,82.52999877929688,0.0
1364169600,82.44999694824219,82.94999694824219,82.1500015258789,82.87000274658203,0.0
1364256000,82.88999938964844,82.9800033569336,82.1500015258789,82.87999725341797,0.0
1364342400,82.87000274658203,83.30000305175781,82.83999633789062,83.20999908447266,0.0
1364428800,83.19999694824219,83.30000305175781,82.83000183105469,82.98999786376953,0.0
1364774400,83.04000091552734,83.18000030517578,82.6500015258789,82.7300033569336,0.0
1364860800,82.72000122070312,82.94999694824219,82.48999786376953,82.94000244140625,0.0
1364947200,82.48999786376953,83.06999969482422,82.48999786376953,82.72000122070312,0.0
1365033600,82.62000274658203,83.48999786376953,82.62000274658203,82.68000030517578,0.0
1365120000,82.2699966430664,83.48999786376953,82.2699966430664,82.5,0.0
1365379200,82.48999786376953,82.83000183105469,82.48999786376953,82.75,0.0
1365465600,82.27999877929688,82.83000183105469,82.27999877929688,82.30999755859375,0.0
1365552000,82.2300033569336,82.69999694824219,82.2300033569336,82.52999877929688,0.0
1365638400,82.06999969482422,82.58000183105469,82.06999969482422,82.25,0.0
1365724800,82.05000305175781,82.58000183105469,82.05000305175781,82.30999755859375,0.0
1365984000,81.95999908447266,82.44000244140625,81.95999908447266,82.41999816894531,0.0
1366070400,81.72000122070312,82.5199966430664,81.72000122070312,81.75,0.0
1366156800,81.81999969482422,82.69999694824219,81.81999969482422,82.66000366210938,0.0
1366243200,82.63999938964844,82.66000366210938,82.3499984741211,82.55000305175781,0.0
1366329600,82.30999755859375,82.77999877929688,82.30999755859375,82.70999908447266,0.0
1366588800,82.30999755859375,82.91000366210938,82.30999755859375,82.68000030517578,0.0
1366675200,82.63999938964844,83.05999755859375,82.5199966430664,83.02999877929688,0.0
1366761600,83.01000213623047,83.19000244140625,82.8499984741211,82.93000030517578,0.0
1366848000,82.4000015258789,83.19000244140625,82.4000015258789,82.73999786376953,0.0
1366934400,82.80999755859375,82.83999633789062,82.38999938964844,82.4800033569336,0.0
1367193600,82.04000091552734,82.48999786376953,82.04000091552734,82.1500015258789,0.0
1367280000,82.16000366210938,82.2699966430664,81.5999984741211,81.7300033569336,0.0
1367366400,81.70999908447266,81.73999786376953,81.33000183105469,81.63999938964844,0.0
1367452800,81.62000274658203,82.3499984741211,81.51000213623047,82.20999908447266,0.0
1367539200,82.22000122070312,82.5199966430664,81.91000366210938,82.0999984741211,0.0
1367798400,81.9800033569336,82.41000366210938,81.9800033569336,82.31999969482422,0.0
1367884800,82.31999969482422,82.3499984741211,82.06999969482422,82.30000305175781,0.0
1367971200,81.72000122070312,82.3499984741211,81.72000122070312,81.9000015258789,0.0
1368057600,81.72000122070312,82.81999969482422,81.72000122070312,82.79000091552734,0.0
1368144000,81.77999877929688,83.44000244140625,81.77999877929688,83.13999938964844,0.0
1368403200,83.23999786376953,83.36000061035156,83.06999969482422,83.26000213623047,0.0
1368489600,83.19999694824219,83.5999984741211,82.95999908447266,83.56999969482422,0.0
1368576000,82.95999908447266,84.08999633789062,82.95999908447266,83.83000183105469,0.0
1368662400,83.80000305175781,84.0,83.44999694824219,83.7699966430664,0.0
1368748800,83.7300033569336,84.37000274658203,83.72000122070312,84.27999877929688,0.0
1369008000,84.20999908447266,84.26000213623047,83.69999694824219,83.80999755859375,0.0
1369094400,83.6500015258789,84.26000213623047,83.6500015258789,83.86000061035156,0.0
1369180800,83.79000091552734,84.41999816894531,83.45999908447266,84.25,0.0
1369267200,83.80000305175781,83.80000305175781,83.80000305175781,83.80000305175781,0.0
1369353600,83.43000030517578,84.5,83.43000030517578,83.69999694824219,0.0
1369699200,83.66999816894531,84.23999786376953,83.63999938964844,84.13999938964844,0.0
1369785600,84.30000305175781,84.37000274658203,83.4800033569336,83.63999938964844,0.0
1369872000,83.63999938964844,83.70999908447266,82.9800033569336,83.01000213623047,0.0
1369958400,82.95999908447266,83.70999908447266,82.95999908447266,83.37999725341797,0.0
1370217600,83.30999755859375,83.37999725341797,82.43000030517578,82.68000030517578,0.0
1370304000,82.70999908447266,82.9800033569336,82.5999984741211,82.7699966430664,0.0
1370390400,82.80000305175781,82.88999938964844,82.48999786376953,82.56999969482422,0.0
1370476800,82.52999877929688,82.68000030517578,81.08000183105469,81.5199966430664,0.0
1370563200,81.55999755859375,81.8499984741211,81.08999633789062,81.69000244140625,0.0
1370822400,81.5999984741211,82.08999633789062,81.5999984741211,81.6500015258789,0.0
1370908800,81.69000244140625,81.75,81.04000091552734,81.05999755859375,0.0
1370995200,81.08999633789062,81.30999755859375,80.75,80.95999908447266,0.0
1371081600,80.9000015258789,80.98999786376953,80.5,80.62000274658203,0.0
1371168000,80.5,81.01000213623047,80.5,80.66999816894531,0.0
1371427200,80.62000274658203,80.87999725341797,80.54000091552734,80.56999969482422,0.0
1371513600,80.62999725341797,80.98999786376953,80.55999755859375,80.62000274658203,0.0
1371600000,80.5,81.5,80.5,81.43000030517578,0.0
1371686400,81.41000366210938,82.1500015258789,81.2699966430664,81.83999633789062,0.0
1371772800,81.2699966430664,82.5199966430664,81.2699966430664,82.31999969482422,0.0
1372032000,82.30999755859375,82.83999633789062,82.30999755859375,82.43000030517578,0.0
1372118400,82.23999786376953,82.83999633789062,82.23999786376953,82.58000183105469,0.0
1372204800,82.69000244140625,83.02999877929688,82.51000213623047,82.94999694824219,0.0
1372291200,82.93000030517578,83.16999816894531,82.7699966430664,82.91000366210938,0.0
1372377600,83.0,83.33999633789062,82.76000213623047,83.16999816894531,0.0
1372636800,83.19999694824219,83.2300033569336,82.97000122070312,82.9800033569336,0.0
1372723200,82.97000122070312,83.61000061035156,82.97000122070312,83.54000091552734,0.0
1372809600,82.97000122070312,83.72000122070312,82.97000122070312,83.2300033569336,0.0
1372982400,83.86000061035156,84.52999877929688,83.83000183105469,84.41999816894531,0.0
1373241600,84.48999786376953,84.58999633789062,84.1500015258789,84.19999694824219,0.0
1373328000,84.08999633789062,84.75,84.08999633789062,84.58000183105469,0.0
1373414400,83.16999816894531,84.75,83.16999816894531,84.04000091552734,0.0
1373500800,82.27999877929688,84.7300033569336,82.27999877929688,82.75,0.0
1373587200,82.41999816894531,83.25,82.41999816894531,82.98999786376953,0.0
1373846400,82.87000274658203,83.45999908447266,82.87000274658203,83.04000091552734,0.0
1373932800,83.12999725341797,83.1500015258789,82.4000015258789,82.43000030517578,0.0
1374019200,82.33999633789062,83.11000061035156,82.33999633789062,82.70999908447266,0.0
1374105600,82.33999633789062,83.02999877929688,82.33999633789062,82.81999969482422,0.0
1374192000,82.80000305175781,82.94000244140625,82.5199966430664,82.58000183105469,0.0
1374451200,82.61000061035156,82.61000061035156,82.05000305175781,82.22000122070312,0.0
1374537600,82.18000030517578,82.37999725341797,81.93000030517578,82.01000213623047,0.0
1374624000,82.0199966430664,82.41000366210938,81.94000244140625,82.30000305175781,0.0
1374710400,81.62000274658203,82.41000366210938,81.62000274658203,81.97000122070312,0.0
1374796800,81.7699966430664,81.83000183105469,81.55000305175781,81.62000274658203,0.0
1375056000,81.5,81.83000183105469,81.5,81.66000366210938,0.0
1375142400,81.70999908447266,81.9800033569336,81.58000183105469,81.83000183105469,0.0
1375228800,81.41000366210938,82.19000244140625,81.41000366210938,81.44999694824219,0.0
1375315200,81.41000366210938,82.41000366210938,81.41000366210938,82.33999633789062,0.0
1375401600,81.61000061035156,82.48999786376953,81.61000061035156,81.91000366210938,0.0
1375660800,81.75,82.48999786376953,81.75,81.87999725341797,0.0
1375747200,81.51000213623047,82.08999633789062,81.51000213623047,81.5999984741211,0.0
1375833600,81.2300033569336,81.95999908447266,81.2300033569336,81.29000091552734,0.0
1375920000,81.26000213623047,81.36000061035156,80.87000274658203,81.01000213623047,0.0
1376006400,80.87000274658203,81.36000061035156,80.87000274658203,81.12999725341797,0.0
1376265600,81.06999969482422,81.51000213623047,81.06999969482422,81.33000183105469,0.0
1376352000,81.51000213623047,81.87999725341797,81.4000015258789,81.7300033569336,0.0
1376438400,81.7699966430664,81.8499984741211,81.61000061035156,81.69999694824219,0.0
1376524800,81.69000244140625,81.94000244140625,81.11000061035156,81.12999725341797,0.0
1376611200,81.05000305175781,81.94000244140625,81.05000305175781,81.26000213623047,0.0
1376870400,81.13999938964844,81.38999938964844,81.13999938964844,81.2300033569336,0.0
1376956800,80.75,81.38999938964844,80.75,80.91000366210938,0.0
1377043200,80.94999694824219,81.41000366210938,80.9000015258789,81.31999969482422,0.0
1377129600,81.37999725341797,81.72000122070312,81.37999725341797,81.48999786376953,0.0
1377216000,81.41999816894531,81.66000366210938,81.22000122070312,81.33999633789062,0.0
1377475200,81.33999633789062,81.51000213623047,81.2699966430664,81.37000274658203,0.0
1377561600,81.11000061035156,81.56999969482422,81.11000061035156,81.16999816894531,0.0
1377648000,81.12999725341797,81.5999984741211,81.11000061035156,81.41999816894531,0.0
1377734400,81.11000061035156,82.06999969482422,81.11000061035156,81.94999694824219,0.0
1377820800,81.37999725341797,82.26000213623047,81.37999725341797,82.08999633789062,0.0
1378166400,82.0199966430664,82.5199966430664,82.0199966430664,82.36000061035156,0.0
1378252800,82.08000183105469,82.5199966430664,82.08000183105469,82.16999816894531,0.0
1378339200,82.19999694824219,82.66999816894531,82.0999984741211,82.62999725341797,0.0
1378425600,82.62999725341797,82.62999725341797,82.04000091552734,82.1500015258789,0.0
1378684800,81.69999694824219,82.62999725341797,81.69999694824219,81.79000091552734,0.0
1378771200,81.69999694824219,82.30999755859375,81.69999694824219,81.81999969482422,0.0
1378857600,81.44999694824219,81.9800033569336,81.44999694824219,81.5199966430664,0.0
1378944000,81.36000061035156,81.94000244140625,81.36000061035156,81.48999786376953,0.0
1379030400,81.36000061035156,81.73999786376953,81.36000061035156,81.44999694824219,0.0
1379289600,81.2300033569336,81.30999755859375,80.97000122070312,81.25,0.0
1379376000,81.27999877929688,81.3499984741211,81.11000061035156,81.16999816894531,0.0
1379462400,80.05999755859375,81.3499984741211,80.05999755859375,80.23999786376953,0.0
1379548800,80.23999786376953,80.44999694824219,80.06999969482422,80.36000061035156,0.0
1379635200,80.36000061035156,80.58000183105469,80.30000305175781,80.44000244140625,0.0
1379894400,80.29000091552734,80.52999877929688,80.29000091552734,80.44999694824219,0.0
1379980800,80.29000091552734,80.62000274658203,80.29000091552734,80.55999755859375,0.0
1380067200,80.29000091552734,80.62999725341797,80.29000091552734,80.33000183105469,0.0
1380153600,80.29000091552734,80.6500015258789,80.29000091552734,80.5199966430664,0.0
1380240000,80.54000091552734,80.58999633789062,80.11000061035156,80.2699966430664,0.0
1380499200,80.02999877929688,80.43000030517578,80.02999877929688,80.22000122070312,0.0
1380585600,80.2699966430664,80.31999969482422,79.86000061035156,80.0999984741211,0.0
1380672000,80.20999908447266,80.27999877929688,79.77999877929688,79.87999725341797,0.0
1380758400,79.9000015258789,79.91999816894531,79.62999725341797,79.7699966430664,0.0
1380844800,79.62999725341797,80.19000244140625,79.62999725341797,80.12000274658203,0.0
1381104000,79.68000030517578,80.19000244140625,79.68000030517578,79.94000244140625,0.0
1381190400,79.83999633789062,80.13999938964844,79.83999633789062,80.05999755859375,0.0
1381276800,79.91000366210938,80.56999969482422,79.87999725341797,80.37000274658203,0.0
1381363200,79.87999725341797,80.5999984741211,79.87999725341797,80.41999816894531,0.0
1381449600,80.23999786376953,80.5999984741211,80.23999786376953,80.36000061035156,0.0
1381708800,80.12999725341797,80.43000030517578,80.12999725341797,80.26000213623047,0.0
1381795200,80.12999725341797,80.69999694824219,80.12999725341797,80.4800033569336,0.0
1381881600,80.44000244140625,80.75,80.27999877929688,80.5,0.0
1381968000,80.5199966430664,80.55999755859375,79.61000061035156,79.6500015258789,0.0
1382054400,79.69000244140625,79.76000213623047,79.4800033569336,79.63999938964844,0.0
1382313600,79.62000274658203,79.81999969482422,79.62000274658203,79.68000030517578,0.0
1382400000,79.73999786376953,79.79000091552734,79.18000030517578,79.23999786376953,0.0
1382486400,79.26000213623047,79.38999938964844,79.13999938964844,79.26000213623047,0.0
1382572800,79.27999877929688,79.31999969482422,79.08000183105469,79.19000244140625,0.0
1382659200,79.19999694824219,79.31999969482422,79.0,79.18000030517578,0.0
1382918400,79.1500015258789,79.37999725341797,79.1500015258789,79.25,0.0
1383004800,79.31999969482422,79.66999816894531,79.29000091552734,79.62999725341797,0.0
1383091200,79.61000061035156,79.91000366210938,79.44999694824219,79.75,0.0
1383177600,79.44999694824219,80.2699966430664,79.44999694824219,80.19999694824219,0.0
1383264000,80.2300033569336,80.79000091552734,80.2300033569336,80.7300033569336,0.0
1383523200,80.69000244140625,80.93000030517578,80.52999877929688,80.55000305175781,0.0
1383609600,80.5,80.93000030517578,80.5,80.70999908447266,0.0
1383696000,80.37999725341797,80.80999755859375,80.37999725341797,80.4800033569336,0.0
1383782400,80.5199966430664,81.45999908447266,80.44000244140625,80.81999969482422,0.0
1383868800,80.88999938964844,81.4800033569336,80.77999877929688,81.20999908447266,0.0
1384128000,81.29000091552734,81.33999633789062,81.06999969482422,81.08999633789062,0.0
1384214400,81.0199966430664,81.45999908447266,81.0199966430664,81.19000244140625,0.0
1384300800,80.7300033569336,81.45999908447266,80.7300033569336,80.93000030517578,0.0
1384387200,80.80999755859375,81.20999908447266,80.73999786376953,80.9800033569336,0.0
1384473600,81.02999877929688,81.1500015258789,80.77999877929688,80.83999633789062,0.0
1384732800,80.56999969482422,80.91999816894531,80.56999969482422,80.83000183105469,0.0
1384819200,80.48999786376953,80.91999816894531,80.48999786376953,80.69999694824219,0.0
1384905600,80.48999786376953,81.12999725341797,80.48999786376953,81.11000061035156,0.0
1384992000,81.05999755859375,81.29000091552734,80.94999694824219,81.05000305175781,0.0
1385078400,81.0199966430664,81.08999633789062,80.69000244140625,80.70999908447266,0.0
1385337600,80.69000244140625,81.0199966430664,80.68000030517578,80.91999816894531,0.0
1385424000,80.80000305175781,80.9000015258789,80.5999984741211,80.61000061035156,0.0
1385510400,80.63999938964844,80.79000091552734,80.4800033569336,80.73999786376953,0.0
1385683200,80.58999633789062,80.68000030517578,80.48999786376953,80.68000030517578,0.0
1385942400,80.66000366210938,80.95999908447266,80.5,80.91000366210938,0.0
1386028800,80.88999938964844,80.98999786376953,80.5,80.62000274658203,0.0
1386115200,80.62999725341797,80.91000366210938,80.54000091552734,80.62999725341797,0.0
1386201600,80.63999938964844,80.83000183105469,80.2300033569336,80.2699966430664,0.0
1386288000,80.30000305175781,80.61000061035156,80.22000122070312,80.2699966430664,0.0
1386547200,80.25,80.33000183105469,80.12000274658203,80.12999725341797,0.0
1386633600,80.12999725341797,80.18000030517578,79.83999633789062,79.97000122070312,0.0
1386720000,79.9800033569336,80.05999755859375,79.76000213623047,79.88999938964844,0.0
1386806400,79.9000015258789,80.25,79.8499984741211,80.19999694824219,0.0
1386892800,80.2300033569336,80.41999816894531,80.16000366210938,80.20999908447266,0.0
1387152000,80.19000244140625,80.22000122070312,79.91999816894531,80.06999969482422,0.0
1387238400,80.0999984741211,80.27999877929688,79.9800033569336,80.05999755859375,0.0
1387324800,80.05000305175781,80.56999969482422,79.80999755859375,80.11000061035156,0.0
1387411200,80.5199966430664,80.66999816894531,80.47000122070312,80.62999725341797,0.0
1387497600,80.70999908447266,80.83000183105469,80.38999938964844,80.58000183105469,0.0
1387756800,80.55000305175781,80.55000305175781,80.31999969482422,80.44999694824219,0.0
1387843200,80.44000244140625,80.62000274658203,80.43000030517578,80.52999877929688,0.0
1388016000,80.61000061035156,80.62000274658203,80.44999694824219,80.4800033569336,0.0
1388102400,80.51000213623047,80.5199966430664,79.69000244140625,80.38999938964844,0.0
1388361600,80.33999633789062,80.43000030517578,79.93000030517578,80.0,0.0
1388448000,80.01000213623047,80.22000122070312,79.97000122070312,80.04000091552734,0.0
1388620800,80.13999938964844,80.70999908447266,80.08000183105469,80.62999725341797,0.0
1388707200,80.55999755859375,80.9000015258789,80.48999786376953,80.79000091552734,0.0
1388966400,80.87000274658203,80.91000366210938,80.54000091552734,80.6500015258789,0.0
1389052800,80.68000030517578,80.94999694824219,80.5999984741211,80.83000183105469,0.0
1389139200,80.91000366210938,81.16999816894531,80.83000183105469,81.04000091552734,0.0
1389225600,81.06999969482422,81.19000244140625,80.8499984741211,81.01000213623047,0.0
1389312000,80.94999694824219,81.13999938964844,80.52999877929688,80.66000366210938,0.0
1389571200,80.58000183105469,80.75,80.47000122070312,80.51000213623047,0.0
1389657600,80.58999633789062,80.69999694824219,80.44000244140625,80.61000061035156,0.0
1389744000,80.66000366210938,81.12999725341797,80.6500015258789,81.0,0.0
1389830400,81.05000305175781,81.12000274658203,80.7699966430664,80.9000015258789,0.0
1389916800,80.93000030517578,81.30000305175781,80.91000366210938,81.26000213623047,0.0
1390262400,81.18000030517578,81.38999938964844,81.04000091552734,81.0999984741211,0.0
1390348800,81.0999984741211,81.20999908447266,80.95999908447266,81.16999816894531,0.0
1390435200,81.25,81.30999755859375,80.41000366210938,80.44000244140625,0.0
1390521600,80.4800033569336,80.55999755859375,80.1500015258789,80.45999908447266,0.0
1390780800,80.45999908447266,80.55999755859375,80.30000305175781,80.5,0.0
1390867200,80.48999786376953,80.76000213623047,80.38999938964844,80.56999969482422,0.0
1390953600,80.6500015258789,80.81999969482422,80.44000244140625,80.51000213623047,0.0
1391040000,80.56999969482422,81.13999938964844,80.55000305175781,81.08999633789062,0.0
1391126400,81.04000091552734,81.31999969482422,80.98999786376953,81.2699966430664,0.0
1391385600,81.25,81.31999969482422,80.98999786376953,81.01000213623047,0.0
1391472000,81.08000183105469,81.22000122070312,80.98999786376953,81.12000274658203,0.0
1391558400,81.12000274658203,81.23999786376953,80.9000015258789,81.02999877929688,0.0
1391644800,81.05000305175781,81.2300033569336,80.7300033569336,80.88999938964844,0.0
1391731200,80.88999938964844,81.01000213623047,80.5999984741211,80.69000244140625,0.0
1391990400,80.7699966430664,80.7699966430664,80.58999633789062,80.66999816894531,0.0
1392076800,80.62999725341797,80.66999816894531,80.44999694824219,80.62999725341797,0.0
1392163200,80.62999725341797,80.83000183105469,80.48999786376953,80.68000030517578,0.0
1392249600,80.69999694824219,80.70999908447266,80.19000244140625,80.29000091552734,0.0
1392336000,80.31999969482422,80.33000183105469,80.06999969482422,80.12999725341797,0.0
1392681600,80.16999816894531,80.2300033569336,79.95999908447266,80.01000213623047,0.0
1392768000,79.97000122070312,80.23999786376953,79.93000030517578,80.16999816894531,0.0
1392854400,80.22000122070312,80.41999816894531,80.02999877929688,80.29000091552734,0.0
1392940800,80.30000305175781,80.41000366210938,80.18000030517578,80.23999786376953,0.0
1393200000,80.27999877929688,80.37000274658203,80.11000061035156,80.20999908447266,0.0
1393286400,80.22000122070312,80.26000213623047,80.0199966430664,80.1500015258789,0.0
1393372800,80.1500015258789,80.5199966430664,80.08999633789062,80.41000366210938,0.0
1393459200,80.41999816894531,80.58000183105469,80.2300033569336,80.29000091552734,0.0
1393545600,80.27999877929688,80.30999755859375,79.69000244140625,79.77999877929688,0.0
1393804800,79.9000015258789,80.0999984741211,79.7699966430664,80.06999969482422,0.0
1393891200,80.06999969482422,80.20999908447266,79.91999816894531,80.16000366210938,0.0
1393977600,80.13999938964844,80.2699966430664,80.05000305175781,80.11000061035156,0.0
1394064000,80.12000274658203,80.19999694824219,79.58999633789062,79.68000030517578,0.0
1394150400,79.66000366210938,79.8499984741211,79.43000030517578,79.72000122070312,0.0
1394409600,79.69000244140625,79.83000183105469,79.62999725341797,79.75,0.0
1394496000,79.76000213623047,79.93000030517578,79.70999908447266,79.7699966430664,0.0
1394582400,79.80000305175781,79.86000061035156,79.55000305175781,79.61000061035156,0.0
1394668800,79.58999633789062,79.69000244140625,79.2699966430664,79.62000274658203,0.0
1394755200,79.61000061035156,79.69999694824219,79.30999755859375,79.44000244140625,0.0
1395014400,79.4000015258789,79.55999755859375,79.27999877929688,79.38999938964844,0.0
1395100800,79.37999725341797,79.54000091552734,79.30999755859375,79.41000366210938,0.0
1395187200,79.37999725341797,80.11000061035156,79.36000061035156,79.98999786376953,0.0
1395273600,80.01000213623047,80.3499984741211,79.91999816894531,80.20999908447266,0.0
1395360000,80.19000244140625,80.2300033569336,80.02999877929688,80.11000061035156,0.0
1395619200,80.12000274658203,80.29000091552734,79.75,79.93000030517578,0.0
1395705600,79.93000030517578,80.2699966430664,79.86000061035156,79.94000244140625,0.0
1395792000,79.94000244140625,80.13999938964844,79.91999816894531,79.9800033569336,0.0
1395878400,80.02999877929688,80.19999694824219,79.94999694824219,80.11000061035156,0.0
1395964800,80.1500015258789,80.25,80.05999755859375,80.18000030517578,0.0
1396224000,80.19000244140625,80.30000305175781,79.95999908447266,80.0999984741211,0.0
1396310400,80.0999984741211,80.12999725341797,79.97000122070312,80.08000183105469,0.0
1396396800,80.06999969482422,80.27999877929688,80.0,80.22000122070312,0.0
1396483200,80.2300033569336,80.52999877929688,80.12000274658203,80.47000122070312,0.0
1396569600,80.44999694824219,80.5999984741211,80.33999633789062,80.41999816894531,0.0
1396828800,80.44000244140625,80.44999694824219,80.19000244140625,80.22000122070312,0.0
1396915200,80.22000122070312,80.2300033569336,79.70999908447266,79.75,0.0
1397001600,79.80000305175781,79.87999725341797,79.47000122070312,79.4800033569336,0.0
1397088000,79.5199966430664,79.56999969482422,79.33000183105469,79.37999725341797,0.0
1397174400,79.41000366210938,79.56999969482422,79.36000061035156,79.44999694824219,0.0
1397433600,79.62000274658203,79.83000183105469,79.55999755859375,79.7300033569336,0.0
1397520000,79.75,79.9000015258789,79.69000244140625,79.80000305175781,0.0
1397606400,79.79000091552734,79.87000274658203,79.6500015258789,79.81999969482422,0.0
1397692800,79.80999755859375,79.87999725341797,79.58000183105469,79.83000183105469,0.0
1398038400,79.86000061035156,79.98999786376953,79.79000091552734,79.94999694824219,0.0
1398124800,79.95999908447266,79.98999786376953,79.79000091552734,79.91000366210938,0.0
1398211200,79.88999938964844,79.91999816894531,79.69999694824219,79.86000061035156,0.0
1398297600,79.8499984741211,79.97000122070312,79.75,79.80000305175781,0.0
1398384000,79.75,79.80000305175781,79.66000366210938,79.7699966430664,0.0
1398643200,79.7699966430664,79.83999633789062,79.55000305175781,79.68000030517578,0.0
1398729600,79.69000244140625,79.83999633789062,79.58999633789062,79.80999755859375,0.0
1398816000,79.80999755859375,79.91999816894531,79.45999908447266,79.48999786376953,0.0
1398902400,79.51000213623047,79.54000091552734,79.41000366210938,79.52999877929688,0.0
1398988800,79.5199966430664,79.8499984741211,79.47000122070312,79.5199966430664,0.0
1399248000,79.5,79.52999877929688,79.43000030517578,79.48999786376953,0.0
1399334400,79.5,79.5199966430664,79.05999755859375,79.13999938964844,0.0
1399420800,79.13999938964844,79.23999786376953,79.08999633789062,79.22000122070312,0.0
1399507200,79.2300033569336,79.44000244140625,78.91000366210938,79.43000030517578,0.0
1399593600,79.41999816894531,79.91999816894531,79.41999816894531,79.9000015258789,0.0
1399852800,79.86000061035156,79.91999816894531,79.77999877929688,79.9000015258789,0.0
1399939200,79.9000015258789,80.18000030517578,79.86000061035156,80.13999938964844,0.0
1400025600,80.11000061035156,80.12999725341797,79.98999786376953,80.06999969482422,0.0
1400112000,80.05999755859375,80.33999633789062,79.93000030517578,80.0,0.0
1400198400,80.01000213623047,80.12000274658203,79.97000122070312,80.04000091552734,0.0
1400457600,80.05000305175781,80.08000183105469,79.87999725341797,79.98999786376953,0.0
1400544000,80.02999877929688,80.12999725341797,80.0,80.04000091552734,0.0
1400630400,80.04000091552734,80.30000305175781,79.88999938964844,80.0999984741211,0.0
1400716800,80.06999969482422,80.27999877929688,80.06999969482422,80.25,0.0
1400803200,80.2300033569336,80.44000244140625,80.2300033569336,80.38999938964844,0.0
1401148800,80.29000091552734,80.47000122070312,80.16999816894531,80.3499984741211,0.0
1401235200,80.33999633789062,80.58000183105469,80.31999969482422,80.56999969482422,0.0
1401321600,80.54000091552734,80.55999755859375,80.36000061035156,80.48999786376953,0.0
1401408000,80.48999786376953,80.5,80.30999755859375,80.37000274658203,0.0
1401667200,80.4000015258789,80.68000030517578,80.38999938964844,80.63999938964844,0.0
1401753600,80.62999725341797,80.66000366210938,80.43000030517578,80.55000305175781,0.0
1401840000,80.55999755859375,80.68000030517578,80.4800033569336,80.66999816894531,0.0
1401926400,80.66000366210938,81.0199966430664,80.31999969482422,80.37000274658203,0.0
1402012800,80.36000061035156,80.52999877929688,80.23999786376953,80.41000366210938,0.0
1402272000,80.41999816894531,80.69000244140625,80.30000305175781,80.6500015258789,0.0
1402358400,80.62000274658203,80.86000061035156,80.55000305175781,80.81999969482422,0.0
1402444800,80.80999755859375,80.9000015258789,80.66999816894531,80.79000091552734,0.0
1402531200,80.76000213623047,80.81999969482422,80.5199966430664,80.58000183105469,0.0
1402617600,80.58000183105469,80.70999908447266,80.44000244140625,80.58000183105469,0.0
1402876800,80.5999984741211,80.70999908447266,80.41999816894531,80.47000122070312,0.0
1402963200,80.44999694824219,80.66000366210938,80.4000015258789,80.62999725341797,0.0
1403049600,80.61000061035156,80.66999816894531,80.36000061035156,80.58000183105469,0.0
1403136000,80.41000366210938,80.41000366210938,80.1500015258789,80.31999969482422,0.0
1403222400,80.30999755859375,80.48999786376953,80.19999694824219,80.37000274658203,0.0
1403481600,80.37000274658203,80.4000015258789,80.23999786376953,80.26000213623047,0.0
1403568000,80.2699966430664,80.43000030517578,80.19000244140625,80.33000183105469,0.0
1403654400,80.31999969482422,80.3499984741211,80.08999633789062,80.22000122070312,0.0
1403740800,80.22000122070312,80.37999725341797,80.13999938964844,80.2300033569336,0.0
1403827200,80.20999908447266,80.22000122070312,80.01000213623047,80.04000091552734,0.0
1404086400,80.01000213623047,80.08999633789062,79.76000213623047,79.77999877929688,0.0
1404172800,79.79000091552734,79.87000274658203,79.73999786376953,79.81999969482422,0.0
1404259200,79.80999755859375,80.0,79.80000305175781,79.95999908447266,0.0
1404345600,79.94999694824219,80.31999969482422,79.94999694824219,80.20999908447266,0.0
1404691200,80.26000213623047,80.36000061035156,80.19000244140625,80.22000122070312,0.0
1404777600,80.22000122070312,80.30000305175781,80.13999938964844,80.18000030517578,0.0
1404864000,80.16999816894531,80.2300033569336,79.9800033569336,79.98999786376953,0.0
1404950400,80.0199966430664,80.19999694824219,79.9800033569336,80.12999725341797,0.0
1405036800,80.12999725341797,80.2300033569336,80.02999877929688,80.19000244140625,0.0
1405296000,80.19000244140625,80.25,80.08000183105469,80.19000244140625,0.0
1405382400,80.16999816894531,80.41000366210938,80.13999938964844,80.38999938964844,0.0
1405468800,80.37999725341797,80.58000183105469,80.37999725341797,80.55999755859375,0.0
1405555200,80.52999877929688,80.58999633789062,80.47000122070312,80.5199966430664,0.0
1405641600,80.55999755859375,80.69000244140625,80.4800033569336,80.5199966430664,0.0
1405900800,80.5199966430664,80.5999984741211,80.41999816894531,80.55999755859375,0.0
1405987200,80.55999755859375,80.83999633789062,80.54000091552734,80.77999877929688,0.0
1406073600,80.77999877929688,80.83000183105469,80.72000122070312,80.80999755859375,0.0
1406160000,80.81999969482422,80.91000366210938,80.7300033569336,80.87000274658203,0.0
1406246400,80.86000061035156,81.08000183105469,80.80000305175781,81.02999877929688,0.0
1406505600,81.0199966430664,81.05000305175781,80.9800033569336,81.02999877929688,0.0
1406592000,81.01000213623047,81.25,80.98999786376953,81.20999908447266,0.0
1406678400,81.20999908447266,81.55000305175781,81.18000030517578,81.41999816894531,0.0
1406764800,81.41999816894531,81.56999969482422,81.37999725341797,81.45999908447266,0.0
1406851200,81.44999694824219,81.54000091552734,81.19000244140625,81.30000305175781,0.0
1407110400,81.30000305175781,81.37999725341797,81.29000091552734,81.33000183105469,0.0
1407196800,81.30999755859375,81.62999725341797,81.29000091552734,81.5199966430664,0.0
1407283200,81.54000091552734,81.72000122070312,81.4000015258789,81.44000244140625,0.0
1407369600,81.41999816894531,81.63999938964844,81.37999725341797,81.5199966430664,0.0
1407456000,81.52999877929688,81.5999984741211,81.26000213623047,81.38999938964844,0.0
1407715200,81.4000015258789,81.48999786376953,81.4000015258789,81.47000122070312,0.0
1407801600,81.47000122070312,81.68000030517578,81.47000122070312,81.5,0.0
1407888000,81.51000213623047,81.68000030517578,81.36000061035156,81.5999984741211,0.0
1407974400,81.5999984741211,81.69000244140625,81.41000366210938,81.58999633789062,0.0
1408060800,81.5999984741211,81.62000274658203,81.37999725341797,81.41999816894531,0.0
1408320000,81.41999816894531,81.61000061035156,81.37999725341797,81.58000183105469,0.0
1408406400,81.58999633789062,81.9000015258789,81.58000183105469,81.87999725341797,0.0
1408492800,81.87000274658203,82.27999877929688,81.87000274658203,82.25,0.0
1408579200,82.23999786376953,82.36000061035156,82.0999984741211,82.1500015258789,0.0
1408665600,82.16000366210938,82.45999908447266,82.05999755859375,82.33999633789062,0.0
1408924800,82.45999908447266,82.61000061035156,82.44999694824219,82.55000305175781,0.0
1409011200,82.58999633789062,82.69999694824219,82.43000030517578,82.6500015258789,0.0
1409097600,82.66999816894531,82.7300033569336,82.4000015258789,82.43000030517578,0.0
1409184000,82.47000122070312,82.58999633789062,82.31999969482422,82.4800033569336,0.0
1409270400,82.4800033569336,82.75,82.41999816894531,82.75,0.0
1409616000,82.76000213623047,83.04000091552734,82.75,82.98999786376953,0.0
1409702400,82.97000122070312,83.05999755859375,82.83000183105469,82.87000274658203,0.0
1409788800,82.83999633789062,83.87000274658203,82.83999633789062,83.81999969482422,0.0
1409875200,83.83999633789062,83.94000244140625,83.55999755859375,83.76000213623047,0.0
1410134400,83.80000305175781,84.3499984741211,83.80000305175781,84.2300033569336,0.0
1410220800,84.30999755859375,84.5199966430664,84.04000091552734,84.27999877929688,0.0
1410307200,84.13999938964844,84.41999816894531,84.05000305175781,84.25,0.0
1410393600,84.20999908447266,84.33999633789062,84.06999969482422,84.30000305175781,0.0
1410480000,84.26000213623047,84.41000366210938,84.08000183105469,84.23999786376953,0.0
1410739200,84.18000030517578,84.41000366210938,84.1500015258789,84.26000213623047,0.0
1410825600,84.23999786376953,84.37000274658203,83.86000061035156,84.06999969482422,0.0
1410912000,84.0999984741211,84.70999908447266,83.94000244140625,84.69999694824219,0.0
1410998400,84.73999786376953,84.73999786376953,84.22000122070312,84.31999969482422,0.0
1411084800,84.27999877929688,84.80000305175781,84.2300033569336,84.80000305175781,0.0
1411344000,84.80999755859375,84.86000061035156,84.5199966430664,84.66999816894531,0.0
1411430400,84.69000244140625,84.76000213623047,84.37000274658203,84.66000366210938,0.0
1411516800,84.70999908447266,85.08999633789062,84.5999984741211,85.05000305175781,0.0
1411603200,85.0999984741211,85.48999786376953,85.05000305175781,85.19999694824219,0.0
1411689600,85.13999938964844,85.69000244140625,85.11000061035156,85.63999938964844,0.0
1411948800,85.62000274658203,85.80000305175781,85.45999908447266,85.58999633789062,0.0
1412035200,85.61000061035156,86.22000122070312,85.48999786376953,85.94000244140625,0.0
1412121600,85.91000366210938,86.18000030517578,85.77999877929688,85.97000122070312,0.0
1412208000,85.86000061035156,85.9000015258789,85.44999694824219,85.5999984741211,0.0
1412294400,85.62999725341797,86.75,85.62999725341797,86.69000244140625,0.0
1412553600,86.63999938964844,86.68000030517578,85.63999938964844,85.70999908447266,0.0
1412640000,85.77999877929688,86.0999984741211,85.55000305175781,85.66999816894531,0.0
1412726400,85.58999633789062,85.91999816894531,85.19999694824219,85.30000305175781,0.0
1412812800,85.2699966430664,85.66999816894531,84.94000244140625,85.5199966430664,0.0
1412899200,85.55000305175781,85.9800033569336,85.4000015258789,85.91000366210938,0.0
1413158400,85.81999969482422,85.81999969482422,85.41000366210938,85.43000030517578,0.0
1413244800,85.26000213623047,85.87999725341797,85.25,85.81999969482422,0.0
1413331200,85.9000015258789,86.01000213623047,84.47000122070312,85.1500015258789,0.0
1413417600,84.91000366210938,85.43000030517578,84.73999786376953,85.0,0.0
1413504000,84.91000366210938,85.25,84.76000213623047,85.19000244140625,0.0
1413763200,85.20999908447266,85.37999725341797,84.91000366210938,84.94999694824219,0.0
1413849600,85.0199966430664,85.33000183105469,84.73999786376953,85.30999755859375,0.0
1413936000,85.4000015258789,85.79000091552734,85.2300033569336,85.73999786376953,0.0
1414022400,85.73999786376953,85.94000244140625,85.66000366210938,85.83999633789062,0.0
1414108800,85.83000183105469,85.91000366210938,85.54000091552734,85.7300033569336,0.0
1414368000,85.69000244140625,85.70999908447266,85.41000366210938,85.5,0.0
1414454400,85.56999969482422,85.68000030517578,85.23999786376953,85.41000366210938,0.0
1414540800,85.4000015258789,86.05000305175781,85.19000244140625,85.94999694824219,0.0
1414627200,85.9800033569336,86.48999786376953,85.9800033569336,86.1500015258789,0.0
1414713600,86.18000030517578,87.12999725341797,86.1500015258789,86.87999725341797,0.0
1414972800,87.08000183105469,87.41000366210938,87.0199966430664,87.30999755859375,0.0
1415059200,87.25,87.30000305175781,86.87999725341797,86.9800033569336,0.0
1415145600,87.0199966430664,87.61000061035156,86.94000244140625,87.44000244140625,0.0
1415232000,87.41000366210938,88.1500015258789,87.12999725341797,88.01000213623047,0.0
1415318400,88.05000305175781,88.19000244140625,87.47000122070312,87.63999938964844,0.0
1415577600,87.55999755859375,87.83000183105469,87.22000122070312,87.80999755859375,0.0
1415664000,87.80000305175781,88.05999755859375,87.37000274658203,87.52999877929688,0.0
1415750400,87.62000274658203,87.9000015258789,87.4000015258789,87.81999969482422,0.0
1415836800,87.80999755859375,87.87999725341797,87.62000274658203,87.66999816894531,0.0
1415923200,87.83000183105469,88.2699966430664,87.4000015258789,87.52999877929688,0.0
1416182400,87.54000091552734,87.97000122070312,87.18000030517578,87.93000030517578,0.0
1416268800,87.93000030517578,87.97000122070312,87.51000213623047,87.58000183105469,0.0
1416355200,87.68000030517578,87.77999877929688,87.3499984741211,87.6500015258789,0.0
1416441600,87.68000030517578,87.94000244140625,87.48999786376953,87.58999633789062,0.0
1416528000,87.62999725341797,88.38999938964844,87.44999694824219,88.30999755859375,0.0
1416787200,88.27999877929688,88.44000244140625,88.06999969482422,88.1500015258789,0.0
1416873600,88.19999694824219,88.33000183105469,87.81999969482422,87.91999816894531,0.0
1416960000,87.8499984741211,88.04000091552734,87.5199966430664,87.61000061035156,0.0
1417132800,88.06999969482422,88.38999938964844,87.94000244140625,88.36000061035156,0.0
1417392000,88.2300033569336,88.44999694824219,87.77999877929688,87.94999694824219,0.0
1417478400,87.9800033569336,88.66999816894531,87.94999694824219,88.6500015258789,0.0
1417564800,88.5999984741211,89.01000213623047,88.58000183105469,88.95999908447266,0.0
1417651200,88.94000244140625,89.12000274658203,88.20999908447266,88.69999694824219,0.0
1417737600,88.58000183105469,89.47000122070312,88.58000183105469,89.33000183105469,0.0
1417996800,89.4000015258789,89.55000305175781,88.91000366210938,89.04000091552734,0.0
1418083200,89.18000030517578,89.2699966430664,88.16000366210938,88.69000244140625,0.0
1418169600,88.6500015258789,88.80999755859375,88.19000244140625,88.2699966430664,0.0
1418256000,87.94999694824219,88.79000091552734,87.91000366210938,88.66000366210938,0.0
1418342400,88.58999633789062,88.63999938964844,88.11000061035156,88.36000061035156,0.0
1418601600,88.20999908447266,88.62999725341797,88.16999816894531,88.45999908447266,0.0
1418688000,88.44000244140625,88.51000213623047,87.62999725341797,88.12999725341797,0.0
1418774400,88.0199966430664,89.13999938964844,87.9000015258789,89.12999725341797,0.0
1418860800,89.12999725341797,89.4000015258789,88.91999816894531,89.23999786376953,0.0
1418947200,89.23999786376953,89.6500015258789,89.18000030517578,89.5999984741211,0.0
1419206400,89.62999725341797,89.79000091552734,89.37000274658203,89.7699966430664,0.0
1419292800,89.7699966430664,90.16000366210938,89.62999725341797,90.05999755859375,0.0
1419379200,90.04000091552734,90.08000183105469,89.80999755859375,89.97000122070312,0.0
1419552000,89.87000274658203,90.08000183105469,89.77999877929688,90.02999877929688,0.0
1419811200,89.9800033569336,90.2699966430664,89.79000091552734,90.19000244140625,0.0
1419897600,90.19000244140625,90.33000183105469,89.80999755859375,89.98999786376953,0.0
1419984000,89.93000030517578,90.30000305175781,89.86000061035156,90.2699966430664,0.0
1420156800,90.36000061035156,91.16000366210938,90.33000183105469,91.08000183105469,0.0
1420416000,91.12999725341797,91.77999877929688,91.12999725341797,91.37999725341797,0.0
1420502400,91.37999725341797,91.80999755859375,91.12000274658203,91.5,0.0
1420588800,91.75,92.2699966430664,91.6500015258789,91.88999938964844,0.0
1420675200,91.94000244140625,92.52999877929688,91.94000244140625,92.37000274658203,0.0
1420761600,92.30999755859375,92.5,91.9000015258789,91.94000244140625,0.0
1421020800,91.87999725341797,92.33999633789062,91.7300033569336,91.9800033569336,0.0
1421107200,92.02999877929688,92.43000030517578,91.80999755859375,92.30999755859375,0.0
1421193600,92.2300033569336,92.41999816894531,91.61000061035156,92.16000366210938,0.0
1421280000,92.16000366210938,92.75,91.51000213623047,92.3499984741211,0.0
1421366400,92.0999984741211,93.26000213623047,92.08000183105469,92.5199966430664,0.0
1421712000,92.66000366210938,93.0999984741211,92.55000305175781,93.05000305175781,0.0
1421798400,93.06999969482422,93.08999633789062,92.1500015258789,92.9000015258789,0.0
1421884800,92.88999938964844,94.5,92.4800033569336,94.23999786376953,14290000.0
1421971200,94.20999908447266,95.4800033569336,94.11000061035156,95.0,0.0
1422230400,95.19999694824219,95.33000183105469,94.58999633789062,94.80000305175781,0.0
1422316800,94.93000030517578,95.01000213623047,93.69999694824219,94.0199966430664,9000000.0
1422403200,94.20999908447266,94.69000244140625,93.97000122070312,94.47000122070312,0.0
1422489600,94.62000274658203,95.01000213623047,94.33000183105469,94.77999877929688,0.0
1422576000,94.66000366210938,94.91999816894531,94.43000030517578,94.80000305175781,0.0
1422835200,94.83999633789062,94.87999725341797,94.37000274658203,94.5,0.0
1422921600,94.56999969482422,94.69999694824219,93.25,93.5999984741211,0.0
1423008000,93.73999786376953,94.52999877929688,93.61000061035156,93.98999786376953,0.0
1423094400,93.5999984741211,94.76000213623047,93.5199966430664,94.69999694824219,0.0
1423180800,93.5999984741211,94.76000213623047,93.5199966430664,94.69999694824219,0.0
1423440000,94.68000030517578,94.87999725341797,94.36000061035156,94.44999694824219,0.0
1423526400,94.5199966430664,94.87999725341797,94.4000015258789,94.76000213623047,0.0
1423612800,94.70999908447266,95.12000274658203,94.63999938964844,94.98999786376953,0.0
1423699200,94.88999938964844,94.97000122070312,93.9800033569336,94.08999633789062,0.0
1423785600,94.19999694824219,94.30999755859375,93.9000015258789,94.19999694824219,0.0
1424131200,94.4000015258789,94.51000213623047,93.80000305175781,94.05999755859375,0.0
1424217600,94.1500015258789,94.52999877929688,93.98999786376953,94.19999694824219,0.0
1424304000,94.08999633789062,94.44999694824219,93.83999633789062,94.4000015258789,0.0
1424390400,94.41999816894531,94.79000091552734,94.05000305175781,94.25,0.0
1424649600,94.31999969482422,94.91999816894531,94.27999877929688,94.56999969482422,0.0
1424736000,94.58000183105469,94.98999786376953,94.43000030517578,94.48999786376953,0.0
1424822400,94.41000366210938,94.4800033569336,94.12999725341797,94.20999908447266,0.0
1424908800,94.19999694824219,95.36000061035156,94.05999755859375,95.29000091552734,0.0
1424995200,95.18000030517578,95.36000061035156,94.91000366210938,95.25,0.0
1425254400,95.26000213623047,95.51000213623047,95.05999755859375,95.45999908447266,0.0
1425340800,95.48999786376953,95.56999969482422,95.0999984741211,95.37999725341797,0.0
1425427200,95.37999725341797,96.05999755859375,95.31999969482422,95.97000122070312,0.0
1425513600,95.97000122070312,96.58999633789062,95.83999633789062,96.37999725341797,0.0
1425600000,96.36000061035156,97.7300033569336,96.30000305175781,97.62000274658203,0.0
1425859200,97.72000122070312,97.77999877929688,97.29000091552734,97.58999633789062,0.0
1425945600,97.77999877929688,98.80999755859375,97.77999877929688,98.62000274658203,0.0
1426032000,98.6500015258789,99.98999786376953,98.48999786376953,99.80000305175781,0.0
1426118400,99.69999694824219,100.05999755859375,98.6500015258789,99.1500015258789,0.0
1426204800,99.19000244140625,100.38999938964844,99.19000244140625,100.33000183105469,0.0
1426464000,100.26000213623047,100.2699966430664,99.31999969482422,99.5999984741211,0.0
1426550400,99.66999816894531,99.83000183105469,99.2300033569336,99.58999633789062,0.0
1426636800,99.5999984741211,99.80000305175781,96.62999725341797,98.55000305175781,0.0
1426723200,97.80000305175781,99.45999908447266,97.20999908447266,99.0999984741211,0.0
1426809600,99.04000091552734,99.12000274658203,97.44999694824219,97.91000366210938,0.0
1427068800,97.80000305175781,98.23999786376953,96.83000183105469,97.02999877929688,0.0
1427155200,96.93000030517578,97.37999725341797,96.38999938964844,97.19000244140625,0.0
1427241600,97.22000122070312,97.30000305175781,96.54000091552734,96.9800033569336,0.0
1427328000,96.91000366210938,97.55000305175781,96.16999816894531,97.44000244140625,0.0
1427414400,97.37999725341797,97.91999816894531,96.98999786376953,97.29000091552734,0.0
1427673600,97.38999938964844,98.06999969482422,97.38999938964844,97.9800033569336,0.0
1427760000,97.91999816894531,98.66999816894531,97.83000183105469,98.36000061035156,0.0
1427846400,98.41999816894531,98.63999938964844,97.9800033569336,98.19000244140625,0.0
1427932800,98.18000030517578,98.27999877929688,97.33000183105469,97.44000244140625,0.0
1428278400,96.73999786376953,97.23999786376953,96.33000183105469,97.11000061035156,0.0
1428364800,97.05999755859375,98.0199966430664,96.93000030517578,97.83000183105469,0.0
1428451200,97.87000274658203,98.19999694824219,97.25,98.06999969482422,0.0
1428537600,98.05000305175781,99.18000030517578,98.04000091552734,99.16000366210938,0.0
1428624000,98.97000122070312,99.69000244140625,98.83999633789062,99.38999938964844,0.0
1428883200,99.3499984741211,99.98999786376953,99.2300033569336,99.48999786376953,0.0
1428969600,99.44999694824219,99.69999694824219,98.37000274658203,98.76000213623047,0.0
1429056000,98.77999877929688,99.36000061035156,98.22000122070312,98.33000183105469,0.0
1429142400,98.4000015258789,98.72000122070312,97.27999877929688,97.41999816894531,0.0
1429228800,97.62999725341797,97.81999969482422,97.0,97.5199966430664,0.0
1429488000,97.30999755859375,98.06999969482422,97.30999755859375,97.94000244140625,0.0
1429574400,97.94000244140625,98.45999908447266,97.63999938964844,97.9800033569336,0.0
1429660800,97.95999908447266,98.12000274658203,97.43000030517578,98.0199966430664,0.0
1429747200,98.05000305175781,98.43000030517578,97.1500015258789,97.27999877929688,0.0
1429833600,97.33000183105469,97.55999755859375,96.76000213623047,96.91999816894531,0.0
1430092800,96.9000015258789,97.27999877929688,96.47000122070312,96.7699966430664,0.0
1430179200,96.79000091552734,96.93000030517578,96.01000213623047,96.08999633789062,0.0
1430265600,96.12999725341797,96.18000030517578,94.68000030517578,95.12000274658203,0.0
1430352000,95.20999908447266,95.44999694824219,94.4000015258789,94.5999984741211,0.0
1430438400,94.83000183105469,95.4000015258789,94.5,95.30000305175781,0.0
1430697600,95.22000122070312,95.63999938964844,95.04000091552734,95.4800033569336,0.0
1430784000,95.44000244140625,95.94999694824219,94.87999725341797,95.12999725341797,0.0
1430870400,95.18000030517578,95.22000122070312,93.87999725341797,94.12999725341797,0.0
1430956800,94.12999725341797,94.83000183105469,93.88999938964844,94.62000274658203,0.0
1431043200,94.62999725341797,95.06999969482422,94.31999969482422,94.79000091552734,0.0
1431302400,94.80000305175781,95.26000213623047,94.80000305175781,95.01000213623047,0.0
1431388800,95.05000305175781,95.16000366210938,94.23999786376953,94.52999877929688,0.0
1431475200,94.55999755859375,94.58999633789062,93.45999908447266,93.62000274658203,0.0
1431561600,93.66000366210938,93.76000213623047,93.12999725341797,93.36000061035156,0.0
1431648000,93.4000015258789,94.02999877929688,93.13999938964844,93.13999938964844,0.0
1431907200,93.2300033569336,94.2699966430664,93.2300033569336,94.19000244140625,0.0
1431993600,94.12999725341797,95.47000122070312,94.08999633789062,95.2699966430664,0.0
1432080000,95.30999755859375,95.83999633789062,95.26000213623047,95.44999694824219,0.0
1432166400,95.58999633789062,95.6500015258789,94.97000122070312,95.26000213623047,0.0
1432252800,95.4000015258789,96.2699966430664,94.81999969482422,96.01000213623047,0.0
1432598400,96.37000274658203,97.36000061035156,96.37000274658203,97.30000305175781,0.0
1432684800,97.20999908447266,97.77999877929688,96.88999938964844,97.37000274658203,0.0
1432771200,97.27999877929688,97.62999725341797,96.87000274658203,96.97000122070312,0.0
1432857600,96.87999725341797,97.19000244140625,96.75,96.91000366210938,0.0
1433116800,96.88999938964844,97.68000030517578,96.88999938964844,97.38999938964844,0.0
1433203200,97.44000244140625,97.52999877929688,95.66999816894531,95.83999633789062,0.0
1433289600,95.93000030517578,96.51000213623047,95.20999908447266,95.47000122070312,0.0
1433376000,95.41000366210938,95.58000183105469,94.6500015258789,95.45999908447266,0.0
1433462400,95.77999877929688,96.91000366210938,95.36000061035156,96.30999755859375,0.0
1433721600,96.33999633789062,96.55000305175781,95.05000305175781,95.30000305175781,0.0
1433808000,95.25,95.58000183105469,94.8499984741211,95.16999816894531,0.0
1433894400,95.13999938964844,95.2300033569336,94.31999969482422,94.6500015258789,0.0
1433980800,94.69999694824219,95.5999984741211,94.69999694824219,94.9800033569336,0.0
1434067200,95.08999633789062,95.68000030517578,94.69000244140625,94.97000122070312,0.0
1434326400,95.19999694824219,95.38999938964844,94.7300033569336,94.80999755859375,0.0
1434412800,94.8499984741211,95.2300033569336,94.55999755859375,95.0,0.0
1434499200,94.95999908447266,95.18000030517578,94.11000061035156,94.30000305175781,0.0
1434585600,94.22000122070312,94.2300033569336,93.55999755859375,94.04000091552734,0.0
1434672000,94.0199966430664,94.5,93.9000015258789,94.08999633789062,0.0
1434931200,94.05999755859375,94.44999694824219,93.80999755859375,94.33000183105469,0.0
1435017600,94.30000305175781,95.63999938964844,94.30000305175781,95.43000030517578,0.0
1435104000,95.37999725341797,95.54000091552734,94.93000030517578,95.26000213623047,0.0
1435190400,95.2699966430664,95.51000213623047,95.08999633789062,95.19000244140625,0.0
1435276800,95.16999816894531,95.66999816894531,95.08000183105469,95.47000122070312,0.0
1435536000,96.26000213623047,96.37000274658203,94.68000030517578,94.79000091552734,0.0
1435622400,95.02999877929688,95.68000030517578,94.8499984741211,95.48999786376953,0.0
1435708800,95.5999984741211,96.3499984741211,95.47000122070312,96.30999755859375,0.0
1435795200,96.31999969482422,96.41999816894531,95.87000274658203,96.11000061035156,0.0
1436140800,95.94000244140625,96.62999725341797,95.94000244140625,96.30000305175781,0.0
1436227200,96.27999877929688,97.23999786376953,96.27999877929688,96.87000274658203,0.0
1436313600,96.68000030517578,96.87999725341797,96.12000274658203,96.29000091552734,0.0
1436400000,96.2300033569336,96.76000213623047,95.97000122070312,96.61000061035156,0.0
1436486400,96.37000274658203,96.4000015258789,95.44999694824219,96.02999877929688,0.0
1436745600,95.7699966430664,96.86000061035156,95.62999725341797,96.86000061035156,0.0
1436832000,96.83999633789062,97.05000305175781,96.2699966430664,96.63999938964844,0.0
1436918400,96.6500015258789,97.30999755859375,96.52999877929688,97.12999725341797,0.0
1437004800,97.16999816894531,97.76000213623047,97.16999816894531,97.66000366210938,0.0
1437091200,97.6500015258789,97.9800033569336,97.41999816894531,97.86000061035156,0.0
1437350400,97.95999908447266,98.1500015258789,97.73999786376953,98.02999877929688,0.0
1437436800,98.01000213623047,98.1500015258789,97.13999938964844,97.33000183105469,0.0
1437523200,97.33999633789062,97.79000091552734,97.11000061035156,97.5999984741211,0.0
1437609600,97.44999694824219,97.51000213623047,96.88999938964844,97.12000274658203,0.0
1437696000,97.18000030517578,97.62000274658203,97.12000274658203,97.23999786376953,0.0
1437955200,97.19999694824219,97.29000091552734,96.29000091552734,96.5,0.0
1438041600,96.58000183105469,96.97000122070312,96.47000122070312,96.7699966430664,0.0
1438128000,96.6500015258789,97.25,96.5,96.9800033569336,0.0
1438214400,97.13999938964844,97.7699966430664,97.13999938964844,97.55999755859375,0.0
1438300800,97.47000122070312,97.5999984741211,96.30999755859375,97.37000274658203,0.0
1438560000,97.22000122070312,97.58000183105469,97.16000366210938,97.48999786376953,0.0
1438646400,97.4800033569336,98.0,97.20999908447266,97.93000030517578,0.0
1438732800,97.91000366210938,98.22000122070312,97.63999938964844,97.95999908447266,0.0
1438819200,97.88999938964844,98.16000366210938,97.62999725341797,97.83000183105469,0.0
1438905600,97.79000091552734,98.33000183105469,97.51000213623047,97.55999755859375,0.0
1439164800,97.56999969482422,97.91999816894531,97.04000091552734,97.16000366210938,0.0
1439251200,97.18000030517578,97.58999633789062,96.87999725341797,97.29000091552734,0.0
1439337600,97.18000030517578,97.33000183105469,95.93000030517578,96.26000213623047,0.0
1439424000,96.33999633789062,96.80999755859375,96.12000274658203,96.44999694824219,0.0
1439510400,96.37999725341797,96.68000030517578,96.08999633789062,96.56999969482422,0.0
1439769600,96.58999633789062,96.94000244140625,96.51000213623047,96.81999969482422,0.0
1439856000,96.83999633789062,97.06999969482422,96.68000030517578,96.97000122070312,0.0
1439942400,97.01000213623047,97.08000183105469,96.33999633789062,96.45999908447266,0.0
1440028800,96.44999694824219,96.58000183105469,95.72000122070312,95.75,0.0
1440115200,95.80999755859375,95.81999969482422,94.81999969482422,94.83000183105469,0.0
1440374400,94.86000061035156,94.95999908447266,92.62000274658203,93.30999755859375,0.0
1440460800,93.37999725341797,94.69000244140625,93.37999725341797,94.52999877929688,0.0
1440547200,93.95999908447266,95.44000244140625,93.72000122070312,95.0999984741211,0.0
1440633600,95.19000244140625,96.02999877929688,94.98999786376953,95.61000061035156,0.0
1440720000,95.76000213623047,96.31999969482422,95.37999725341797,96.11000061035156,0.0
1440979200,96.13999938964844,96.25,95.62000274658203,95.94999694824219,0.0
1441065600,95.93000030517578,95.93000030517578,95.19000244140625,95.44999694824219,0.0
1441152000,95.41999816894531,95.94999694824219,95.41999816894531,95.83000183105469,0.0
1441238400,95.95999908447266,96.62000274658203,95.79000091552734,96.41000366210938,0.0
1441324800,96.37000274658203,96.58000183105469,95.97000122070312,96.2300033569336,0.0
1441670400,96.1500015258789,96.23999786376953,95.7300033569336,95.87999725341797,0.0
1441756800,95.83999633789062,96.41000366210938,95.83999633789062,96.01000213623047,0.0
1441843200,95.93000030517578,96.19999694824219,95.4000015258789,95.45999908447266,0.0
1441929600,95.44000244140625,95.69000244140625,95.12000274658203,95.19000244140625,0.0
1442188800,95.18000030517578,95.44999694824219,94.91000366210938,95.25,0.0
1442275200,95.30999755859375,95.68000030517578,95.12999725341797,95.61000061035156,0.0
1442361600,95.58999633789062,95.8499984741211,95.16000366210938,95.41999816894531,0.0
1442448000,95.30000305175781,95.38999938964844,94.36000061035156,94.55000305175781,0.0
1442534400,94.6500015258789,95.37999725341797,94.05999755859375,94.86000061035156,0.0
1442793600,95.31999969482422,95.9800033569336,95.04000091552734,95.88999938964844,0.0
1442880000,95.91999816894531,96.4000015258789,95.76000213623047,96.27999877929688,0.0
1442966400,96.30999755859375,96.55000305175781,96.0199966430664,96.06999969482422,0.0
1443052800,96.25,96.30000305175781,95.45999908447266,95.98999786376953,0.0
1443139200,96.25,96.69999694824219,96.12000274658203,96.2699966430664,0.0
1443398400,96.26000213623047,96.5,95.9000015258789,96.02999877929688,0.0
1443484800,96.02999877929688,96.23999786376953,95.70999908447266,95.88999938964844,0.0
1443571200,95.91999816894531,96.41000366210938,95.8499984741211,96.3499984741211,0.0
1443657600,96.2699966430664,96.48999786376953,95.97000122070312,96.19000244140625,0.0
1443744000,96.13999938964844,96.37999725341797,95.22000122070312,95.83000183105469,0.0
1444003200,95.81999969482422,96.16999816894531,95.44999694824219,96.11000061035156,0.0
1444089600,96.05000305175781,96.16000366210938,95.4000015258789,95.45999908447266,0.0
1444176000,95.47000122070312,95.69999694824219,95.33000183105469,95.5,0.0
1444262400,95.56999969482422,95.61000061035156,94.9800033569336,95.31999969482422,0.0
1444348800,95.2300033569336,95.33999633789062,94.69000244140625,94.80999755859375,0.0
1444608000,94.8499984741211,94.87999725341797,94.62000274658203,94.83999633789062,0.0
1444694400,94.9000015258789,94.9800033569336,94.54000091552734,94.76000213623047,0.0
1444780800,94.76000213623047,94.76000213623047,93.8499984741211,93.93000030517578,0.0
1444867200,93.95999908447266,94.58999633789062,93.80999755859375,94.37000274658203,0.0
1444953600,94.47000122070312,94.7699966430664,94.37000274658203,94.54000091552734,0.0
1445212800,94.68000030517578,95.0,94.55000305175781,94.95999908447266,0.0
1445299200,94.94000244140625,94.94999694824219,94.58999633789062,94.8499984741211,0.0
1445385600,94.8499984741211,95.05999755859375,94.72000122070312,95.05000305175781,0.0
1445472000,95.04000091552734,96.41999816894531,94.94000244140625,96.33999633789062,0.0
1445558400,96.4000015258789,97.19999694824219,96.1500015258789,97.06999969482422,0.0
1445817600,97.04000091552734,97.08000183105469,96.68000030517578,96.86000061035156,0.0
1445904000,96.80999755859375,96.97000122070312,96.58000183105469,96.91000366210938,0.0
1445990400,96.95999908447266,97.81999969482422,96.47000122070312,97.77999877929688,0.0
1446076800,97.62000274658203,97.69000244140625,97.19000244140625,97.27999877929688,0.0
1446163200,97.19999694824219,97.3499984741211,96.58000183105469,96.94999694824219,0.0
1446422400,96.91999816894531,96.97000122070312,96.63999938964844,96.93000030517578,0.0
1446508800,96.9000015258789,97.4800033569336,96.7699966430664,97.16000366210938,0.0
1446595200,97.19999694824219,98.05000305175781,97.16999816894531,97.94999694824219,0.0
1446681600,97.93000030517578,98.13999938964844,97.75,97.94000244140625,0.0
1446768000,97.94999694824219,99.3499984741211,97.88999938964844,99.16000366210938,0.0
1447027200,99.19000244140625,99.26000213623047,98.81999969482422,98.9800033569336,0.0
1447113600,99.01000213623047,99.5,98.94000244140625,99.29000091552734,0.0
1447200000,99.0999984741211,99.23999786376953,98.77999877929688,99.01000213623047,0.0
1447286400,98.81999969482422,99.29000091552734,98.43000030517578,98.6500015258789,0.0
1447372800,98.56999969482422,99.20999908447266,98.52999877929688,98.98999786376953,0.0
1447632000,98.97000122070312,99.45999908447266,98.87000274658203,99.44000244140625,0.0
1447718400,99.4000015258789,99.75,99.36000061035156,99.62999725341797,0.0
1447804800,99.66000366210938,99.8499984741211,99.30999755859375,99.6500015258789,0.0
1447891200,99.41999816894531,99.4800033569336,98.73999786376953,98.98999786376953,0.0
1447977600,99.11000061035156,99.6500015258789,99.0,99.56999969482422,0.0
1448236800,99.61000061035156,100.0,99.52999877929688,99.80000305175781,0.0
1448323200,99.66999816894531,99.79000091552734,99.47000122070312,99.52999877929688,0.0
1448409600,99.55000305175781,100.16999816894531,99.30999755859375,99.80000305175781,0.0
1448582400,99.86000061035156,100.19999694824219,99.66000366210938,100.0199966430664,0.0
1448841600,100.08000183105469,100.30999755859375,100.05000305175781,100.16999816894531,0.0
1448928000,100.25,100.26000213623047,99.72000122070312,99.80000305175781,0.0
1449014400,99.83000183105469,100.51000213623047,99.80000305175781,99.98999786376953,0.0
1449100800,100.01000213623047,100.47000122070312,97.58999633789062,97.62000274658203,0.0
1449187200,97.81999969482422,98.61000061035156,97.75,98.3499984741211,0.0
1449446400,98.3499984741211,98.9000015258789,98.30000305175781,98.66000366210938,0.0
1449532800,98.7300033569336,98.76000213623047,98.37000274658203,98.47000122070312,0.0
1449619200,98.44000244140625,98.5199966430664,97.22000122070312,97.3499984741211,0.0
1449705600,97.41000366210938,97.98999786376953,97.36000061035156,97.94000244140625,0.0
1449792000,97.9800033569336,98.0999984741211,97.33000183105469,97.56999969482422,0.0
1450051200,97.62000274658203,97.93000030517578,97.27999877929688,97.5999984741211,0.0
1450137600,97.63999938964844,98.29000091552734,97.19000244140625,98.22000122070312,0.0
1450224000,98.18000030517578,98.55999755859375,97.66000366210938,97.87000274658203,0.0
1450310400,98.55999755859375,99.29000091552734,98.52999877929688,99.2699966430664,0.0
1450396800,99.01000213623047,99.18000030517578,98.63999938964844,98.69999694824219,0.0
1450656000,98.72000122070312,98.83999633789062,98.29000091552734,98.45999908447266,0.0
1450742400,98.44999694824219,98.51000213623047,98.0,98.23999786376953,0.0
1450828800,98.20999908447266,98.5999984741211,98.19000244140625,98.33999633789062,0.0
1450915200,98.33999633789062,98.37999725341797,97.86000061035156,97.9800033569336,0.0
1451260800,97.8499984741211,98.02999877929688,97.80999755859375,97.91999816894531,0.0
1451347200,97.9000015258789,98.41000366210938,97.80000305175781,98.0999984741211,0.0
1451433600,98.19999694824219,98.41000366210938,98.11000061035156,98.2699966430664,0.0
1451520000,98.20999908447266,98.75,98.18000030517578,98.62999725341797,0.0
1451865600,98.69000244140625,99.18000030517578,98.05000305175781,98.87000274658203,0.0
1451952000,98.87000274658203,99.62999725341797,98.75,99.4000015258789,0.0
1452038400,99.38999938964844,99.58000183105469,99.11000061035156,99.18000030517578,0.0
1452124800,99.22000122070312,99.30000305175781,98.16999816894531,98.22000122070312,0.0
1452211200,98.30999755859375,99.18000030517578,98.2699966430664,98.54000091552734,0.0
1452470400,98.37000274658203,98.9000015258789,98.25,98.7300033569336,0.0
1452556800,98.80000305175781,99.27999877929688,98.56999969482422,98.97000122070312,0.0
1452643200,99.02999877929688,99.33000183105469,98.86000061035156,98.93000030517578,0.0
1452729600,98.81999969482422,99.26000213623047,98.58999633789062,99.08999633789062,0.0
1452816000,99.0999984741211,99.12000274658203,98.37999725341797,98.95999908447266,0.0
1453075200,98.80000305175781,99.19999694824219,98.80000305175781,99.12000274658203,0.0
1453161600,99.12999725341797,99.30999755859375,98.86000061035156,98.98999786376953,0.0
1453248000,99.0199966430664,99.19000244140625,98.62999725341797,99.08999633789062,0.0
1453334400,99.18000030517578,99.80000305175781,98.91000366210938,99.05999755859375,0.0
1453420800,99.18000030517578,99.58999633789062,99.11000061035156,99.56999969482422,0.0
1453680000,99.5,99.55000305175781,99.2300033569336,99.36000061035156,0.0
1453766400,99.30000305175781,99.45999908447266,99.0199966430664,99.36000061035156,0.0
1453852800,99.02999877929688,99.16000366210938,98.70999908447266,98.9000015258789,0.0
1453939200,98.88999938964844,99.11000061035156,98.43000030517578,98.51000213623047,0.0
1454025600,98.62000274658203,99.83000183105469,98.58000183105469,99.61000061035156,0.0
1454284800,99.54000091552734,99.62999725341797,98.93000030517578,99.0,0.0
1454371200,98.98999786376953,99.08999633789062,98.77999877929688,98.87000274658203,0.0
1454457600,98.83000183105469,98.94000244140625,96.88999938964844,97.29000091552734,0.0
1454544000,97.30000305175781,97.47000122070312,96.26000213623047,96.47000122070312,0.0
1454630400,96.55999755859375,97.2699966430664,96.31999969482422,97.02999877929688,0.0
1454889600,96.95999908447266,97.4800033569336,96.54000091552734,96.56999969482422,0.0
1454976000,96.72000122070312,96.83000183105469,95.66000366210938,96.06999969482422,0.0
1455062400,96.05000305175781,96.72000122070312,95.76000213623047,95.88999938964844,0.0
1455148800,95.88999938964844,95.9000015258789,95.23999786376953,95.55999755859375,0.0
1455235200,95.5,96.22000122070312,95.45999908447266,95.9800033569336,0.0
1455580800,96.56999969482422,96.98999786376953,96.37999725341797,96.87000274658203,0.0
1455667200,96.94000244140625,97.0999984741211,96.62999725341797,96.79000091552734,0.0
1455753600,96.88999938964844,97.08999633789062,96.69000244140625,96.94999694824219,0.0
1455840000,96.87000274658203,97.16999816894531,96.55999755859375,96.5999984741211,0.0
1456099200,96.5999984741211,97.5999984741211,96.5999984741211,97.37999725341797,0.0
1456185600,97.3499984741211,97.58000183105469,97.13999938964844,97.4800033569336,0.0
1456272000,97.4800033569336,97.91999816894531,97.2300033569336,97.45999908447266,0.0
1456358400,97.48999786376953,97.72000122070312,97.22000122070312,97.29000091552734,0.0
1456444800,97.4000015258789,98.26000213623047,97.0999984741211,98.1500015258789,0.0
1456704000,98.16999816894531,98.37000274658203,97.80000305175781,98.20999908447266,0.0
1456790400,98.18000030517578,98.56999969482422,98.08999633789062,98.3499984741211,0.0
1456876800,98.26000213623047,98.58000183105469,98.12000274658203,98.20999908447266,0.0
1456963200,98.19999694824219,98.3499984741211,97.45999908447266,97.56999969482422,0.0
1457049600,97.66999816894531,98.02999877929688,97.0199966430664,97.33999633789062,0.0
1457308800,97.2300033569336,97.69999694824219,97.04000091552734,97.06999969482422,0.0
1457395200,97.08999633789062,97.2699966430664,96.88999938964844,97.20999908447266,0.0
1457481600,97.22000122070312,97.56999969482422,96.93000030517578,97.16999816894531,0.0
1457568000,97.2300033569336,98.41999816894531,95.94000244140625,96.06999969482422,0.0
1457654400,96.18000030517578,96.72000122070312,95.94000244140625,96.16999816894531,0.0
1457913600,96.19999694824219,96.70999908447266,96.13999938964844,96.62000274658203,0.0
1458000000,96.58999633789062,96.87000274658203,96.47000122070312,96.62999725341797,0.0
1458086400,96.63999938964844,97.05999755859375,95.54000091552734,95.88999938964844,0.0
1458172800,95.75,95.83000183105469,94.6500015258789,94.76000213623047,0.0
1458259200,94.7699966430664,95.16999816894531,94.58000183105469,94.98999786376953,0.0
1458518400,95.05000305175781,95.4000015258789,95.0,95.29000091552734,0.0
1458604800,95.43000030517578,95.75,95.26000213623047,95.6500015258789,0.0
1458691200,95.62999725341797,96.2300033569336,95.62000274658203,96.05000305175781,0.0
1458777600,96.05999755859375,96.36000061035156,96.04000091552734,96.13999938964844,0.0
1459123200,96.27999877929688,96.4000015258789,95.83999633789062,95.94000244140625,0.0
1459209600,95.94999694824219,96.22000122070312,95.08999633789062,95.16000366210938,0.0
1459296000,95.19999694824219,95.22000122070312,94.58999633789062,94.83999633789062,0.0
1459382400,94.83999633789062,95.02999877929688,94.31999969482422,94.58999633789062,0.0
1459468800,94.63999938964844,95.11000061035156,94.33000183105469,94.62000274658203,0.0
1459728000,94.62000274658203,94.83000183105469,94.41000366210938,94.51000213623047,0.0
1459814400,94.56999969482422,94.9800033569336,94.44999694824219,94.62999725341797,0.0
1459900800,94.58999633789062,95.06999969482422,94.23999786376953,94.43000030517578,0.0
1459987200,94.4800033569336,94.66999816894531,94.0199966430664,94.4800033569336,0.0
1460073600,94.54000091552734,94.68000030517578,94.08999633789062,94.23999786376953,0.0
1460332800,94.19000244140625,94.33999633789062,93.75,93.94999694824219,0.0
1460419200,93.97000122070312,94.38999938964844,93.62999725341797,93.95999908447266,0.0
1460505600,94.05000305175781,94.8499984741211,94.0,94.73999786376953,0.0
1460592000,94.80999755859375,95.19999694824219,94.68000030517578,94.9000015258789,0.0
1460678400,94.94000244140625,95.05000305175781,94.51000213623047,94.69999694824219,0.0
1460937600,94.69999694824219,94.83000183105469,94.37999725341797,94.48999786376953,0.0
1461024000,94.48999786376953,94.55000305175781,93.93000030517578,93.9800033569336,0.0
1461110400,94.12999725341797,94.58999633789062,93.94000244140625,94.48999786376953,0.0
1461196800,94.52999877929688,94.69999694824219,93.91999816894531,94.5999984741211,0.0
1461283200,94.62000274658203,95.19999694824219,94.47000122070312,95.12000274658203,0.0
1461542400,95.11000061035156,95.11000061035156,94.68000030517578,94.83999633789062,0.0
1461628800,94.77999877929688,94.80999755859375,94.20999908447266,94.56999969482422,0.0
1461715200,94.52999877929688,94.80000305175781,94.1500015258789,94.38999938964844,0.0
1461801600,94.37999725341797,94.58000183105469,93.69000244140625,93.76000213623047,0.0
1461888000,93.80000305175781,93.80000305175781,93.01000213623047,93.08000183105469,0.0
1462147200,93.0199966430664,93.06999969482422,92.54000091552734,92.62999725341797,0.0
1462233600,92.5999984741211,92.98999786376953,91.91999816894531,92.94000244140625,0.0
1462320000,92.9800033569336,93.36000061035156,92.8499984741211,93.18000030517578,0.0
1462406400,93.22000122070312,93.86000061035156,93.16999816894531,93.77999877929688,0.0
1462492800,93.73999786376953,93.95999908447266,93.27999877929688,93.88999938964844,0.0
1462752000,93.83000183105469,94.19999694824219,93.80000305175781,94.1500015258789,0.0
1462838400,94.12999725341797,94.36000061035156,94.02999877929688,94.29000091552734,0.0
1462924800,94.26000213623047,94.26000213623047,93.68000030517578,93.81999969482422,0.0
1463011200,93.8499984741211,94.19000244140625,93.80000305175781,94.13999938964844,0.0
1463097600,94.12999725341797,94.8499984741211,94.12000274658203,94.61000061035156,0.0
1463356800,94.56999969482422,94.68000030517578,94.4000015258789,94.56999969482422,0.0
1463443200,94.56999969482422,94.70999908447266,94.33000183105469,94.55000305175781,0.0
1463529600,94.56999969482422,95.2699966430664,94.52999877929688,95.08000183105469,0.0
1463616000,95.13999938964844,95.5,95.12000274658203,95.29000091552734,0.0
1463702400,95.29000091552734,95.45999908447266,95.16999816894531,95.30999755859375,0.0
1463961600,95.29000091552734,95.4800033569336,95.0999984741211,95.2300033569336,0.0
1464048000,95.26000213623047,95.66000366210938,95.19999694824219,95.56999969482422,0.0
1464134400,95.62000274658203,95.66000366210938,95.33000183105469,95.3499984741211,0.0
1464220800,95.41999816894531,95.41999816894531,94.94000244140625,95.16999816894531,0.0
1464307200,95.13999938964844,95.77999877929688,95.08000183105469,95.5199966430664,0.0
1464652800,95.66000366210938,95.88999938964844,95.45999908447266,95.88999938964844,0.0
1464739200,95.81999969482422,95.9000015258789,95.33999633789062,95.45999908447266,0.0
1464825600,95.43000030517578,95.58999633789062,95.1500015258789,95.55999755859375,0.0
1464912000,95.55000305175781,95.63999938964844,93.87000274658203,94.02999877929688,0.0
1465171200,93.87000274658203,94.2699966430664,93.75,93.9000015258789,0.0
1465257600,94.01000213623047,94.08999633789062,93.75,93.83000183105469,0.0
1465344000,93.86000061035156,93.87000274658203,93.43000030517578,93.58999633789062,0.0
1465430400,93.55000305175781,94.12000274658203,93.43000030517578,94.0999984741211,0.0
1465516800,94.08999633789062,94.70999908447266,94.05000305175781,94.5999984741211,0.0
1465776000,94.63999938964844,94.75,94.23999786376953,94.37000274658203,0.0
1465862400,94.36000061035156,95.02999877929688,94.31999969482422,94.93000030517578,0.0
1465948800,94.91000366210938,95.04000091552734,94.36000061035156,94.61000061035156,0.0
1466035200,94.5999984741211,95.31999969482422,94.20999908447266,94.56999969482422,0.0
1466121600,94.56999969482422,94.58999633789062,94.06999969482422,94.20999908447266,0.0
1466380800,93.77999877929688,93.77999877929688,93.44999694824219,93.61000061035156,0.0
1466467200,93.61000061035156,94.13999938964844,93.43000030517578,94.0199966430664,0.0
1466553600,94.05000305175781,94.12000274658203,93.41999816894531,93.72000122070312,0.0
1466640000,93.5,93.61000061035156,93.0199966430664,93.52999877929688,0.0
1466726400,93.44999694824219,96.69999694824219,93.44999694824219,95.44999694824219,0.0
1466985600,95.52999877929688,96.70999908447266,95.52999877929688,96.54000091552734,0.0
1467072000,96.41000366210938,96.41000366210938,95.7699966430664,96.25,0.0
1467158400,96.04000091552734,96.19999694824219,95.58999633789062,95.7699966430664,0.0
1467244800,95.66999816894531,96.41999816894531,95.44000244140625,96.13999938964844,0.0
1467331200,95.88999938964844,96.08000183105469,95.41000366210938,95.6500015258789,0.0
1467676800,95.55000305175781,96.25,95.33999633789062,96.16999816894531,0.0
1467763200,96.26000213623047,96.5,95.9800033569336,96.05999755859375,0.0
1467849600,96.13999938964844,96.33999633789062,95.91999816894531,96.33000183105469,0.0
1467936000,96.29000091552734,96.69999694824219,95.83000183105469,96.30000305175781,0.0
1468195200,96.27999877929688,96.79000091552734,96.2699966430664,96.56999969482422,0.0
1468281600,96.55000305175781,96.63999938964844,96.06999969482422,96.44000244140625,0.0
1468368000,96.51000213623047,96.5999984741211,96.08999633789062,96.22000122070312,0.0
1468454400,96.2699966430664,96.37000274658203,95.83000183105469,96.08000183105469,0.0
1468540800,96.12999725341797,96.7300033569336,95.91000366210938,96.58000183105469,0.0
1468800000,96.58999633789062,96.70999908447266,96.47000122070312,96.55999755859375,0.0
1468886400,96.54000091552734,97.1500015258789,96.5199966430664,97.05000305175781,0.0
1468972800,97.05999755859375,97.31999969482422,96.98999786376953,97.19999694824219,0.0
1469059200,97.12999725341797,97.20999908447266,96.7300033569336,97.0,0.0
1469145600,96.91999816894531,97.54000091552734,96.83000183105469,97.47000122070312,0.0
1469404800,97.3499984741211,97.56999969482422,97.22000122070312,97.29000091552734,0.0
1469491200,97.27999877929688,97.31999969482422,96.8499984741211,97.16000366210938,0.0
1469577600,97.12999725341797,97.52999877929688,96.66999816894531,97.05000305175781,0.0
1469664000,96.7300033569336,96.7699966430664,96.29000091552734,96.73999786376953,0.0
1469750400,96.62999725341797,96.62999725341797,95.37999725341797,95.52999877929688,0.0
1470009600,95.51000213623047,95.81999969482422,95.51000213623047,95.70999908447266,0.0
1470096000,95.81999969482422,95.8499984741211,95.0,95.05999755859375,0.0
1470182400,95.12999725341797,95.61000061035156,95.12999725341797,95.55999755859375,0.0
1470268800,95.54000091552734,95.9000015258789,95.41999816894531,95.76000213623047,0.0
1470355200,95.79000091552734,96.5199966430664,95.55000305175781,96.19000244140625,0.0
1470614400,96.22000122070312,96.47000122070312,96.1500015258789,96.4000015258789,0.0
1470700800,96.37999725341797,96.5199966430664,96.08000183105469,96.18000030517578,0.0
1470787200,96.12000274658203,96.12000274658203,95.44000244140625,95.6500015258789,0.0
1470873600,95.56999969482422,95.97000122070312,95.51000213623047,95.86000061035156,0.0
1470960000,95.91999816894531,95.98999786376953,95.25,95.72000122070312,0.0
1471219200,95.68000030517578,95.80000305175781,95.47000122070312,95.62999725341797,0.0
1471305600,95.61000061035156,95.66000366210938,94.43000030517578,94.79000091552734,0.0
1471392000,94.80000305175781,95.0999984741211,94.51000213623047,94.72000122070312,0.0
1471478400,94.69999694824219,94.69999694824219,94.08000183105469,94.16000366210938,0.0
1471564800,94.2300033569336,94.62999725341797,94.22000122070312,94.51000213623047,0.0
1471824000,94.5,94.95999908447266,94.44000244140625,94.5199966430664,0.0
1471910400,94.55000305175781,94.58000183105469,94.20999908447266,94.54000091552734,0.0
1471996800,94.55000305175781,94.91000366210938,94.51000213623047,94.79000091552734,0.0
1472083200,94.77999877929688,94.83000183105469,94.58999633789062,94.7699966430664,0.0
1472169600,94.70999908447266,95.58999633789062,94.25,95.56999969482422,0.0
1472428800,95.45999908447266,95.83000183105469,95.45999908447266,95.58000183105469,0.0
1472515200,95.56999969482422,96.13999938964844,95.52999877929688,96.05000305175781,0.0
1472601600,96.01000213623047,96.26000213623047,95.9000015258789,96.0199966430664,0.0
1472688000,95.98999786376953,96.23999786376953,95.5999984741211,95.6500015258789,0.0
1472774400,95.66000366210938,95.95999908447266,95.19000244140625,95.87999725341797,0.0
1473120000,95.80000305175781,95.86000061035156,94.7699966430664,94.81999969482422,0.0
1473206400,94.9000015258789,95.05999755859375,94.69000244140625,94.95999908447266,0.0
1473292800,94.94000244140625,95.13999938964844,94.47000122070312,95.02999877929688,0.0
1473379200,94.94999694824219,95.58000183105469,94.80000305175781,95.33999633789062,0.0
1473638400,95.30000305175781,95.44999694824219,94.94000244140625,95.0999984741211,0.0
1473724800,95.12000274658203,95.66999816894531,95.08000183105469,95.62999725341797,0.0
1473811200,95.55999755859375,95.66000366210938,95.19999694824219,95.33000183105469,0.0
1473897600,95.33999633789062,95.55999755859375,95.08000183105469,95.29000091552734,0.0
1473984000,95.2300033569336,96.11000061035156,95.22000122070312,96.11000061035156,0.0
1474243200,96.04000091552734,96.05999755859375,95.6500015258789,95.83999633789062,0.0
1474329600,95.83000183105469,96.04000091552734,95.5999984741211,96.0199966430664,0.0
1474416000,96.0,96.33000183105469,95.48999786376953,95.66000366210938,0.0
1474502400,95.5,95.52999877929688,95.05000305175781,95.44999694824219,0.0
1474588800,95.37000274658203,95.68000030517578,95.33999633789062,95.4800033569336,0.0
1474848000,95.51000213623047,95.52999877929688,95.12999725341797,95.30999755859375,0.0
1474934400,95.31999969482422,95.66999816894531,95.23999786376953,95.44000244140625,0.0
1475020800,95.44999694824219,95.73999786376953,95.37000274658203,95.43000030517578,0.0
1475107200,95.37000274658203,95.68000030517578,95.33000183105469,95.54000091552734,0.0
1475193600,95.51000213623047,95.95999908447266,95.33999633789062,95.45999908447266,0.0
1475452800,95.41999816894531,95.80000305175781,95.41999816894531,95.75,0.0
1475539200,95.72000122070312,96.44000244140625,95.72000122070312,96.12000274658203,0.0
1475625600,96.0999984741211,96.30999755859375,95.95999908447266,96.12999725341797,0.0
1475712000,96.1500015258789,96.7699966430664,96.12000274658203,96.66000366210938,0.0
1475798400,97.13999938964844,97.19000244140625,96.4000015258789,96.5199966430664,0.0
1476144000,96.9000015258789,97.7300033569336,96.9000015258789,97.69999694824219,0.0
1476230400,97.55000305175781,98.04000091552734,97.45999908447266,97.97000122070312,0.0
1476316800,97.98999786376953,98.12999725341797,97.51000213623047,97.5199966430664,0.0
1476403200,97.52999877929688,98.12000274658203,97.51000213623047,98.0199966430664,0.0
1476662400,98.05999755859375,98.16999816894531,97.80999755859375,97.88999938964844,0.0
1476748800,97.87000274658203,97.95999908447266,97.61000061035156,97.9000015258789,0.0
1476835200,97.88999938964844,97.97000122070312,97.62999725341797,97.87000274658203,0.0
1476921600,97.8499984741211,98.4000015258789,97.66000366210938,98.31999969482422,0.0
1477008000,98.31999969482422,98.80999755859375,98.30999755859375,98.69999694824219,0.0
1477267200,98.62000274658203,98.8499984741211,98.54000091552734,98.66999816894531,0.0
1477353600,98.76000213623047,99.12000274658203,98.61000061035156,98.72000122070312,0.0
1477440000,98.69000244140625,98.83999633789062,98.33999633789062,98.62999725341797,0.0
1477526400,98.62000274658203,99.02999877929688,98.5,98.88999938964844,0.0
1477612800,98.91999816894531,98.94000244140625,98.23999786376953,98.3499984741211,0.0
1477872000,98.31999969482422,98.69999694824219,98.29000091552734,98.44999694824219,0.0
1477958400,98.38999938964844,98.4800033569336,97.63999938964844,97.69999694824219,0.0
1478044800,97.75,97.80000305175781,97.18000030517578,97.4000015258789,0.0
1478131200,97.37999725341797,97.45999908447266,97.04000091552734,97.16000366210938,0.0
1478217600,97.16000366210938,97.3499984741211,96.88999938964844,97.06999969482422,0.0
1478476800,97.54000091552734,97.87000274658203,97.22000122070312,97.77999877929688,0.0
1478563200,97.75,97.98999786376953,97.55000305175781,97.86000061035156,0.0
1478649600,97.66000366210938,98.69999694824219,95.88999938964844,98.5,0.0
1478736000,98.61000061035156,99.08000183105469,98.30999755859375,98.79000091552734,0.0
1479081600,99.0,100.22000122070312,99.0,100.11000061035156,0.0
1479168000,99.80000305175781,100.26000213623047,99.44999694824219,100.19000244140625,0.0
1479254400,100.16999816894531,100.56999969482422,99.9000015258789,100.41000366210938,0.0
1479340800,100.25,101.01000213623047,99.95999908447266,100.88999938964844,0.0
1479427200,100.98999786376953,101.4800033569336,100.83000183105469,101.20999908447266,0.0
1479686400,101.29000091552734,101.4000015258789,100.73999786376953,101.05000305175781,0.0
1479772800,100.79000091552734,101.31999969482422,100.6500015258789,101.04000091552734,0.0
1479859200,100.94000244140625,101.91000366210938,100.88999938964844,101.69999694824219,0.0
1480032000,101.81999969482422,101.91999816894531,101.20999908447266,101.48999786376953,0.0
1480291200,101.44000244140625,101.5999984741211,100.63999938964844,101.33000183105469,0.0
1480377600,101.16999816894531,101.63999938964844,100.86000061035156,100.93000030517578,0.0
1480464000,100.86000061035156,101.83000183105469,100.83999633789062,101.5,0.0
1480550400,101.51000213623047,101.58999633789062,100.87000274658203,101.04000091552734,0.0
1480636800,100.88999938964844,101.11000061035156,100.62000274658203,100.7699966430664,0.0
1480896000,100.66000366210938,101.54000091552734,99.8499984741211,100.13999938964844,0.0
1480982400,100.13999938964844,100.58000183105469,99.9800033569336,100.48999786376953,0.0
1481068800,100.4800033569336,100.5999984741211,100.13999938964844,100.2300033569336,0.0
1481155200,100.19000244140625,101.25,99.43000030517578,101.06999969482422,0.0
1481241600,101.08000183105469,101.73999786376953,101.01000213623047,101.56999969482422,0.0
1481500800,101.69000244140625,101.77999877929688,100.83999633789062,100.95999908447266,0.0
1481587200,100.9000015258789,101.16000366210938,100.75,101.02999877929688,0.0
1481673600,101.02999877929688,102.3499984741211,100.7300033569336,102.0,0.0
1481760000,102.25,103.55999755859375,102.16000366210938,103.12999725341797,0.0
1481846400,103.1500015258789,103.2699966430664,102.62000274658203,102.94999694824219,0.0
1482105600,102.93000030517578,103.20999908447266,102.5199966430664,103.13999938964844,0.0
1482192000,103.16000366210938,103.6500015258789,103.02999877929688,103.29000091552734,0.0
1482278400,103.26000213623047,103.37999725341797,102.7699966430664,103.0199966430664,0.0
1482364800,103.04000091552734,103.13999938964844,102.58999633789062,103.08999633789062,0.0
1482451200,103.06999969482422,103.2300033569336,102.87999725341797,103.01000213623047,0.0
1482796800,102.95999908447266,103.1500015258789,102.94999694824219,103.0199966430664,0.0
1482883200,103.01000213623047,103.62999725341797,102.87000274658203,103.26000213623047,0.0
1482969600,103.19999694824219,103.25,102.61000061035156,102.68000030517578,0.0
1483056000,102.13999938964844,102.58999633789062,101.91000366210938,102.38999938964844,0.0
1483401600,102.87000274658203,103.81999969482422,102.58999633789062,103.20999908447266,0.0
1483488000,103.18000030517578,103.44000244140625,102.38999938964844,102.69999694824219,0.0
1483574400,102.43000030517578,102.51000213623047,101.30000305175781,101.5199966430664,0.0
1483660800,101.41999816894531,102.29000091552734,101.37000274658203,102.22000122070312,0.0
1483920000,102.26000213623047,102.5199966430664,101.80000305175781,101.93000030517578,0.0
1484006400,101.8499984741211,102.0999984741211,101.51000213623047,102.01000213623047,0.0
1484092800,102.05999755859375,102.94999694824219,101.27999877929688,101.77999877929688,0.0
1484179200,101.66999816894531,101.80000305175781,100.72000122070312,101.3499984741211,0.0
1484265600,101.48999786376953,101.66999816894531,101.01000213623047,101.18000030517578,0.0
1484611200,101.55000305175781,101.62000274658203,100.27999877929688,100.33000183105469,0.0
1484697600,100.44000244140625,101.33999633789062,100.31999969482422,100.93000030517578,0.0
1484784000,101.33999633789062,101.7300033569336,100.97000122070312,101.1500015258789,0.0
1484870400,101.1500015258789,101.5,100.69999694824219,100.73999786376953,0.0
1485129600,100.72000122070312,100.72000122070312,99.93000030517578,100.16000366210938,0.0
1485216000,100.06999969482422,100.43000030517578,99.91999816894531,100.3499984741211,0.0
1485302400,100.30999755859375,100.41000366210938,99.83999633789062,100.02999877929688,0.0
1485388800,99.91000366210938,100.7300033569336,99.79000091552734,100.37999725341797,0.0
1485475200,100.47000122070312,100.81999969482422,100.31999969482422,100.52999877929688,0.0
1485734400,100.3499984741211,101.0199966430664,100.16999816894531,100.43000030517578,0.0
1485820800,100.33000183105469,100.51000213623047,99.43000030517578,99.51000213623047,0.0
1485907200,99.55999755859375,100.04000091552734,99.5,99.63999938964844,0.0
1485993600,99.73999786376953,99.8499984741211,99.2300033569336,99.8499984741211,0.0
1486080000,99.80000305175781,100.26000213623047,99.55999755859375,99.87000274658203,0.0
1486339200,99.62000274658203,100.25,99.62000274658203,99.91000366210938,0.0
1486425600,99.93000030517578,100.72000122070312,99.91000366210938,100.26000213623047,0.0
1486512000,100.44000244140625,100.63999938964844,100.05999755859375,100.27999877929688,0.0
1486598400,100.2300033569336,100.66999816894531,100.08000183105469,100.6500015258789,0.0
1486684800,100.66000366210938,101.01000213623047,100.58000183105469,100.80000305175781,0.0
1486944000,100.8499984741211,101.11000061035156,100.58000183105469,100.95999908447266,0.0
1487030400,100.97000122070312,101.37999725341797,100.69999694824219,101.25,0.0
1487116800,101.20999908447266,101.76000213623047,101.0,101.18000030517578,0.0
1487203200,101.05000305175781,101.06999969482422,100.41000366210938,100.44000244140625,0.0
1487289600,100.54000091552734,100.95999908447266,100.44999694824219,100.94999694824219,0.0
1487635200,100.94000244140625,101.5999984741211,100.91000366210938,101.37000274658203,0.0
1487721600,101.38999938964844,101.72000122070312,101.16999816894531,101.33000183105469,0.0
1487808000,101.37000274658203,101.44000244140625,100.87000274658203,101.05000305175781,0.0
1487894400,100.95999908447266,101.16999816894531,100.66000366210938,101.08999633789062,0.0
1488153600,101.08000183105469,101.2699966430664,100.69000244140625,101.12999725341797,0.0
1488240000,101.20999908447266,101.38999938964844,100.77999877929688,101.12000274658203,0.0
1488326400,101.44000244140625,101.97000122070312,101.2300033569336,101.77999877929688,0.0
1488412800,101.91000366210938,102.26000213623047,101.77999877929688,102.19999694824219,0.0
1488499200,102.12000274658203,102.16999816894531,101.33999633789062,101.54000091552734,0.0
1488758400,101.44000244140625,101.75,101.22000122070312,101.63999938964844,0.0
1488844800,101.68000030517578,101.91000366210938,101.52999877929688,101.80999755859375,0.0
1488931200,101.79000091552734,102.19000244140625,101.70999908447266,102.06999969482422,0.0
1489017600,102.11000061035156,102.25,101.69999694824219,101.8499984741211,0.0
1489104000,102.0,102.0,101.16999816894531,101.25,0.0
1489363200,101.27999877929688,101.38999938964844,101.01000213623047,101.37999725341797,0.0
1489449600,101.41000366210938,101.79000091552734,101.33999633789062,101.69999694824219,0.0
1489536000,101.72000122070312,101.72000122070312,100.48999786376953,100.73999786376953,0.0
1489622400,100.55999755859375,100.75,100.2300033569336,100.2699966430664,0.0
1489708800,100.25,100.47000122070312,100.13999938964844,100.30000305175781,0.0
1489968000,100.33999633789062,100.44999694824219,100.0199966430664,100.41000366210938,0.0
1490054400,100.37999725341797,100.37999725341797,99.66000366210938,99.80999755859375,0.0
1490140800,99.69000244140625,99.93000030517578,99.55000305175781,99.68000030517578,0.0
1490227200,99.73999786376953,99.87000274658203,99.62999725341797,99.76000213623047,0.0
1490313600,99.7699966430664,100.0,99.52999877929688,99.62999725341797,0.0
1490572800,99.43000030517578,99.43000030517578,98.86000061035156,99.16999816894531,0.0
1490659200,99.22000122070312,99.79000091552734,99.12000274658203,99.70999908447266,0.0
1490745600,99.70999908447266,100.12999725341797,99.66999816894531,100.0,0.0
1490832000,99.95999908447266,100.58999633789062,99.93000030517578,100.41000366210938,0.0
1490918400,100.48999786376953,100.6500015258789,100.25,100.3499984741211,0.0
1491177600,100.5,100.69000244140625,100.37000274658203,100.54000091552734,0.0
1491264000,100.5,100.7300033569336,100.41999816894531,100.54000091552734,0.0
1491350400,100.52999877929688,100.8499984741211,100.41000366210938,100.55999755859375,0.0
1491436800,100.5199966430664,100.7699966430664,100.37999725341797,100.66999816894531,0.0
1491523200,100.73999786376953,101.26000213623047,100.5199966430664,101.18000030517578,0.0
1491782400,101.12999725341797,101.33999633789062,100.94000244140625,101.0199966430664,0.0
1491868800,100.95999908447266,101.08000183105469,100.58000183105469,100.70999908447266,0.0
1491955200,100.73999786376953,100.81999969482422,100.08999633789062,100.77999877929688,0.0
1492041600,100.16000366210938,100.5999984741211,100.01000213623047,100.55999755859375,0.0
1492387200,100.47000122070312,100.47000122070312,100.0,100.30000305175781,0.0
1492473600,100.3499984741211,100.4000015258789,99.47000122070312,99.5,0.0
1492560000,99.51000213623047,99.88999938964844,99.51000213623047,99.73999786376953,0.0
1492646400,99.77999877929688,99.8499984741211,99.37000274658203,99.77999877929688,0.0
1492732800,99.83999633789062,100.02999877929688,99.6500015258789,99.9800033569336,0.0
1492992000,98.79000091552734,99.33000183105469,98.79000091552734,99.08999633789062,0.0
1493078400,99.05000305175781,99.22000122070312,98.69999694824219,98.81999969482422,0.0
1493164800,98.8499984741211,99.33000183105469,98.7300033569336,98.95999908447266,0.0
1493251200,98.94999694824219,99.33000183105469,98.80999755859375,99.08000183105469,0.0
1493337600,99.16999816894531,99.25,98.72000122070312,99.05000305175781,0.0
1493596800,98.93000030517578,99.20999908447266,98.88999938964844,99.13999938964844,0.0
1493683200,99.06999969482422,99.22000122070312,98.91999816894531,98.9800033569336,0.0
1493769600,98.93000030517578,99.38999938964844,98.88999938964844,99.20999908447266,0.0
1493856000,99.3499984741211,99.45999908447266,98.70999908447266,98.76000213623047,0.0
1493942400,98.7699966430664,98.9800033569336,98.54000091552734,98.6500015258789,0.0
1494201600,98.5,99.18000030517578,98.5,99.1500015258789,0.0
1494288000,99.13999938964844,99.69000244140625,99.08000183105469,99.58999633789062,0.0
1494374400,99.47000122070312,99.72000122070312,99.37000274658203,99.66999816894531,0.0
1494460800,99.66000366210938,99.88999938964844,99.48999786376953,99.62000274658203,0.0
1494547200,99.62999725341797,99.69999694824219,99.16000366210938,99.25,0.0
1494806400,99.16000366210938,99.26000213623047,98.79000091552734,98.91000366210938,0.0
1494892800,98.87000274658203,98.88999938964844,98.08000183105469,98.11000061035156,0.0
1494979200,98.08999633789062,98.12999725341797,97.41999816894531,97.41999816894531,0.0
1495065600,97.43000030517578,98.06999969482422,97.37000274658203,97.87999725341797,0.0
1495152000,97.8499984741211,97.8499984741211,97.08000183105469,97.1500015258789,0.0
1495411200,97.16000366210938,97.44000244140625,96.80000305175781,96.9800033569336,0.0
1495497600,96.94999694824219,97.41999816894531,96.80000305175781,97.3499984741211,0.0
1495584000,97.33999633789062,97.47000122070312,97.02999877929688,97.23999786376953,0.0
1495670400,97.08000183105469,97.27999877929688,96.87999725341797,97.25,0.0
1495756800,97.2300033569336,97.55000305175781,97.04000091552734,97.4000015258789,0.0
1496102400,97.63999938964844,97.77999877929688,97.22000122070312,97.27999877929688,0.0
1496188800,97.43000030517578,97.5,96.86000061035156,96.91999816894531,0.0
1496275200,96.98999786376953,97.31999969482422,96.9000015258789,97.19999694824219,0.0
1496361600,97.19000244140625,97.30999755859375,96.6500015258789,96.72000122070312,0.0
1496620800,96.68000030517578,96.97000122070312,96.68000030517578,96.80000305175781,0.0
1496707200,96.79000091552734,96.80000305175781,96.5199966430664,96.63999938964844,0.0
1496793600,96.54000091552734,96.9800033569336,96.51000213623047,96.75,0.0
1496880000,96.69999694824219,97.16000366210938,96.58999633789062,96.91999816894531,0.0
1496966400,97.19000244140625,97.5,97.1500015258789,97.2699966430664,0.0
1497225600,97.2699966430664,97.31999969482422,97.04000091552734,97.13999938964844,0.0
1497312000,97.16999816894531,97.27999877929688,96.94999694824219,96.9800033569336,0.0
1497398400,97.0,97.12999725341797,96.31999969482422,96.94000244140625,0.0
1497484800,96.93000030517578,97.55999755859375,96.83999633789062,97.43000030517578,0.0
1497571200,97.4800033569336,97.55999755859375,97.0999984741211,97.16000366210938,0.0
1497830400,97.11000061035156,97.58000183105469,97.05000305175781,97.52999877929688,0.0
1497916800,97.54000091552734,97.87000274658203,97.43000030517578,97.75,0.0
1498003200,97.7300033569336,97.80000305175781,97.5199966430664,97.55999755859375,0.0
1498089600,97.54000091552734,97.6500015258789,97.43000030517578,97.54000091552734,0.0
1498176000,97.55999755859375,97.58000183105469,97.18000030517578,97.30000305175781,0.0
1498435200,97.30000305175781,97.47000122070312,97.11000061035156,97.43000030517578,0.0
1498521600,97.43000030517578,97.44999694824219,96.33999633789062,96.47000122070312,0.0
1498608000,96.43000030517578,96.62000274658203,95.97000122070312,96.05000305175781,0.0
1498694400,96.04000091552734,96.05000305175781,95.52999877929688,95.62999725341797,0.0
1498780800,95.54000091552734,95.83000183105469,95.47000122070312,95.66000366210938,0.0
1499040000,95.62000274658203,96.23999786376953,95.62000274658203,96.19999694824219,0.0
1499212800,96.19000244140625,96.51000213623047,96.06999969482422,96.29000091552734,0.0
1499299200,96.19000244140625,96.33999633789062,95.79000091552734,95.81999969482422,0.0
1499385600,95.80999755859375,96.1500015258789,95.75,96.01000213623047,0.0
1499644800,96.04000091552734,96.19999694824219,95.94999694824219,96.05000305175781,0.0
1499731200,96.06999969482422,96.20999908447266,95.6500015258789,95.73999786376953,0.0
1499817600,95.77999877929688,95.9800033569336,95.51000213623047,95.79000091552734,0.0
1499904000,95.77999877929688,95.91999816894531,95.45999908447266,95.7300033569336,0.0
1499990400,95.80000305175781,95.83000183105469,95.08999633789062,95.11000061035156,0.0
1500249600,95.0999984741211,95.3499984741211,95.0199966430664,95.12999725341797,0.0
1500336000,95.16000366210938,95.19000244140625,94.4800033569336,94.66000366210938,0.0
1500422400,94.69000244140625,94.88999938964844,94.63999938964844,94.80000305175781,0.0
1500508800,94.7699966430664,95.16999816894531,94.08999633789062,94.2699966430664,0.0
1500595200,94.29000091552734,94.36000061035156,93.8499984741211,93.94000244140625,0.0
1500854400,93.94999694824219,94.12000274658203,93.81999969482422,93.9800033569336,0.0
1500940800,94.02999877929688,94.12000274658203,93.63999938964844,94.05000305175781,0.0
1501027200,94.08999633789062,94.29000091552734,93.4000015258789,93.66999816894531,0.0
1501113600,93.45999908447266,94.0999984741211,93.1500015258789,93.86000061035156,0.0
1501200000,93.87000274658203,93.94999694824219,93.26000213623047,93.26000213623047,0.0
1501459200,93.36000061035156,93.54000091552734,92.77999877929688,92.86000061035156,0.0
1501545600,92.88999938964844,93.12000274658203,92.77999877929688,93.02999877929688,0.0
1501632000,93.05999755859375,93.16000366210938,92.55000305175781,92.83000183105469,0.0
1501718400,92.9000015258789,93.04000091552734,92.68000030517578,92.80999755859375,0.0
1501804800,92.75,93.7699966430664,92.69999694824219,93.54000091552734,0.0
1502064000,93.5,93.54000091552734,93.30000305175781,93.43000030517578,0.0
1502150400,93.44999694824219,93.87999725341797,93.23999786376953,93.63999938964844,0.0
1502236800,93.55999755859375,93.88999938964844,93.48999786376953,93.5199966430664,0.0
1502323200,93.5,93.80999755859375,93.31999969482422,93.4000015258789,0.0
1502409600,93.43000030517578,93.51000213623047,92.93000030517578,93.06999969482422,0.0
1502668800,93.08999633789062,93.5,93.05000305175781,93.45999908447266,0.0
1502755200,93.47000122070312,94.13999938964844,93.44000244140625,93.8499984741211,0.0
1502841600,93.83999633789062,94.1500015258789,93.4800033569336,93.48999786376953,0.0
1502928000,93.44000244140625,94.08000183105469,93.30999755859375,93.62000274658203,0.0
1503014400,93.68000030517578,93.76000213623047,93.33000183105469,93.43000030517578,0.0
1503273600,93.43000030517578,93.58000183105469,93.0,93.0999984741211,0.0
1503360000,93.13999938964844,93.58000183105469,93.05999755859375,93.55000305175781,0.0
1503446400,93.51000213623047,93.62999725341797,93.12999725341797,93.1500015258789,0.0
1503532800,93.16000366210938,93.37999725341797,93.13999938964844,93.27999877929688,0.0
1503619200,93.2699966430664,93.44000244140625,92.41999816894531,92.73999786376953,0.0
1503878400,92.36000061035156,92.55000305175781,92.18000030517578,92.20999908447266,0.0
1503964800,92.22000122070312,92.4800033569336,91.62000274658203,92.3499984741211,0.0
1504051200,92.30000305175781,92.94999694824219,92.25,92.87999725341797,0.0
1504137600,92.8499984741211,93.3499984741211,92.58000183105469,92.66999816894531,0.0
1504224000,92.61000061035156,92.93000030517578,92.0999984741211,92.80999755859375,0.0
1504569600,92.5999984741211,92.7300033569336,92.18000030517578,92.30999755859375,0.0
1504656000,92.23999786376953,92.37999725341797,91.98999786376953,92.29000091552734,0.0
1504742400,92.19999694824219,92.25,91.41000366210938,91.52999877929688,0.0
1504828800,91.48999786376953,91.51000213623047,91.01000213623047,91.33000183105469,0.0
1505088000,91.86000061035156,91.98999786376953,91.41999816894531,91.86000061035156,0.0
1505174400,91.86000061035156,92.08000183105469,91.7699966430664,91.91000366210938,0.0
1505260800,91.87999725341797,92.52999877929688,91.70999908447266,92.5199966430664,0.0
1505347200,92.3499984741211,92.66000366210938,92.02999877929688,92.12000274658203,0.0
1505433600,92.0,92.16999816894531,91.58000183105469,91.87000274658203,0.0
1505692800,91.93000030517578,92.20999908447266,91.80000305175781,92.05000305175781,0.0
1505779200,91.9800033569336,92.05000305175781,91.75,91.79000091552734,0.0
1505865600,91.83000183105469,92.69999694824219,91.52999877929688,92.51000213623047,0.0
1505952000,92.47000122070312,92.66000366210938,92.0999984741211,92.26000213623047,0.0
1506038400,92.18000030517578,92.22000122070312,91.77999877929688,92.16999816894531,0.0
1506297600,92.31999969482422,92.72000122070312,92.20999908447266,92.6500015258789,0.0
1506384000,92.5999984741211,93.29000091552734,92.55000305175781,92.97000122070312,0.0
1506470400,93.04000091552734,93.61000061035156,93.01000213623047,93.36000061035156,0.0
1506556800,93.47000122070312,93.66999816894531,93.06999969482422,93.08999633789062,0.0
1506643200,93.16999816894531,93.2699966430664,92.94999694824219,93.08000183105469,0.0
1506902400,93.29000091552734,93.66000366210938,93.12000274658203,93.55999755859375,0.0
1506988800,93.5999984741211,93.91999816894531,93.43000030517578,93.56999969482422,0.0
1507075200,93.58999633789062,93.58999633789062,93.26000213623047,93.45999908447266,0.0
1507161600,93.4800033569336,93.98999786376953,93.41000366210938,93.95999908447266,0.0
1507248000,93.91999816894531,94.2699966430664,93.7699966430664,93.80000305175781,0.0
1507507200,93.7699966430664,93.83999633789062,93.62000274658203,93.73999786376953,0.0
1507593600,93.7300033569336,93.73999786376953,93.13999938964844,93.29000091552734,0.0
1507680000,93.26000213623047,93.37000274658203,92.9000015258789,92.95999908447266,0.0
1507766400,92.94999694824219,93.2300033569336,92.80000305175781,93.12000274658203,0.0
1507852800,93.08999633789062,93.23999786376953,92.75,93.08999633789062,0.0
1508112000,93.06999969482422,93.36000061035156,93.06999969482422,93.27999877929688,0.0
1508198400,93.31999969482422,93.7300033569336,93.27999877929688,93.48999786376953,0.0
1508284800,93.4800033569336,93.80000305175781,93.36000061035156,93.36000061035156,0.0
1508371200,93.41999816894531,93.55000305175781,93.05999755859375,93.2699966430664,0.0
1508457600,93.16000366210938,93.77999877929688,93.12000274658203,93.69999694824219,0.0
1508716800,93.83999633789062,94.0199966430664,93.68000030517578,93.94000244140625,0.0
1508803200,93.83000183105469,93.98999786376953,93.68000030517578,93.95999908447266,0.0
1508889600,93.94000244140625,94.01000213623047,93.61000061035156,93.70999908447266,0.0
1508976000,93.62999725341797,94.72000122070312,93.4800033569336,94.61000061035156,0.0
1509062400,94.72000122070312,95.1500015258789,94.72000122070312,94.91999816894531,0.0
1509321600,94.79000091552734,94.9000015258789,94.44000244140625,94.48999786376953,0.0
1509408000,94.54000091552734,94.69999694824219,94.44999694824219,94.55000305175781,0.0
1509494400,94.55000305175781,94.8499984741211,94.51000213623047,94.81999969482422,0.0
1509580800,94.80000305175781,94.80000305175781,94.41000366210938,94.69000244140625,0.0
1509667200,94.7300033569336,95.0199966430664,94.41000366210938,94.94000244140625,0.0
1509926400,94.87000274658203,95.08000183105469,94.70999908447266,94.72000122070312,0.0
1510012800,94.72000122070312,95.1500015258789,94.69999694824219,94.91000366210938,0.0
1510099200,94.80000305175781,94.97000122070312,94.77999877929688,94.87000274658203,0.0
1510185600,94.87999725341797,94.95999908447266,94.41999816894531,94.44000244140625,0.0
1510272000,94.5,94.6500015258789,94.26000213623047,94.38999938964844,0.0
1510531200,94.41000366210938,94.63999938964844,94.4000015258789,94.48999786376953,0.0
1510617600,94.5199966430664,94.54000091552734,93.75,93.83000183105469,0.0
1510704000,93.86000061035156,93.91000366210938,93.4000015258789,93.80999755859375,0.0
1510790400,93.83999633789062,94.0,93.7699966430664,93.93000030517578,0.0
1510876800,93.87000274658203,93.93000030517578,93.51000213623047,93.66000366210938,0.0
1511136000,93.70999908447266,94.0999984741211,93.58000183105469,94.08000183105469,0.0
1511222400,94.04000091552734,94.16999816894531,93.87999725341797,93.94999694824219,0.0
1511308800,93.93000030517578,93.95999908447266,93.20999908447266,93.22000122070312,0.0
1511481600,93.12999725341797,93.25,92.68000030517578,92.76000213623047,0.0
1511740800,92.69000244140625,92.9800033569336,92.5,92.9000015258789,0.0
1511827200,92.88999938964844,93.33999633789062,92.83000183105469,93.26000213623047,0.0
1511913600,93.22000122070312,93.44000244140625,92.98999786376953,93.26000213623047,0.0
1512000000,93.26000213623047,93.51000213623047,92.7300033569336,93.01000213623047,0.0
1512086400,93.02999877929688,93.25,92.5999984741211,92.9000015258789,0.0
1512345600,93.22000122070312,93.36000061035156,93.06999969482422,93.19000244140625,0.0
1512432000,93.08999633789062,93.48999786376953,93.04000091552734,93.37999725341797,0.0
1512518400,93.30999755859375,93.6500015258789,93.16999816894531,93.61000061035156,0.0
1512604800,93.54000091552734,93.80000305175781,93.51000213623047,93.80000305175781,0.0
1512691200,93.79000091552734,94.08999633789062,93.7699966430664,93.9000015258789,0.0
1512950400,93.91999816894531,93.9800033569336,93.66999816894531,93.87000274658203,0.0
1513036800,93.91000366210938,94.22000122070312,93.76000213623047,94.0999984741211,0.0
1513123200,94.05999755859375,94.11000061035156,93.41000366210938,93.43000030517578,0.0
1513209600,93.41000366210938,93.76000213623047,93.27999877929688,93.48999786376953,0.0
1513296000,93.6500015258789,94.0,93.41000366210938,93.93000030517578,0.0
1513555200,93.9800033569336,94.02999877929688,93.37999725341797,93.69999694824219,0.0
1513641600,93.70999908447266,93.76000213623047,93.43000030517578,93.47000122070312,0.0
1513728000,93.5,93.54000091552734,93.16000366210938,93.3499984741211,0.0
1513814400,93.30999755859375,93.5,93.23999786376953,93.27999877929688,0.0
1513900800,93.37000274658203,93.55999755859375,93.30999755859375,93.3499984741211,0.0
1514246400,93.25,93.4000015258789,93.19999694824219,93.26000213623047,0.0
1514332800,93.30000305175781,93.30999755859375,92.95999908447266,93.02999877929688,0.0
1514419200,93.0,93.0199966430664,92.56999969482422,92.5999984741211,0.0
1514505600,92.66999816894531,92.66999816894531,92.08000183105469,92.12000274658203,0.0
1514851200,92.23999786376953,92.25,91.75,91.8499984741211,0.0
1514937600,91.81999969482422,92.26000213623047,91.80999755859375,92.16000366210938,0.0
1515024000,92.22000122070312,92.26000213623047,91.80000305175781,91.8499984741211,0.0
1515110400,91.87000274658203,92.0999984741211,91.77999877929688,91.94999694824219,0.0
1515369600,92.05999755859375,92.4000015258789,91.87999725341797,92.33000183105469,0.0
1515456000,92.33999633789062,92.63999938964844,92.20999908447266,92.52999877929688,0.0
1515542400,92.56999969482422,92.58000183105469,91.91999816894531,92.33000183105469,0.0
1515628800,92.33000183105469,92.55000305175781,91.79000091552734,91.8499984741211,0.0
1515715200,91.8499984741211,91.87999725341797,90.9000015258789,90.97000122070312,0.0
1516060800,90.44000244140625,90.83000183105469,90.33999633789062,90.38999938964844,0.0
1516147200,90.4000015258789,90.81999969482422,90.33999633789062,90.54000091552734,0.0
1516233600,90.77999877929688,91.0,90.11000061035156,90.5,0.0
1516320000,90.5,90.9800033569336,90.41000366210938,90.56999969482422,0.0
1516579200,90.66999816894531,90.69999694824219,90.16000366210938,90.4000015258789,0.0
1516665600,90.38999938964844,90.69999694824219,90.08999633789062,90.12000274658203,0.0
1516752000,90.0,90.58999633789062,89.20999908447266,89.20999908447266,0.0
1516838400,89.31999969482422,90.11000061035156,89.16000366210938,89.38999938964844,0.0
1516924800,89.4000015258789,89.58000183105469,88.44000244140625,89.06999969482422,0.0
1517184000,89.0199966430664,89.62000274658203,89.01000213623047,89.30999755859375,0.0
1517270400,89.37000274658203,89.63999938964844,88.91000366210938,89.19000244140625,0.0
1517356800,89.0999984741211,89.30000305175781,88.77999877929688,89.12999725341797,0.0
1517443200,89.04000091552734,89.33000183105469,88.55999755859375,88.66999816894531,0.0
1517529600,88.63999938964844,89.43000030517578,88.58999633789062,89.19999694824219,0.0
1517788800,89.19000244140625,89.66999816894531,89.0199966430664,89.55000305175781,0.0
1517875200,89.66000366210938,90.02999877929688,89.37000274658203,89.58999633789062,0.0
1517961600,89.62999725341797,90.4000015258789,89.47000122070312,90.26000213623047,0.0
1518048000,90.2699966430664,90.56999969482422,90.01000213623047,90.2300033569336,0.0
1518134400,90.25,90.55999755859375,90.12000274658203,90.44000244140625,0.0
1518393600,90.33000183105469,90.43000030517578,90.06999969482422,90.20999908447266,0.0
1518480000,90.08999633789062,90.18000030517578,89.61000061035156,89.69999694824219,0.0
1518566400,89.69000244140625,90.12000274658203,88.94000244140625,89.12000274658203,0.0
1518652800,88.95999908447266,89.0,88.54000091552734,88.58999633789062,0.0
1518739200,88.56999969482422,89.2300033569336,88.25,89.0999984741211,0.0
1519084800,89.23999786376953,89.80000305175781,89.22000122070312,89.72000122070312,0.0
1519171200,89.70999908447266,90.12999725341797,89.58999633789062,90.08000183105469,0.0
1519257600,90.16000366210938,90.23999786376953,89.63999938964844,89.75,0.0
1519344000,89.77999877929688,90.05999755859375,89.76000213623047,89.87999725341797,0.0
1519603200,89.87999725341797,90.05000305175781,89.5,89.81999969482422,0.0
1519689600,89.80000305175781,90.5,89.69000244140625,90.36000061035156,0.0
1519776000,90.41000366210938,90.69999694824219,90.30999755859375,90.61000061035156,0.0
1519862400,90.66999816894531,90.93000030517578,90.22000122070312,90.31999969482422,0.0
1519948800,90.25,90.29000091552734,89.87999725341797,89.94000244140625,0.0
1520208000,89.83000183105469,90.22000122070312,89.83000183105469,90.08000183105469,0.0
1520294400,89.95999908447266,90.05999755859375,89.5,89.62000274658203,0.0
1520380800,89.51000213623047,89.77999877929688,89.41000366210938,89.63999938964844,0.0
1520467200,89.58999633789062,90.2300033569336,89.44000244140625,90.12000274658203,0.0
1520553600,90.19999694824219,90.36000061035156,90.0,90.08999633789062,0.0
1520812800,90.11000061035156,90.19000244140625,89.83999633789062,89.9000015258789,0.0
1520899200,89.91000366210938,90.11000061035156,89.58999633789062,89.66000366210938,0.0
1520985600,89.69999694824219,89.88999938964844,89.55999755859375,89.69999694824219,0.0
1521072000,89.75,90.16999816894531,89.62000274658203,90.13999938964844,0.0
1521158400,90.13999938964844,90.37999725341797,89.88999938964844,90.2300033569336,0.0
1521417600,90.19999694824219,90.3499984741211,89.76000213623047,89.9000015258789,0.0
1521504000,89.87999725341797,90.44999694824219,89.8499984741211,90.37000274658203,0.0
1521590400,90.4000015258789,90.4000015258789,89.62999725341797,89.77999877929688,0.0
1521676800,89.6500015258789,89.95999908447266,89.4000015258789,89.86000061035156,0.0
1521763200,89.69000244140625,89.73999786376953,89.4000015258789,89.44000244140625,0.0
1522022400,89.47000122070312,89.5199966430664,88.9800033569336,89.02999877929688,0.0
1522108800,89.0199966430664,89.62999725341797,88.94000244140625,89.37000274658203,0.0
1522195200,89.31999969482422,90.1500015258789,89.25,90.05999755859375,0.0
1522281600,90.06999969482422,90.18000030517578,89.9000015258789,90.1500015258789,0.0
1522627200,89.97000122070312,90.1500015258789,89.81999969482422,90.05000305175781,0.0
1522713600,90.0199966430664,90.27999877929688,89.8499984741211,90.19999694824219,0.0
1522800000,90.16000366210938,90.2300033569336,89.91999816894531,90.13999938964844,0.0
1522886400,90.08999633789062,90.58999633789062,90.06999969482422,90.45999908447266,0.0
1522972800,90.37999725341797,90.5999984741211,90.06999969482422,90.11000061035156,0.0
1523232000,90.06999969482422,90.2699966430664,89.81999969482422,89.83999633789062,0.0
1523318400,89.83000183105469,89.97000122070312,89.54000091552734,89.58999633789062,0.0
1523404800,89.58000183105469,89.66999816894531,89.36000061035156,89.56999969482422,0.0
1523491200,89.5199966430664,89.95999908447266,89.44000244140625,89.75,0.0
1523577600,89.76000213623047,89.87999725341797,89.66000366210938,89.80000305175781,0.0
1523836800,89.7699966430664,89.8499984741211,89.38999938964844,89.43000030517578,0.0
1523923200,89.41000366210938,89.66999816894531,89.2300033569336,89.5199966430664,0.0
1524009600,89.51000213623047,89.77999877929688,89.44999694824219,89.62000274658203,0.0
1524096000,89.62000274658203,89.94999694824219,89.5,89.94000244140625,0.0
1524182400,89.9000015258789,90.4800033569336,89.88999938964844,90.31999969482422,0.0
1524441600,90.31999969482422,90.98999786376953,90.31999969482422,90.94000244140625,0.0
1524528000,90.91999816894531,91.08000183105469,90.70999908447266,90.7699966430664,0.0
1524614400,90.77999877929688,91.26000213623047,90.75,91.16999816894531,0.0
1524700800,91.20999908447266,91.63999938964844,90.95999908447266,91.55999755859375,0.0
1524787200,91.58000183105469,91.98999786376953,91.48999786376953,91.54000091552734,0.0
1525046400,91.52999877929688,91.91999816894531,91.4800033569336,91.83999633789062,0.0
1525132800,91.80999755859375,92.56999969482422,91.80000305175781,92.44999694824219,0.0
1525219200,92.47000122070312,92.83000183105469,92.22000122070312,92.51000213623047,0.0
1525305600,92.72000122070312,92.76000213623047,92.3499984741211,92.41000366210938,0.0
1525392000,92.43000030517578,92.9000015258789,92.3499984741211,92.56999969482422,0.0
1525651200,92.56999969482422,92.97000122070312,92.44999694824219,92.75,0.0
1525737600,92.7699966430664,93.27999877929688,92.6500015258789,93.12000274658203,0.0
1525824000,93.06999969482422,93.41999816894531,92.83999633789062,93.04000091552734,0.0
1525910400,93.08000183105469,93.16000366210938,92.54000091552734,92.6500015258789,0.0
1525996800,92.69000244140625,92.83999633789062,92.37000274658203,92.54000091552734,0.0
1526256000,92.55000305175781,92.69000244140625,92.23999786376953,92.58999633789062,0.0
1526342400,92.6500015258789,93.45999908447266,92.61000061035156,93.22000122070312,0.0
1526428800,93.30999755859375,93.62999725341797,93.13999938964844,93.38999938964844,0.0
1526515200,93.26000213623047,93.56999969482422,93.12000274658203,93.47000122070312,0.0
1526601600,93.5,93.83000183105469,93.33999633789062,93.63999938964844,0.0
1526860800,93.66999816894531,94.05999755859375,93.51000213623047,93.68000030517578,0.0
1526947200,93.54000091552734,93.7300033569336,93.29000091552734,93.61000061035156,0.0
1527033600,93.55000305175781,94.19000244140625,93.51000213623047,94.01000213623047,0.0
1527120000,93.91999816894531,93.9800033569336,93.61000061035156,93.77999877929688,0.0
1527206400,93.80000305175781,94.27999877929688,93.75,94.19000244140625,0.0
1527552000,94.41000366210938,95.02999877929688,94.27999877929688,94.83000183105469,0.0
1527638400,94.81999969482422,94.97000122070312,94.04000091552734,94.1500015258789,0.0
1527724800,94.06999969482422,94.25,93.72000122070312,93.98999786376953,0.0
1527811200,93.94999694824219,94.44999694824219,93.87999725341797,94.19000244140625,0.0
1528070400,94.16000366210938,94.19999694824219,93.66000366210938,94.0199966430664,0.0
1528156800,94.05999755859375,94.31999969482422,93.77999877929688,93.88999938964844,0.0
1528243200,93.87999725341797,93.88999938964844,93.41999816894531,93.66000366210938,0.0
1528329600,93.58999633789062,93.58999633789062,93.20999908447266,93.4000015258789,0.0
1528416000,93.44000244140625,93.81999969482422,93.38999938964844,93.55000305175781,0.0
1528675200,93.54000091552734,93.68000030517578,93.37000274658203,93.58000183105469,0.0
1528761600,93.66999816894531,93.91000366210938,93.47000122070312,93.80000305175781,0.0
1528848000,93.83000183105469,94.02999877929688,93.5199966430664,93.70999908447266,0.0
1528934400,93.5,94.87000274658203,93.19000244140625,94.7699966430664,0.0
1529020800,94.91000366210938,95.12999725341797,94.6500015258789,94.79000091552734,0.0
1529280000,94.79000091552734,95.05000305175781,94.69999694824219,94.75,0.0
1529366400,94.73999786376953,95.30000305175781,94.52999877929688,95.08999633789062,0.0
1529452800,94.97000122070312,95.30000305175781,94.91999816894531,95.05999755859375,0.0
1529539200,95.12999725341797,95.52999877929688,94.68000030517578,94.87000274658203,0.0
1529625600,94.86000061035156,94.87999725341797,94.43000030517578,94.5199966430664,0.0
1529884800,94.5,94.69999694824219,94.20999908447266,94.27999877929688,0.0
1529971200,94.29000091552734,94.7699966430664,94.16999816894531,94.68000030517578,0.0
1530057600,94.66999816894531,95.41999816894531,94.52999877929688,95.29000091552734,0.0
1530144000,95.2699966430664,95.52999877929688,95.08999633789062,95.38999938964844,0.0
1530230400,95.30000305175781,95.31999969482422,94.4800033569336,94.62999725341797,0.0
1530489600,94.62999725341797,95.13999938964844,94.52999877929688,94.87000274658203,0.0
1530576000,94.83999633789062,94.9800033569336,94.55999755859375,94.58999633789062,0.0
1530748800,94.51000213623047,94.58999633789062,94.18000030517578,94.47000122070312,0.0
1530835200,94.36000061035156,94.48999786376953,93.91999816894531,94.04000091552734,0.0
1531094400,93.97000122070312,94.20999908447266,93.70999908447266,94.08000183105469,0.0
1531180800,94.05999755859375,94.4800033569336,94.0199966430664,94.11000061035156,0.0
1531267200,94.19999694824219,94.7699966430664,94.08999633789062,94.72000122070312,0.0
1531353600,94.69999694824219,94.94000244140625,94.63999938964844,94.80999755859375,0.0
1531440000,94.9000015258789,95.23999786376953,94.66999816894531,94.75,0.0
1531699200,94.69000244140625,94.7699966430664,94.41000366210938,94.51000213623047,0.0
1531785600,94.55000305175781,95.05999755859375,94.30000305175781,94.97000122070312,0.0
1531872000,95.02999877929688,95.41000366210938,94.95999908447266,95.08000183105469,0.0
1531958400,95.08000183105469,95.6500015258789,94.93000030517578,95.16999816894531,0.0
1532044800,95.12999725341797,95.27999877929688,94.36000061035156,94.45999908447266,0.0
1532304000,94.43000030517578,94.72000122070312,94.20999908447266,94.66999816894531,0.0
1532390400,94.66999816894531,94.86000061035156,94.4000015258789,94.61000061035156,0.0
1532476800,94.58999633789062,94.66999816894531,94.13999938964844,94.36000061035156,0.0
1532563200,94.16000366210938,94.77999877929688,94.08000183105469,94.75,0.0
1532649600,94.76000213623047,94.91000366210938,94.62999725341797,94.68000030517578,0.0
1532908800,94.66000366210938,94.76000213623047,94.26000213623047,94.36000061035156,0.0
1532995200,94.33000183105469,94.56999969482422,94.16000366210938,94.48999786376953,0.0
1533081600,94.55999755859375,94.70999908447266,94.48999786376953,94.62000274658203,0.0
1533168000,94.62999725341797,95.19000244140625,94.61000061035156,95.16999816894531,0.0
1533254400,95.18000030517578,95.37000274658203,94.9800033569336,95.13999938964844,0.0
1533513600,95.19999694824219,95.5199966430664,95.19999694824219,95.36000061035156,0.0
1533600000,95.33999633789062,95.37000274658203,94.98999786376953,95.22000122070312,0.0
1533686400,95.13999938964844,95.41999816894531,94.98999786376953,95.0999984741211,0.0
1533772800,95.0999984741211,95.62000274658203,95.02999877929688,95.5,0.0
1533859200,95.63999938964844,96.44999694824219,95.52999877929688,96.36000061035156,0.0
1534118400,95.19000244140625,96.5199966430664,95.16000366210938,96.38999938964844,0.0
1534204800,95.16999816894531,96.79000091552734,95.16000366210938,96.7300033569336,0.0
1534291200,96.66000366210938,96.9800033569336,96.6500015258789,96.69999694824219,0.0
1534377600,96.72000122070312,96.7699966430664,96.31999969482422,96.6500015258789,0.0
1534464000,96.61000061035156,96.66000366210938,96.08999633789062,96.0999984741211,0.0
1534723200,96.12999725341797,96.4000015258789,95.7699966430664,95.9000015258789,0.0
1534809600,95.73999786376953,95.75,95.08000183105469,95.26000213623047,0.0
1534896000,95.20999908447266,95.37999725341797,94.93000030517578,95.1500015258789,0.0
1534982400,95.16999816894531,95.70999908447266,95.1500015258789,95.62000274658203,0.0
1535068800,95.63999938964844,95.69000244140625,95.02999877929688,95.1500015258789,0.0
1535328000,95.16999816894531,95.30000305175781,94.69000244140625,94.77999877929688,0.0
1535414400,94.7699966430664,94.91000366210938,94.43000030517578,94.72000122070312,0.0
1535500800,94.7300033569336,94.93000030517578,94.52999877929688,94.5999984741211,0.0
1535587200,94.52999877929688,94.9000015258789,94.47000122070312,94.72000122070312,0.0
1535673600,94.69999694824219,95.22000122070312,94.55000305175781,95.13999938964844,0.0
1536019200,95.13999938964844,95.73999786376953,95.13999938964844,95.41999816894531,0.0
1536105600,95.4000015258789,95.66000366210938,95.08999633789062,95.12999725341797,0.0
1536192000,95.0999984741211,95.20999908447266,94.93000030517578,95.0199966430664,0.0
1536278400,95.0199966430664,95.45999908447266,94.87000274658203,95.37000274658203,0.0
1536537600,95.43000030517578,95.55999755859375,95.02999877929688,95.1500015258789,0.0
1536624000,95.1500015258789,95.3499984741211,94.87999725341797,95.05999755859375,0.0
1536710400,95.0999984741211,95.27999877929688,94.7300033569336,94.80000305175781,0.0
1536796800,94.83000183105469,94.97000122070312,94.43000030517578,94.54000091552734,0.0
1536883200,94.55000305175781,95.0,94.36000061035156,94.9800033569336,0.0
1537142400,94.93000030517578,94.9800033569336,94.44000244140625,94.51000213623047,0.0
1537228800,94.61000061035156,94.7300033569336,94.31999969482422,94.62000274658203,0.0
1537315200,94.54000091552734,94.7300033569336,94.31999969482422,94.55000305175781,0.0
1537401600,94.55000305175781,94.55999755859375,93.83000183105469,93.91000366210938,0.0
1537488000,93.88999938964844,94.33000183105469,93.80999755859375,94.22000122070312,0.0
1537747200,94.2300033569336,94.37000274658203,93.83999633789062,94.26000213623047,0.0
1537833600,94.25,94.37000274658203,94.01000213623047,94.12999725341797,0.0
1537920000,94.16999816894531,94.4000015258789,93.94999694824219,94.19000244140625,0.0
1538006400,94.26000213623047,95.0,94.20999908447266,95.0,0.0
1538092800,95.0199966430664,95.37000274658203,94.91999816894531,95.19000244140625,0.0
1538352000,95.11000061035156,95.37000274658203,95.0,95.30000305175781,0.0
1538438400,95.30000305175781,95.73999786376953,95.26000213623047,95.51000213623047,0.0
1538524800,95.45999908447266,96.12000274658203,95.26000213623047,95.76000213623047,0.0
1538611200,96.05000305175781,96.12000274658203,95.55000305175781,95.75,0.0
1538697600,95.76000213623047,95.94999694824219,95.5199966430664,95.62000274658203,0.0
1538956800,95.62000274658203,96.02999877929688,95.58999633789062,95.7699966430664,0.0
1539043200,95.75,96.16000366210938,95.63999938964844,95.68000030517578,0.0
1539129600,95.58999633789062,95.79000091552734,95.37999725341797,95.51000213623047,0.0
1539216000,95.43000030517578,95.43000030517578,94.98999786376953,95.0199966430664,0.0
1539302400,95.04000091552734,95.37000274658203,94.94999694824219,95.22000122070312,0.0
1539561600,95.3499984741211,95.37000274658203,94.95999908447266,95.06999969482422,0.0
1539648000,95.05000305175781,95.19999694824219,94.79000091552734,95.05000305175781,0.0
1539734400,95.08999633789062,95.66000366210938,95.05999755859375,95.58000183105469,0.0
1539820800,95.66000366210938,95.98999786376953,95.48999786376953,95.9000015258789,0.0
1539907200,95.94999694824219,96.08999633789062,95.54000091552734,95.70999908447266,0.0
1540166400,95.66000366210938,96.08999633789062,95.47000122070312,96.01000213623047,0.0
1540252800,96.02999877929688,96.16000366210938,95.80999755859375,95.95999908447266,0.0
1540339200,95.91999816894531,96.52999877929688,95.91000366210938,96.43000030517578,0.0
1540425600,96.36000061035156,96.7300033569336,96.20999908447266,96.68000030517578,0.0
1540512000,96.58999633789062,96.86000061035156,96.29000091552734,96.36000061035156,0.0
1540771200,96.44000244140625,96.69999694824219,96.3499984741211,96.58000183105469,0.0
1540857600,96.66000366210938,97.0199966430664,96.62000274658203,97.01000213623047,0.0
1540944000,96.98999786376953,97.19999694824219,96.87999725341797,97.12999725341797,0.0
1541030400,97.08000183105469,97.12000274658203,96.19999694824219,96.27999877929688,0.0
1541116800,96.30999755859375,96.58999633789062,95.98999786376953,96.54000091552734,0.0
1541376000,96.44000244140625,96.68000030517578,96.25,96.3499984741211,0.0
1541462400,96.33000183105469,96.44999694824219,96.1500015258789,96.31999969482422,0.0
1541548800,95.98999786376953,96.45999908447266,95.68000030517578,96.0,0.0
1541635200,96.19000244140625,96.73999786376953,96.06999969482422,96.63999938964844,0.0
1541721600,96.62999725341797,97.01000213623047,96.62000274658203,96.91000366210938,0.0
1541980800,97.05000305175781,97.69000244140625,96.97000122070312,97.54000091552734,0.0
1542067200,97.5999984741211,97.66000366210938,97.08000183105469,97.30000305175781,0.0
1542153600,97.02999877929688,97.41000366210938,96.75,96.80000305175781,0.0
1542240000,97.01000213623047,97.38999938964844,96.7699966430664,96.93000030517578,0.0
1542326400,97.05000305175781,97.05999755859375,96.4000015258789,96.47000122070312,0.0
1542585600,96.43000030517578,96.56999969482422,96.12000274658203,96.19000244140625,0.0
1542672000,96.19999694824219,96.88999938964844,96.04000091552734,96.80999755859375,0.0
1542758400,96.81999969482422,96.87000274658203,96.5,96.70999908447266,0.0
1542931200,96.51000213623047,96.9800033569336,96.4000015258789,96.91999816894531,0.0
1543190400,96.93000030517578,97.0999984741211,96.66000366210938,97.06999969482422,0.0
1543276800,97.02999877929688,97.5,96.97000122070312,97.37000274658203,0.0
1543363200,97.37000274658203,97.54000091552734,96.69000244140625,96.79000091552734,0.0
1543449600,96.8499984741211,97.01000213623047,96.62999725341797,96.77999877929688,0.0
1543536000,96.76000213623047,97.30999755859375,96.70999908447266,97.2699966430664,0.0
1543795200,97.12999725341797,97.16000366210938,96.70999908447266,97.04000091552734,0.0
1543881600,96.94000244140625,97.12999725341797,96.37999725341797,96.97000122070312,0.0
1544054400,97.01000213623047,97.20999908447266,96.55000305175781,96.80999755859375,0.0
1544140800,96.80000305175781,96.91999816894531,96.51000213623047,96.51000213623047,0.0
1544400000,96.72000122070312,97.23999786376953,96.36000061035156,97.22000122070312,0.0
1544486400,97.18000030517578,97.55000305175781,96.87000274658203,97.38999938964844,0.0
1544572800,97.37999725341797,97.48999786376953,96.88999938964844,97.04000091552734,0.0
1544659200,97.04000091552734,97.29000091552734,96.87999725341797,97.05999755859375,0.0
1544745600,97.08999633789062,97.70999908447266,97.08000183105469,97.44000244140625,0.0
1545004800,97.43000030517578,97.45999908447266,97.05000305175781,97.0999984741211,0.0
1545091200,97.12999725341797,97.16999816894531,96.69999694824219,97.13999938964844,0.0
1545177600,96.91000366210938,97.0999984741211,96.55000305175781,97.04000091552734,0.0
1545264000,96.98999786376953,97.04000091552734,96.16999816894531,96.27999877929688,0.0
1545350400,96.38999938964844,97.05000305175781,96.25,96.95999908447266,0.0
1545609600,96.94000244140625,96.94000244140625,96.37999725341797,96.55000305175781,0.0
1545782400,96.58000183105469,97.12000274658203,96.52999877929688,97.05000305175781,0.0
1545868800,96.91999816894531,96.94000244140625,96.41000366210938,96.4800033569336,0.0
1545955200,96.51000213623047,96.5199966430664,96.19000244140625,96.38999938964844,0.0
1546214400,96.4000015258789,96.51000213623047,96.06999969482422,96.16999816894531,0.0
1546387200,96.13999938964844,96.95999908447266,95.81999969482422,96.81999969482422,0.0
1546473600,96.72000122070312,96.75,96.20999908447266,96.30999755859375,0.0
1546560000,96.27999877929688,96.61000061035156,96.05000305175781,96.19000244140625,0.0
1546819200,96.16000366210938,96.16000366210938,95.63999938964844,95.70999908447266,0.0
1546905600,95.69000244140625,96.02999877929688,95.68000030517578,95.9000015258789,0.0
1546992000,95.80999755859375,95.91999816894531,95.12000274658203,95.22000122070312,0.0
1547078400,95.16000366210938,95.62000274658203,95.02999877929688,95.54000091552734,0.0
1547164800,95.44000244140625,95.76000213623047,95.19999694824219,95.66999816894531,0.0
1547424000,95.6500015258789,95.72000122070312,95.4800033569336,95.58999633789062,0.0
1547510400,95.56999969482422,96.26000213623047,95.47000122070312,95.97000122070312,0.0
1547596800,95.94000244140625,96.18000030517578,95.86000061035156,96.05999755859375,0.0
1547683200,96.06999969482422,96.26000213623047,95.9800033569336,96.06999969482422,0.0
1547769600,96.06999969482422,96.38999938964844,96.01000213623047,96.33999633789062,0.0
1548115200,96.33999633789062,96.4800033569336,96.22000122070312,96.30000305175781,0.0
1548201600,96.31999969482422,96.37000274658203,96.05000305175781,96.12000274658203,0.0
1548288000,96.06999969482422,96.68000030517578,96.04000091552734,96.5999984741211,0.0
1548374400,96.48999786376953,96.52999877929688,95.73999786376953,95.79000091552734,0.0
1548633600,95.79000091552734,95.91999816894531,95.63999938964844,95.75,0.0
1548720000,95.73999786376953,95.87000274658203,95.62000274658203,95.81999969482422,0.0
1548806400,95.79000091552734,95.9800033569336,95.25,95.33999633789062,0.0
1548892800,95.3499984741211,95.62000274658203,95.16000366210938,95.58000183105469,0.0
1548979200,95.55000305175781,95.66000366210938,95.4000015258789,95.58000183105469,0.0
1549238400,95.5999984741211,95.91999816894531,95.56999969482422,95.8499984741211,0.0
1549324800,95.83000183105469,96.12000274658203,95.80999755859375,96.0999984741211,0.0
1549411200,96.05999755859375,96.41999816894531,96.04000091552734,96.41999816894531,0.0
1549497600,96.38999938964844,96.66999816894531,96.37999725341797,96.51000213623047,0.0
1549584000,96.5999984741211,96.69000244140625,96.44999694824219,96.63999938964844,0.0
1549843200,96.66000366210938,97.12000274658203,96.62000274658203,97.05999755859375,0.0
1549929600,97.05999755859375,97.19999694824219,96.6500015258789,96.70999908447266,0.0
1550016000,96.7300033569336,97.18000030517578,96.62999725341797,97.12999725341797,0.0
1550102400,97.13999938964844,97.29000091552734,96.94999694824219,96.9800033569336,0.0
1550188800,97.05999755859375,97.37000274658203,96.83000183105469,96.91999816894531,0.0
1550534400,96.80999755859375,97.08999633789062,96.43000030517578,96.5199966430664,0.0
1550620800,96.52999877929688,96.6500015258789,96.29000091552734,96.44999694824219,0.0
1550707200,96.48999786376953,96.66000366210938,96.36000061035156,96.61000061035156,0.0
1550793600,96.58999633789062,96.77999877929688,96.43000030517578,96.51000213623047,0.0
1551052800,96.5199966430664,96.5999984741211,96.31999969482422,96.41000366210938,0.0
1551139200,96.38999938964844,96.45999908447266,95.94999694824219,96.0,0.0
1551225600,96.05999755859375,96.19000244140625,95.87999725341797,96.1500015258789,0.0
1551312000,96.08999633789062,96.27999877929688,95.81999969482422,96.16000366210938,0.0
1551398400,96.22000122070312,96.55000305175781,96.06999969482422,96.52999877929688,0.0
1551657600,96.33999633789062,96.81999969482422,96.33000183105469,96.68000030517578,0.0
1551744000,96.68000030517578,97.01000213623047,96.66000366210938,96.8499984741211,0.0
1551830400,96.9000015258789,96.98999786376953,96.77999877929688,96.87000274658203,0.0
1551916800,96.83000183105469,97.70999908447266,96.81999969482422,97.66999816894531,0.0
1552003200,97.61000061035156,97.63999938964844,97.25,97.37000274658203,0.0
1552262400,97.38999938964844,97.44999694824219,97.16000366210938,97.22000122070312,0.0
1552348800,97.05000305175781,97.27999877929688,96.86000061035156,96.94000244140625,0.0
1552435200,97.01000213623047,97.0199966430664,96.38999938964844,96.55000305175781,0.0
1552521600,96.48999786376953,96.81999969482422,96.47000122070312,96.79000091552734,0.0
1552608000,96.72000122070312,96.79000091552734,96.48999786376953,96.5999984741211,0.0
1552867200,96.56999969482422,96.62999725341797,96.37999725341797,96.5199966430664,0.0
1552953600,96.51000213623047,96.5199966430664,96.29000091552734,96.37999725341797,0.0
1553040000,96.4000015258789,96.56999969482422,95.73999786376953,95.76000213623047,0.0
1553126400,95.91000366210938,96.62999725341797,95.83999633789062,96.5,0.0
1553212800,96.31999969482422,96.80999755859375,96.20999908447266,96.6500015258789,0.0
1553472000,96.63999938964844,96.68000030517578,96.41000366210938,96.56999969482422,0.0
1553558400,96.5,96.8499984741211,96.44999694824219,96.73999786376953,0.0
1553644800,96.75,96.9800033569336,96.68000030517578,96.7699966430664,0.0
1553731200,96.97000122070312,97.30000305175781,96.81999969482422,97.19999694824219,0.0
1553817600,97.19999694824219,97.33999633789062,97.01000213623047,97.27999877929688,0.0
1554076800,97.18000030517578,97.30000305175781,97.02999877929688,97.25,0.0
1554163200,97.33000183105469,97.5199966430664,97.2699966430664,97.36000061035156,0.0
1554249600,97.30000305175781,97.31999969482422,96.95999908447266,97.08999633789062,0.0
1554336000,97.04000091552734,97.33999633789062,97.0199966430664,97.30999755859375,0.0
1554422400,97.30000305175781,97.47000122070312,97.19000244140625,97.4000015258789,0.0
1554681600,97.38999938964844,97.4000015258789,96.9800033569336,97.05000305175781,0.0
1554768000,97.08000183105469,97.08999633789062,96.86000061035156,97.01000213623047,0.0
1554854400,96.98999786376953,97.22000122070312,96.8499984741211,96.94999694824219,0.0
1554940800,96.88999938964844,97.19000244140625,96.87999725341797,97.18000030517578,0.0
1555027200,97.13999938964844,97.18000030517578,96.75,96.97000122070312,0.0
1555286400,96.93000030517578,97.18000030517578,96.79000091552734,96.94000244140625,0.0
1555372800,96.93000030517578,97.08999633789062,96.87999725341797,97.04000091552734,0.0
1555459200,97.06999969482422,97.12000274658203,96.81999969482422,97.01000213623047,0.0
1555545600,97.01000213623047,97.48999786376953,96.95999908447266,97.47000122070312,0.0
1555891200,97.37999725341797,97.41000366210938,97.26000213623047,97.27999877929688,0.0
1555977600,97.27999877929688,97.77999877929688,97.27999877929688,97.56999969482422,0.0
1556064000,97.5999984741211,98.19000244140625,97.58999633789062,98.0999984741211,0.0
1556150400,98.0999984741211,98.31999969482422,97.98999786376953,98.19999694824219,0.0
1556236800,98.12000274658203,98.33000183105469,97.8499984741211,98.01000213623047,0.0
1556496000,98.02999877929688,98.0999984741211,97.83000183105469,97.86000061035156,0.0
1556582400,97.8499984741211,97.88999938964844,97.44000244140625,97.4800033569336,0.0
1556668800,97.52999877929688,97.7300033569336,97.1500015258789,97.69000244140625,0.0
1556755200,97.62999725341797,97.8499984741211,97.51000213623047,97.83000183105469,0.0
1556841600,97.83000183105469,98.0999984741211,97.44999694824219,97.5199966430664,0.0
1557100800,97.55999755859375,97.70999908447266,97.45999908447266,97.5199966430664,0.0
1557187200,97.5199966430664,97.73999786376953,97.37999725341797,97.62999725341797,0.0
1557273600,97.56999969482422,97.68000030517578,97.41999816894531,97.62000274658203,0.0
1557360000,97.58000183105469,97.69999694824219,97.23999786376953,97.37000274658203,0.0
1557446400,97.43000030517578,97.44999694824219,97.12999725341797,97.33000183105469,0.0
1557705600,97.30000305175781,97.37000274658203,97.02999877929688,97.31999969482422,0.0
1557792000,97.31999969482422,97.55999755859375,97.2699966430664,97.52999877929688,0.0
1557878400,97.52999877929688,97.69999694824219,97.44000244140625,97.56999969482422,0.0
1557964800,97.54000091552734,97.87999725341797,97.44000244140625,97.83999633789062,0.0
1558051200,97.83000183105469,98.02999877929688,97.7699966430664,98.0,0.0
1558310400,97.95999908447266,98.04000091552734,97.87999725341797,97.93000030517578,0.0
1558396800,97.91999816894531,98.12999725341797,97.81999969482422,98.05999755859375,0.0
1558483200,98.0199966430664,98.12000274658203,97.88999938964844,98.11000061035156,0.0
1558569600,98.05999755859375,98.37000274658203,97.80999755859375,97.8499984741211,0.0
1558656000,97.83000183105469,97.91000366210938,97.55000305175781,97.61000061035156,0.0
1559001600,97.73999786376953,97.9800033569336,97.69999694824219,97.95999908447266,0.0
1559088000,97.93000030517578,98.20999908447266,97.86000061035156,98.13999938964844,0.0
1559174400,98.12999725341797,98.27999877929688,98.08999633789062,98.13999938964844,0.0
1559260800,98.1500015258789,98.16999816894531,97.72000122070312,97.75,0.0
1559520000,97.63999938964844,97.80000305175781,97.11000061035156,97.13999938964844,0.0
1559606400,97.20999908447266,97.33999633789062,97.0,97.06999969482422,0.0
1559692800,97.12000274658203,97.37000274658203,96.75,97.37000274658203,0.0
1559779200,97.29000091552734,97.3499984741211,96.77999877929688,97.02999877929688,0.0
1559865600,97.01000213623047,97.18000030517578,96.45999908447266,96.61000061035156,0.0
1560124800,96.6500015258789,96.94000244140625,96.62999725341797,96.76000213623047,0.0
1560211200,96.75,96.87999725341797,96.63999938964844,96.69000244140625,0.0
1560297600,96.70999908447266,97.0199966430664,96.58000183105469,97.0,0.0
1560384000,96.95999908447266,97.08000183105469,96.87000274658203,97.01000213623047,0.0
1560470400,97.01000213623047,97.58000183105469,96.94000244140625,97.56999969482422,0.0
1560729600,97.5199966430664,97.5999984741211,97.33999633789062,97.55999755859375,0.0
1560816000,97.52999877929688,97.7699966430664,97.37000274658203,97.63999938964844,0.0
1560902400,97.62999725341797,97.68000030517578,97.08999633789062,97.12000274658203,0.0
1560988800,97.18000030517578,97.19999694824219,96.56999969482422,96.62999725341797,0.0
1561075200,96.62000274658203,96.70999908447266,96.1500015258789,96.22000122070312,0.0
1561334400,96.18000030517578,96.19999694824219,95.97000122070312,95.9800033569336,0.0
1561420800,96.0,96.36000061035156,95.83999633789062,96.16000366210938,0.0
1561507200,96.18000030517578,96.33999633789062,96.06999969482422,96.20999908447266,0.0
1561593600,96.18000030517578,96.38999938964844,96.13999938964844,96.19000244140625,0.0
1561680000,96.19000244140625,96.30000305175781,96.0199966430664,96.12999725341797,0.0
1561939200,96.25,96.87000274658203,96.25,96.83999633789062,0.0
1562025600,96.80999755859375,96.87999725341797,96.5999984741211,96.7300033569336,0.0
1562112000,96.7300033569336,96.87000274658203,96.58999633789062,96.7699966430664,0.0
1562284800,96.72000122070312,97.44000244140625,96.72000122070312,97.25,0.0
1562544000,97.2300033569336,97.41999816894531,97.16000366210938,97.37999725341797,0.0
1562630400,97.37999725341797,97.58999633789062,97.36000061035156,97.48999786376953,0.0
1562716800,97.51000213623047,97.55000305175781,97.04000091552734,97.0999984741211,0.0
1562803200,97.05999755859375,97.1500015258789,96.80000305175781,97.05000305175781,0.0
1562889600,97.08000183105469,97.12000274658203,96.79000091552734,96.80999755859375,0.0
1563148800,96.83999633789062,96.97000122070312,96.75,96.93000030517578,0.0
1563235200,96.91999816894531,97.44000244140625,96.91999816894531,97.4000015258789,0.0
1563321600,97.36000061035156,97.44000244140625,97.16000366210938,97.22000122070312,0.0
1563408000,97.19999694824219,97.26000213623047,96.66999816894531,96.79000091552734,0.0
1563494400,96.81999969482422,97.29000091552734,96.76000213623047,97.1500015258789,0.0
1563753600,97.1500015258789,97.30000305175781,97.12999725341797,97.26000213623047,0.0
1563840000,97.30000305175781,97.73999786376953,97.30000305175781,97.70999908447266,0.0
1563926400,97.72000122070312,97.80999755859375,97.55000305175781,97.7300033569336,0.0
1564012800,97.69000244140625,97.91999816894531,97.5,97.81999969482422,0.0
1564099200,97.79000091552734,98.08999633789062,97.76000213623047,98.01000213623047,0.0
1564358400,97.98999786376953,98.16999816894531,97.9000015258789,98.04000091552734,0.0
1564444800,98.06999969482422,98.20999908447266,98.0199966430664,98.05000305175781,0.0
1564531200,98.02999877929688,98.68000030517578,98.01000213623047,98.5199966430664,0.0
1564617600,98.58999633789062,98.93000030517578,98.2699966430664,98.38999938964844,0.0
1564704000,98.41000366210938,98.44999694824219,98.05000305175781,98.0999984741211,0.0
1564963200,98.11000061035156,98.13999938964844,97.41999816894531,97.5,0.0
1565049600,97.25,97.7699966430664,97.20999908447266,97.62999725341797,0.0
1565136000,97.55999755859375,97.8499984741211,97.30999755859375,97.54000091552734,0.0
1565222400,97.5999984741211,97.73999786376953,97.43000030517578,97.62000274658203,0.0
1565308800,97.56999969482422,97.63999938964844,97.36000061035156,97.48999786376953,0.0
1565568000,97.54000091552734,97.73999786376953,97.31999969482422,97.37999725341797,0.0
1565654400,97.4800033569336,97.8499984741211,97.31999969482422,97.80999755859375,0.0
1565740800,97.80000305175781,98.05000305175781,97.66999816894531,97.98999786376953,0.0
1565827200,97.94999694824219,98.23999786376953,97.81999969482422,98.13999938964844,0.0
1565913600,98.12999725341797,98.33999633789062,98.11000061035156,98.13999938964844,0.0
1566172800,98.16999816894531,98.38999938964844,98.12999725341797,98.3499984741211,0.0
1566259200,98.36000061035156,98.44999694824219,98.12000274658203,98.19000244140625,0.0
1566345600,98.16999816894531,98.33000183105469,97.94999694824219,98.30000305175781,0.0
1566432000,98.25,98.38999938964844,98.08000183105469,98.16999816894531,0.0
1566518400,98.19000244140625,98.44999694824219,97.58999633789062,97.63999938964844,0.0
1566777600,97.58999633789062,98.08999633789062,97.4800033569336,98.08000183105469,0.0
1566864000,98.05000305175781,98.05000305175781,97.86000061035156,98.0,0.0
1566950400,98.01000213623047,98.26000213623047,98.0,98.20999908447266,0.0
1567036800,98.19000244140625,98.55000305175781,98.16000366210938,98.51000213623047,0.0
1567123200,98.43000030517578,99.0199966430664,98.41000366210938,98.91999816894531,0.0
1567468800,99.08000183105469,99.37000274658203,98.91999816894531,98.94999694824219,0.0
1567555200,98.95999908447266,98.97000122070312,98.38999938964844,98.44999694824219,0.0
1567641600,98.4000015258789,98.54000091552734,98.08999633789062,98.41000366210938,0.0
1567728000,98.41999816894531,98.5199966430664,98.01000213623047,98.38999938964844,0.0
1567987200,98.41999816894531,98.51000213623047,98.13999938964844,98.27999877929688,0.0
1568073600,98.33000183105469,98.45999908447266,98.26000213623047,98.33000183105469,0.0
1568160000,98.33000183105469,98.75,97.86000061035156,98.6500015258789,0.0
1568246400,98.62999725341797,99.0999984741211,98.19000244140625,98.30999755859375,0.0
1568332800,98.41000366210938,98.43000030517578,98.0,98.26000213623047,0.0
1568592000,98.12000274658203,98.70999908447266,98.02999877929688,98.6500015258789,0.0
1568678400,98.6500015258789,98.73999786376953,98.19000244140625,98.26000213623047,0.0
1568764800,98.20999908447266,98.69000244140625,98.19000244140625,98.5999984741211,0.0
1568851200,98.56999969482422,98.62000274658203,98.19999694824219,98.2699966430664,0.0
1568937600,98.33999633789062,98.63999938964844,98.13999938964844,98.51000213623047,0.0
1569196800,98.51000213623047,98.83000183105469,98.44999694824219,98.5999984741211,0.0
1569283200,98.63999938964844,98.70999908447266,98.29000091552734,98.33999633789062,0.0
1569369600,98.37999725341797,99.05999755859375,98.36000061035156,99.04000091552734,0.0
1569456000,98.95999908447266,99.27999877929688,98.83999633789062,99.20999908447266,0.0
1569542400,99.19000244140625,99.30999755859375,98.98999786376953,99.11000061035156,0.0
1569801600,99.12000274658203,99.45999908447266,99.05000305175781,99.37999725341797,0.0
1569888000,99.4000015258789,99.66999816894531,99.06999969482422,99.12999725341797,0.0
1569974400,99.16000366210938,99.41999816894531,98.95999908447266,99.04000091552734,0.0
1570060800,99.02999877929688,99.19000244140625,98.63999938964844,98.86000061035156,0.0
1570147200,98.87000274658203,99.0,98.73999786376953,98.80999755859375,0.0
1570406400,98.81999969482422,99.01000213623047,98.73999786376953,98.98999786376953,0.0
1570492800,98.9800033569336,99.25,98.8499984741211,99.13999938964844,0.0
1570579200,99.08999633789062,99.16000366210938,98.9000015258789,99.12000274658203,0.0
1570665600,98.9800033569336,99.06999969482422,98.62000274658203,98.70999908447266,0.0
1570752000,98.69999694824219,98.73999786376953,98.19999694824219,98.30000305175781,0.0
1571011200,98.36000061035156,98.52999877929688,98.33999633789062,98.44999694824219,0.0
1571097600,98.44999694824219,98.6500015258789,98.20999908447266,98.29000091552734,0.0
1571184000,98.31999969482422,98.41999816894531,97.9000015258789,98.01000213623047,0.0
1571270400,97.98999786376953,98.11000061035156,97.5,97.61000061035156,0.0
1571356800,97.5999984741211,97.66000366210938,97.13999938964844,97.27999877929688,0.0
1571616000,97.33999633789062,97.4000015258789,97.1500015258789,97.33000183105469,0.0
1571702400,97.30999755859375,97.56999969482422,97.26000213623047,97.52999877929688,0.0
1571788800,97.48999786376953,97.6500015258789,97.41999816894531,97.47000122070312,0.0
1571875200,97.45999908447266,97.77999877929688,97.27999877929688,97.62999725341797,0.0
1571961600,97.69000244140625,97.9000015258789,97.56999969482422,97.83000183105469,0.0
1572220800,97.8499984741211,97.88999938964844,97.66999816894531,97.76000213623047,0.0
1572307200,97.76000213623047,97.93000030517578,97.61000061035156,97.69000244140625,0.0
1572393600,97.66999816894531,98.0,97.44999694824219,97.6500015258789,0.0
1572480000,97.44000244140625,97.44999694824219,97.22000122070312,97.3499984741211,0.0
1572566400,97.30000305175781,97.44999694824219,97.11000061035156,97.23999786376953,0.0
1572825600,97.22000122070312,97.58000183105469,97.16999816894531,97.51000213623047,0.0
1572912000,97.55000305175781,98.01000213623047,97.47000122070312,97.9800033569336,0.0
1572998400,97.94000244140625,97.9800033569336,97.77999877929688,97.94999694824219,0.0
1573084800,97.94999694824219,98.2300033569336,97.81999969482422,98.13999938964844,0.0
1573171200,98.13999938964844,98.4000015258789,98.0999984741211,98.3499984741211,0.0
1573430400,98.37000274658203,98.37999725341797,98.12999725341797,98.19999694824219,0.0
1573516800,98.20999908447266,98.41999816894531,98.20999908447266,98.30999755859375,0.0
1573603200,98.33000183105469,98.44999694824219,98.29000091552734,98.37000274658203,0.0
1573689600,98.33999633789062,98.41999816894531,98.11000061035156,98.16000366210938,0.0
1573776000,98.16999816894531,98.2300033569336,97.95999908447266,98.0,0.0
1574035200,97.9800033569336,97.9800033569336,97.68000030517578,97.79000091552734,0.0
1574121600,97.80999755859375,97.88999938964844,97.75,97.86000061035156,0.0
1574208000,97.8499984741211,98.04000091552734,97.8499984741211,97.93000030517578,0.0
1574294400,97.86000061035156,98.02999877929688,97.7300033569336,97.98999786376953,0.0
1574380800,97.93000030517578,98.30999755859375,97.83999633789062,98.2699966430664,0.0
1574640000,98.2699966430664,98.37999725341797,98.16999816894531,98.31999969482422,0.0
1574726400,98.33000183105469,98.37999725341797,98.2300033569336,98.25,0.0
1574812800,98.30000305175781,98.44000244140625,98.27999877929688,98.41000366210938,0.0
1574985600,98.3499984741211,98.54000091552734,98.2300033569336,98.2699966430664,0.0
1575244800,98.2699966430664,98.37999725341797,97.80999755859375,97.86000061035156,0.0
1575331200,97.88999938964844,97.94000244140625,97.63999938964844,97.73999786376953,0.0
1575417600,97.70999908447266,97.79000091552734,97.43000030517578,97.6500015258789,0.0
1575504000,97.58999633789062,97.5999984741211,97.36000061035156,97.41000366210938,0.0
1575590400,97.37999725341797,97.83999633789062,97.36000061035156,97.69999694824219,0.0
1575849600,97.68000030517578,97.72000122070312,97.55999755859375,97.63999938964844,0.0
1575936000,97.6500015258789,97.66000366210938,97.4000015258789,97.41000366210938,0.0
1576022400,97.51000213623047,97.5999984741211,97.04000091552734,97.16000366210938,0.0
1576108800,97.08000183105469,97.5199966430664,97.04000091552734,97.4000015258789,0.0
1576195200,96.77999877929688,97.23999786376953,96.72000122070312,97.16999816894531,0.0
1576454400,97.18000030517578,97.18000030517578,96.93000030517578,97.06999969482422,0.0
1576540800,97.13999938964844,97.30000305175781,97.02999877929688,97.20999908447266,0.0
1576627200,97.23999786376953,97.4800033569336,97.22000122070312,97.41000366210938,0.0
1576713600,97.4000015258789,97.48999786376953,97.22000122070312,97.41999816894531,0.0
1576800000,97.4000015258789,97.76000213623047,97.37999725341797,97.70999908447266,0.0
1577059200,97.66999816894531,97.81999969482422,97.58000183105469,97.66000366210938,0.0
1577145600,97.66000366210938,97.80000305175781,97.62000274658203,97.6500015258789,0.0
1577318400,97.62999725341797,97.70999908447266,97.48999786376953,97.58999633789062,0.0
1577404800,97.54000091552734,97.55000305175781,96.91999816894531,96.91999816894531,0.0
1577664000,97.0,97.0,96.61000061035156,96.73999786376953,0.0
1577750400,96.7300033569336,96.7300033569336,96.36000061035156,96.38999938964844,0.0
1577923200,96.4800033569336,96.87000274658203,96.43000030517578,96.8499984741211,0.0
1578009600,96.79000091552734,97.11000061035156,96.70999908447266,96.83999633789062,0.0
1578268800,96.9000015258789,96.9000015258789,96.54000091552734,96.66999816894531,0.0
1578355200,96.6500015258789,97.08999633789062,96.62000274658203,96.9800033569336,0.0
1578441600,96.83000183105469,97.33000183105469,96.81999969482422,97.30000305175781,0.0
1578528000,97.2699966430664,97.55999755859375,97.25,97.44999694824219,0.0
1578614400,97.43000030517578,97.58000183105469,97.30000305175781,97.36000061035156,0.0
1578873600,97.3499984741211,97.52999877929688,97.30999755859375,97.3499984741211,0.0
1578960000,97.36000061035156,97.55999755859375,97.33000183105469,97.37000274658203,0.0
1579046400,97.37999725341797,97.44000244140625,97.16000366210938,97.2300033569336,0.0
1579132800,97.18000030517578,97.36000061035156,97.08999633789062,97.31999969482422,0.0
1579219200,97.30999755859375,97.66000366210938,97.2699966430664,97.61000061035156,0.0
1579564800,97.62999725341797,97.66000366210938,97.38999938964844,97.52999877929688,0.0
1579651200,97.62000274658203,97.69000244140625,97.44000244140625,97.52999877929688,0.0
1579737600,97.4800033569336,97.80000305175781,97.43000030517578,97.69000244140625,0.0
1579824000,97.72000122070312,97.94999694824219,97.66999816894531,97.8499984741211,0.0
1580083200,97.87999725341797,98.0,97.77999877929688,97.95999908447266,0.0
1580169600,97.94999694824219,98.16000366210938,97.9000015258789,98.0199966430664,0.0
1580256000,97.94999694824219,98.19000244140625,97.94000244140625,97.98999786376953,0.0
1580342400,98.02999877929688,98.06999969482422,97.79000091552734,97.87000274658203,0.0
1580428800,97.87000274658203,97.97000122070312,97.36000061035156,97.38999938964844,0.0
1580688000,97.37000274658203,97.88999938964844,97.37000274658203,97.80000305175781,0.0
1580774400,97.81999969482422,98.01000213623047,97.79000091552734,97.95999908447266,0.0
1580860800,97.94000244140625,98.31999969482422,97.9000015258789,98.2699966430664,0.0
1580947200,98.29000091552734,98.56999969482422,98.20999908447266,98.5,0.0
1581033600,98.45999908447266,98.70999908447266,98.41999816894531,98.68000030517578,0.0
1581292800,98.69999694824219,98.87999725341797,98.5999984741211,98.83000183105469,0.0
1581379200,98.86000061035156,98.94999694824219,98.70999908447266,98.72000122070312,0.0
1581465600,98.7699966430664,99.05000305175781,98.70999908447266,99.05000305175781,0.0
1581552000,98.98999786376953,99.11000061035156,98.8499984741211,99.06999969482422,0.0
1581638400,99.12000274658203,99.16000366210938,99.0,99.12000274658203,0.0
1581984000,99.19000244140625,99.47000122070312,99.13999938964844,99.45999908447266,0.0
1582070400,99.43000030517578,99.72000122070312,99.37999725341797,99.5999984741211,0.0
1582156800,99.54000091552734,99.91000366210938,99.52999877929688,99.87000274658203,0.0
1582243200,99.86000061035156,99.87000274658203,99.2300033569336,99.26000213623047,0.0
1582502400,99.33999633789062,99.63999938964844,99.11000061035156,99.29000091552734,0.0
1582588800,99.33000183105469,99.38999938964844,98.87999725341797,98.97000122070312,0.0
1582675200,99.08000183105469,99.2699966430664,98.91000366210938,99.0,0.0
1582761600,99.0199966430664,99.05000305175781,98.36000061035156,98.44000244140625,0.0
1582848000,98.41999816894531,98.66000366210938,97.95999908447266,98.12999725341797,0.0
1583107200,98.08000183105469,98.08999633789062,97.18000030517578,97.36000061035156,0.0
1583193600,97.55999755859375,97.69999694824219,96.9800033569336,97.1500015258789,0.0
1583280000,97.16999816894531,97.58999633789062,97.12000274658203,97.33999633789062,0.0
1583366400,97.37999725341797,97.44000244140625,96.5199966430664,96.81999969482422,0.0
1583452800,96.61000061035156,96.69999694824219,95.70999908447266,95.94999694824219,0.0
1583712000,95.79000091552734,95.79000091552734,94.6500015258789,94.9000015258789,0.0
1583798400,95.33999633789062,96.58000183105469,95.2300033569336,96.41000366210938,0.0
1583884800,96.33000183105469,96.62000274658203,95.91000366210938,96.51000213623047,0.0
1583971200,96.6500015258789,98.30999755859375,96.08000183105469,97.47000122070312,0.0
1584057600,97.44999694824219,98.80999755859375,97.33999633789062,98.75,0.0
1584316800,98.47000122070312,98.47000122070312,97.44999694824219,98.08999633789062,0.0
1584403200,98.13999938964844,99.83000183105469,97.9800033569336,99.58000183105469,0.0
1584489600,99.37999725341797,101.73999786376953,99.1500015258789,101.16000366210938,0.0
1584576000,100.79000091552734,102.83999633789062,100.7699966430664,102.76000213623047,0.0
1584662400,102.94000244140625,102.98999786376953,101.08999633789062,102.81999969482422,0.0
1584921600,101.94999694824219,102.9800033569336,101.6500015258789,102.48999786376953,0.0
1585008000,102.12999725341797,102.20999908447266,101.05000305175781,101.73999786376953,0.0
1585094400,101.5999984741211,101.91000366210938,100.83999633789062,101.05000305175781,0.0
1585180800,100.95999908447266,101.0199966430664,99.23999786376953,99.41999816894531,0.0
1585267200,99.29000091552734,99.80999755859375,98.2699966430664,98.37000274658203,0.0
1585526400,98.30999755859375,99.31999969482422,98.29000091552734,99.18000030517578,0.0
1585612800,99.25,99.94999694824219,98.88999938964844,99.05000305175781,0.0
1585699200,99.01000213623047,99.83999633789062,98.91000366210938,99.66999816894531,0.0
1585785600,99.51000213623047,100.41000366210938,99.33999633789062,100.18000030517578,0.0
1585872000,100.19999694824219,100.8499984741211,100.13999938964844,100.58000183105469,0.0
1586131200,100.66000366210938,100.93000030517578,100.4800033569336,100.69000244140625,0.0
1586217600,100.75,100.79000091552734,99.7699966430664,99.9800033569336,0.0
1586304000,99.91000366210938,100.43000030517578,99.9000015258789,100.12000274658203,0.0
1586390400,100.12999725341797,100.30000305175781,99.36000061035156,99.5199966430664,0.0
1586736000,99.48999786376953,99.62999725341797,99.13999938964844,99.3499984741211,0.0
1586822400,99.37999725341797,99.43000030517578,98.83000183105469,98.88999938964844,0.0
1586908800,98.81999969482422,99.9800033569336,98.81999969482422,99.45999908447266,0.0
1586995200,99.62999725341797,100.30000305175781,99.61000061035156,100.02999877929688,0.0
1587081600,99.86000061035156,100.29000091552734,99.62000274658203,99.77999877929688,0.0
1587340800,99.70999908447266,100.06999969482422,99.6500015258789,99.95999908447266,0.0
1587427200,99.94000244140625,100.4800033569336,99.93000030517578,100.26000213623047,0.0
1587513600,100.20999908447266,100.5,99.9000015258789,100.38999938964844,0.0
1587600000,100.44999694824219,100.69000244140625,100.04000091552734,100.43000030517578,0.0
1587686400,100.5,100.87000274658203,100.22000122070312,100.37999725341797,0.0
1587945600,100.2300033569336,100.31999969482422,99.83000183105469,100.04000091552734,0.0
1588032000,100.05999755859375,100.20999908447266,99.44999694824219,99.87000274658203,0.0
1588118400,99.87999725341797,99.88999938964844,99.47000122070312,99.56999969482422,0.0
1588204800,99.4800033569336,99.7300033569336,98.80999755859375,99.0199966430664,0.0
1588291200,99.12999725341797,99.20999908447266,98.77999877929688,98.80000305175781,0.0
1588550400,99.08999633789062,99.5999984741211,99.08999633789062,99.4800033569336,0.0
1588636800,99.51000213623047,99.97000122070312,99.30000305175781,99.70999908447266,0.0
1588723200,99.80000305175781,100.19999694824219,99.75,100.08999633789062,0.0
1588809600,100.20999908447266,100.4000015258789,99.80999755859375,99.88999938964844,0.0
1588896000,99.83999633789062,99.94000244140625,99.45999908447266,99.7300033569336,0.0
1589155200,99.66999816894531,100.27999877929688,99.66999816894531,100.23999786376953,0.0
1589241600,100.2300033569336,100.44000244140625,99.66000366210938,99.93000030517578,0.0
1589328000,100.01000213623047,100.27999877929688,99.58000183105469,100.23999786376953,0.0
1589414400,100.19000244140625,100.55999755859375,100.1500015258789,100.47000122070312,0.0
1589500800,100.26000213623047,100.48999786376953,100.08000183105469,100.4000015258789,0.0
1589760000,100.36000061035156,100.47000122070312,99.58000183105469,99.66999816894531,0.0
1589846400,99.62000274658203,99.7300033569336,99.2300033569336,99.37000274658203,0.0
1589932800,99.55000305175781,99.55999755859375,99.0,99.12000274658203,0.0
1590019200,99.18000030517578,99.51000213623047,99.0199966430664,99.37000274658203,0.0
1590105600,99.41999816894531,99.87000274658203,99.38999938964844,99.86000061035156,0.0
1590451200,99.7699966430664,99.7699966430664,98.9000015258789,98.91000366210938,0.0
1590537600,99.0199966430664,99.33999633789062,98.72000122070312,99.05999755859375,0.0
1590624000,98.91000366210938,99.08999633789062,98.3499984741211,98.37999725341797,0.0
1590710400,98.5199966430664,98.55000305175781,97.94999694824219,98.33999633789062,0.0
1590969600,98.30000305175781,98.31999969482422,97.79000091552734,97.83000183105469,0.0
1591056000,97.83999633789062,97.91000366210938,97.43000030517578,97.66999816894531,0.0
1591142400,97.56999969482422,97.62999725341797,97.19000244140625,97.27999877929688,0.0
1591228800,97.31999969482422,97.62999725341797,96.56999969482422,96.68000030517578,0.0
1591315200,96.73999786376953,97.02999877929688,96.44000244140625,96.94000244140625,0.0
1591574400,96.83999633789062,97.06999969482422,96.5999984741211,96.62000274658203,0.0
1591660800,96.62999725341797,97.05999755859375,96.2300033569336,96.31999969482422,0.0
1591747200,96.43000030517578,96.45999908447266,95.72000122070312,95.95999908447266,0.0
1591833600,96.08999633789062,96.83000183105469,95.94999694824219,96.7300033569336,0.0
1591920000,96.80999755859375,97.44999694824219,96.48999786376953,97.31999969482422,0.0
1592179200,97.08999633789062,97.38999938964844,96.5999984741211,96.68000030517578,0.0
1592265600,96.55999755859375,97.25,96.43000030517578,96.95999908447266,0.0
1592352000,97.01000213623047,97.33999633789062,96.80000305175781,97.16000366210938,0.0
1592438400,97.08000183105469,97.58000183105469,96.94999694824219,97.41999816894531,0.0
1592524800,97.41999816894531,97.72000122070312,97.16000366210938,97.62000274658203,0.0
1592784000,97.66000366210938,97.73999786376953,97.01000213623047,97.04000091552734,0.0
1592870400,96.93000030517578,97.25,96.38999938964844,96.69000244140625,0.0
1592956800,96.66000366210938,97.23999786376953,96.55000305175781,97.1500015258789,0.0
1593043200,97.23999786376953,97.5999984741211,97.16000366210938,97.43000030517578,0.0
1593129600,97.3499984741211,97.68000030517578,97.26000213623047,97.5,0.0
1593388800,97.5,97.6500015258789,97.11000061035156,97.54000091552734,0.0
1593475200,97.4000015258789,97.80000305175781,97.2300033569336,97.38999938964844,0.0
1593561600,97.38999938964844,97.62000274658203,97.02999877929688,97.19999694824219,0.0
1593648000,97.1500015258789,97.33999633789062,96.80999755859375,97.31999969482422,0.0
1593993600,97.1500015258789,97.19999694824219,96.56999969482422,96.79000091552734,0.0
1594080000,96.75,97.1500015258789,96.5999984741211,96.87999725341797,0.0
1594166400,96.98999786376953,97.05000305175781,96.4000015258789,96.43000030517578,0.0
1594252800,96.44999694824219,96.80999755859375,96.23999786376953,96.69999694824219,0.0
1594339200,96.75,96.97000122070312,96.44000244140625,96.6500015258789,0.0
1594598400,96.66000366210938,96.68000030517578,96.2699966430664,96.45999908447266,0.0
1594684800,96.54000091552734,96.69999694824219,96.18000030517578,96.26000213623047,0.0
1594771200,96.16999816894531,96.25,95.77999877929688,96.08000183105469,0.0
1594857600,96.0,96.4000015258789,95.88999938964844,96.3499984741211,0.0
1594944000,96.27999877929688,96.33000183105469,95.9000015258789,95.94000244140625,0.0
1595203200,96.01000213623047,96.18000030517578,95.7300033569336,95.83000183105469,0.0
1595289600,95.75,95.91999816894531,95.05000305175781,95.12000274658203,0.0
1595376000,95.12999725341797,95.41000366210938,94.83000183105469,94.97000122070312,0.0
1595462400,94.9800033569336,95.18000030517578,94.58999633789062,94.69000244140625,0.0
1595548800,94.7699966430664,94.83000183105469,94.33000183105469,94.44000244140625,0.0
1595808000,94.3499984741211,94.41999816894531,93.4800033569336,93.66999816894531,0.0
1595894400,93.58000183105469,94.01000213623047,93.48999786376953,93.76000213623047,0.0
1595980800,93.75,93.80000305175781,93.18000030517578,93.26000213623047,0.0
1596067200,93.31999969482422,93.68000030517578,92.93000030517578,93.0199966430664,0.0
1596153600,92.81999969482422,93.54000091552734,92.55000305175781,93.48999786376953,0.0
1596412800,93.45999908447266,93.98999786376953,93.31999969482422,93.5,0.0
1596499200,93.55999755859375,93.83000183105469,93.2300033569336,93.37999725341797,0.0
1596585600,93.2300033569336,93.25,92.55999755859375,92.83000183105469,0.0
1596672000,92.7699966430664,93.08999633789062,92.5199966430664,92.79000091552734,0.0
1596758400,92.80999755859375,93.62000274658203,92.76000213623047,93.44000244140625,0.0
1597017600,93.38999938964844,93.69999694824219,93.30000305175781,93.58000183105469,0.0
1597104000,93.5999984741211,93.73999786376953,93.16999816894531,93.62999725341797,0.0
1597190400,93.68000030517578,93.91000366210938,93.2699966430664,93.44000244140625,0.0
1597276800,93.37000274658203,93.38999938964844,92.93000030517578,93.33999633789062,0.0
1597363200,93.22000122070312,93.41000366210938,93.0199966430664,93.0999984741211,0.0
1597622400,93.0999984741211,93.12000274658203,92.7699966430664,92.8499984741211,0.0
1597708800,92.81999969482422,92.81999969482422,92.12999725341797,92.2699966430664,0.0
1597795200,92.27999877929688,93.05000305175781,92.1500015258789,92.88999938964844,0.0
1597881600,92.95999908447266,93.23999786376953,92.7300033569336,92.79000091552734,0.0
1597968000,92.72000122070312,93.47000122070312,92.58000183105469,93.25,0.0
1598227200,93.19999694824219,93.33999633789062,92.83999633789062,93.30000305175781,0.0
1598313600,93.27999877929688,93.3499984741211,92.97000122070312,93.0199966430664,0.0
1598400000,93.0199966430664,93.36000061035156,92.8499984741211,93.01000213623047,0.0
1598486400,92.8499984741211,93.31999969482422,92.41999816894531,93.01000213623047,0.0
1598572800,93.0199966430664,93.0999984741211,92.19999694824219,92.37000274658203,0.0
1598832000,92.30000305175781,92.4800033569336,91.98999786376953,92.13999938964844,0.0
1598918400,92.18000030517578,92.4000015258789,91.75,92.33999633789062,0.0
1599004800,92.27999877929688,92.87000274658203,92.20999908447266,92.8499984741211,0.0
1599091200,92.66000366210938,93.06999969482422,92.6500015258789,92.73999786376953,0.0
1599177600,92.80000305175781,93.23999786376953,92.66000366210938,92.72000122070312,0.0
1599523200,93.05000305175781,93.5,93.0,93.4800033569336,0.0
1599609600,93.58000183105469,93.66000366210938,93.13999938964844,93.26000213623047,0.0
1599696000,93.2300033569336,93.44999694824219,92.69999694824219,93.33999633789062,0.0
1599782400,93.33000183105469,93.37999725341797,93.0999984741211,93.33000183105469,0.0
1600041600,93.29000091552734,93.33000183105469,92.87000274658203,93.06999969482422,0.0
1600128000,93.05999755859375,93.13999938964844,92.79000091552734,93.05000305175781,0.0
1600214400,93.08000183105469,93.27999877929688,92.77999877929688,93.20999908447266,0.0
1600300800,93.1500015258789,93.58999633789062,92.87000274658203,92.97000122070312,0.0
1600387200,92.86000061035156,93.01000213623047,92.7699966430664,92.93000030517578,0.0
1600646400,93.01000213623047,93.77999877929688,92.75,93.54000091552734,0.0
1600732800,93.55000305175781,94.08000183105469,93.47000122070312,93.98999786376953,0.0
1600819200,93.98999786376953,94.43000030517578,93.93000030517578,94.38999938964844,0.0
1600905600,94.37999725341797,94.58999633789062,94.19999694824219,94.3499984741211,0.0
1600992000,94.31999969482422,94.73999786376953,94.19000244140625,94.58000183105469,0.0
1601251200,94.58000183105469,94.63999938964844,94.1500015258789,94.26000213623047,0.0
1601337600,94.23999786376953,94.30000305175781,93.81999969482422,93.88999938964844,0.0
1601424000,93.8499984741211,94.19000244140625,93.66999816894531,93.88999938964844,0.0
1601510400,93.80000305175781,93.91999816894531,93.52999877929688,93.70999908447266,0.0
1601596800,93.7300033569336,94.02999877929688,93.69000244140625,93.83999633789062,0.0
1601856000,93.80999755859375,93.87000274658203,93.37000274658203,93.51000213623047,0.0
1601942400,93.44000244140625,93.8499984741211,93.33999633789062,93.83000183105469,0.0
1602028800,93.83000183105469,93.9000015258789,93.55999755859375,93.62999725341797,0.0
1602115200,93.61000061035156,93.77999877929688,93.5,93.61000061035156,0.0
1602201600,93.55999755859375,93.58999633789062,93.01000213623047,93.05999755859375,0.0
1602460800,93.05999755859375,93.23999786376953,93.01000213623047,93.06999969482422,0.0
1602547200,93.02999877929688,93.5999984741211,93.02999877929688,93.52999877929688,0.0
1602633600,93.54000091552734,93.66999816894531,93.25,93.37999725341797,0.0
1602720000,93.43000030517578,93.9000015258789,93.37000274658203,93.86000061035156,0.0
1602806400,93.80000305175781,93.87999725341797,93.52999877929688,93.68000030517578,0.0
1603065600,93.72000122070312,93.7699966430664,93.20999908447266,93.43000030517578,0.0
1603152000,93.41999816894531,93.5,93.0,93.06999969482422,0.0
1603238400,93.05000305175781,93.06999969482422,92.47000122070312,92.61000061035156,0.0
1603324800,92.66999816894531,92.97000122070312,92.61000061035156,92.94999694824219,0.0
1603411200,92.93000030517578,93.12999725341797,92.66000366210938,92.7699966430664,0.0
1603670400,92.76000213623047,93.11000061035156,92.73999786376953,93.05000305175781,0.0
1603756800,93.06999969482422,93.12999725341797,92.79000091552734,92.94000244140625,0.0
1603843200,93.1500015258789,93.6500015258789,93.05000305175781,93.41000366210938,0.0
1603929600,93.45999908447266,94.0999984741211,93.33999633789062,93.95999908447266,0.0
1604016000,93.91999816894531,94.08000183105469,93.6500015258789,94.04000091552734,0.0
1604275200,93.88999938964844,94.29000091552734,93.88999938964844,94.05000305175781,0.0
1604361600,94.05000305175781,94.05000305175781,93.29000091552734,93.55000305175781,0.0
1604448000,93.08999633789062,94.30000305175781,93.08999633789062,93.41000366210938,0.0
1604534400,93.33999633789062,93.55000305175781,92.48999786376953,92.52999877929688,0.0
1604620800,92.56999969482422,92.81999969482422,92.18000030517578,92.2300033569336,0.0
1604880000,92.23999786376953,92.95999908447266,92.12999725341797,92.7300033569336,0.0
1604966400,92.76000213623047,92.97000122070312,92.5999984741211,92.75,0.0
1605052800,92.69999694824219,93.20999908447266,92.61000061035156,93.04000091552734,0.0
1605139200,93.01000213623047,93.13999938964844,92.77999877929688,92.95999908447266,0.0
1605225600,92.94999694824219,93.01000213623047,92.70999908447266,92.76000213623047,0.0
1605484800,92.72000122070312,92.83999633789062,92.45999908447266,92.56999969482422,0.0
1605571200,92.48999786376953,92.61000061035156,92.2699966430664,92.41999816894531,0.0
1605657600,92.44000244140625,92.51000213623047,92.20999908447266,92.31999969482422,0.0
1605744000,92.55999755859375,92.72000122070312,92.23999786376953,92.29000091552734,0.0
1605830400,92.33999633789062,92.43000030517578,92.20999908447266,92.38999938964844,0.0
1606089600,92.4000015258789,92.80000305175781,92.0199966430664,92.51000213623047,0.0
1606176000,92.52999877929688,92.55999755859375,92.12999725341797,92.2300033569336,0.0
1606262400,92.11000061035156,92.26000213623047,91.93000030517578,91.98999786376953,0.0
1606435200,92.0199966430664,92.05000305175781,91.76000213623047,91.79000091552734,0.0
1606694400,91.77999877929688,92.05000305175781,91.51000213623047,91.87000274658203,0.0
1606780800,91.94999694824219,91.94999694824219,91.16000366210938,91.30999755859375,0.0
1606867200,91.19000244140625,91.5,90.98999786376953,91.12000274658203,0.0
1606953600,91.05999755859375,91.08999633789062,90.51000213623047,90.70999908447266,0.0
1607040000,90.70999908447266,90.87000274658203,90.4800033569336,90.69999694824219,0.0
1607299200,90.80999755859375,91.23999786376953,90.62000274658203,90.79000091552734,0.0
1607385600,90.9000015258789,91.0199966430664,90.75,90.97000122070312,0.0
1607472000,90.91999816894531,91.19999694824219,90.69000244140625,91.08999633789062,0.0
1607558400,91.05999755859375,91.1500015258789,90.66999816894531,90.79000091552734,0.0
1607644800,90.73999786376953,91.04000091552734,90.62000274658203,90.9800033569336,0.0
1607904000,90.9800033569336,90.9800033569336,90.41999816894531,90.70999908447266,0.0
1607990400,90.69000244140625,90.81999969482422,90.41999816894531,90.47000122070312,0.0
1608076800,90.48999786376953,90.69999694824219,90.12999725341797,90.44999694824219,0.0
1608163200,90.2699966430664,90.2699966430664,89.7300033569336,89.81999969482422,0.0
1608249600,89.83000183105469,90.12999725341797,89.83000183105469,90.0199966430664,0.0
1608508800,89.91999816894531,91.0199966430664,89.91999816894531,90.04000091552734,0.0
1608595200,90.08999633789062,90.72000122070312,90.05999755859375,90.6500015258789,0.0
1608681600,90.5199966430664,90.66999816894531,90.16000366210938,90.41000366210938,0.0
1608768000,90.27999877929688,90.37999725341797,90.1500015258789,90.33000183105469,0.0
1609113600,90.22000122070312,90.37999725341797,89.9800033569336,90.33999633789062,0.0
1609200000,90.20999908447266,90.2300033569336,89.8499984741211,90.01000213623047,0.0
1609286400,89.9800033569336,89.9800033569336,89.55999755859375,89.62999725341797,0.0
1609372800,89.61000061035156,89.9800033569336,89.5199966430664,89.94000244140625,0.0
1609718400,89.93000030517578,89.94000244140625,89.41999816894531,89.87999725341797,0.0
1609804800,89.9000015258789,89.9000015258789,89.43000030517578,89.44000244140625,0.0
1609891200,89.4800033569336,89.80000305175781,89.20999908447266,89.52999877929688,0.0
1609977600,89.31999969482422,89.97000122070312,89.31999969482422,89.83000183105469,0.0
1610064000,89.83000183105469,90.25,89.66000366210938,90.0999984741211,0.0
1610323200,90.06999969482422,90.7300033569336,90.02999877929688,90.54000091552734,0.0
1610409600,90.5199966430664,90.62000274658203,90.02999877929688,90.05000305175781,0.0
1610496000,90.0,90.44999694824219,89.91999816894531,90.31999969482422,0.0
1610582400,90.27999877929688,90.58000183105469,90.08000183105469,90.23999786376953,0.0
1610668800,90.22000122070312,90.80000305175781,90.22000122070312,90.77999877929688,0.0
1611014400,90.7300033569336,90.76000213623047,90.4000015258789,90.5,0.0
1611100800,90.41000366210938,90.69999694824219,90.27999877929688,90.47000122070312,0.0
1611187200,90.41999816894531,90.44999694824219,90.05000305175781,90.12999725341797,0.0
1611273600,90.05000305175781,90.30999755859375,90.05000305175781,90.23999786376953,0.0
1611532800,90.2300033569336,90.5199966430664,90.08000183105469,90.38999938964844,0.0
1611619200,90.38999938964844,90.61000061035156,90.12000274658203,90.16999816894531,0.0
1611705600,90.1500015258789,90.87999725341797,90.1500015258789,90.6500015258789,0.0
1611792000,90.7300033569336,90.86000061035156,90.41000366210938,90.45999908447266,0.0
1611878400,90.55999755859375,90.77999877929688,90.36000061035156,90.58000183105469,0.0
1612137600,90.52999877929688,91.05999755859375,90.5,91.0199966430664,0.0
1612224000,91.0,91.29000091552734,90.80000305175781,91.19999694824219,0.0
1612310400,91.05000305175781,91.30999755859375,90.98999786376953,91.12000274658203,0.0
1612396800,91.08999633789062,91.58000183105469,91.08999633789062,91.52999877929688,0.0
1612483200,91.48999786376953,91.5999984741211,90.9800033569336,91.04000091552734,0.0
1612742400,91.0,91.23999786376953,90.9000015258789,90.93000030517578,0.0
1612828800,90.91000366210938,90.93000030517578,90.43000030517578,90.44000244140625,0.0
1612915200,90.48999786376953,90.52999877929688,90.25,90.37000274658203,0.0
1613001600,90.45999908447266,90.47000122070312,90.26000213623047,90.41999816894531,0.0
1613088000,90.41000366210938,90.73999786376953,90.37999725341797,90.4800033569336,0.0
1613433600,90.29000091552734,90.63999938964844,90.12000274658203,90.51000213623047,0.0
1613520000,90.70999908447266,91.05999755859375,90.62000274658203,90.94999694824219,0.0
1613606400,90.9000015258789,90.9800033569336,90.54000091552734,90.58999633789062,0.0
1613692800,90.56999969482422,90.6500015258789,90.18000030517578,90.36000061035156,0.0
1613952000,90.33999633789062,90.58000183105469,90.0,90.01000213623047,0.0
1614038400,90.0199966430664,90.26000213623047,89.94000244140625,90.16999816894531,0.0
1614124800,90.0999984741211,90.43000030517578,89.9800033569336,90.18000030517578,0.0
1614211200,90.06999969482422,90.29000091552734,89.68000030517578,90.12999725341797,0.0
1614297600,90.36000061035156,90.97000122070312,90.12999725341797,90.93000030517578,0.0
1614556800,90.93000030517578,91.13999938964844,90.69000244140625,91.04000091552734,0.0
1614643200,91.02999877929688,91.38999938964844,90.7300033569336,90.79000091552734,0.0
1614729600,90.79000091552734,91.05999755859375,90.62999725341797,90.94999694824219,0.0
1614816000,91.01000213623047,91.66999816894531,90.97000122070312,91.62999725341797,0.0
1614902400,91.66000366210938,92.19000244140625,91.62000274658203,91.9800033569336,0.0
1615161600,91.98999786376953,92.41999816894531,91.83999633789062,92.30999755859375,0.0
1615248000,92.45999908447266,92.5,91.91000366210938,91.95999908447266,0.0
1615334400,92.05000305175781,92.23999786376953,91.7699966430664,91.79000091552734,0.0
1615420800,91.79000091552734,91.87999725341797,91.37000274658203,91.41999816894531,0.0
1615507200,91.43000030517578,91.95999908447266,91.4000015258789,91.68000030517578,0.0
1615766400,91.66000366210938,91.97000122070312,91.54000091552734,91.83000183105469,0.0
1615852800,91.83000183105469,92.02999877929688,91.68000030517578,91.87000274658203,0.0
1615939200,91.86000061035156,92.0,91.37000274658203,91.4000015258789,0.0
1616025600,91.4000015258789,91.9000015258789,91.30000305175781,91.8499984741211,0.0
1616112000,91.83000183105469,92.16999816894531,91.66000366210938,91.91999816894531,0.0
1616371200,91.73999786376953,92.1500015258789,91.70999908447266,91.80000305175781,0.0
1616457600,91.80000305175781,92.4000015258789,91.76000213623047,92.33999633789062,0.0
1616544000,92.38999938964844,92.61000061035156,92.33999633789062,92.52999877929688,0.0
1616630400,92.5999984741211,92.91999816894531,92.51000213623047,92.87999725341797,0.0
1616716800,92.80999755859375,92.87000274658203,92.6500015258789,92.7699966430664,0.0
1616976000,92.72000122070312,92.95999908447266,92.72000122070312,92.94000244140625,0.0
1617062400,92.91000366210938,93.3499984741211,92.87999725341797,93.30000305175781,0.0
1617148800,93.23999786376953,93.44000244140625,92.98999786376953,93.2300033569336,0.0
1617235200,93.22000122070312,93.33999633789062,92.87999725341797,92.93000030517578,0.0
1617580800,93.01000213623047,93.11000061035156,92.54000091552734,92.5999984741211,0.0
1617667200,92.56999969482422,92.79000091552734,92.2699966430664,92.33999633789062,0.0
1617753600,92.31999969482422,92.5,92.13999938964844,92.45999908447266,0.0
1617840000,92.41999816894531,92.4800033569336,92.0,92.05999755859375,0.0
1617926400,92.06999969482422,92.41000366210938,92.02999877929688,92.16000366210938,0.0
1618185600,92.18000030517578,92.33000183105469,92.01000213623047,92.13999938964844,0.0
1618272000,92.08000183105469,92.33000183105469,91.79000091552734,91.8499984741211,0.0
1618358400,91.83000183105469,91.83000183105469,91.56999969482422,91.69000244140625,0.0
1618444800,91.62999725341797,91.75,91.48999786376953,91.66999816894531,0.0
1618531200,91.66000366210938,91.80999755859375,91.48999786376953,91.55999755859375,0.0
1618790400,91.54000091552734,91.75,91.02999877929688,91.06999969482422,0.0
1618876800,91.05000305175781,91.27999877929688,90.86000061035156,91.23999786376953,0.0
1618963200,91.20999908447266,91.43000030517578,91.08999633789062,91.16000366210938,0.0
1619049600,91.11000061035156,91.41999816894531,91.0,91.33000183105469,0.0
1619136000,91.29000091552734,91.30000305175781,90.80999755859375,90.86000061035156,0.0
1619395200,90.83000183105469,90.98999786376953,90.68000030517578,90.80999755859375,0.0
1619481600,90.87999725341797,91.06999969482422,90.80999755859375,90.91000366210938,0.0
1619568000,90.9000015258789,91.12999725341797,90.55000305175781,90.61000061035156,0.0
1619654400,90.55000305175781,90.79000091552734,90.41999816894531,90.61000061035156,0.0
1619740800,90.62999725341797,91.31999969482422,90.58999633789062,91.27999877929688,0.0
1620000000,91.30000305175781,91.38999938964844,90.87000274658203,90.94999694824219,0.0
1620086400,91.0,91.4000015258789,90.98999786376953,91.29000091552734,0.0
1620172800,91.27999877929688,91.44000244140625,91.16999816894531,91.30999755859375,0.0
1620259200,91.2699966430664,91.37999725341797,90.87999725341797,90.94999694824219,0.0
1620345600,90.87999725341797,90.95999908447266,90.19000244140625,90.2300033569336,0.0
1620604800,90.2300033569336,90.33999633789062,90.04000091552734,90.20999908447266,0.0
1620691200,90.23999786376953,90.36000061035156,89.9800033569336,90.13999938964844,0.0
1620777600,90.19000244140625,90.80000305175781,90.16000366210938,90.70999908447266,0.0
1620864000,90.75,90.91000366210938,90.58999633789062,90.75,0.0
1620950400,90.76000213623047,90.80000305175781,90.27999877929688,90.31999969482422,0.0
1621209600,90.30000305175781,90.43000030517578,90.1500015258789,90.22000122070312,0.0
1621296000,90.18000030517578,90.19999694824219,89.69000244140625,89.75,0.0
1621382400,89.77999877929688,90.29000091552734,89.69000244140625,90.19000244140625,0.0
1621468800,90.20999908447266,90.2300033569336,89.76000213623047,89.80999755859375,0.0
1621555200,89.77999877929688,90.1500015258789,89.6500015258789,90.0199966430664,0.0
1621814400,90.02999877929688,90.0999984741211,89.76000213623047,89.83000183105469,0.0
1621900800,89.8499984741211,89.87000274658203,89.54000091552734,89.63999938964844,0.0
1621987200,89.69000244140625,90.11000061035156,89.58999633789062,90.04000091552734,0.0
1622073600,90.08000183105469,90.18000030517578,89.88999938964844,89.97000122070312,0.0
1622160000,90.02999877929688,90.44000244140625,89.9800033569336,90.02999877929688,0.0
1622505600,89.80999755859375,89.94000244140625,89.66000366210938,89.83000183105469,0.0
1622592000,89.91999816894531,90.25,89.86000061035156,89.9000015258789,0.0
1622678400,89.93000030517578,90.55000305175781,89.88999938964844,90.5,0.0
1622764800,90.47000122070312,90.62999725341797,90.02999877929688,90.13999938964844,0.0
1623024000,90.12999725341797,90.30000305175781,89.91000366210938,89.94999694824219,0.0
1623110400,89.98999786376953,90.18000030517578,89.95999908447266,90.08000183105469,0.0
1623196800,90.12999725341797,90.16999816894531,89.83999633789062,90.12000274658203,0.0
1623283200,90.13999938964844,90.30999755859375,89.9800033569336,90.08000183105469,0.0
1623369600,90.06999969482422,90.61000061035156,89.95999908447266,90.55999755859375,0.0
1623628800,90.51000213623047,90.5999984741211,90.41000366210938,90.5199966430664,0.0
1623715200,90.4800033569336,90.68000030517578,90.3499984741211,90.54000091552734,0.0
1623801600,90.54000091552734,91.4000015258789,90.44000244140625,91.12999725341797,0.0
1623888000,91.43000030517578,92.01000213623047,91.30999755859375,91.88999938964844,0.0
1623974400,91.87999725341797,92.41000366210938,91.80999755859375,92.2300033569336,0.0
1624233600,92.31999969482422,92.37000274658203,91.83000183105469,91.86000061035156,0.0
1624320000,91.87999725341797,92.13999938964844,91.6500015258789,91.7300033569336,0.0
1624406400,91.7300033569336,91.9000015258789,91.51000213623047,91.80000305175781,0.0
1624492800,91.80000305175781,91.91000366210938,91.66000366210938,91.81999969482422,0.0
1624579200,91.83000183105469,91.87999725341797,91.52999877929688,91.80999755859375,0.0
1624838400,91.80999755859375,92.0199966430664,91.69999694824219,91.87999725341797,0.0
1624924800,91.87999725341797,92.19000244140625,91.86000061035156,92.05000305175781,0.0
1625011200,92.08000183105469,92.44999694824219,92.0,92.44000244140625,0.0
1625097600,92.3499984741211,92.5999984741211,92.26000213623047,92.5999984741211,0.0
1625184000,92.56999969482422,92.73999786376953,92.18000030517578,92.2300033569336,0.0
1625529600,92.23999786376953,92.66000366210938,92.0,92.55000305175781,0.0
1625616000,92.52999877929688,92.8499984741211,92.43000030517578,92.63999938964844,0.0
1625702400,92.69999694824219,92.79000091552734,92.23999786376953,92.36000061035156,0.0
1625788800,92.36000061035156,92.54000091552734,92.08999633789062,92.12999725341797,0.0
1626048000,92.0999984741211,92.41999816894531,92.08000183105469,92.2300033569336,0.0
1626134400,92.2300033569336,92.80999755859375,92.13999938964844,92.75,0.0
1626220800,92.80000305175781,92.83000183105469,92.3499984741211,92.41000366210938,0.0
1626307200,92.4000015258789,92.69000244140625,92.2699966430664,92.62000274658203,0.0
1626393600,92.58999633789062,92.76000213623047,92.52999877929688,92.69000244140625,0.0
1626652800,92.70999908447266,93.04000091552734,92.63999938964844,92.88999938964844,0.0
1626739200,92.87999725341797,93.16999816894531,92.80000305175781,92.97000122070312,0.0
1626825600,92.97000122070312,93.19000244140625,92.7300033569336,92.75,0.0
1626912000,92.80000305175781,92.91999816894531,92.51000213623047,92.81999969482422,0.0
1626998400,92.80999755859375,93.0199966430664,92.77999877929688,92.91000366210938,0.0
1627257600,92.91000366210938,92.95999908447266,92.52999877929688,92.6500015258789,0.0
1627344000,92.62999725341797,92.83999633789062,92.31999969482422,92.43000030517578,0.0
1627430400,92.45999908447266,92.75,92.23999786376953,92.31999969482422,0.0
1627516800,92.2699966430664,92.29000091552734,91.86000061035156,91.86000061035156,0.0
1627603200,91.8499984741211,92.19999694824219,91.77999877929688,92.16999816894531,0.0
1627862400,92.08999633789062,92.16999816894531,91.91000366210938,92.05000305175781,0.0
1627948800,92.05999755859375,92.16000366210938,91.88999938964844,92.08000183105469,0.0
1628035200,92.04000091552734,92.30999755859375,91.81999969482422,92.2699966430664,0.0
1628121600,92.27999877929688,92.3499984741211,92.12000274658203,92.23999786376953,0.0
1628208000,92.2699966430664,92.83999633789062,92.26000213623047,92.80000305175781,0.0
1628467200,92.77999877929688,92.98999786376953,92.72000122070312,92.94999694824219,0.0
1628553600,92.9800033569336,93.13999938964844,92.94000244140625,93.05999755859375,0.0
1628640000,93.06999969482422,93.19000244140625,92.80000305175781,92.91000366210938,0.0
1628726400,92.88999938964844,93.04000091552734,92.8499984741211,93.04000091552734,0.0
1628812800,92.97000122070312,93.01000213623047,92.47000122070312,92.5199966430664,0.0
1629072000,92.5199966430664,92.66000366210938,92.4800033569336,92.62999725341797,0.0
1629158400,92.62000274658203,93.16999816894531,92.61000061035156,93.12999725341797,0.0
1629244800,93.13999938964844,93.26000213623047,92.95999908447266,93.13999938964844,0.0
1629331200,93.13999938964844,93.58000183105469,93.13999938964844,93.56999969482422,0.0
1629417600,93.55999755859375,93.7300033569336,93.43000030517578,93.5,0.0
1629676800,93.45999908447266,93.51000213623047,92.94999694824219,92.95999908447266,0.0
1629763200,92.98999786376953,93.08000183105469,92.80999755859375,92.88999938964844,0.0
1629849600,92.87999725341797,93.12999725341797,92.80999755859375,92.83000183105469,0.0
1629936000,92.83000183105469,93.08000183105469,92.80999755859375,93.05999755859375,0.0
1630022400,93.02999877929688,93.18000030517578,92.62999725341797,92.69000244140625,0.0
1630281600,92.68000030517578,92.79000091552734,92.5999984741211,92.6500015258789,0.0
1630368000,92.70999908447266,92.75,92.4000015258789,92.62999725341797,0.0
1630454400,92.66000366210938,92.79000091552734,92.37999725341797,92.44999694824219,0.0
1630540800,92.51000213623047,92.54000091552734,92.20999908447266,92.2300033569336,0.0
1630627200,92.22000122070312,92.26000213623047,91.94999694824219,92.04000091552734,0.0
1630972800,92.19999694824219,92.56999969482422,92.0999984741211,92.5199966430664,0.0
1631059200,92.54000091552734,92.86000061035156,92.47000122070312,92.6500015258789,0.0
1631145600,92.70999908447266,92.76000213623047,92.37999725341797,92.4800033569336,0.0
1631232000,92.52999877929688,92.6500015258789,92.33000183105469,92.58000183105469,0.0
1631491200,92.61000061035156,92.88999938964844,92.56999969482422,92.62000274658203,0.0
1631577600,92.62000274658203,92.68000030517578,92.31999969482422,92.6500015258789,0.0
1631664000,92.68000030517578,92.68000030517578,92.41999816894531,92.48999786376953,0.0
1631750400,92.45999908447266,92.95999908447266,92.45999908447266,92.86000061035156,0.0
1631836800,92.87999725341797,93.25,92.7699966430664,93.19999694824219,0.0
1632096000,93.25,93.44999694824219,93.19000244140625,93.23999786376953,0.0
1632182400,93.23999786376953,93.29000091552734,93.05000305175781,93.19999694824219,0.0
1632268800,93.2300033569336,93.51000213623047,92.98999786376953,93.45999908447266,0.0
1632355200,93.4800033569336,93.5199966430664,92.9800033569336,93.0999984741211,0.0
1632441600,93.06999969482422,93.41999816894531,93.05000305175781,93.33000183105469,0.0
1632700800,93.27999877929688,93.48999786376953,93.20999908447266,93.37999725341797,0.0
1632787200,93.41000366210938,93.80999755859375,93.36000061035156,93.7699966430664,0.0
1632873600,93.72000122070312,94.43000030517578,93.66999816894531,94.33999633789062,0.0
1632960000,94.3499984741211,94.5,94.11000061035156,94.25,0.0
1633046400,94.30999755859375,94.38999938964844,93.98999786376953,94.04000091552734,0.0
1633305600,94.06999969482422,94.0999984741211,93.68000030517578,93.80999755859375,0.0
1633392000,93.83000183105469,94.06999969482422,93.80999755859375,93.9800033569336,0.0
1633478400,93.98999786376953,94.44999694824219,93.9800033569336,94.2699966430664,0.0
1633564800,94.2300033569336,94.27999877929688,94.08000183105469,94.22000122070312,0.0
1633651200,94.20999908447266,94.33999633789062,93.94000244140625,94.06999969482422,0.0
1633910400,94.0999984741211,94.4000015258789,94.02999877929688,94.31999969482422,0.0
1633996800,94.37000274658203,94.55999755859375,94.2300033569336,94.5199966430664,0.0
1634083200,94.5199966430664,94.52999877929688,94.01000213623047,94.08000183105469,0.0
1634169600,94.0199966430664,94.08999633789062,93.76000213623047,93.95999908447266,0.0
1634256000,94.02999877929688,94.06999969482422,93.8499984741211,93.94000244140625,0.0
1634515200,93.94999694824219,94.16999816894531,93.87000274658203,93.94999694824219,0.0
1634601600,93.94999694824219,93.94999694824219,93.5,93.79000091552734,0.0
1634688000,93.80999755859375,93.87999725341797,93.54000091552734,93.55999755859375,0.0
1634774400,93.58000183105469,93.79000091552734,93.5,93.7699966430664,0.0
1634860800,93.75,93.79000091552734,93.54000091552734,93.61000061035156,0.0
1635120000,93.66000366210938,93.95999908447266,93.4800033569336,93.80999755859375,0.0
1635206400,93.83999633789062,94.0199966430664,93.70999908447266,93.94999694824219,0.0
1635292800,93.97000122070312,94.01000213623047,93.69000244140625,93.86000061035156,0.0
1635379200,93.87999725341797,93.97000122070312,93.27999877929688,93.3499984741211,0.0
1635465600,93.36000061035156,94.30000305175781,93.31999969482422,94.12000274658203,0.0
1635724800,94.12999725341797,94.30999755859375,93.86000061035156,93.87999725341797,0.0
1635811200,93.93000030517578,94.12999725341797,93.81999969482422,94.08999633789062,0.0
1635897600,94.12000274658203,94.20999908447266,93.81999969482422,93.86000061035156,0.0
1635984000,93.86000061035156,94.47000122070312,93.83000183105469,94.3499984741211,0.0
1636070400,94.33999633789062,94.62000274658203,94.19000244140625,94.31999969482422,0.0
1636329600,94.25,94.37999725341797,93.98999786376953,94.05000305175781,0.0
1636416000,94.08999633789062,94.1500015258789,93.87999725341797,93.95999908447266,0.0
1636502400,93.9800033569336,94.9000015258789,93.97000122070312,94.8499984741211,0.0
1636588800,94.83999633789062,95.19999694824219,94.83999633789062,95.18000030517578,0.0
1636675200,95.18000030517578,95.2699966430664,95.0,95.12999725341797,0.0
1636934400,95.12000274658203,95.5999984741211,94.97000122070312,95.41000366210938,0.0
1637020800,95.47000122070312,95.9800033569336,95.4000015258789,95.91999816894531,0.0
1637107200,95.94000244140625,96.23999786376953,95.7300033569336,95.83000183105469,0.0
1637193600,95.80000305175781,95.83999633789062,95.5199966430664,95.54000091552734,0.0
1637280000,95.58999633789062,96.23999786376953,95.58000183105469,96.06999969482422,0.0
1637539200,96.06999969482422,96.55000305175781,96.04000091552734,96.5,0.0
1637625600,96.45999908447266,96.61000061035156,96.30999755859375,96.48999786376953,0.0
1637712000,96.52999877929688,96.94000244140625,96.44000244140625,96.83999633789062,0.0
1637884800,96.72000122070312,96.7699966430664,95.75,96.08999633789062,0.0
1638144000,96.13999938964844,96.44999694824219,96.13999938964844,96.33999633789062,0.0
1638230400,96.22000122070312,96.63999938964844,95.5199966430664,95.98999786376953,0.0
1638316800,95.94000244140625,96.13999938964844,95.66999816894531,96.05000305175781,0.0
1638403200,96.06999969482422,96.18000030517578,95.83000183105469,96.12999725341797,0.0
1638489600,96.12000274658203,96.44999694824219,95.97000122070312,96.12000274658203,0.0
1638748800,96.1500015258789,96.43000030517578,96.12999725341797,96.29000091552734,0.0
1638835200,96.30000305175781,96.58999633789062,96.16999816894531,96.37000274658203,0.0
1638921600,96.26000213623047,96.37999725341797,95.8499984741211,95.88999938964844,0.0
1639008000,95.95999908447266,96.33999633789062,95.95999908447266,96.2699966430664,0.0
1639094400,96.22000122070312,96.43000030517578,95.9800033569336,96.05000305175781,0.0
1639353600,96.05000305175781,96.44999694824219,96.05000305175781,96.31999969482422,0.0
1639440000,96.3499984741211,96.58999633789062,96.0999984741211,96.56999969482422,0.0
1639526400,96.55000305175781,96.91000366210938,96.30000305175781,96.51000213623047,0.0
1639612800,96.43000030517578,96.44999694824219,95.8499984741211,96.04000091552734,0.0
1639699200,96.0,96.69000244140625,95.87999725341797,96.56999969482422,0.0
1639958400,96.66999816894531,96.69000244140625,96.33999633789062,96.55000305175781,0.0
1640044800,96.54000091552734,96.63999938964844,96.33999633789062,96.48999786376953,0.0
1640131200,96.47000122070312,96.5999984741211,96.0199966430664,96.08000183105469,0.0
1640217600,96.02999877929688,96.27999877929688,95.98999786376953,96.0199966430664,0.0
1640563200,96.1500015258789,96.26000213623047,96.05000305175781,96.08999633789062,0.0
1640649600,96.06999969482422,96.27999877929688,96.0,96.19999694824219,0.0
1640736000,96.1500015258789,96.4000015258789,95.76000213623047,95.93000030517578,0.0
1640822400,95.88999938964844,96.22000122070312,95.86000061035156,95.97000122070312,0.0
1640908800,95.98999786376953,96.11000061035156,95.56999969482422,95.66999816894531,0.0
1641168000,95.66999816894531,96.33000183105469,95.62999725341797,96.23999786376953,0.0
1641254400,96.19000244140625,96.45999908447266,96.02999877929688,96.29000091552734,0.0
1641340800,96.30999755859375,96.33000183105469,95.88999938964844,96.19000244140625,0.0
1641427200,96.19999694824219,96.38999938964844,96.04000091552734,96.25,0.0
1641513600,96.26000213623047,96.30000305175781,95.70999908447266,95.73999786376953,0.0
1641772800,95.73999786376953,96.2300033569336,95.73999786376953,95.98999786376953,0.0
1641859200,95.93000030517578,96.06999969482422,95.58000183105469,95.62000274658203,0.0
1641945600,95.58000183105469,95.69000244140625,94.91000366210938,95.0,0.0
1642032000,94.98999786376953,95.0199966430664,94.66000366210938,94.79000091552734,0.0
1642118400,94.87000274658203,95.2699966430664,94.62999725341797,95.16999816894531,0.0
1642464000,95.22000122070312,95.83000183105469,95.12999725341797,95.7300033569336,0.0
1642550400,95.7699966430664,95.79000091552734,95.48999786376953,95.51000213623047,0.0
1642636800,95.58999633789062,95.86000061035156,95.41999816894531,95.73999786376953,0.0
1642723200,95.80999755859375,95.83999633789062,95.5,95.63999938964844,0.0
1642982400,95.63999938964844,96.12999725341797,95.62999725341797,95.91999816894531,0.0
1643068800,95.93000030517578,96.2699966430664,95.9000015258789,95.94999694824219,0.0
1643155200,95.95999908447266,96.54000091552734,95.91000366210938,96.48999786376953,0.0
1643241600,96.55000305175781,97.29000091552734,96.52999877929688,97.26000213623047,0.0
1643328000,97.25,97.44000244140625,97.05999755859375,97.2699966430664,0.0
1643587200,97.22000122070312,97.30000305175781,96.5199966430664,96.54000091552734,0.0
1643673600,96.69999694824219,96.72000122070312,96.23999786376953,96.38999938964844,0.0
1643760000,96.2699966430664,96.30000305175781,95.80999755859375,95.94000244140625,0.0
1643846400,96.0199966430664,96.25,95.23999786376953,95.37999725341797,0.0
1643932800,95.30999755859375,95.69999694824219,95.13999938964844,95.4800033569336,0.0
1644192000,95.4800033569336,95.62999725341797,95.3499984741211,95.4000015258789,0.0
1644278400,95.43000030517578,95.75,95.4000015258789,95.63999938964844,0.0
1644364800,95.58999633789062,95.66999816894531,95.37999725341797,95.48999786376953,0.0
1644451200,95.56999969482422,96.0,95.16999816894531,95.55000305175781,0.0
1644537600,95.94000244140625,96.11000061035156,95.63999938964844,96.08000183105469,0.0
1644796800,96.02999877929688,96.44000244140625,95.91000366210938,96.37000274658203,0.0
1644883200,96.23999786376953,96.29000091552734,95.95999908447266,95.98999786376953,0.0
1644969600,96.01000213623047,96.05999755859375,95.68000030517578,95.69999694824219,0.0
1645056000,95.7699966430664,96.11000061035156,95.70999908447266,95.80000305175781,0.0
1645142400,95.83000183105469,96.16999816894531,95.7300033569336,96.04000091552734,0.0
1645488000,96.08000183105469,96.26000213623047,95.83999633789062,96.02999877929688,0.0
1645574400,96.04000091552734,96.23999786376953,95.8499984741211,96.19000244140625,0.0
1645660800,96.22000122070312,97.73999786376953,96.22000122070312,97.13999938964844,0.0
1645747200,97.0,97.22000122070312,96.5199966430664,96.62000274658203,0.0
1646006400,96.54000091552734,97.41999816894531,96.54000091552734,96.70999908447266,0.0
1646092800,96.7699966430664,97.58000183105469,96.62999725341797,97.41000366210938,0.0
1646179200,97.37000274658203,97.83000183105469,97.29000091552734,97.38999938964844,0.0
1646265600,97.47000122070312,97.94999694824219,97.43000030517578,97.79000091552734,0.0
1646352000,98.04000091552734,98.91999816894531,97.83999633789062,98.6500015258789,0.0
1646611200,98.56999969482422,99.41999816894531,98.56999969482422,99.29000091552734,0.0
1646697600,99.23999786376953,99.31999969482422,98.70999908447266,99.05999755859375,0.0
1646784000,99.12000274658203,99.12000274658203,97.8499984741211,97.97000122070312,0.0
1646870400,98.05999755859375,98.5999984741211,97.70999908447266,98.51000213623047,0.0
1646956800,98.36000061035156,99.16000366210938,98.2699966430664,99.12000274658203,0.0
1647216000,99.12999725341797,99.29000091552734,98.68000030517578,99.05999755859375,0.0
1647302400,99.12999725341797,99.19999694824219,98.63999938964844,99.06999969482422,0.0
1647388800,98.88999938964844,99.08000183105469,98.30000305175781,98.37999725341797,0.0
1647475200,98.5,98.51000213623047,97.7300033569336,98.01000213623047,0.0
1647561600,98.0,98.62000274658203,97.83999633789062,98.2300033569336,0.0
1647820800,98.23999786376953,98.52999877929688,98.16000366210938,98.5,0.0
1647907200,98.48999786376953,98.97000122070312,98.31999969482422,98.48999786376953,0.0
1647993600,98.4800033569336,98.87999725341797,98.38999938964844,98.62000274658203,0.0
1648080000,98.63999938964844,98.95999908447266,98.5999984741211,98.79000091552734,0.0
1648166400,98.75,98.83000183105469,98.4000015258789,98.80999755859375,0.0
1648425600,98.80999755859375,99.37000274658203,98.80000305175781,99.08999633789062,0.0
1648512000,99.08000183105469,99.30000305175781,98.04000091552734,98.4000015258789,0.0
1648598400,98.37000274658203,98.43000030517578,97.69000244140625,97.79000091552734,0.0
1648684800,97.83000183105469,98.4000015258789,97.69000244140625,98.30999755859375,0.0
1648771200,98.33999633789062,98.73999786376953,98.30999755859375,98.62999725341797,0.0
1649030400,98.56999969482422,99.08000183105469,98.5199966430664,98.98999786376953,0.0
1649116800,99.0,99.5199966430664,98.83999633789062,99.47000122070312,0.0
1649203200,99.47000122070312,99.7699966430664,99.30999755859375,99.5999984741211,0.0
1649289600,99.6500015258789,99.83000183105469,99.4000015258789,99.75,0.0
1649376000,99.81999969482422,100.19000244140625,99.73999786376953,99.80000305175781,0.0
1649635200,99.83999633789062,100.05000305175781,99.62000274658203,99.93000030517578,0.0
1649721600,100.04000091552734,100.33000183105469,99.73999786376953,100.29000091552734,0.0
1649808000,100.33999633789062,100.5199966430664,99.83000183105469,99.87999725341797,0.0
1649894400,99.79000091552734,100.76000213623047,99.56999969482422,100.31999969482422,0.0
1650240000,100.5,100.86000061035156,100.45999908447266,100.77999877929688,0.0
1650326400,100.83000183105469,101.02999877929688,100.69999694824219,100.95999908447266,0.0
1650412800,100.9800033569336,101.04000091552734,100.22000122070312,100.38999938964844,0.0
1650499200,100.3499984741211,100.63999938964844,99.81999969482422,100.58000183105469,0.0
1650585600,100.62000274658203,101.33000183105469,100.47000122070312,101.22000122070312,0.0
1650844800,101.12000274658203,101.86000061035156,101.04000091552734,101.75,0.0
1650931200,101.7300033569336,102.36000061035156,101.51000213623047,102.30000305175781,0.0
1651017600,102.27999877929688,103.27999877929688,102.22000122070312,102.94999694824219,0.0
1651104000,103.04000091552734,103.93000030517578,102.9800033569336,103.62000274658203,0.0
1651190400,103.66999816894531,103.66999816894531,102.81999969482422,102.95999908447266,0.0
1651449600,103.20999908447266,103.75,103.11000061035156,103.73999786376953,0.0
1651536000,103.5999984741211,103.66999816894531,103.02999877929688,103.47000122070312,0.0
1651622400,103.45999908447266,103.62000274658203,102.45999908447266,102.58999633789062,0.0
1651708800,102.68000030517578,103.94000244140625,102.3499984741211,103.75,0.0
1651795200,103.55999755859375,104.05999755859375,103.19000244140625,103.66000366210938,0.0
1652054400,103.66000366210938,104.19000244140625,103.38999938964844,103.6500015258789,0.0
1652140800,103.7300033569336,103.9800033569336,103.5,103.91999816894531,0.0
1652227200,103.9000015258789,104.11000061035156,103.37000274658203,103.8499984741211,0.0
1652313600,104.01000213623047,104.93000030517578,103.87999725341797,104.8499984741211,0.0
1652400000,104.7699966430664,105.01000213623047,104.47000122070312,104.55999755859375,0.0
1652659200,104.47000122070312,104.63999938964844,104.13999938964844,104.19000244140625,0.0
1652745600,104.16999816894531,104.2300033569336,103.2300033569336,103.36000061035156,0.0
1652832000,103.33999633789062,103.93000030517578,103.19000244140625,103.80999755859375,0.0
1652918400,103.83000183105469,103.87999725341797,102.66000366210938,102.72000122070312,0.0
1653004800,102.9000015258789,103.26000213623047,102.7699966430664,103.1500015258789,0.0
1653264000,103.02999877929688,103.05000305175781,102.04000091552734,102.08000183105469,0.0
1653350400,102.11000061035156,102.31999969482422,101.6500015258789,101.86000061035156,0.0
1653436800,101.7699966430664,102.44999694824219,101.7300033569336,102.05999755859375,0.0
1653523200,102.0199966430664,102.2699966430664,101.73999786376953,101.83000183105469,0.0
1653609600,101.72000122070312,101.94000244140625,101.43000030517578,101.66999816894531,0.0
1653955200,101.44000244140625,102.16999816894531,101.41000366210938,101.75,0.0
1654041600,101.76000213623047,102.7300033569336,101.73999786376953,102.55000305175781,0.0
1654128000,102.55000305175781,102.62000274658203,101.73999786376953,101.7699966430664,0.0
1654214400,101.75,102.2300033569336,101.63999938964844,102.13999938964844,0.0
1654473600,102.16999816894531,102.47000122070312,101.8499984741211,102.44000244140625,0.0
1654560000,102.48999786376953,102.83999633789062,102.26000213623047,102.31999969482422,0.0
1654646400,102.38999938964844,102.77999877929688,102.2699966430664,102.54000091552734,0.0
1654732800,102.55999755859375,103.37000274658203,102.1500015258789,103.22000122070312,0.0
1654819200,103.33999633789062,104.2300033569336,103.05000305175781,104.1500015258789,0.0
1655078400,104.20999908447266,105.29000091552734,104.20999908447266,105.08000183105469,0.0
1655164800,105.19000244140625,105.6500015258789,104.62000274658203,105.5199966430664,0.0
1655251200,105.3499984741211,105.79000091552734,104.66000366210938,105.16000366210938,0.0
1655337600,104.9000015258789,105.48999786376953,103.41999816894531,103.62999725341797,0.0
1655424000,103.87999725341797,105.08999633789062,103.83000183105469,104.69999694824219,0.0
1655769600,104.44000244140625,104.54000091552734,103.94000244140625,104.44000244140625,0.0
1655856000,104.43000030517578,104.94999694824219,103.86000061035156,104.19999694824219,0.0
1655942400,104.20999908447266,104.7699966430664,104.05999755859375,104.43000030517578,0.0
1656028800,104.37999725341797,104.51000213623047,103.94999694824219,104.19000244140625,0.0
1656288000,104.12000274658203,104.20999908447266,103.66999816894531,103.94000244140625,0.0
1656374400,103.97000122070312,104.61000061035156,103.7699966430664,104.51000213623047,0.0
1656460800,104.45999908447266,105.1500015258789,104.36000061035156,105.11000061035156,0.0
1656547200,105.05999755859375,105.54000091552734,104.6500015258789,104.69000244140625,0.0
1656633600,104.77999877929688,105.63999938964844,104.73999786376953,105.13999938964844,0.0
1656979200,105.13999938964844,106.79000091552734,105.05000305175781,106.5,0.0
1657065600,106.48999786376953,107.26000213623047,106.36000061035156,107.0999984741211,0.0
1657152000,107.06999969482422,107.23999786376953,106.70999908447266,107.12999725341797,0.0
1657238400,107.04000091552734,107.79000091552734,106.80999755859375,107.01000213623047,0.0
1657497600,106.91999816894531,108.2699966430664,106.91999816894531,108.0199966430664,0.0
1657584000,108.18000030517578,108.55999755859375,107.83999633789062,108.06999969482422,0.0
1657670400,108.19000244140625,108.58000183105469,107.4800033569336,107.95999908447266,0.0
1657756800,108.19999694824219,109.29000091552734,108.19999694824219,108.54000091552734,0.0
1657843200,108.66999816894531,108.70999908447266,107.91000366210938,108.05999755859375,0.0
1658102400,107.9800033569336,108.04000091552734,106.88999938964844,107.37000274658203,0.0
1658188800,107.48999786376953,107.62999725341797,106.4000015258789,106.68000030517578,0.0
1658275200,106.66999816894531,107.26000213623047,106.38999938964844,107.08000183105469,0.0
1658361600,107.08999633789062,107.31999969482422,106.41999816894531,106.91000366210938,0.0
1658448000,106.58999633789062,107.36000061035156,106.11000061035156,106.7300033569336,0.0
1658707200,106.55000305175781,106.87999725341797,106.19000244140625,106.4800033569336,0.0
1658793600,106.44999694824219,107.27999877929688,106.19999694824219,107.19000244140625,0.0
1658880000,107.12999725341797,107.43000030517578,106.26000213623047,106.44999694824219,0.0
1658966400,106.37000274658203,106.9800033569336,106.05999755859375,106.3499984741211,0.0
1659052800,106.20999908447266,106.66000366210938,105.54000091552734,105.9000015258789,0.0
1659312000,105.83000183105469,106.02999877929688,105.23999786376953,105.44999694824219,0.0
1659398400,105.36000061035156,106.33999633789062,105.05000305175781,106.23999786376953,0.0
1659484800,106.43000030517578,106.81999969482422,105.97000122070312,106.51000213623047,0.0
1659571200,106.4800033569336,106.51000213623047,105.66999816894531,105.69000244140625,0.0
1659657600,105.72000122070312,106.93000030517578,105.69000244140625,106.62000274658203,0.0
1659916800,106.58000183105469,106.80000305175781,106.08999633789062,106.44000244140625,0.0
1660003200,106.33999633789062,106.41000366210938,105.97000122070312,106.37000274658203,0.0
1660089600,106.33999633789062,106.4000015258789,104.63999938964844,105.19999694824219,0.0
1660176000,105.20999908447266,105.45999908447266,104.6500015258789,105.08999633789062,0.0
1660262400,105.16000366210938,105.87999725341797,105.08999633789062,105.62999725341797,0.0
1660521600,105.66999816894531,106.55000305175781,105.55000305175781,106.55000305175781,0.0
1660608000,106.4800033569336,106.94000244140625,106.31999969482422,106.5,0.0
1660694400,106.44999694824219,106.88999938964844,106.30999755859375,106.56999969482422,0.0
1660780800,106.68000030517578,107.55999755859375,106.51000213623047,107.4800033569336,0.0
1660867200,107.5,108.22000122070312,107.47000122070312,108.16999816894531,0.0
1661126400,108.0999984741211,109.0999984741211,108.08000183105469,109.05000305175781,0.0
1661212800,109.0,109.2699966430664,108.08000183105469,108.62000274658203,0.0
1661299200,108.5199966430664,109.11000061035156,108.36000061035156,108.68000030517578,0.0
1661385600,108.62999725341797,108.69000244140625,107.98999786376953,108.47000122070312,0.0
1661472000,108.47000122070312,108.87000274658203,107.58999633789062,108.80000305175781,0.0
1661731200,108.83999633789062,109.4800033569336,108.48999786376953,108.83999633789062,0.0
1661817600,108.69999694824219,109.11000061035156,108.29000091552734,108.7699966430664,0.0
1661904000,108.75,109.19999694824219,108.37999725341797,108.69999694824219,0.0
1661990400,108.83999633789062,109.9800033569336,108.7699966430664,109.69000244140625,0.0
1662076800,109.63999938964844,109.72000122070312,108.93000030517578,109.52999877929688,0.0
1662422400,109.5999984741211,110.55000305175781,109.37999725341797,110.20999908447266,0.0
1662508800,110.31999969482422,110.79000091552734,109.54000091552734,109.83999633789062,0.0
1662595200,109.66999816894531,110.23999786376953,109.33000183105469,109.70999908447266,0.0
1662681600,109.54000091552734,109.54000091552734,108.36000061035156,109.0,0.0
1662940800,108.5999984741211,108.86000061035156,107.80999755859375,108.33000183105469,0.0
1663027200,108.2300033569336,109.95999908447266,107.68000030517578,109.81999969482422,0.0
1663113600,109.93000030517578,109.93000030517578,109.27999877929688,109.66000366210938,0.0
1663200000,109.61000061035156,109.91999816894531,109.41999816894531,109.73999786376953,0.0
1663286400,109.80000305175781,110.26000213623047,109.4800033569336,109.76000213623047,0.0
1663545600,109.63999938964844,110.18000030517578,109.48999786376953,109.73999786376953,0.0
1663632000,109.58000183105469,110.29000091552734,109.36000061035156,110.22000122070312,0.0
1663718400,110.16000366210938,111.58000183105469,110.12999725341797,110.63999938964844,0.0
1663804800,111.4800033569336,111.80999755859375,110.45999908447266,111.3499984741211,0.0
1663891200,111.23999786376953,113.2300033569336,111.08000183105469,113.19000244140625,0.0
1664150400,113.0199966430664,114.52999877929688,112.94000244140625,114.0999984741211,0.0
1664236800,114.0199966430664,114.47000122070312,113.33000183105469,114.11000061035156,0.0
1664323200,114.19000244140625,114.77999877929688,112.55999755859375,112.5999984741211,0.0
1664409600,113.01000213623047,113.79000091552734,111.91999816894531,112.25,0.0
1664496000,111.75,112.66999816894531,111.58000183105469,112.12000274658203,0.0
1664755200,112.16999816894531,112.54000091552734,111.47000122070312,111.75,0.0
1664841600,111.58999633789062,111.88999938964844,110.05999755859375,110.06999969482422,0.0
1664928000,110.2300033569336,111.73999786376953,110.08999633789062,111.06999969482422,0.0
1665014400,111.0199966430664,112.30999755859375,110.77999877929688,112.26000213623047,0.0
1665100800,112.25,112.87999725341797,111.94999694824219,112.80000305175781,0.0
1665360000,112.75,113.33000183105469,112.62000274658203,113.13999938964844,0.0
1665446400,113.08000183105469,113.5,112.41000366210938,113.22000122070312,0.0
1665532800,113.30999755859375,113.58999633789062,113.05000305175781,113.31999969482422,0.0
1665619200,113.23999786376953,113.91999816894531,112.1500015258789,112.36000061035156,0.0
1665705600,112.47000122070312,113.41999816894531,112.16000366210938,113.30999755859375,0.0
1665964800,113.22000122070312,113.22000122070312,111.91999816894531,112.04000091552734,0.0
1666051200,112.06999969482422,112.45999908447266,111.7699966430664,112.12999725341797,0.0
1666137600,111.91999816894531,113.0999984741211,111.91999816894531,112.9800033569336,0.0
1666224000,112.98999786376953,113.08999633789062,112.16999816894531,112.87999725341797,0.0
1666310400,112.94000244140625,113.94000244140625,111.69999694824219,112.01000213623047,0.0
1666569600,111.87999725341797,112.52999877929688,111.47000122070312,111.98999786376953,0.0
1666656000,111.81999969482422,112.12999725341797,110.76000213623047,110.94999694824219,0.0
1666742400,110.95999908447266,111.13999938964844,109.62999725341797,109.69999694824219,0.0
1666828800,109.62000274658203,110.62000274658203,109.54000091552734,110.58999633789062,0.0
1666915200,110.5,111.04000091552734,110.29000091552734,110.66999816894531,0.0
1667174400,110.66999816894531,111.66999816894531,110.66999816894531,111.52999877929688,0.0
1667260800,111.5199966430664,111.77999877929688,110.72000122070312,111.4800033569336,0.0
1667347200,111.54000091552734,112.1500015258789,110.43000030517578,111.3499984741211,0.0
1667433600,112.16999816894531,113.1500015258789,111.81999969482422,112.93000030517578,0.0
1667520000,112.97000122070312,112.98999786376953,110.72000122070312,110.87999725341797,0.0
1667779200,110.79000091552734,111.2699966430664,110.05000305175781,110.12000274658203,0.0
1667865600,110.05999755859375,110.61000061035156,109.37000274658203,109.62000274658203,0.0
1667952000,109.6500015258789,110.63999938964844,109.44999694824219,110.55000305175781,0.0
1668038400,110.30000305175781,110.98999786376953,107.70999908447266,108.20999908447266,0.0
1668124800,108.23999786376953,108.44000244140625,106.27999877929688,106.29000091552734,0.0
1668384000,106.4800033569336,107.2699966430664,106.4800033569336,106.66000366210938,0.0
1668470400,107.0,107.0999984741211,105.33999633789062,106.4000015258789,0.0
1668556800,106.58000183105469,106.77999877929688,105.86000061035156,106.27999877929688,0.0
1668643200,106.2699966430664,107.23999786376953,106.0999984741211,106.69000244140625,0.0
1668729600,106.69000244140625,107.04000091552734,106.33999633789062,106.93000030517578,0.0
1668988800,106.97000122070312,107.98999786376953,106.88999938964844,107.83999633789062,0.0
1669075200,107.69999694824219,107.75,107.12000274658203,107.22000122070312,0.0
1669161600,107.08000183105469,107.22000122070312,106.02999877929688,106.08000183105469,0.0
1669334400,105.95999908447266,106.41999816894531,105.69000244140625,105.95999908447266,0.0
1669593600,106.05999755859375,106.75,105.31999969482422,106.68000030517578,0.0
1669680000,106.56999969482422,106.87999725341797,106.05999755859375,106.81999969482422,0.0
1669766400,106.72000122070312,107.19999694824219,105.77999877929688,105.94999694824219,0.0
1669852800,105.69999694824219,105.9000015258789,104.66000366210938,104.7300033569336,0.0
1669939200,104.81999969482422,105.58999633789062,104.37999725341797,104.55000305175781,0.0
1670198400,104.51000213623047,105.4000015258789,104.11000061035156,105.29000091552734,0.0
1670284800,105.16000366210938,105.62999725341797,104.88999938964844,105.58000183105469,0.0
1670371200,105.62999725341797,105.81999969482422,104.87999725341797,105.0999984741211,0.0
1670457600,105.19999694824219,105.43000030517578,104.72000122070312,104.7699966430664,0.0
1670544000,104.86000061035156,105.13999938964844,104.4800033569336,104.80999755859375,0.0
1670803200,104.93000030517578,105.25,104.66999816894531,105.12999725341797,0.0
1670889600,104.98999786376953,105.0999984741211,103.58999633789062,103.9800033569336,0.0
1670976000,104.06999969482422,104.16000366210938,103.44999694824219,103.7699966430664,0.0
1671062400,103.66999816894531,104.87999725341797,103.54000091552734,104.55999755859375,0.0
1671148800,104.44999694824219,104.83999633789062,104.20999908447266,104.69999694824219,0.0
1671408000,104.83999633789062,104.93000030517578,104.12999725341797,104.72000122070312,0.0
1671494400,104.7300033569336,104.79000091552734,103.77999877929688,103.97000122070312,0.0
1671580800,103.94999694824219,104.37999725341797,103.8499984741211,104.16000366210938,0.0
1671667200,104.22000122070312,104.5999984741211,103.75,104.43000030517578,0.0
1671753600,104.38999938964844,104.54000091552734,104.12000274658203,104.30999755859375,0.0
1672099200,104.12000274658203,104.4000015258789,103.88999938964844,104.18000030517578,0.0
1672185600,104.33000183105469,104.55999755859375,103.8499984741211,104.45999908447266,0.0
1672272000,104.37000274658203,104.44999694824219,103.77999877929688,103.83999633789062,0.0
1672358400,103.94999694824219,104.0999984741211,103.38999938964844,103.5199966430664,0.0
1672704000,103.66000366210938,104.86000061035156,103.47000122070312,104.5199966430664,0.0
1672790400,104.58000183105469,104.5999984741211,103.83000183105469,104.25,0.0
1672876800,104.06999969482422,105.2699966430664,103.98999786376953,105.04000091552734,0.0
1672963200,105.05000305175781,105.62999725341797,103.87000274658203,103.87999725341797,0.0
1673222400,103.91000366210938,103.94000244140625,102.94000244140625,103.0,0.0
1673308800,103.29000091552734,103.48999786376953,103.02999877929688,103.23999786376953,0.0
1673395200,103.22000122070312,103.4800033569336,103.11000061035156,103.19000244140625,0.0
1673481600,103.05999755859375,103.29000091552734,102.08000183105469,102.25,0.0
1673568000,102.20999908447266,102.6500015258789,101.98999786376953,102.19999694824219,0.0
1673913600,102.31999969482422,102.55999755859375,101.94000244140625,102.38999938964844,0.0
1674000000,102.47000122070312,102.9000015258789,101.52999877929688,102.36000061035156,0.0
1674086400,102.37999725341797,102.4800033569336,101.98999786376953,102.05999755859375,0.0
1674172800,102.08000183105469,102.55000305175781,101.94000244140625,102.01000213623047,0.0
1674432000,101.98999786376953,102.27999877929688,101.58999633789062,102.13999938964844,0.0
1674518400,101.98999786376953,102.43000030517578,101.72000122070312,101.91999816894531,0.0
1674604800,102.01000213623047,102.12000274658203,101.58000183105469,101.63999938964844,0.0
1674691200,101.58000183105469,102.18000030517578,101.5,101.83999633789062,0.0
1674777600,101.72000122070312,102.19000244140625,101.68000030517578,101.93000030517578,0.0
1675036800,101.91999816894531,102.30999755859375,101.66000366210938,102.27999877929688,0.0
1675123200,102.19000244140625,102.61000061035156,102.01000213623047,102.0999984741211,0.0
1675209600,102.0999984741211,102.19000244140625,101.04000091552734,101.22000122070312,0.0
1675296000,100.8499984741211,101.91000366210938,100.81999969482422,101.75,0.0
1675382400,101.83000183105469,103.01000213623047,101.55000305175781,102.91999816894531,0.0
1675641600,103.01000213623047,103.7699966430664,103.01000213623047,103.62000274658203,0.0
1675728000,103.54000091552734,103.95999908447266,103.0,103.43000030517578,0.0
1675814400,103.2699966430664,103.5199966430664,103.0,103.41000366210938,0.0
1675900800,103.43000030517578,103.55000305175781,102.63999938964844,103.22000122070312,0.0
1675987200,103.26000213623047,103.68000030517578,102.9000015258789,103.62999725341797,0.0
1676246400,103.58000183105469,103.83999633789062,103.23999786376953,103.3499984741211,0.0
1676332800,103.22000122070312,103.5199966430664,102.58999633789062,103.2300033569336,0.0
1676419200,103.20999908447266,104.11000061035156,103.16000366210938,103.91999816894531,0.0
1676505600,103.87999725341797,104.2300033569336,103.52999877929688,103.86000061035156,0.0
1676592000,104.19999694824219,104.66999816894531,103.83999633789062,103.86000061035156,0.0
1676937600,103.91000366210938,104.26000213623047,103.7699966430664,104.18000030517578,0.0
1677024000,104.12999725341797,104.5999984741211,104.01000213623047,104.58999633789062,0.0
1677110400,104.5,104.77999877929688,104.30999755859375,104.5999984741211,0.0
1677196800,104.55999755859375,105.31999969482422,104.41999816894531,105.20999908447266,0.0
1677456000,105.26000213623047,105.36000061035156,104.55000305175781,104.66999816894531,0.0
1677542400,104.62999725341797,105.0,104.41999816894531,104.87000274658203,0.0
1677628800,105.04000091552734,105.08999633789062,104.08999633789062,104.4800033569336,0.0
1677715200,104.38999938964844,105.18000030517578,104.38999938964844,105.02999877929688,0.0
1677801600,104.94000244140625,105.0,104.48999786376953,104.5199966430664,0.0
1678060800,104.52999877929688,104.69000244140625,104.16000366210938,104.3499984741211,0.0
1678147200,104.30000305175781,105.6500015258789,104.12000274658203,105.62000274658203,0.0
1678233600,105.66999816894531,105.87999725341797,105.37000274658203,105.66000366210938,0.0
1678320000,105.62000274658203,105.7300033569336,105.1500015258789,105.30999755859375,0.0
1678406400,105.12999725341797,105.3499984741211,104.04000091552734,104.58000183105469,0.0
1678665600,104.38999938964844,104.38999938964844,103.4800033569336,103.5999984741211,0.0
1678752000,103.66999816894531,104.05000305175781,103.5,103.5999984741211,0.0
1678838400,103.73999786376953,105.0999984741211,103.44000244140625,104.6500015258789,0.0
1678924800,104.62000274658203,104.73999786376953,104.19999694824219,104.41999816894531,0.0
1679011200,104.41000366210938,104.44999694824219,103.69000244140625,103.70999908447266,0.0
1679270400,103.86000061035156,103.95999908447266,103.27999877929688,103.27999877929688,0.0
1679356800,103.30999755859375,103.5199966430664,103.0,103.26000213623047,0.0
1679443200,103.19999694824219,103.2699966430664,102.06999969482422,102.3499984741211,0.0
1679529600,102.5,102.63999938964844,101.91999816894531,102.52999877929688,0.0
1679616000,102.5999984741211,103.36000061035156,102.5,103.12000274658203,0.0
1679875200,103.12000274658203,103.2300033569336,102.83000183105469,102.86000061035156,0.0
1679961600,102.75,102.76000213623047,102.37999725341797,102.43000030517578,0.0
1680048000,102.48999786376953,102.79000091552734,102.37000274658203,102.63999938964844,0.0
1680134400,102.62000274658203,102.77999877929688,102.06999969482422,102.13999938964844,0.0
1680220800,102.19999694824219,102.62999725341797,102.05000305175781,102.51000213623047,0.0
1680480000,102.58999633789062,103.05999755859375,101.9800033569336,102.08999633789062,0.0
1680566400,102.01000213623047,102.27999877929688,101.45999908447266,101.58999633789062,0.0
1680652800,101.5199966430664,101.98999786376953,101.41999816894531,101.8499984741211,0.0
1680739200,101.83000183105469,102.13999938964844,101.76000213623047,101.81999969482422,0.0
1681084800,102.0999984741211,102.80999755859375,101.98999786376953,102.58000183105469,0.0
1681171200,102.5199966430664,102.5199966430664,102.01000213623047,102.19999694824219,0.0
1681257600,102.12999725341797,102.16000366210938,101.44999694824219,101.5,0.0
1681344000,101.47000122070312,101.5999984741211,100.8499984741211,101.01000213623047,0.0
1681430400,101.0,101.75,100.79000091552734,101.55000305175781,0.0
1681689600,101.58000183105469,102.2300033569336,101.52999877929688,102.0999984741211,0.0
1681776000,102.0999984741211,102.13999938964844,101.63999938964844,101.75,0.0
1681862400,101.70999908447266,102.2300033569336,101.66000366210938,101.97000122070312,0.0
1681948800,101.98999786376953,102.12999725341797,101.62999725341797,101.83999633789062,0.0
1682035200,101.80000305175781,102.12000274658203,101.6500015258789,101.81999969482422,0.0
1682294400,101.72000122070312,101.91000366210938,101.33000183105469,101.3499984741211,0.0
1682380800,101.26000213623047,101.94999694824219,101.19999694824219,101.86000061035156,0.0
1682467200,101.81999969482422,101.88999938964844,101.01000213623047,101.47000122070312,0.0
1682553600,101.4000015258789,101.80000305175781,101.27999877929688,101.5,0.0
1682640000,101.47000122070312,102.16999816894531,101.41999816894531,101.66999816894531,0.0
1682899200,101.66999816894531,102.19000244140625,101.62000274658203,102.1500015258789,0.0
1682985600,102.1500015258789,102.4000015258789,101.87999725341797,101.95999908447266,0.0
1683072000,101.86000061035156,101.91999816894531,101.06999969482422,101.33999633789062,0.0
1683158400,101.19999694824219,101.63999938964844,101.02999877929688,101.4000015258789,0.0
1683244800,101.33999633789062,101.77999877929688,101.12000274658203,101.20999908447266,0.0
1683504000,101.27999877929688,101.41999816894531,101.04000091552734,101.37000274658203,0.0
1683590400,101.4000015258789,101.83999633789062,101.36000061035156,101.63999938964844,0.0
1683676800,101.62000274658203,101.80999755859375,101.22000122070312,101.4800033569336,0.0
1683763200,101.41000366210938,102.1500015258789,101.30000305175781,102.05999755859375,0.0
1683849600,102.0999984741211,102.70999908447266,101.94000244140625,102.68000030517578,0.0
1684108800,102.70999908447266,102.75,102.37999725341797,102.43000030517578,0.0
1684195200,102.43000030517578,102.69000244140625,102.19999694824219,102.55999755859375,0.0
1684281600,102.61000061035156,103.11000061035156,102.54000091552734,102.87999725341797,0.0
1684368000,102.91000366210938,103.62000274658203,102.80000305175781,103.58000183105469,0.0
1684454400,103.51000213623047,103.62000274658203,103.0,103.19999694824219,0.0
1684713600,103.19000244140625,103.37000274658203,102.95999908447266,103.19999694824219,0.0
1684800000,103.2699966430664,103.6500015258789,103.16000366210938,103.48999786376953,0.0
1684886400,103.54000091552734,103.91000366210938,103.3499984741211,103.88999938964844,0.0
1684972800,103.86000061035156,104.30999755859375,103.83999633789062,104.20999908447266,0.0
1685059200,104.2300033569336,104.41999816894531,103.8499984741211,104.20999908447266,0.0
1685404800,104.30000305175781,104.52999877929688,103.87999725341797,104.16999816894531,0.0
1685491200,104.05000305175781,104.69999694824219,104.01000213623047,104.31999969482422,0.0
1685577600,104.1500015258789,104.5,103.5,103.55999755859375,0.0
1685664000,103.55999755859375,104.08999633789062,103.37999725341797,104.0199966430664,0.0
1685923200,104.04000091552734,104.4000015258789,103.93000030517578,104.0,0.0
1686009600,104.01000213623047,104.37000274658203,103.81999969482422,104.12999725341797,0.0
1686096000,104.12000274658203,104.30000305175781,103.66000366210938,104.0999984741211,0.0
1686182400,104.06999969482422,104.06999969482422,103.30000305175781,103.33999633789062,0.0
1686268800,103.30000305175781,103.61000061035156,103.30000305175781,103.55999755859375,0.0
1686528000,103.55000305175781,103.76000213623047,103.23999786376953,103.62999725341797,0.0
1686614400,103.58000183105469,103.62000274658203,103.05000305175781,103.33999633789062,0.0
1686700800,103.31999969482422,103.4000015258789,102.66000366210938,103.01000213623047,0.0
1686787200,102.95999908447266,103.37999725341797,102.08999633789062,102.12000274658203,0.0
1686873600,102.12000274658203,102.43000030517578,102.01000213623047,102.30000305175781,0.0
1687219200,102.4800033569336,102.79000091552734,102.31999969482422,102.54000091552734,0.0
1687305600,102.5,102.70999908447266,102.0199966430664,102.06999969482422,0.0
1687392000,102.02999877929688,102.47000122070312,101.91999816894531,102.38999938964844,0.0
1687478400,102.37999725341797,103.16999816894531,102.37999725341797,102.9000015258789,0.0
1687737600,102.83000183105469,102.83000183105469,102.61000061035156,102.69000244140625,0.0
1687824000,102.73999786376953,102.80000305175781,102.31999969482422,102.48999786376953,0.0
1687910400,102.51000213623047,103.1500015258789,102.47000122070312,102.91000366210938,0.0
1687996800,102.95999908447266,103.44000244140625,102.77999877929688,103.33999633789062,0.0
1688083200,103.3499984741211,103.54000091552734,102.75,102.91000366210938,0.0
1688342400,102.91999816894531,103.2699966430664,102.75,102.98999786376953,0.0
1688515200,103.08000183105469,103.38999938964844,102.95999908447266,103.37000274658203,0.0
1688601600,103.3499984741211,103.56999969482422,102.91999816894531,103.16999816894531,0.0
1688688000,103.08000183105469,103.19000244140625,102.2300033569336,102.2699966430664,0.0
1688947200,102.29000091552734,102.55999755859375,101.94999694824219,101.97000122070312,0.0
1689033600,101.94000244140625,101.97000122070312,101.6500015258789,101.7300033569336,0.0
1689120000,101.58999633789062,101.61000061035156,100.51000213623047,100.5199966430664,0.0
1689206400,100.5199966430664,100.61000061035156,99.73999786376953,99.7699966430664,0.0
1689292800,99.75,100.0199966430664,99.58000183105469,99.91000366210938,0.0
1689552000,99.95999908447266,100.18000030517578,99.75,99.83999633789062,0.0
1689638400,99.88999938964844,100.11000061035156,99.58999633789062,99.94000244140625,0.0
1689724800,99.9800033569336,100.54000091552734,99.93000030517578,100.27999877929688,0.0
1689811200,100.27999877929688,100.97000122070312,100.0199966430664,100.87999725341797,0.0
1689897600,100.77999877929688,101.19000244140625,100.72000122070312,101.06999969482422,0.0
1690156800,101.08999633789062,101.43000030517578,100.88999938964844,101.3499984741211,0.0
1690243200,101.41999816894531,101.6500015258789,101.19000244140625,101.3499984741211,0.0
1690329600,101.31999969482422,101.44000244140625,100.86000061035156,100.88999938964844,0.0
1690416000,101.11000061035156,101.83999633789062,100.55000305175781,101.7699966430664,0.0
1690502400,101.69000244140625,102.04000091552734,101.36000061035156,101.62000274658203,0.0
1690761600,101.69999694824219,101.91000366210938,101.52999877929688,101.86000061035156,0.0
1690848000,101.87000274658203,102.43000030517578,101.8499984741211,102.30000305175781,0.0
1690934400,101.95999908447266,102.77999877929688,101.95999908447266,102.58999633789062,0.0
1691020800,102.58999633789062,102.83999633789062,102.37000274658203,102.54000091552734,0.0
1691107200,102.44999694824219,102.62000274658203,101.73999786376953,102.0199966430664,0.0
1691366400,102.01000213623047,102.37999725341797,101.97000122070312,102.05000305175781,0.0
1691452800,102.06999969482422,102.80000305175781,102.06999969482422,102.52999877929688,0.0
1691539200,102.55000305175781,102.58000183105469,102.29000091552734,102.48999786376953,0.0
1691625600,102.4800033569336,102.6500015258789,101.77999877929688,102.5199966430664,0.0
1691712000,102.62000274658203,102.91000366210938,102.41999816894531,102.83999633789062,0.0
1691971200,102.8499984741211,103.45999908447266,102.7699966430664,103.19000244140625,0.0
1692057600,103.1500015258789,103.2699966430664,102.81999969482422,103.20999908447266,0.0
1692144000,103.20999908447266,103.52999877929688,102.94000244140625,103.41999816894531,0.0
1692230400,103.4800033569336,103.5999984741211,103.05999755859375,103.44000244140625,0.0
1692316800,103.4000015258789,103.68000030517578,103.2300033569336,103.37999725341797,0.0
1692576000,103.43000030517578,103.5,103.13999938964844,103.33000183105469,0.0
1692662400,103.33000183105469,103.72000122070312,103.01000213623047,103.55999755859375,0.0
1692748800,103.58000183105469,103.9800033569336,103.30000305175781,103.36000061035156,0.0
1692835200,103.36000061035156,104.02999877929688,103.2699966430664,103.9800033569336,0.0
1692921600,104.0999984741211,104.44999694824219,103.73999786376953,104.08000183105469,0.0
1693180800,104.19000244140625,104.20999908447266,103.9800033569336,104.05999755859375,0.0
1693267200,103.91999816894531,104.36000061035156,103.37000274658203,103.55000305175781,0.0
1693353600,103.44000244140625,103.69999694824219,102.94000244140625,103.16000366210938,0.0
1693440000,103.0999984741211,103.73999786376953,103.01000213623047,103.62000274658203,0.0
1693526400,103.62000274658203,104.29000091552734,103.2699966430664,104.23999786376953,0.0
1693872000,104.12999725341797,104.91000366210938,104.11000061035156,104.80999755859375,0.0
1693958400,104.75,105.0199966430664,104.58999633789062,104.86000061035156,0.0
1694044800,104.86000061035156,105.16000366210938,104.80000305175781,105.05999755859375,0.0
1694131200,105.05999755859375,105.0999984741211,104.66000366210938,105.08999633789062,0.0
1694390400,104.94000244140625,104.94000244140625,104.41999816894531,104.56999969482422,0.0
1694476800,104.55999755859375,104.91999816894531,104.45999908447266,104.70999908447266,0.0
1694563200,104.58000183105469,104.97000122070312,104.51000213623047,104.7699966430664,0.0
1694649600,104.73999786376953,105.44000244140625,104.55999755859375,105.41000366210938,0.0
1694736000,105.37999725341797,105.41000366210938,105.08000183105469,105.31999969482422,0.0
1694995200,105.30000305175781,105.36000061035156,105.0199966430664,105.19999694824219,0.0
1695081600,105.08000183105469,105.20999908447266,104.81999969482422,105.19999694824219,0.0
1695168000,105.11000061035156,105.44000244140625,104.66999816894531,105.16000366210938,0.0
1695254400,105.44000244140625,105.73999786376953,105.27999877929688,105.36000061035156,0.0
1695340800,105.37999725341797,105.77999877929688,105.31999969482422,105.58000183105469,0.0
1695600000,105.56999969482422,106.0999984741211,105.5199966430664,106.0,0.0
1695686400,105.94000244140625,106.26000213623047,105.86000061035156,106.2300033569336,0.0
1695772800,106.22000122070312,106.83999633789062,106.16999816894531,106.66999816894531,0.0
1695859200,106.68000030517578,106.76000213623047,106.0199966430664,106.22000122070312,0.0
1695945600,106.1500015258789,106.23999786376953,105.66000366210938,106.16999816894531,0.0
1696204800,106.16999816894531,107.02999877929688,106.04000091552734,106.9000015258789,0.0
1696291200,107.02999877929688,107.3499984741211,106.91000366210938,107.0,0.0
1696377600,107.05999755859375,107.23999786376953,106.51000213623047,106.80000305175781,0.0
1696464000,106.7699966430664,106.86000061035156,106.31999969482422,106.33000183105469,0.0
1696550400,106.36000061035156,106.97000122070312,105.94999694824219,106.04000091552734,0.0
1696809600,106.0999984741211,106.5999984741211,106.0199966430664,106.08000183105469,0.0
1696896000,106.02999877929688,106.25,105.66000366210938,105.83000183105469,0.0
1696982400,105.7300033569336,106.01000213623047,105.55999755859375,105.81999969482422,0.0
1697068800,105.66999816894531,106.5999984741211,105.54000091552734,106.56999969482422,0.0
1697155200,106.5199966430664,106.79000091552734,106.29000091552734,106.6500015258789,0.0
1697414400,106.58000183105469,106.62999725341797,106.18000030517578,106.23999786376953,0.0
1697500800,106.26000213623047,106.52999877929688,106.0199966430664,106.25,0.0
1697587200,106.22000122070312,106.63999938964844,106.01000213623047,106.56999969482422,0.0
1697673600,106.54000091552734,106.66999816894531,105.9800033569336,106.25,0.0
1697760000,106.26000213623047,106.41999816894531,106.06999969482422,106.16000366210938,0.0
1698019200,106.16000366210938,106.33000183105469,105.5199966430664,105.54000091552734,0.0
1698105600,105.61000061035156,106.31999969482422,105.36000061035156,106.2699966430664,0.0
1698192000,106.25,106.56999969482422,106.13999938964844,106.52999877929688,0.0
1698278400,106.58000183105469,106.88999938964844,106.52999877929688,106.5999984741211,0.0
1698364800,106.58999633789062,106.80000305175781,106.31999969482422,106.55999755859375,0.0
1698624000,106.58000183105469,106.69999694824219,106.05999755859375,106.12000274658203,0.0
1698710400,106.16000366210938,106.86000061035156,105.91000366210938,106.66000366210938,0.0
1698796800,106.66999816894531,107.11000061035156,106.61000061035156,106.87999725341797,0.0
1698883200,106.5,106.51000213623047,105.80999755859375,106.12000274658203,0.0
1698969600,106.19999694824219,106.22000122070312,104.94000244140625,105.0199966430664,0.0
1699228800,105.06999969482422,105.29000091552734,104.8499984741211,105.22000122070312,0.0
1699315200,105.2699966430664,105.77999877929688,105.2699966430664,105.54000091552734,0.0
1699401600,105.54000091552734,105.87000274658203,105.44999694824219,105.58999633789062,0.0
1699488000,105.52999877929688,105.97000122070312,105.37999725341797,105.91000366210938,0.0
1699574400,105.93000030517578,106.01000213623047,105.73999786376953,105.86000061035156,0.0
1699833600,105.80000305175781,105.95999908447266,105.58999633789062,105.66000366210938,0.0
1699920000,105.6500015258789,105.7300033569336,103.98999786376953,104.11000061035156,0.0
1700006400,104.37999725341797,104.51000213623047,103.9800033569336,104.38999938964844,0.0
1700092800,104.36000061035156,104.55999755859375,104.01000213623047,104.37000274658203,0.0
1700179200,104.4000015258789,104.55000305175781,103.80999755859375,103.81999969482422,0.0
1700438400,103.81999969482422,103.97000122070312,103.37999725341797,103.47000122070312,0.0
1700524800,103.47000122070312,103.70999908447266,103.18000030517578,103.58999633789062,0.0
1700611200,103.55000305175781,104.20999908447266,103.4800033569336,103.91999816894531,0.0
1700784000,103.75,103.83999633789062,103.36000061035156,103.4000015258789,0.0
1701043200,103.41999816894531,103.52999877929688,103.19000244140625,103.19999694824219,0.0
1701129600,103.12999725341797,103.31999969482422,102.61000061035156,102.75,0.0
1701216000,102.6500015258789,103.01000213623047,102.47000122070312,102.7699966430664,0.0
1701302400,102.83000183105469,103.58999633789062,102.72000122070312,103.5,0.0
1701388800,103.36000061035156,103.72000122070312,103.12000274658203,103.2699966430664,0.0
1701648000,103.19000244140625,103.8499984741211,103.05999755859375,103.63999938964844,0.0
1701734400,103.55999755859375,104.08999633789062,103.55000305175781,104.05000305175781,0.0
1701820800,103.98999786376953,104.2300033569336,103.87000274658203,104.1500015258789,0.0
1701907200,104.11000061035156,104.19999694824219,103.2699966430664,103.54000091552734,0.0
1701993600,103.63999938964844,104.26000213623047,103.44000244140625,104.01000213623047,0.0
1702252800,103.9800033569336,104.26000213623047,103.93000030517578,104.0999984741211,0.0
1702339200,104.02999877929688,104.0999984741211,103.48999786376953,103.87000274658203,0.0
1702425600,103.81999969482422,104.02999877929688,102.77999877929688,102.87000274658203,0.0
1702512000,102.77999877929688,102.80000305175781,101.7699966430664,101.95999908447266,0.0
1702598400,102.0999984741211,102.63999938964844,101.83999633789062,102.55000305175781,0.0
1702857600,102.58999633789062,102.62999725341797,102.37999725341797,102.51000213623047,0.0
1702944000,102.47000122070312,102.62999725341797,102.06999969482422,102.16999816894531,0.0
1703030400,102.19000244140625,102.54000091552734,102.16000366210938,102.41000366210938,0.0
1703116800,102.38999938964844,102.44999694824219,101.73999786376953,101.83999633789062,0.0
1703203200,101.76000213623047,101.9000015258789,101.43000030517578,101.69999694824219,0.0
1703548800,101.6500015258789,101.7699966430664,101.44999694824219,101.47000122070312,0.0
1703635200,101.55000305175781,101.56999969482422,100.83000183105469,100.98999786376953,0.0
1703721600,100.87000274658203,101.30000305175781,100.62000274658203,101.2300033569336,0.0
1703808000,101.19999694824219,101.41999816894531,101.06999969482422,101.33000183105469,0.0
1704153600,101.41999816894531,102.25,101.33999633789062,102.19999694824219,0.0
1704240000,102.1500015258789,102.7300033569336,102.08000183105469,102.45999908447266,0.0
1704326400,102.45999908447266,102.52999877929688,102.1500015258789,102.41999816894531,0.0
1704412800,102.4000015258789,103.0999984741211,101.91000366210938,102.41000366210938,0.0
1704672000,102.44000244140625,102.62000274658203,102.08000183105469,102.20999908447266,0.0
1704758400,102.22000122070312,102.66000366210938,102.11000061035156,102.56999969482422,0.0
1704844800,102.4800033569336,102.63999938964844,102.33999633789062,102.36000061035156,0.0
1704931200,102.30000305175781,102.76000213623047,102.16000366210938,102.29000091552734,0.0
1705017600,102.30000305175781,102.58999633789062,102.08999633789062,102.4000015258789,0.0
1705363200,102.73999786376953,103.43000030517578,102.73999786376953,103.36000061035156,0.0
1705449600,103.36000061035156,103.69000244140625,103.26000213623047,103.44999694824219,0.0
1705536000,103.37000274658203,103.62999725341797,103.1500015258789,103.54000091552734,0.0
1705622400,103.37000274658203,103.55000305175781,103.23999786376953,103.29000091552734,0.0
1705881600,103.23999786376953,103.37000274658203,103.11000061035156,103.33000183105469,0.0
1705968000,103.3499984741211,103.81999969482422,102.9800033569336,103.62000274658203,0.0
1706054400,103.51000213623047,103.55000305175781,102.7699966430664,103.23999786376953,0.0
1706140800,103.3499984741211,103.68000030517578,103.12000274658203,103.56999969482422,0.0
1706227200,103.5199966430664,103.7300033569336,103.1500015258789,103.47000122070312,0.0
1706486400,103.47000122070312,103.81999969482422,103.4000015258789,103.61000061035156,0.0
1706572800,103.44000244140625,103.61000061035156,103.30999755859375,103.4000015258789,0.0
1706659200,103.41999816894531,103.73999786376953,102.94000244140625,103.2699966430664,0.0
1706745600,103.51000213623047,103.80999755859375,103.0199966430664,103.05000305175781,0.0
1706832000,102.98999786376953,104.04000091552734,102.9000015258789,103.91999816894531,0.0
1707091200,103.98999786376953,104.5999984741211,103.98999786376953,104.44999694824219,0.0
1707177600,104.44000244140625,104.58999633789062,104.13999938964844,104.18000030517578,0.0
1707264000,104.1500015258789,104.16999816894531,103.94000244140625,104.04000091552734,0.0
1707350400,104.02999877929688,104.43000030517578,103.95999908447266,104.1500015258789,0.0
1707436800,104.13999938964844,104.26000213623047,103.94999694824219,104.08000183105469,0.0
1707696000,104.08000183105469,104.27999877929688,103.9000015258789,104.16999816894531,0.0
1707782400,104.18000030517578,104.95999908447266,103.97000122070312,104.95999908447266,0.0
1707868800,104.83999633789062,104.9800033569336,104.66000366210938,104.72000122070312,0.0
1707955200,104.66000366210938,104.70999908447266,104.18000030517578,104.30000305175781,0.0
1708041600,104.30000305175781,104.66999816894531,104.16999816894531,104.27999877929688,0.0
1708387200,104.31999969482422,104.41000366210938,103.80000305175781,104.08000183105469,0.0
1708473600,104.04000091552734,104.20999908447266,103.94000244140625,104.01000213623047,0.0
1708560000,103.91000366210938,104.12999725341797,103.43000030517578,103.95999908447266,0.0
1708646400,103.94999694824219,104.05000305175781,103.7699966430664,103.94000244140625,0.0
1708905600,103.95999908447266,104.0199966430664,103.70999908447266,103.83000183105469,0.0
1708992000,103.77999877929688,103.91999816894531,103.61000061035156,103.83000183105469,0.0
1709078400,103.83999633789062,104.23999786376953,103.80999755859375,103.9800033569336,0.0
1709164800,103.91999816894531,104.19999694824219,103.66000366210938,104.16000366210938,0.0
1709251200,104.12999725341797,104.29000091552734,103.83999633789062,103.86000061035156,0.0
1709510400,103.88999938964844,103.95999908447266,103.7300033569336,103.83000183105469,0.0
1709596800,103.8499984741211,103.94999694824219,103.58000183105469,103.80000305175781,0.0
1709683200,103.80999755859375,103.88999938964844,103.19999694824219,103.37000274658203,0.0
1709769600,103.30999755859375,103.3499984741211,102.80000305175781,102.81999969482422,0.0
1709856000,102.7300033569336,102.9000015258789,102.36000061035156,102.73999786376953,0.0
1710115200,102.73999786376953,102.93000030517578,102.63999938964844,102.87000274658203,0.0
1710201600,102.81999969482422,103.18000030517578,102.72000122070312,102.95999908447266,0.0
1710288000,102.93000030517578,103.0199966430664,102.66999816894531,102.79000091552734,0.0
1710374400,102.76000213623047,103.4000015258789,102.73999786376953,103.36000061035156,0.0
1710460800,103.38999938964844,103.48999786376953,103.30000305175781,103.43000030517578,0.0
1710720000,103.44999694824219,103.6500015258789,103.33999633789062,103.58000183105469,0.0
1710806400,103.58999633789062,104.05999755859375,103.58000183105469,103.80999755859375,0.0
1710892800,103.83999633789062,104.1500015258789,103.37999725341797,103.41000366210938,0.0
1710979200,103.23999786376953,104.05000305175781,103.16999816894531,104.0,0.0
1711065600,103.98999786376953,104.5,103.91999816894531,104.43000030517578,0.0
1711324800,104.43000030517578,104.4800033569336,104.13999938964844,104.2300033569336,0.0
1711411200,104.22000122070312,104.33999633789062,104.01000213623047,104.29000091552734,0.0
1711497600,104.30000305175781,104.45999908447266,104.22000122070312,104.3499984741211,0.0
1711584000,104.44000244140625,104.7300033569336,104.30999755859375,104.55000305175781,0.0
1711929600,104.48999786376953,105.08000183105469,104.41999816894531,105.0199966430664,0.0
1712016000,105.0,105.0999984741211,104.68000030517578,104.81999969482422,0.0
1712102400,104.7699966430664,104.83999633789062,104.2300033569336,104.25,0.0
1712188800,104.2300033569336,104.26000213623047,103.91999816894531,104.12000274658203,0.0
1712275200,104.20999908447266,104.69000244140625,104.13999938964844,104.30000305175781,0.0
1712534400,104.29000091552734,104.44000244140625,104.0999984741211,104.13999938964844,0.0
1712620800,104.12000274658203,104.19999694824219,103.87999725341797,104.1500015258789,0.0
1712707200,104.0999984741211,105.30000305175781,104.0199966430664,105.25,0.0
1712793600,105.18000030517578,105.52999877929688,105.02999877929688,105.27999877929688,0.0
1712880000,105.27999877929688,106.11000061035156,105.23999786376953,106.04000091552734,0.0
1713139200,106.01000213623047,106.25,105.83999633789062,106.20999908447266,0.0
1713225600,106.16999816894531,106.5199966430664,106.06999969482422,106.26000213623047,0.0
1713312000,106.33000183105469,106.44000244140625,105.87000274658203,105.94999694824219,0.0
1713398400,105.93000030517578,106.18000030517578,105.73999786376953,106.1500015258789,0.0
1713484800,106.19000244140625,106.3499984741211,105.8499984741211,106.1500015258789,0.0
1713744000,106.12000274658203,106.4000015258789,105.9800033569336,106.08000183105469,0.0
1713830400,106.12000274658203,106.23999786376953,105.61000061035156,105.69000244140625,0.0
1713916800,105.69000244140625,105.94999694824219,105.58999633789062,105.86000061035156,0.0
1714003200,105.81999969482422,106.0,105.51000213623047,105.5999984741211,0.0
1714089600,105.58000183105469,106.19000244140625,105.41000366210938,105.94000244140625,0.0
1714348800,106.08000183105469,106.08000183105469,105.45999908447266,105.58000183105469,0.0
1714435200,105.66999816894531,106.3499984741211,105.66999816894531,106.22000122070312,0.0
1714521600,106.31999969482422,106.48999786376953,105.44000244140625,105.76000213623047,0.0
1714608000,105.7300033569336,105.9000015258789,105.30000305175781,105.30000305175781,0.0
1714694400,105.30999755859375,105.37000274658203,104.5199966430664,105.02999877929688,0.0
1714953600,105.08000183105469,105.19999694824219,104.87000274658203,105.05000305175781,0.0
1715040000,105.13999938964844,105.44999694824219,105.02999877929688,105.41000366210938,0.0
1715126400,105.41999816894531,105.63999938964844,105.38999938964844,105.55000305175781,0.0
1715212800,105.5199966430664,105.73999786376953,105.20999908447266,105.2300033569336,0.0
1715299200,105.20999908447266,105.4000015258789,105.13999938964844,105.30999755859375,0.0
1715558400,105.30999755859375,105.37000274658203,105.05999755859375,105.22000122070312,0.0
1715644800,105.19999694824219,105.45999908447266,104.95999908447266,105.01000213623047,0.0
1715731200,105.05000305175781,105.05999755859375,104.29000091552734,104.3499984741211,0.0
1715817600,104.20999908447266,104.62999725341797,104.08000183105469,104.45999908447266,0.0
1715904000,104.5,104.80000305175781,104.38999938964844,104.44999694824219,0.0
1716163200,104.5,104.6500015258789,104.38999938964844,104.56999969482422,0.0
1716249600,104.5999984741211,104.7699966430664,104.4800033569336,104.66000366210938,0.0
1716336000,104.62000274658203,104.97000122070312,104.55999755859375,104.94000244140625,0.0
1716422400,104.9000015258789,105.11000061035156,104.62999725341797,105.11000061035156,0.0
1716508800,105.04000091552734,105.12000274658203,104.63999938964844,104.72000122070312,0.0
1716854400,104.58000183105469,104.63999938964844,104.33999633789062,104.61000061035156,0.0
1716940800,104.63999938964844,105.13999938964844,104.58999633789062,105.0999984741211,0.0
1717027200,105.12999725341797,105.18000030517578,104.62999725341797,104.72000122070312,0.0
1717113600,104.76000213623047,104.9000015258789,104.36000061035156,104.66999816894531,0.0
1717372800,104.62999725341797,104.7699966430664,104.05999755859375,104.13999938964844,0.0
1717459200,104.05000305175781,104.33000183105469,103.98999786376953,104.11000061035156,0.0
1717545600,104.16999816894531,104.45999908447266,104.12999725341797,104.2699966430664,0.0
1717632000,104.25,104.37000274658203,104.05000305175781,104.0999984741211,0.0
1717718400,104.08999633789062,104.94999694824219,104.0,104.88999938964844,0.0
1717977600,105.04000091552734,105.38999938964844,105.04000091552734,105.1500015258789,0.0
1718064000,105.1500015258789,105.45999908447266,105.0999984741211,105.2300033569336,0.0
1718150400,105.27999877929688,105.31999969482422,104.26000213623047,104.6500015258789,0.0
1718236800,104.69000244140625,105.27999877929688,104.63999938964844,105.19999694824219,0.0
1718323200,105.2300033569336,105.80999755859375,105.18000030517578,105.55000305175781,0.0
1718582400,105.51000213623047,105.6500015258789,105.30999755859375,105.31999969482422,0.0
1718668800,105.30000305175781,105.55999755859375,105.12999725341797,105.26000213623047,0.0
1718841600,105.19999694824219,105.66999816894531,105.19999694824219,105.58999633789062,0.0
1718928000,105.63999938964844,105.91999816894531,105.54000091552734,105.80000305175781,0.0
1719187200,105.83000183105469,105.9000015258789,105.37000274658203,105.47000122070312,0.0
1719273600,105.51000213623047,105.77999877929688,105.37000274658203,105.61000061035156,0.0
1719360000,105.66000366210938,106.12999725341797,105.61000061035156,106.05000305175781,0.0
1719446400,106.06999969482422,106.08000183105469,105.70999908447266,105.91000366210938,0.0
1719532800,105.91999816894531,106.12999725341797,105.75,105.87000274658203,0.0
1719792000,105.8499984741211,105.9800033569336,105.43000030517578,105.9000015258789,0.0
1719878400,105.8499984741211,106.05000305175781,105.68000030517578,105.72000122070312,0.0
1719964800,105.66999816894531,105.80000305175781,105.05000305175781,105.4000015258789,0.0
1720137600,105.16999816894531,105.16999816894531,104.83000183105469,104.87999725341797,0.0
1720396800,104.87999725341797,105.02999877929688,104.80000305175781,105.01000213623047,0.0
1720483200,104.98999786376953,105.20999908447266,104.95999908447266,105.12000274658203,0.0
1720569600,105.12000274658203,105.16999816894531,104.9800033569336,105.05000305175781,0.0
1720656000,104.98999786376953,105.0,104.08000183105469,104.44000244140625,0.0
1720742400,104.5199966430664,104.55000305175781,104.04000091552734,104.08999633789062,0.0
1721001600,104.08000183105469,104.31999969482422,104.02999877929688,104.19000244140625,0.0
1721088000,104.25,104.51000213623047,104.19999694824219,104.2699966430664,0.0
1721174400,104.22000122070312,104.29000091552734,103.6500015258789,103.75,0.0
1721260800,103.69999694824219,104.2300033569336,103.6500015258789,104.16999816894531,0.0
1721347200,104.16000366210938,104.41999816894531,104.12999725341797,104.4000015258789,0.0
1721606400,104.37000274658203,104.41999816894531,104.18000030517578,104.30999755859375,0.0
1721692800,104.30999755859375,104.54000091552734,104.19999694824219,104.44999694824219,0.0
1721779200,104.4800033569336,104.55999755859375,104.12000274658203,104.38999938964844,0.0
1721865600,104.37999725341797,104.45999908447266,104.08000183105469,104.36000061035156,0.0
1721952000,104.36000061035156,104.44999694824219,104.20999908447266,104.31999969482422,0.0
1722211200,104.33000183105469,104.75,104.13999938964844,104.55999755859375,0.0
1722297600,104.55999755859375,104.80000305175781,104.45999908447266,104.55000305175781,0.0
1722384000,104.43000030517578,104.52999877929688,103.93000030517578,104.0999984741211,0.0
1722470400,104.06999969482422,104.44999694824219,103.86000061035156,104.41999816894531,0.0
1722556800,104.30999755859375,104.43000030517578,103.12999725341797,103.20999908447266,0.0
1722816000,103.22000122070312,103.27999877929688,102.16000366210938,102.69000244140625,0.0
1722902400,102.77999877929688,103.2300033569336,102.69999694824219,102.97000122070312,0.0
1722988800,102.94999694824219,103.37000274658203,102.91999816894531,103.19999694824219,0.0
1723075200,103.08999633789062,103.55000305175781,102.91999816894531,103.20999908447266,0.0
1723161600,103.2699966430664,103.30000305175781,103.02999877929688,103.13999938964844,0.0
1723420800,103.1500015258789,103.30999755859375,103.08999633789062,103.13999938964844,0.0
1723507200,103.08999633789062,103.2699966430664,102.55000305175781,102.55999755859375,0.0
1723593600,102.61000061035156,102.72000122070312,102.2699966430664,102.56999969482422,0.0
1723680000,102.62999725341797,103.2300033569336,102.54000091552734,102.9800033569336,0.0
1723766400,103.04000091552734,103.05000305175781,102.38999938964844,102.45999908447266,0.0
1724025600,102.4000015258789,102.4800033569336,101.8499984741211,101.88999938964844,0.0
1724112000,101.87999725341797,102.01000213623047,101.36000061035156,101.44000244140625,0.0
1724198400,101.3499984741211,101.62999725341797,100.91999816894531,101.04000091552734,0.0
1724284800,101.12999725341797,101.62999725341797,101.08999633789062,101.51000213623047,0.0
1724371200,101.45999908447266,101.55000305175781,100.5999984741211,100.72000122070312,0.0
1724630400,100.68000030517578,100.91999816894531,100.52999877929688,100.8499984741211,0.0
1724716800,100.81999969482422,100.93000030517578,100.51000213623047,100.55000305175781,0.0
1724803200,100.56999969482422,101.18000030517578,100.56999969482422,101.08999633789062,0.0
1724889600,101.0,101.58000183105469,100.88999938964844,101.33999633789062,0.0
1724976000,101.37999725341797,101.77999877929688,101.25,101.69999694824219,0.0
1725321600,101.66000366210938,101.91999816894531,101.55999755859375,101.83000183105469,0.0
1725408000,101.69000244140625,101.77999877929688,101.23999786376953,101.36000061035156,0.0
1725494400,101.27999877929688,101.37000274658203,100.95999908447266,101.11000061035156,0.0
1725580800,101.05999755859375,101.4000015258789,100.58000183105469,101.18000030517578,0.0
1725840000,101.19000244140625,101.69999694824219,101.13999938964844,101.55000305175781,0.0
1725926400,101.63999938964844,101.7699966430664,101.54000091552734,101.62999725341797,0.0
1726012800,101.66000366210938,101.81999969482422,101.2699966430664,101.68000030517578,0.0
1726099200,101.77999877929688,101.83999633789062,101.2300033569336,101.37000274658203,0.0
1726185600,101.19999694824219,101.19999694824219,100.87999725341797,101.11000061035156,0.0
1726444800,101.04000091552734,101.0999984741211,100.58999633789062,100.76000213623047,0.0
1726531200,100.76000213623047,101.02999877929688,100.56999969482422,100.88999938964844,0.0
1726617600,100.94000244140625,101.1500015258789,100.22000122070312,100.5999984741211,0.0
1726704000,101.01000213623047,101.47000122070312,100.5199966430664,100.61000061035156,0.0
1726790400,100.69000244140625,101.0199966430664,100.41000366210938,100.72000122070312,0.0
1727049600,100.73999786376953,101.2300033569336,100.72000122070312,100.91999816894531,0.0
1727136000,100.97000122070312,101.05000305175781,100.33999633789062,100.37000274658203,0.0
1727222400,100.27999877929688,100.98999786376953,100.22000122070312,100.91999816894531,0.0
1727308800,100.93000030517578,100.97000122070312,100.4800033569336,100.55999755859375,0.0
1727395200,100.58999633789062,100.87999725341797,100.16000366210938,100.41999816894531,0.0
1727654400,100.41999816894531,100.91999816894531,100.18000030517578,100.77999877929688,0.0
1727740800,100.73999786376953,101.38999938964844,100.69999694824219,101.19000244140625,0.0
1727827200,101.23999786376953,101.69000244140625,101.16000366210938,101.68000030517578,0.0
1727913600,101.63999938964844,102.0999984741211,101.62999725341797,101.98999786376953,0.0
1728000000,101.91000366210938,102.69000244140625,101.80999755859375,102.5199966430664,0.0
1728259200,102.48999786376953,102.62000274658203,102.37000274658203,102.54000091552734,0.0
1728345600,102.45999908447266,102.63999938964844,102.29000091552734,102.55000305175781,0.0
1728432000,102.48999786376953,102.94000244140625,102.45999908447266,102.93000030517578,0.0
1728518400,102.87999725341797,103.18000030517578,102.72000122070312,102.98999786376953,0.0
1728604800,102.87999725341797,102.98999786376953,102.7699966430664,102.88999938964844,0.0
1728864000,102.93000030517578,103.36000061035156,102.93000030517578,103.30000305175781,0.0
1728950400,103.20999908447266,103.3499984741211,103.02999877929688,103.26000213623047,0.0
1729036800,103.26000213623047,103.61000061035156,103.16999816894531,103.58999633789062,0.0
1729123200,103.55999755859375,103.87000274658203,103.44000244140625,103.83000183105469,0.0
1729209600,103.80999755859375,103.80999755859375,103.45999908447266,103.48999786376953,0.0
1729468800,103.45999908447266,104.0199966430664,103.41999816894531,104.01000213623047,0.0
1729555200,103.97000122070312,104.12999725341797,103.81999969482422,104.08000183105469,0.0
1729641600,104.08999633789062,104.56999969482422,104.08999633789062,104.43000030517578,0.0
1729728000,104.43000030517578,104.45999908447266,104.01000213623047,104.05999755859375,0.0
1729814400,104.05000305175781,104.33999633789062,103.94000244140625,104.26000213623047,0.0
1730073600,104.31999969482422,104.56999969482422,104.12000274658203,104.31999969482422,0.0
1730160000,104.30999755859375,104.63999938964844,104.20999908447266,104.27999877929688,0.0
1730246400,104.25,104.44000244140625,103.9800033569336,103.98999786376953,0.0
1730332800,104.08999633789062,104.22000122070312,103.81999969482422,103.9800033569336,0.0
1730419200,103.86000061035156,104.3499984741211,103.68000030517578,104.27999877929688,0.0
1730678400,103.97000122070312,103.97000122070312,103.58000183105469,103.88999938964844,0.0
1730764800,103.91000366210938,103.95999908447266,103.37000274658203,103.41999816894531,0.0
1730851200,104.04000091552734,105.44000244140625,104.04000091552734,105.08999633789062,0.0
1730937600,105.16000366210938,105.25,104.19000244140625,104.51000213623047,0.0
1731024000,104.44999694824219,105.20999908447266,104.33999633789062,105.0,0.0
1731283200,104.94999694824219,105.70999908447266,104.93000030517578,105.54000091552734,0.0
1731369600,105.48999786376953,106.18000030517578,105.48999786376953,106.0199966430664,0.0
1731456000,106.0199966430664,106.54000091552734,105.72000122070312,106.4800033569336,0.0
1731542400,106.5,107.05999755859375,106.37999725341797,106.66999816894531,0.0
1731628800,106.9000015258789,106.95999908447266,106.33000183105469,106.69000244140625,0.0
1731888000,106.66999816894531,106.80999755859375,106.12999725341797,106.27999877929688,0.0
1731974400,106.26000213623047,106.62999725341797,106.11000061035156,106.20999908447266,0.0
1732060800,106.12000274658203,106.91999816894531,106.11000061035156,106.68000030517578,0.0
1732147200,106.58999633789062,107.16000366210938,106.45999908447266,106.97000122070312,0.0
1732233600,107.05999755859375,108.06999969482422,106.91999816894531,107.48999786376953,0.0
1732492800,107.25,107.25,106.58000183105469,106.81999969482422,0.0
1732579200,107.48999786376953,107.5,106.48999786376953,107.01000213623047,0.0
1732665600,106.81999969482422,106.91999816894531,105.86000061035156,106.08000183105469,0.0
1732838400,105.94999694824219,106.12999725341797,105.62000274658203,105.73999786376953,0.0
1733097600,105.81999969482422,106.7300033569336,105.81999969482422,106.44999694824219,0.0
1733184000,106.4800033569336,106.5999984741211,106.08999633789062,106.37000274658203,0.0
1733270400,106.43000030517578,106.72000122070312,106.08999633789062,106.33999633789062,0.0
1733356800,106.33999633789062,106.37000274658203,105.69999694824219,105.70999908447266,0.0
1733443200,105.79000091552734,106.16000366210938,105.41999816894531,105.97000122070312,0.0
1733702400,105.97000122070312,106.20999908447266,105.80000305175781,106.1500015258789,0.0
1733788800,106.18000030517578,106.63999938964844,106.04000091552734,106.4000015258789,0.0
1733875200,106.37000274658203,106.80999755859375,106.2699966430664,106.70999908447266,0.0
1733961600,106.56999969482422,107.04000091552734,106.3499984741211,106.95999908447266,0.0
1734048000,106.97000122070312,107.19000244140625,106.72000122070312,107.0,0.0
1734307200,106.94999694824219,107.16999816894531,106.75,106.86000061035156,0.0
1734393600,106.81999969482422,107.08000183105469,106.69999694824219,106.95999908447266,0.0
1734480000,106.93000030517578,108.2699966430664,106.81999969482422,108.02999877929688,0.0
1734566400,108.0999984741211,108.48999786376953,107.81999969482422,108.41000366210938,0.0
1734652800,108.4800033569336,108.54000091552734,107.58999633789062,107.62000274658203,0.0
1734912000,107.81999969482422,108.27999877929688,107.68000030517578,108.04000091552734,0.0
1734998400,108.16000366210938,108.30000305175781,107.91999816894531,108.26000213623047,0.0
1735171200,108.16999816894531,108.30000305175781,108.02999877929688,108.12999725341797,0.0
1735257600,108.08000183105469,108.19999694824219,107.87000274658203,108.0,0.0
1735516800,108.01000213623047,108.37999725341797,107.73999786376953,108.12999725341797,0.0
1735603200,108.08999633789062,108.58000183105469,107.87000274658203,108.48999786376953,0.0
1735776000,108.52999877929688,109.52999877929688,108.2699966430664,109.38999938964844,0.0
1735862400,109.19999694824219,109.22000122070312,108.9000015258789,108.94999694824219,0.0
1736121600,108.91999816894531,109.06999969482422,107.75,108.26000213623047,0.0
1736208000,108.33999633789062,108.69999694824219,107.8499984741211,108.54000091552734,0.0
1736294400,108.62000274658203,109.37999725341797,108.55000305175781,109.08999633789062,0.0
1736380800,109.08999633789062,109.37999725341797,108.94000244140625,109.18000030517578,0.0
1736467200,109.2300033569336,109.97000122070312,109.08000183105469,109.6500015258789,0.0
1736726400,109.63999938964844,110.18000030517578,109.41000366210938,109.95999908447266,0.0
1736812800,109.56999969482422,109.76000213623047,109.18000030517578,109.2699966430664,0.0
1736899200,109.2300033569336,109.37999725341797,108.5999984741211,109.08999633789062,0.0
1736985600,109.06999969482422,109.37999725341797,108.83000183105469,108.95999908447266,0.0
1737072000,108.93000030517578,109.41999816894531,108.83000183105469,109.3499984741211,0.0
1737417600,107.9800033569336,108.79000091552734,107.91999816894531,108.05999755859375,0.0
1737504000,107.98999786376953,108.2699966430664,107.75,108.16999816894531,0.0
1737590400,108.25,108.51000213623047,107.91999816894531,108.05000305175781,0.0
1737676800,108.08999633789062,108.19000244140625,107.22000122070312,107.44000244140625,0.0
1737936000,107.47000122070312,107.80999755859375,106.97000122070312,107.33999633789062,0.0
1738022400,107.70999908447266,108.05000305175781,107.69000244140625,107.87000274658203,0.0
1738108800,107.88999938964844,108.30000305175781,107.75,108.0,0.0
1738195200,107.86000061035156,108.23999786376953,107.5,107.80000305175781,0.0
1738281600,108.16000366210938,108.56999969482422,107.79000091552734,108.37000274658203,0.0
1738540800,108.5,109.87999725341797,108.33999633789062,108.98999786376953,0.0
1738627200,108.68000030517578,109.04000091552734,107.91999816894531,107.95999908447266,0.0
1738713600,108.01000213623047,108.01000213623047,107.30000305175781,107.58000183105469,0.0
1738800000,107.62000274658203,108.0999984741211,107.54000091552734,107.69000244140625,0.0
1738886400,107.69999694824219,108.31999969482422,107.5199966430664,108.04000091552734,0.0
1739145600,108.0999984741211,108.44000244140625,108.08999633789062,108.31999969482422,0.0
1739232000,108.33999633789062,108.45999908447266,107.77999877929688,107.95999908447266,0.0
1739318400,108.01000213623047,108.5199966430664,107.62999725341797,107.94000244140625,0.0
1739404800,107.91999816894531,108.0,107.02999877929688,107.30999755859375,0.0
1739491200,107.12000274658203,107.18000030517578,106.56999969482422,106.56999969482422,0.0
1739836800,106.81999969482422,107.12000274658203,106.80999755859375,107.05000305175781,0.0
1739923200,107.02999877929688,107.37999725341797,106.87999725341797,107.16999816894531,0.0
1740009600,107.12000274658203,107.1500015258789,106.33999633789062,106.33999633789062,0.0
1740096000,106.45999908447266,106.75,106.37999725341797,106.61000061035156,0.0
1740355200,106.63999938964844,106.75,106.12999725341797,106.5999984741211,0.0
1740441600,106.7699966430664,106.79000091552734,106.19000244140625,106.30999755859375,0.0
1740528000,106.16999816894531,106.6500015258789,106.16000366210938,106.41999816894531,0.0
1740614400,106.52999877929688,107.30999755859375,106.5199966430664,107.23999786376953,0.0
1740700800,107.25,107.66000366210938,107.18000030517578,107.61000061035156,0.0
1740960000,107.55999755859375,107.55999755859375,106.47000122070312,106.75,0.0
1741046400,106.55999755859375,106.6500015258789,105.52999877929688,105.73999786376953,0.0
1741132800,105.62000274658203,105.7699966430664,104.26000213623047,105.73999786376953,0.0
1741219200,104.31999969482422,104.38999938964844,103.76000213623047,104.05999755859375,0.0
1741305600,104.11000061035156,104.23999786376953,103.45999908447266,103.83999633789062,0.0
1741564800,103.91000366210938,104.05999755859375,103.55999755859375,103.91000366210938,0.0
1741651200,103.83999633789062,103.91999816894531,103.22000122070312,103.44000244140625,0.0
1741737600,103.41999816894531,103.77999877929688,103.3499984741211,103.61000061035156,0.0
1741824000,103.61000061035156,104.08000183105469,103.51000213623047,103.83000183105469,0.0
1741910400,103.83999633789062,104.08999633789062,103.56999969482422,103.72000122070312,0.0
1742169600,103.73999786376953,103.80999755859375,103.30000305175781,103.37000274658203,0.0
1742256000,103.44000244140625,103.68000030517578,103.19999694824219,103.23999786376953,0.0
1742342400,103.2699966430664,103.91000366210938,103.25,103.43000030517578,0.0
1742428800,103.43000030517578,104.12999725341797,103.31999969482422,103.8499984741211,0.0
1742515200,103.77999877929688,104.22000122070312,103.76000213623047,104.08999633789062,0.0
1742774400,104.1500015258789,104.44000244140625,103.83999633789062,104.26000213623047,0.0
1742860800,104.33000183105469,104.47000122070312,103.94000244140625,104.18000030517578,0.0
1742947200,104.25,104.68000030517578,104.18000030517578,104.55000305175781,0.0
1743033600,104.6500015258789,104.6500015258789,104.06999969482422,104.06999969482422,0.0
1743120000,104.27999877929688,104.5,103.9000015258789,104.04000091552734,0.0
1743379200,104.01000213623047,104.38999938964844,103.75,104.20999908447266,0.0
1743465600,104.18000030517578,104.37000274658203,104.0199966430664,104.26000213623047,0.0
1743552000,104.19999694824219,104.30999755859375,103.37000274658203,103.80999755859375,0.0
1743638400,103.1500015258789,103.37999725341797,101.2699966430664,102.06999969482422,0.0
1743724800,101.98999786376953,103.18000030517578,101.54000091552734,103.0199966430664,0.0
1743984000,103.06999969482422,103.54000091552734,102.18000030517578,103.26000213623047,0.0
1744070400,103.43000030517578,103.44000244140625,102.75,102.95999908447266,0.0
1744156800,102.75,103.33000183105469,101.83999633789062,102.9000015258789,0.0
1744243200,102.98999786376953,103.02999877929688,100.69999694824219,100.87000274658203,0.0
1744329600,100.77999877929688,100.77999877929688,99.01000213623047,99.77999877929688,0.0
1744588800,100.0199966430664,100.16000366210938,99.20999908447266,99.63999938964844,0.0
1744675200,99.80999755859375,100.27999877929688,99.4800033569336,100.22000122070312,0.0
1744761600,100.05999755859375,100.0999984741211,99.16999816894531,99.37999725341797,0.0
1744848000,99.2300033569336,99.75,99.22000122070312,99.37999725341797,0.0
1745193600,99.08000183105469,99.20999908447266,97.91999816894531,98.27999877929688,0.0
1745280000,98.30000305175781,99.3499984741211,98.01000213623047,98.91999816894531,0.0
1745366400,99.4800033569336,99.94000244140625,98.86000061035156,99.83999633789062,0.0
1745452800,99.75,99.83999633789062,99.22000122070312,99.29000091552734,0.0
1745539200,99.41000366210938,99.88999938964844,99.4000015258789,99.47000122070312,0.0
1745798400,99.61000061035156,99.83999633789062,98.9000015258789,99.01000213623047,0.0
1745884800,99.04000091552734,99.37000274658203,98.94999694824219,99.23999786376953,0.0
1745971200,99.16999816894531,99.70999908447266,99.13999938964844,99.47000122070312,0.0
1746057600,99.6500015258789,100.37999725341797,99.61000061035156,100.25,0.0
1746144000,100.18000030517578,100.33000183105469,99.4000015258789,100.0,0.0
1746403200,100.0,100.05000305175781,99.45999908447266,99.83000183105469,0.0
1746489600,99.83000183105469,100.0999984741211,99.16999816894531,99.23999786376953,0.0
1746576000,99.5,99.97000122070312,99.29000091552734,99.61000061035156,0.0
1746662400,99.8499984741211,100.76000213623047,99.61000061035156,100.63999938964844,0.0
1746748800,100.63999938964844,100.86000061035156,100.08999633789062,100.33999633789062,0.0
1747008000,100.69000244140625,101.9800033569336,100.51000213623047,101.79000091552734,0.0
1747094400,101.7300033569336,101.76000213623047,100.91000366210938,101.0,0.0
1747180800,100.94999694824219,101.13999938964844,100.2699966430664,101.04000091552734,0.0
1747267200,100.97000122070312,101.05999755859375,100.58999633789062,100.87999725341797,0.0
1747353600,100.7699966430664,101.26000213623047,100.5199966430664,101.08999633789062,0.0
1747612800,100.91000366210938,100.91000366210938,100.05999755859375,100.43000030517578,0.0
1747699200,100.43000030517578,100.58000183105469,100.01000213623047,100.12000274658203,0.0
1747785600,99.98999786376953,99.98999786376953,99.33999633789062,99.55999755859375,0.0
1747872000,99.63999938964844,100.12000274658203,99.44000244140625,99.95999908447266,0.0
1747958400,99.87999725341797,99.94000244140625,99.05000305175781,99.11000061035156,0.0
1748217600,99.08999633789062,99.16000366210938,98.69000244140625,98.93000030517578,0.0
1748304000,98.95999908447266,99.62000274658203,98.77999877929688,99.5199966430664,0.0
1748390400,99.52999877929688,99.95999908447266,99.44000244140625,99.87999725341797,0.0
1748476800,100.54000091552734,100.54000091552734,99.22000122070312,99.27999877929688,0.0
1748563200,99.25,99.66999816894531,99.12999725341797,99.33000183105469,0.0
1748822400,99.41000366210938,99.41999816894531,98.61000061035156,98.69999694824219,0.0
1748908800,98.58999633789062,99.33000183105469,98.58000183105469,99.25,0.0
1748995200,99.18000030517578,99.38999938964844,98.66999816894531,98.79000091552734,0.0
1749081600,98.80000305175781,98.94000244140625,98.3499984741211,98.73999786376953,0.0
1749168000,98.69999694824219,99.36000061035156,98.66000366210938,99.19000244140625,0.0
1749427200,99.19999694824219,99.2300033569336,98.81999969482422,98.94000244140625,0.0
1749513600,98.9800033569336,99.38999938964844,98.86000061035156,99.05000305175781,0.0
1749600000,98.95999908447266,99.22000122070312,98.52999877929688,98.62999725341797,0.0
1749686400,98.45999908447266,98.5199966430664,97.5999984741211,97.91999816894531,0.0
1749772800,97.80999755859375,98.58999633789062,97.62000274658203,98.18000030517578,0.0
1750032000,98.26000213623047,98.37000274658203,97.69000244140625,98.0,0.0
1750118400,98.19000244140625,98.87000274658203,98.0199966430664,98.81999969482422,0.0
1750204800,98.87000274658203,99.01000213623047,98.4800033569336,98.91000366210938,0.0
1750377600,98.66999816894531,98.88999938964844,98.54000091552734,98.70999908447266,0.0
1750636800,99.08999633789062,99.41999816894531,98.3499984741211,98.41999816894531,0.0
1750723200,98.16000366210938,98.27999877929688,97.70999908447266,97.86000061035156,0.0
1750809600,97.94000244140625,98.19999694824219,97.6500015258789,97.68000030517578,0.0
1750896000,97.55000305175781,97.61000061035156,97.0,97.1500015258789,0.0
1750982400,97.33000183105469,97.5,97.0,97.4000015258789,0.0
1751241600,97.19000244140625,97.31999969482422,96.7699966430664,96.87999725341797,0.0
1751328000,96.77999877929688,96.94999694824219,96.37999725341797,96.81999969482422,0.0
1751414400,96.63999938964844,97.1500015258789,96.62000274658203,96.77999877929688,0.0
1751500800,96.75,97.41999816894531,96.69000244140625,97.18000030517578,0.0
1751846400,96.95999908447266,97.66999816894531,96.88999938964844,97.4800033569336,0.0
1751932800,97.36000061035156,97.83999633789062,97.18000030517578,97.51000213623047,0.0
1752019200,97.55000305175781,97.75,97.45999908447266,97.47000122070312,0.0
1752105600,97.44000244140625,97.91999816894531,97.2699966430664,97.6500015258789,0.0
1752192000,97.56999969482422,97.95999908447266,97.55999755859375,97.8499984741211,0.0
1752451200,97.95999908447266,98.13999938964844,97.7699966430664,98.08000183105469,0.0
1752537600,98.13999938964844,98.69999694824219,97.93000030517578,98.62000274658203,0.0
1752624000,98.58000183105469,98.91000366210938,97.70999908447266,98.38999938964844,0.0
1752710400,98.3499984741211,98.94999694824219,98.33999633789062,98.7300033569336,0.0
1752796800,98.48999786376953,98.58000183105469,98.0999984741211,98.4800033569336,0.0
1753056000,98.36000061035156,98.51000213623047,97.69999694824219,97.8499984741211,0.0
1753142400,97.87000274658203,97.98999786376953,97.30999755859375,97.38999938964844,0.0
1753228800,97.47000122070312,97.61000061035156,97.19000244140625,97.20999908447266,0.0
1753315200,97.18000030517578,97.55000305175781,97.11000061035156,97.37999725341797,0.0
1753401600,97.44999694824219,97.91000366210938,97.43000030517578,97.6500015258789,0.0
1753660800,97.58000183105469,98.69000244140625,97.48999786376953,98.66000366210938,0.0
1753747200,98.63999938964844,99.13999938964844,98.58000183105469,98.91000366210938,0.0
1753833600,98.91999816894531,99.9800033569336,98.69999694824219,99.94000244140625,0.0
1753920000,99.80000305175781,100.0999984741211,99.5199966430664,100.02999877929688,0.0
1754006400,100.01000213623047,100.26000213623047,98.61000061035156,98.69000244140625,0.0
1754265600,98.6500015258789,98.9800033569336,98.58999633789062,98.77999877929688,0.0
1754352000,98.62000274658203,99.06999969482422,98.58999633789062,98.77999877929688,0.0
1754438400,98.75,98.83999633789062,98.12999725341797,98.18000030517578,0.0
1754524800,98.19000244140625,98.47000122070312,97.94999694824219,98.4000015258789,0.0
1754611200,97.9800033569336,98.3499984741211,97.95999908447266,98.18000030517578,0.0
1754870400,98.23999786376953,99.31999969482422,98.02999877929688,98.5199966430664,0.0
1754956800,98.51000213623047,98.62000274658203,97.9000015258789,98.0999984741211,0.0
1755043200,98.04000091552734,98.12999725341797,97.62999725341797,97.83999633789062,0.0
1755129600,97.75,98.31999969482422,97.62999725341797,98.25,0.0
1755216000,98.18000030517578,98.20999908447266,97.7300033569336,97.8499984741211,0.0
1755475200,97.79000091552734,98.19000244140625,97.77999877929688,98.16999816894531,0.0
1755561600,98.1500015258789,98.31999969482422,97.94000244140625,98.2699966430664,0.0
1755648000,98.29000091552734,98.44000244140625,98.08000183105469,98.22000122070312,0.0
1755734400,98.25,98.68000030517578,98.18000030517578,98.62000274658203,0.0
1755820800,98.5999984741211,98.83000183105469,97.55999755859375,97.72000122070312,0.0
1756080000,97.7300033569336,98.54000091552734,97.70999908447266,98.43000030517578,0.0
1756166400,98.47000122070312,98.55999755859375,98.08999633789062,98.2300033569336,0.0
1756252800,98.25,98.7300033569336,98.16000366210938,98.2300033569336,0.0
1756339200,98.12000274658203,98.2300033569336,97.73999786376953,97.80999755859375,0.0
1756425600,97.87000274658203,98.12999725341797,97.69000244140625,97.7699966430664,0.0
1756771200,97.6500015258789,98.5999984741211,97.62000274658203,98.4000015258789,0.0
1756857600,98.4000015258789,98.63999938964844,98.01000213623047,98.13999938964844,0.0
1756944000,98.1500015258789,98.44000244140625,98.08000183105469,98.3499984741211,0.0
1757030400,98.23999786376953,98.26000213623047,97.43000030517578,97.7699966430664,0.0
1757289600,97.79000091552734,97.94000244140625,97.41999816894531,97.44999694824219,0.0
1757376000,97.37999725341797,97.81999969482422,97.25,97.79000091552734,0.0
1757462400,97.83000183105469,97.93000030517578,97.5999984741211,97.77999877929688,0.0
1757548800,97.79000091552734,98.08999633789062,97.47000122070312,97.54000091552734,0.0
1757635200,97.5199966430664,97.86000061035156,97.48999786376953,97.55000305175781,0.0
1757894400,97.62999725341797,97.69999694824219,97.2699966430664,97.30000305175781,0.0
1757980800,97.33999633789062,97.38999938964844,96.55999755859375,96.62999725341797,0.0
1758067200,96.62000274658203,97.06999969482422,96.22000122070312,96.87000274658203,0.0
1758153600,96.93000030517578,97.5999984741211,96.83999633789062,97.3499984741211,0.0
1758240000,97.33999633789062,97.80999755859375,97.2699966430664,97.63999938964844,0.0
1758499200,97.6500015258789,97.81999969482422,97.30999755859375,97.33000183105469,0.0
1758585600,97.31999969482422,97.45999908447266,97.19999694824219,97.26000213623047,0.0
1758672000,97.23999786376953,97.91999816894531,97.22000122070312,97.87000274658203,0.0
1758758400,97.81999969482422,98.61000061035156,97.73999786376953,98.55000305175781,0.0
1758844800,98.5,98.52999877929688,98.12999725341797,98.1500015258789,0.0
1759104000,98.16999816894531,98.18000030517578,97.7699966430664,97.91000366210938,0.0
1759190400,97.91000366210938,98.05000305175781,97.62999725341797,97.7699966430664,0.0
1759276800,97.81999969482422,97.87999725341797,97.45999908447266,97.70999908447266,0.0
1759363200,97.69999694824219,98.12999725341797,97.5199966430664,97.8499984741211,0.0
1759449600,97.8499984741211,97.94999694824219,97.5999984741211,97.72000122070312,0.0
1759708800,97.95999908447266,98.5,97.95999908447266,98.11000061035156,0.0
1759795200,98.08999633789062,98.66000366210938,98.08999633789062,98.58000183105469,0.0
1759881600,98.61000061035156,99.05999755859375,98.58999633789062,98.8499984741211,0.0
1759968000,98.83999633789062,99.55999755859375,98.69999694824219,99.54000091552734,0.0
1760054400,99.38999938964844,99.43000030517578,98.80999755859375,98.9800033569336,0.0
1760313600,98.94000244140625,99.3499984741211,98.83000183105469,99.2699966430664,0.0
1760400000,99.30000305175781,99.4800033569336,98.98999786376953,99.05000305175781,0.0
1760486400,99.05000305175781,99.08000183105469,98.66000366210938,98.79000091552734,0.0
1760572800,98.66999816894531,98.69999694824219,98.30000305175781,98.38999938964844,0.0
1760659200,98.26000213623047,98.55000305175781,98.02999877929688,98.43000030517578,0.0
1760918400,98.66999816894531,98.66999816894531,98.38999938964844,98.58999633789062,0.0
1761004800,98.61000061035156,98.9800033569336,98.51000213623047,98.93000030517578,0.0
1761091200,98.97000122070312,99.13999938964844,98.79000091552734,98.9000015258789,0.0
1761177600,98.91999816894531,99.13999938964844,98.91000366210938,98.94000244140625,0.0
1761264000,98.94000244140625,99.0999984741211,98.7300033569336,98.94999694824219,0.0
1761523200,98.83999633789062,99.0,98.7300033569336,98.77999877929688,0.0
1761609600,98.75,98.94999694824219,98.56999969482422,98.69000244140625,0.0
1761696000,98.73999786376953,99.36000061035156,98.62000274658203,99.22000122070312,0.0
1761782400,99.13999938964844,99.72000122070312,98.91999816894531,99.52999877929688,0.0
1761868800,99.48999786376953,99.83999633789062,99.41999816894531,99.80000305175781,0.0
1762128000,99.75,99.98999786376953,99.70999908447266,99.87000274658203,0.0
1762214400,99.9800033569336,100.26000213623047,99.73999786376953,100.22000122070312,0.0
1762300800,100.18000030517578,100.36000061035156,100.05999755859375,100.19999694824219,0.0
1762387200,100.11000061035156,100.11000061035156,99.66999816894531,99.7300033569336,0.0
1762473600,99.76000213623047,99.87000274658203,99.4000015258789,99.5999984741211,0.0
1762732800,99.62999725341797,99.73999786376953,99.45999908447266,99.62000274658203,0.0
1762819200,99.66000366210938,99.73999786376953,99.29000091552734,99.45999908447266,0.0
1762905600,99.45999908447266,99.70999908447266,99.41999816894531,99.4800033569336,0.0
1762992000,99.5199966430664,99.58999633789062,98.98999786376953,99.18000030517578,0.0
1763078400,99.26000213623047,99.4000015258789,98.98999786376953,99.2699966430664,0.0
1763337600,99.2699966430664,99.5999984741211,99.25,99.58999633789062,0.0
1763424000,99.55999755859375,99.66000366210938,99.4000015258789,99.55000305175781,0.0
1763510400,99.58000183105469,100.23999786376953,99.48999786376953,100.2300033569336,0.0
1763596800,100.16999816894531,100.36000061035156,100.02999877929688,100.16000366210938,0.0
1763683200,100.16000366210938,100.4000015258789,99.98999786376953,100.18000030517578,0.0
1763942400,100.19999694824219,100.30000305175781,100.01000213623047,100.13999938964844,0.0
1764028800,100.20999908447266,100.26000213623047,99.6500015258789,99.66000366210938,0.0
1764115200,99.83999633789062,99.95999908447266,99.55999755859375,99.5999984741211,0.0
1764288000,99.56999969482422,99.81999969482422,99.37999725341797,99.45999908447266,0.0
1764547200,99.4800033569336,99.51000213623047,99.01000213623047,99.41000366210938,0.0
1764633600,99.44999694824219,99.56999969482422,99.31999969482422,99.36000061035156,0.0
1764720000,99.27999877929688,99.29000091552734,98.81999969482422,98.8499984741211,0.0
1764806400,98.91999816894531,99.08000183105469,98.7699966430664,98.98999786376953,0.0
1764892800,99.04000091552734,99.12999725341797,98.80999755859375,98.98999786376953,0.0
1765152000,98.97000122070312,99.2300033569336,98.79000091552734,99.08999633789062,0.0
1765238400,99.05000305175781,99.30999755859375,98.94999694824219,99.22000122070312,0.0
1765324800,99.22000122070312,99.26000213623047,98.58999633789062,98.79000091552734,0.0
1765411200,98.55999755859375,98.76000213623047,98.12999725341797,98.3499984741211,0.0
1765497600,98.31999969482422,98.52999877929688,98.30000305175781,98.4000015258789,0.0
1765756800,98.4000015258789,98.4800033569336,98.13999938964844,98.1500015258789,0.0
1765843200,98.2699966430664,98.31999969482422,97.87000274658203,98.1500015258789,0.0
1765929600,98.20999908447266,98.63999938964844,98.18000030517578,98.37000274658203,0.0
1766016000,98.37999725341797,98.55999755859375,98.16999816894531,98.43000030517578,0.0
1766102400,98.45999908447266,98.75,98.41999816894531,98.5999984741211,0.0
1766361600,98.66999816894531,98.7300033569336,98.19999694824219,98.29000091552734,0.0
1766448000,98.19999694824219,98.19999694824219,97.8499984741211,97.94000244140625,0.0
1766534400,97.88999938964844,98.01000213623047,97.75,97.9800033569336,0.0
1766707200,97.91999816894531,98.12999725341797,97.86000061035156,98.0199966430664,0.0
1766966400,98.05000305175781,98.18000030517578,97.91999816894531,98.04000091552734,0.0
1767052800,98.01000213623047,98.2699966430664,97.94000244140625,98.23999786376953,0.0
1767139200,98.25,98.5,98.18000030517578,98.27999877929688,0.0
1767312000,98.23999786376953,98.48999786376953,98.1500015258789,98.41999816894531,0.0
1767571200,98.4800033569336,98.86000061035156,98.25,98.2699966430664,0.0
1767657600,98.41000366210938,98.62999725341797,98.16000366210938,98.58000183105469,0.0
1767744000,98.58000183105469,98.75,98.5,98.68000030517578,0.0
1767830400,98.73999786376953,98.9800033569336,98.68000030517578,98.93000030517578,0.0
1767916800,98.91000366210938,99.26000213623047,98.9000015258789,99.12999725341797,0.0
1768176000,99.16999816894531,99.25,98.66999816894531,98.86000061035156,0.0
1768262400,98.9000015258789,99.2300033569336,98.8499984741211,99.12999725341797,0.0
1768348800,99.19000244140625,99.25,98.93000030517578,99.12999725341797,0.0
1768435200,99.12999725341797,99.48999786376953,99.08999633789062,99.31999969482422,0.0
1768521600,99.37000274658203,99.4800033569336,99.16000366210938,99.38999938964844,0.0
1768867200,99.13999938964844,99.13999938964844,98.25,98.63999938964844,0.0
1768953600,98.61000061035156,98.87000274658203,98.37999725341797,98.76000213623047,0.0
1769040000,98.79000091552734,98.83000183105469,98.27999877929688,98.36000061035156,0.0
1769126400,98.33000183105469,98.4800033569336,97.43000030517578,97.5999984741211,0.0
1769385600,97.02999877929688,97.33000183105469,96.80999755859375,97.04000091552734,0.0
1769472000,97.05000305175781,97.29000091552734,95.55000305175781,96.22000122070312,0.0
1769558400,95.97000122070312,96.79000091552734,95.86000061035156,96.44999694824219,0.0
1769644800,96.16000366210938,96.66000366210938,96.0199966430664,96.27999877929688,0.0
1769731200,96.31999969482422,97.1500015258789,96.31999969482422,96.98999786376953,0.0
1769990400,97.19000244140625,97.7300033569336,97.01000213623047,97.61000061035156,0.0
1770076800,97.5199966430664,97.69000244140625,97.30000305175781,97.44000244140625,0.0
1770163200,97.43000030517578,97.7300033569336,97.30999755859375,97.62000274658203,0.0
1770249600,97.66999816894531,97.98999786376953,97.61000061035156,97.81999969482422,0.0
1770336000,97.94999694824219,97.94999694824219,97.55999755859375,97.62999725341797,0.0
1770595200,97.69999694824219,97.76000213623047,96.79000091552734,96.81999969482422,0.0
1770681600,97.0,97.01000213623047,96.61000061035156,96.80000305175781,0.0
1770768000,96.91000366210938,97.2699966430664,96.48999786376953,96.83000183105469,0.0
1770854400,96.95999908447266,97.06999969482422,96.73999786376953,96.93000030517578,0.0
1770940800,96.94000244140625,97.16000366210938,96.80000305175781,96.87999725341797,0.0
1771286400,97.12000274658203,97.55000305175781,97.06999969482422,97.16000366210938,0.0
1771372800,97.13999938964844,97.73999786376953,97.12000274658203,97.69999694824219,0.0
1771459200,97.7300033569336,98.06999969482422,97.56999969482422,97.93000030517578,0.0
1771545600,97.9000015258789,98.08000183105469,97.58999633789062,97.80000305175781,0.0
1771804800,97.69999694824219,97.8499984741211,97.36000061035156,97.69999694824219,0.0
1771891200,97.69999694824219,97.98999786376953,97.69999694824219,97.87999725341797,0.0
1771977600,97.8499984741211,98.0,97.62000274658203,97.69999694824219,0.0
1772064000,97.58999633789062,97.9800033569336,97.48999786376953,97.79000091552734,0.0
1772150400,97.75,97.8499984741211,97.55999755859375,97.61000061035156,0.0
1772409600,97.87000274658203,98.75,97.7699966430664,98.37999725341797,0.0
1772496000,98.55999755859375,99.68000030517578,98.44000244140625,99.05000305175781,0.0
1772582400,99.11000061035156,99.33000183105469,98.69999694824219,98.7699966430664,0.0
1772668800,98.7699966430664,99.41000366210938,98.66999816894531,99.31999969482422,0.0
1772755200,99.01000213623047,99.44000244140625,98.83999633789062,98.98999786376953,0.0
1773014400,98.86000061035156,99.69999694824219,98.72000122070312,99.18000030517578,0.0
1773100800,98.80000305175781,98.94999694824219,98.48999786376953,98.83000183105469,0.0
1773187200,98.94000244140625,99.30000305175781,98.69999694824219,99.2300033569336,0.0
1773273600,99.44999694824219,99.76000213623047,99.25,99.73999786376953,0.0
1773360000,99.69000244140625,100.54000091552734,99.58999633789062,100.36000061035156,0.0
1773619200,100.43000030517578,100.4800033569336,99.66000366210938,99.70999908447266,0.0
1773705600,99.86000061035156,100.12000274658203,99.5,99.58000183105469,0.0
1773792000,99.55000305175781,100.30999755859375,99.47000122070312,100.08999633789062,0.0
1773878400,100.2300033569336,100.30999755859375,98.9800033569336,99.2300033569336,0.0
1773964800,99.29000091552734,99.79000091552734,99.25,99.6500015258789,0.0
1774224000,99.68000030517578,100.1500015258789,98.87999725341797,98.94999694824219,0.0
1774310400,99.13999938964844,99.62000274658203,99.05999755859375,99.43000030517578,0.0
1774396800,99.19999694824219,99.66999816894531,99.06999969482422,99.5999984741211,0.0
1774483200,99.62999725341797,100.01000213623047,99.55999755859375,99.9000015258789,0.0
1774569600,99.87000274658203,100.20999908447266,99.80000305175781,100.1500015258789,0.0
1774828800,100.22000122070312,100.61000061035156,100.05000305175781,100.51000213623047,0.0
1774915200,100.58999633789062,100.63999938964844,99.80999755859375,99.95999908447266,0.0
1775001600,99.79000091552734,99.87999725341797,99.30000305175781,99.6500015258789,0.0
1775088000,99.54000091552734,100.26000213623047,99.44999694824219,100.02999877929688,0.0
1775433600,100.18000030517578,100.29000091552734,99.76000213623047,99.9800033569336,0.0
1775520000,100.01000213623047,100.16000366210938,99.5999984741211,99.63999938964844,0.0
1775606400,98.94999694824219,99.18000030517578,98.52999877929688,99.12999725341797,0.0
1775692800,99.05999755859375,99.16000366210938,98.62999725341797,98.81999969482422,0.0
1775779200,98.87000274658203,99.01000213623047,98.54000091552734,98.6500015258789,0.0
1776038400,99.05000305175781,99.18000030517578,98.36000061035156,98.37000274658203,0.0
1776124800,98.37000274658203,98.41000366210938,97.97000122070312,98.12000274658203,0.0
1776211200,98.06999969482422,98.29000091552734,98.01000213623047,98.05999755859375,0.0
1776297600,98.01000213623047,98.29000091552734,97.83000183105469,98.22000122070312,0.0
1776384000,98.19000244140625,98.29000091552734,97.62999725341797,98.0999984741211,0.0
1776643200,98.27999877929688,98.4000015258789,98.01000213623047,98.05000305175781,0.0
1776729600,98.05999755859375,98.56999969482422,98.05999755859375,98.41000366210938,0.0
1776816000,98.4000015258789,98.63999938964844,98.20999908447266,98.58999633789062,0.0
1776902400,98.62000274658203,98.94000244140625,98.52999877929688,98.80000305175781,0.0
1776988800,98.81999969482422,98.91999816894531,98.48999786376953,98.51000213623047,0.0
1777248000,99.33000183105469,99.33999633789062,98.20999908447266,98.4800033569336,0.0
1777334400,98.47000122070312,98.87000274658203,98.43000030517578,98.62000274658203,0.0
1777420800,98.61000061035156,99.05000305175781,98.56999969482422,98.91999816894531,0.0
1777507200,98.8499984741211,99.08999633789062,98.01000213623047,98.08000183105469,0.0
1777593600,98.12999725341797,98.23999786376953,97.72000122070312,98.20999908447266,0.0
1777852800,98.05000305175781,98.54000091552734,97.97000122070312,98.47000122070312,0.0
1777939200,98.47000122070312,98.58000183105469,98.30999755859375,98.4800033569336,0.0
1778025600,98.30999755859375,98.33999633789062,97.62999725341797,98.0199966430664,0.0
1778112000,98.02999877929688,98.27999877929688,97.81999969482422,98.25,0.0
1778198400,98.25,98.27999877929688,97.83000183105469,97.83999633789062,0.0
1778457600,98.04000091552734,98.1500015258789,97.8499984741211,97.94000244140625,0.0
1778544000,97.95999908447266,98.45999908447266,97.94999694824219,98.29000091552734,0.0
1778630400,98.30999755859375,98.5999984741211,98.26000213623047,98.4800033569336,0.0
1778716800,98.45999908447266,98.91000366210938,98.41999816894531,98.87999725341797,0.0
1778803200,98.93000030517578,99.31999969482422,98.91999816894531,99.2699966430664,0.0
1779062400,99.27999877929688,99.41000366210938,98.94999694824219,98.97000122070312,0.0
1779148800,98.97000122070312,99.43000030517578,98.97000122070312,99.30000305175781,0.0
1779235200,99.2699966430664,99.47000122070312,98.97000122070312,99.11000061035156,0.0
1779321600,99.12000274658203,99.5199966430664,99.05999755859375,99.19000244140625,0.0
1779408000,99.19999694824219,99.41000366210938,99.16999816894531,99.31999969482422,0.0
1779753600,98.98999786376953,99.25,98.98999786376953,99.16999816894531,0.0
1779840000,99.08000183105469,99.26000213623047,98.97000122070312,99.20999908447266,0.0
1779926400,99.2699966430664,99.54000091552734,98.94999694824219,99.0199966430664,0.0
1780012800,99.0,99.19000244140625,98.75,98.91000366210938,0.0
1780272000,98.95999908447266,99.38999938964844,98.91999816894531,99.19999694824219,0.0
1780358400,99.16999816894531,99.33000183105469,99.05000305175781,99.22000122070312,0.0
1780444800,99.29000091552734,99.55000305175781,99.19000244140625,99.52999877929688,0.0
1780531200,99.45999908447266,99.52999877929688,99.18000030517578,99.41000366210938,0.0
1780617600,99.43000030517578,100.11000061035156,99.16000366210938,100.06999969482422,0.0
1780876800,100.1500015258789,100.20999908447266,99.81999969482422,100.05000305175781,0.0
1780963200,100.02999877929688,100.08000183105469,99.68000030517578,99.91000366210938,0.0
1781049600,100.01000213623047,100.05000305175781,99.72000122070312,99.94999694824219,0.0
1781136000,100.12000274658203,100.30999755859375,99.58999633789062,99.86000061035156,0.0
1781222400,99.66999816894531,99.91000366210938,99.63999938964844,99.75,0.0
1781481600,99.54000091552734,99.70999908447266,99.37999725341797,99.62999725341797,0.0
1781568000,99.63999938964844,99.79000091552734,99.45999908447266,99.54000091552734,0.0
1781654400,99.5199966430664,100.56999969482422,99.48999786376953,100.08999633789062,0.0
1781740800,100.33999633789062,100.91999816894531,100.20999908447266,100.8499984741211,0.0
1782086400,100.83999633789062,101.08000183105469,100.76000213623047,101.0199966430664,0.0
1782172800,101.01000213623047,101.43000030517578,100.94999694824219,101.41000366210938,0.0
1782259200,101.37000274658203,101.80000305175781,101.36000061035156,101.61000061035156,0.0
1782345600,101.5999984741211,101.75,101.30999755859375,101.43000030517578,0.0
1782432000,101.5,101.56999969482422,101.05000305175781,101.36000061035156,0.0
1782691200,101.37000274658203,101.38999938964844,101.06999969482422,101.11000061035156,0.0
1782777600,101.12000274658203,101.43000030517578,101.05000305175781,101.19000244140625,0.0
1782864000,101.22000122070312,101.5999984741211,101.19000244140625,101.38999938964844,0.0
1782950400,101.4000015258789,101.43000030517578,100.55999755859375,100.86000061035156,0.0
1783036800,100.91300201416016,100.99199676513672,100.60299682617188,100.85700225830078,0.0
