time,open,high,low,close,volume
1104710400,431.0,431.0,431.0,428.70001220703125,4.0
1104796800,428.5,428.5,428.5,428.5,108.0
1104883200,425.70001220703125,425.70001220703125,425.70001220703125,426.6000061035156,2.0
1104969600,421.0,421.0,421.0,421.0,1.0
1105056000,423.70001220703125,423.70001220703125,418.70001220703125,418.8999938964844,1.0
1105315200,419.1000061035156,419.1000061035156,419.1000061035156,419.1000061035156,1.0
1105401600,421.8999938964844,421.8999938964844,421.8999938964844,421.8999938964844,1.0
1105488000,423.79998779296875,423.79998779296875,423.79998779296875,426.1000061035156,1.0
1105574400,424.70001220703125,424.70001220703125,424.70001220703125,424.5,1.0
1105660800,422.0,423.20001220703125,422.0,422.70001220703125,20.0
1106006400,423.20001220703125,423.20001220703125,423.20001220703125,423.20001220703125,20.0
1106092800,426.5,426.5,426.5,423.0,20.0
1106179200,421.79998779296875,421.79998779296875,421.79998779296875,422.3999938964844,20.0
1106265600,425.8999938964844,425.8999938964844,425.8999938964844,426.70001220703125,20.0
1106524800,426.8999938964844,426.8999938964844,426.8999938964844,426.8999938964844,20.0
1106611200,422.0,422.0,422.0,422.0,20.0
1106697600,426.8999938964844,426.8999938964844,426.8999938964844,426.8999938964844,20.0
1106784000,426.29998779296875,426.29998779296875,426.29998779296875,426.29998779296875,66923.0
1106870400,426.1000061035156,427.5,424.0,425.79998779296875,41282.0
1107129600,426.0,426.5,419.29998779296875,421.79998779296875,6857.0
1107216000,422.20001220703125,422.29998779296875,419.20001220703125,420.79998779296875,1461.0
1107302400,420.8999938964844,422.29998779296875,419.79998779296875,421.1000061035156,426.0
1107388800,421.29998779296875,421.29998779296875,414.70001220703125,416.6000061035156,574.0
1107475200,416.3999938964844,417.79998779296875,413.70001220703125,414.0,320.0
1107734400,414.1000061035156,416.0,412.5,413.6000061035156,534.0
1107820800,413.6000061035156,413.6000061035156,410.1000061035156,412.6000061035156,1432.0
1107907200,412.20001220703125,413.79998779296875,410.29998779296875,412.8999938964844,1300.0
1107993600,412.0,418.5,412.5,417.20001220703125,397.0
1108080000,416.79998779296875,422.0,417.6000061035156,420.5,801.0
1108339200,420.0,425.6000061035156,422.29998779296875,425.79998779296875,55.0
1108425600,425.8999938964844,426.20001220703125,424.0,425.8999938964844,113.0
1108512000,426.0,425.0,422.79998779296875,425.5,146.0
1108598400,425.5,428.0,425.29998779296875,427.29998779296875,712.0
1108684800,426.70001220703125,427.1000061035156,426.70001220703125,427.1000061035156,14.0
1109030400,426.5,435.0,426.5,434.5,53.0
1109116800,434.0,435.5,433.20001220703125,434.8999938964844,107.0
1109203200,436.0,436.0,432.5,434.5,6.0
1109289600,434.5,436.0,436.0,434.8999938964844,1.0
1109548800,435.5,435.5,435.5,436.5,16.0
1109635200,435.0,433.0,433.0,432.8999938964844,1.0
1109721600,433.3999938964844,433.3999938964844,433.3999938964844,432.79998779296875,1.0
1109808000,429.8999938964844,429.8999938964844,429.8999938964844,429.8999938964844,1.0
1109894400,434.20001220703125,434.20001220703125,434.20001220703125,434.20001220703125,0.0
1110153600,435.0,435.0,435.0,435.0,0.0
1110240000,440.29998779296875,440.29998779296875,440.29998779296875,440.29998779296875,0.0
1110326400,442.1000061035156,442.1000061035156,442.1000061035156,442.1000061035156,0.0
1110412800,442.79998779296875,442.79998779296875,442.79998779296875,442.79998779296875,1.0
1110499200,446.3999938964844,446.3999938964844,446.3999938964844,446.20001220703125,0.0
1110758400,441.1000061035156,441.1000061035156,441.1000061035156,441.1000061035156,0.0
1110844800,440.8999938964844,440.8999938964844,440.8999938964844,440.8999938964844,0.0
1110931200,443.70001220703125,443.70001220703125,443.70001220703125,443.70001220703125,0.0
1111017600,438.70001220703125,438.70001220703125,438.70001220703125,438.70001220703125,0.0
1111104000,439.29998779296875,439.29998779296875,439.29998779296875,439.29998779296875,0.0
1111363200,431.1000061035156,431.1000061035156,431.1000061035156,431.1000061035156,100.0
1111449600,431.29998779296875,431.29998779296875,431.29998779296875,431.29998779296875,16.0
1111536000,425.20001220703125,425.20001220703125,425.20001220703125,425.20001220703125,0.0
1111622400,424.70001220703125,424.70001220703125,424.70001220703125,424.70001220703125,0.0
1111968000,425.8999938964844,425.8999938964844,425.8999938964844,425.8999938964844,0.0
1112054400,426.0,426.0,426.0,426.0,0.0
1112227200,428.70001220703125,428.70001220703125,428.70001220703125,428.70001220703125,3051.0
1112313600,428.29998779296875,428.5,424.5,425.8999938964844,552.0
1112572800,426.0,426.29998779296875,422.70001220703125,423.8999938964844,486.0
1112659200,423.79998779296875,425.5,423.6000061035156,424.5,313.0
1112745600,424.8999938964844,427.70001220703125,424.1000061035156,427.1000061035156,62.0
1112832000,426.5,428.5,426.5,426.5,181.0
1112918400,425.20001220703125,427.29998779296875,424.79998779296875,426.8999938964844,49.0
1113177600,426.0,429.79998779296875,426.0,428.6000061035156,26.0
1113264000,428.1000061035156,430.20001220703125,426.5,427.6000061035156,148.0
1113350400,428.0,430.0,427.5,429.29998779296875,27.0
1113436800,429.5,429.5,423.5,424.0,116.0
1113523200,423.20001220703125,425.6000061035156,423.20001220703125,424.8999938964844,73.0
1113782400,423.6000061035156,427.5,423.6000061035156,427.5,29.0
1113868800,426.79998779296875,433.0,426.79998779296875,432.8999938964844,128.0
1113955200,433.6000061035156,435.79998779296875,432.3999938964844,435.29998779296875,42.0
1114041600,434.1000061035156,435.0,432.29998779296875,433.0,52.0
1114128000,433.5,435.79998779296875,433.5,434.29998779296875,88.0
1114387200,432.70001220703125,434.3999938964844,432.70001220703125,434.6000061035156,19.0
1114473600,438.0,438.20001220703125,435.8999938964844,437.8999938964844,169.0
1114560000,436.3999938964844,437.0,433.6000061035156,433.0,19.0
1114732800,435.0,435.0,435.0,435.0,0.0
1114992000,429.5,429.5,429.5,429.5,0.0
1115078400,426.70001220703125,426.70001220703125,426.70001220703125,426.70001220703125,0.0
1115164800,429.0,429.0,429.0,429.0,17.0
1115251200,429.79998779296875,429.79998779296875,429.79998779296875,429.79998779296875,0.0
1115337600,429.79998779296875,429.79998779296875,429.79998779296875,426.1000061035156,0.0
1115596800,426.20001220703125,426.20001220703125,426.20001220703125,426.20001220703125,0.0
1115683200,426.20001220703125,426.20001220703125,426.20001220703125,427.20001220703125,0.0
1115769600,427.20001220703125,427.20001220703125,427.20001220703125,427.20001220703125,0.0
1115856000,421.6000061035156,421.6000061035156,421.6000061035156,421.6000061035156,0.0
1115942400,420.20001220703125,420.20001220703125,420.20001220703125,420.20001220703125,0.0
1116201600,418.8999938964844,418.8999938964844,418.8999938964844,418.8999938964844,0.0
1116288000,419.3999938964844,419.3999938964844,419.3999938964844,419.3999938964844,0.0
1116374400,421.5,421.5,421.5,421.5,0.0
1116460800,421.20001220703125,421.20001220703125,421.20001220703125,420.5,0.0
1116547200,420.20001220703125,416.5,416.5,417.3999938964844,4.0
1116806400,416.6000061035156,416.6000061035156,416.6000061035156,416.6000061035156,4.0
1116892800,417.5,417.5,417.5,417.5,4.0
1116979200,418.79998779296875,418.79998779296875,418.79998779296875,418.79998779296875,4.0
1117065600,418.79998779296875,418.1000061035156,418.1000061035156,418.0,72619.0
1117152000,417.79998779296875,420.0,417.3999938964844,419.79998779296875,51363.0
1117497600,418.0,420.20001220703125,413.20001220703125,416.29998779296875,7494.0
1117584000,416.3999938964844,417.29998779296875,414.0,415.29998779296875,2816.0
1117670400,415.79998779296875,423.5,415.79998779296875,422.70001220703125,1984.0
1117756800,422.20001220703125,425.5,421.70001220703125,423.70001220703125,416.0
1118016000,423.6000061035156,427.79998779296875,422.6000061035156,426.5,558.0
1118102400,426.70001220703125,426.70001220703125,424.0,424.79998779296875,232.0
1118188800,425.6000061035156,425.8999938964844,424.5,424.70001220703125,171.0
1118275200,423.70001220703125,424.0,422.0,424.20001220703125,101.0
1118361600,423.79998779296875,428.5,422.0,427.3999938964844,65.0
1118620800,428.29998779296875,431.5,428.29998779296875,429.29998779296875,66.0
1118707200,428.20001220703125,428.20001220703125,426.5,427.5,73.0
1118793600,427.5,428.29998779296875,427.5,429.1000061035156,20.0
1118880000,429.5,436.79998779296875,429.5,436.20001220703125,157.0
1118966400,436.1000061035156,439.29998779296875,436.1000061035156,438.29998779296875,29.0
1119225600,440.0,440.3999938964844,438.0,438.3999938964844,18.0
1119312000,438.3999938964844,439.0,439.0,438.8999938964844,5.0
1119398400,438.79998779296875,438.5,437.5,438.1000061035156,169.0
1119484800,438.29998779296875,442.5,438.29998779296875,441.70001220703125,29.0
1119571200,441.5,441.5,438.5,440.5,31.0
1119830400,440.70001220703125,440.70001220703125,439.5,440.29998779296875,10.0
1119916800,436.0,437.5,436.0,436.3999938964844,0.0
1120089600,435.8999938964844,435.8999938964844,435.8999938964844,435.8999938964844,0.0
1120176000,427.79998779296875,427.79998779296875,427.79998779296875,427.79998779296875,0.0
1120521600,422.8999938964844,422.8999938964844,422.8999938964844,422.8999938964844,0.0
1120608000,423.5,423.79998779296875,423.5,423.5,16.0
1120694400,423.5,423.5,423.5,423.29998779296875,125.0
1120780800,422.8999938964844,422.8999938964844,422.8999938964844,422.8999938964844,0.0
1121040000,425.5,425.5,425.5,425.5,0.0
1121126400,426.29998779296875,426.29998779296875,426.29998779296875,426.29998779296875,0.0
1121212800,423.8999938964844,423.8999938964844,423.8999938964844,423.8999938964844,70.0
1121299200,419.6000061035156,419.6000061035156,419.6000061035156,419.6000061035156,70.0
1121385600,420.70001220703125,420.70001220703125,420.70001220703125,420.70001220703125,0.0
1121644800,420.3999938964844,420.3999938964844,420.3999938964844,420.5,0.0
1121731200,420.0,420.0,420.0,419.70001220703125,0.0
1121817600,419.70001220703125,419.70001220703125,419.70001220703125,421.70001220703125,0.0
1121904000,425.3999938964844,425.3999938964844,425.3999938964844,425.3999938964844,0.0
1121990400,425.3999938964844,425.3999938964844,425.3999938964844,424.70001220703125,0.0
1122249600,425.70001220703125,425.70001220703125,425.70001220703125,425.70001220703125,2.0
1122336000,423.3999938964844,423.3999938964844,423.3999938964844,423.3999938964844,2.0
1122422400,424.70001220703125,424.70001220703125,424.70001220703125,424.70001220703125,2.0
1122508800,424.70001220703125,424.70001220703125,424.70001220703125,427.29998779296875,40680.0
1122595200,427.70001220703125,430.5,427.0,429.8999938964844,3607.0
1122854400,430.0,432.29998779296875,429.1000061035156,431.8999938964844,776.0
1122940800,431.70001220703125,433.0,430.70001220703125,431.8999938964844,206.0
1123027200,431.5,437.5,430.70001220703125,436.8999938964844,270.0
1123113600,436.5,439.0,436.1000061035156,437.8999938964844,91.0
1123200000,437.70001220703125,438.5,437.0,437.20001220703125,91.0
1123459200,437.0,437.0,434.0,434.70001220703125,51.0
1123545600,432.5,434.3999938964844,432.5,434.20001220703125,52.0
1123632000,434.8999938964844,437.0,434.8999938964844,436.5,187.0
1123718400,437.20001220703125,446.5,437.20001220703125,445.5,306.0
1123804800,445.79998779296875,449.5,444.5,445.8999938964844,169.0
1124064000,441.3999938964844,442.5,441.3999938964844,442.20001220703125,61.0
1124150400,441.70001220703125,442.5,441.70001220703125,446.1000061035156,234.0
1124236800,442.5,443.29998779296875,439.5,439.8999938964844,276.0
1124323200,440.3999938964844,440.3999938964844,438.5,439.5,46.0
1124409600,439.1000061035156,439.6000061035156,438.0,437.20001220703125,73.0
1124668800,437.0,439.0,437.0,438.1000061035156,12.0
1124755200,438.79998779296875,438.79998779296875,438.5,439.3999938964844,2.0
1124841600,439.70001220703125,439.70001220703125,437.0,437.29998779296875,29.0
1124928000,438.5,438.5,438.0,438.3999938964844,54.0
1125014400,438.3999938964844,439.0,438.3999938964844,437.3999938964844,52.0
1125273600,438.5,439.5,437.29998779296875,437.0,37.0
1125360000,438.5,439.5,437.29998779296875,431.20001220703125,0.0
1125446400,431.20001220703125,431.20001220703125,431.20001220703125,433.79998779296875,10.0
1125532800,438.5,442.5,438.5,442.29998779296875,4.0
1125619200,444.20001220703125,444.20001220703125,444.20001220703125,444.20001220703125,4.0
1125964800,444.3999938964844,444.3999938964844,444.3999938964844,444.3999938964844,4.0
1126051200,444.70001220703125,444.70001220703125,444.70001220703125,444.8999938964844,1006.0
1126137600,446.70001220703125,446.70001220703125,446.70001220703125,446.70001220703125,6.0
1126224000,449.0,449.0,449.0,449.0,6.0
1126483200,449.70001220703125,449.70001220703125,449.70001220703125,449.70001220703125,6.0
1126569600,446.1000061035156,446.1000061035156,446.1000061035156,446.1000061035156,6.0
1126656000,449.79998779296875,449.79998779296875,449.79998779296875,449.79998779296875,6.0
1126742400,455.5,455.5,455.5,455.5,6.0
1126828800,459.5,459.5,459.5,459.5,6.0
1127088000,466.70001220703125,466.70001220703125,466.70001220703125,466.70001220703125,6.0
1127174400,466.20001220703125,466.20001220703125,466.20001220703125,466.20001220703125,2.0
1127260800,468.8999938964844,468.8999938964844,468.8999938964844,468.8999938964844,2.0
1127347200,467.5,467.5,467.5,466.6000061035156,2.0
1127433600,467.20001220703125,466.79998779296875,466.79998779296875,463.5,2.0
1127692800,463.8999938964844,463.8999938964844,463.8999938964844,465.8999938964844,2.0
1127779200,462.6000061035156,462.6000061035156,462.6000061035156,462.6000061035156,2.0
1127865600,469.70001220703125,469.70001220703125,469.70001220703125,469.70001220703125,2.0
1127952000,469.70001220703125,469.70001220703125,469.70001220703125,472.20001220703125,7799.0
1128038400,472.70001220703125,474.0,468.5,469.0,2926.0
1128297600,467.79998779296875,468.0,464.20001220703125,466.1000061035156,493.0
1128384000,466.79998779296875,468.79998779296875,465.29998779296875,466.1000061035156,210.0
1128470400,465.0,465.0,463.5,466.1000061035156,226.0
1128556800,465.6000061035156,471.6000061035156,465.6000061035156,471.8999938964844,243.0
1128643200,473.0,475.5,470.0,474.70001220703125,96.0
1128902400,474.79998779296875,477.29998779296875,473.6000061035156,475.1000061035156,248.0
1128988800,475.20001220703125,477.5,475.20001220703125,477.1000061035156,99.0
1129075200,478.5,478.5,473.29998779296875,473.8999938964844,49.0
1129161600,472.0,472.0,468.29998779296875,471.1000061035156,48.0
1129248000,469.29998779296875,469.29998779296875,467.0,469.20001220703125,113.0
1129507200,473.0,475.0,473.0,474.1000061035156,18.0
1129593600,472.0,472.5,472.0,472.1000061035156,13.0
1129680000,471.0,471.0,465.0,463.5,46.0
1129766400,465.0,465.0,460.5,461.0,9.0
1129852800,462.0,462.0,462.0,467.0,9.0
1130112000,465.5,465.5,465.5,465.0,2.0
1130198400,465.0,474.0,465.0,472.79998779296875,18.0
1130284800,472.5,473.5,471.5,471.20001220703125,159.0
1130371200,471.0,475.5,471.0,473.79998779296875,2.0
1130457600,473.5,473.5,471.6000061035156,473.0,4.0
1130716800,471.1000061035156,471.1000061035156,471.1000061035156,465.1000061035156,1.0
1130803200,463.0,463.0,460.0,458.79998779296875,5.0
1130889600,462.79998779296875,462.79998779296875,462.79998779296875,462.79998779296875,2.0
1130976000,460.1000061035156,460.1000061035156,460.1000061035156,460.1000061035156,2.0
1131062400,455.29998779296875,455.29998779296875,455.29998779296875,456.29998779296875,2.0
1131321600,459.0,459.0,459.0,459.0,0.0
1131408000,458.5,458.5,458.5,460.8999938964844,10.0
1131494400,466.29998779296875,466.29998779296875,466.29998779296875,466.29998779296875,100.0
1131580800,466.6000061035156,466.6000061035156,466.6000061035156,466.6000061035156,100.0
1131667200,468.29998779296875,468.29998779296875,468.29998779296875,468.29998779296875,0.0
1131926400,468.29998779296875,468.29998779296875,468.29998779296875,468.20001220703125,0.0
1132012800,468.1000061035156,468.1000061035156,468.1000061035156,468.1000061035156,50.0
1132099200,478.29998779296875,478.29998779296875,478.29998779296875,478.29998779296875,0.0
1132185600,476.0,486.0,486.0,486.20001220703125,38.0
1132272000,485.6000061035156,485.6000061035156,485.6000061035156,485.6000061035156,38.0
1132531200,485.6000061035156,485.6000061035156,485.6000061035156,489.0,38.0
1132617600,489.0,489.0,489.0,492.6000061035156,0.0
1132704000,492.6000061035156,492.6000061035156,492.6000061035156,492.1000061035156,0.0
1133136000,502.20001220703125,502.20001220703125,502.20001220703125,498.29998779296875,109050.0
1133222400,498.70001220703125,502.29998779296875,494.29998779296875,499.1000061035156,42519.0
1133308800,500.0,500.0,492.29998779296875,494.6000061035156,5688.0
1133395200,494.20001220703125,503.0,490.5,502.5,2665.0
1133481600,503.0,507.0,500.0,503.29998779296875,1610.0
1133740800,504.5,509.70001220703125,503.5,508.8999938964844,431.0
1133827200,509.20001220703125,511.20001220703125,504.5,510.20001220703125,720.0
1133913600,510.70001220703125,517.0,509.29998779296875,514.2999877929688,985.0
1134000000,514.5999755859375,520.0,512.0,519.2999877929688,337.0
1134086400,520.4000244140625,531.0,520.0,527.0,472.0
1134345600,526.5,538.5,526.5,528.4000244140625,995.0
1134432000,528.4000244140625,530.7000122070312,520.0,521.0,583.0
1134518400,521.0,521.0,506.0,506.5,712.0
1134604800,506.0,509.0,501.0,503.8999938964844,378.0
1134691200,503.8999938964844,508.0,495.20001220703125,503.3999938964844,276.0
1134950400,509.5,509.5,504.5,503.6000061035156,150.0
1135036800,506.8999938964844,506.8999938964844,496.0,494.6000061035156,120.0
1135123200,495.5,495.5,490.1000061035156,493.0,56.0
1135209600,494.0,503.0,494.0,502.70001220703125,1632.0
1135296000,502.29998779296875,505.70001220703125,502.29998779296875,503.0,37.0
1135641600,508.70001220703125,509.0,506.0,508.0,57.0
1135728000,506.8999938964844,517.2999877929688,516.9000244140625,514.2000122070312,20.0
1135814400,515.7000122070312,515.7000122070312,515.7000122070312,515.7000122070312,2.0
1135900800,515.7000122070312,515.7000122070312,515.7000122070312,517.0999755859375,2.0
1136246400,518.5999755859375,528.5,518.5999755859375,530.7000122070312,7.0
1136332800,533.5999755859375,533.5999755859375,533.5,533.9000244140625,8.0
1136419200,529.0,529.0,526.0,526.2999877929688,10.0
1136505600,539.7000122070312,539.7000122070312,539.7000122070312,539.7000122070312,10.0
1136764800,539.7000122070312,539.7000122070312,539.7000122070312,549.0999755859375,10.0
1136851200,544.2999877929688,544.2999877929688,544.2999877929688,544.2999877929688,2.0
1136937600,548.7999877929688,548.7999877929688,548.7999877929688,548.7999877929688,0.0
1137024000,548.2999877929688,548.2999877929688,548.2999877929688,548.2999877929688,0.0
1137110400,547.0999755859375,547.0999755859375,547.0999755859375,556.0999755859375,0.0
1137456000,553.4000244140625,553.4000244140625,553.4000244140625,553.4000244140625,0.0
1137542400,543.7000122070312,543.7000122070312,543.7000122070312,543.7000122070312,0.0
1137628800,543.7000122070312,552.0,551.0,558.4000244140625,22.0
1137715200,558.4000244140625,558.4000244140625,558.4000244140625,553.5,22.0
1137974400,555.0,555.0,555.0,558.2999877929688,1.0
1138060800,555.0,555.0,555.0,557.7000122070312,2.0
1138147200,562.2000122070312,562.2000122070312,562.2000122070312,562.2000122070312,2.0
1138233600,559.7000122070312,559.7000122070312,559.7000122070312,559.7000122070312,2.0
1138320000,558.7000122070312,558.7000122070312,558.7000122070312,558.7000122070312,79958.0
1138579200,559.2000122070312,566.0,557.5999755859375,565.7999877929688,35179.0
1138665600,566.5,572.7000122070312,565.0,570.7999877929688,6749.0
1138752000,570.7999877929688,571.5999755859375,563.0,569.4000244140625,3768.0
1138838400,569.7999877929688,575.2999877929688,568.0,572.5,887.0
1138924800,571.5,574.2000122070312,565.0,567.4000244140625,686.0
1139184000,568.4000244140625,574.0,567.5,570.2000122070312,649.0
1139270400,569.5,571.0,550.5999755859375,551.0,1276.0
1139356800,551.0,553.2999877929688,545.5,550.0999755859375,762.0
1139443200,549.9000244140625,566.0,549.9000244140625,564.5,227.0
1139529600,561.9000244140625,561.9000244140625,548.0,550.2000122070312,222.0
1139788800,548.5,549.5,540.0,539.0,645.0
1139875200,538.0,546.0,535.5,545.9000244140625,142.0
1139961600,544.9000244140625,545.0,538.0,539.7000122070312,150.0
1140048000,539.0,546.0,537.2000122070312,546.0,96.0
1140134400,548.0,552.5,546.0,551.7999877929688,55.0
1140480000,550.5,556.5,550.5,553.9000244140625,86.0
1140566400,552.5999755859375,554.7999877929688,551.0,553.9000244140625,253.0
1140652800,554.5,555.5,548.5,548.4000244140625,174.0
1140739200,547.5,560.0,547.5,558.7999877929688,14.0
1140998400,556.0999755859375,556.0999755859375,552.5,554.7000122070312,24.0
1141084800,553.0999755859375,558.0,553.0999755859375,561.5999755859375,49.0
1141171200,562.5,564.5,562.5,563.5,1.0
1141257600,568.2000122070312,568.2000122070312,568.2000122070312,568.2000122070312,1.0
1141344000,569.7999877929688,569.7999877929688,568.7000122070312,566.0,2.0
1141603200,554.7999877929688,554.7999877929688,554.7999877929688,554.9000244140625,2.0
1141689600,554.5,554.5,554.0,552.7000122070312,3.0
1141776000,540.0,540.0,540.0,542.5,3.0
1141862400,545.0,545.2000122070312,544.2999877929688,545.5,25.0
1141948800,539.9000244140625,539.9000244140625,539.9000244140625,539.9000244140625,3.0
1142208000,541.0,542.5,541.0,546.0999755859375,4.0
1142294400,551.7000122070312,551.7000122070312,551.7000122070312,551.7000122070312,4.0
1142380800,553.0999755859375,553.0999755859375,553.0999755859375,553.0999755859375,4.0
1142467200,554.4000244140625,554.4000244140625,554.4000244140625,554.4000244140625,4.0
1142553600,554.0999755859375,554.0999755859375,554.0999755859375,554.0999755859375,4.0
1142812800,555.2000122070312,555.2000122070312,555.2000122070312,555.2000122070312,4.0
1142899200,552.4000244140625,552.4000244140625,552.4000244140625,552.4000244140625,4.0
1142985600,550.9000244140625,550.9000244140625,550.9000244140625,550.9000244140625,300.0
1143072000,550.0999755859375,550.0999755859375,550.0999755859375,550.0999755859375,547.0
1143158400,560.0,560.0,560.0,560.0,547.0
1143417600,567.0,567.0,567.0,567.0,547.0
1143504000,566.5999755859375,566.5999755859375,566.5999755859375,566.5999755859375,547.0
1143590400,573.0,573.0,573.0,573.0,64190.0
1143676800,572.5999755859375,587.4000244140625,571.2999877929688,586.7000122070312,25210.0
1143763200,586.0,589.5999755859375,579.0,581.7999877929688,2845.0
1144022400,582.0,592.0,582.0,589.4000244140625,729.0
1144108800,588.0,590.5,585.5,586.0,1293.0
1144195200,587.0,590.7999877929688,582.5999755859375,587.9000244140625,736.0
1144281600,588.0,595.5999755859375,588.0,595.2000122070312,855.0
1144368000,595.5,598.2999877929688,585.5,588.4000244140625,450.0
1144627200,589.0,599.0,589.0,597.5999755859375,316.0
1144713600,602.0,604.0,595.0,595.2000122070312,697.0
1144800000,597.2999877929688,600.0,597.2999877929688,597.5,38.0
1144886400,596.5,597.5,592.0,596.5,107.0
1145232000,605.0,616.5,605.0,615.4000244140625,1125.0
1145318400,614.5999755859375,620.5,614.5999755859375,620.0,502.0
1145404800,620.5,632.0,620.5,632.5999755859375,99.0
1145491200,640.0,642.0,611.0,619.7999877929688,537.0
1145577600,615.0,637.0,611.2000122070312,632.2000122070312,222.0
1145836800,634.0,634.0,620.0,620.5999755859375,288.0
1145923200,620.5999755859375,632.0,620.5999755859375,631.0,112.0
1146009600,635.0,639.5,635.0,638.7999877929688,3.0
1146096000,636.5,636.5,636.5,633.2999877929688,6.0
1146182400,651.7999877929688,651.7999877929688,651.7999877929688,651.7999877929688,6.0
1146441600,658.0,658.0,658.0,657.5,9.0
1146528000,666.0,666.0,666.0,664.7000122070312,2.0
1146614400,669.2000122070312,669.2000122070312,669.2000122070312,665.9000244140625,1.0
1146700800,674.2000122070312,674.2000122070312,674.2000122070312,674.2000122070312,1.0
1146787200,682.2000122070312,682.2000122070312,682.2000122070312,682.2000122070312,1.0
1147046400,679.0,679.0,679.0,677.7999877929688,2.0
1147132800,679.0,679.0,679.0,699.4000244140625,8.0
1147219200,695.5,695.5,695.5,703.7000122070312,4.0
1147305600,723.0,723.0,723.0,719.7999877929688,10.0
1147392000,714.0,714.0,706.0,710.2999877929688,32.0
1147651200,710.2999877929688,710.2999877929688,710.2999877929688,683.5999755859375,32.0
1147737600,710.2999877929688,710.2999877929688,710.2999877929688,691.5,0.0
1147824000,690.5,690.5,690.5,690.5,0.0
1147910400,679.5999755859375,679.5999755859375,679.5999755859375,679.5999755859375,0.0
1147996800,679.5999755859375,679.5999755859375,679.5999755859375,656.7000122070312,0.0
1148256000,656.5,656.5,656.5,657.0,0.0
1148342400,673.0,673.0,673.0,673.0,0.0
1148428800,637.0,637.0,637.0,637.0,0.0
1148515200,648.2999877929688,648.2999877929688,648.2999877929688,648.4000244140625,0.0
1148601600,648.4000244140625,648.4000244140625,648.4000244140625,650.9000244140625,80564.0
1148947200,650.7000122070312,664.5,648.2000122070312,653.9000244140625,51461.0
1149033600,651.0,658.5,638.0,642.5,5034.0
1149120000,642.7999877929688,645.0999755859375,620.0,627.5999755859375,1682.0
1149206400,628.0,637.5,622.5999755859375,635.5,1151.0
1149465600,635.5,645.0,635.5,643.2000122070312,613.0
1149552000,643.4000244140625,643.4000244140625,625.0,629.4000244140625,361.0
1149638400,629.2000122070312,629.7999877929688,617.5,627.4000244140625,793.0
1149724800,627.5999755859375,627.5999755859375,608.5,609.0999755859375,532.0
1149811200,610.0,615.7999877929688,606.9000244140625,608.2000122070312,73.0
1150070400,606.0,610.0,606.0,606.7999877929688,19.0
1150156800,571.2000122070312,605.5999755859375,568.0,562.5,207.0
1150243200,555.0,571.0,555.0,562.2999877929688,243.0
1150329600,557.2999877929688,577.0,557.2999877929688,566.5,135.0
1150416000,566.5,574.7000122070312,572.0,578.0,4.0
1150675200,568.7999877929688,568.7999877929688,568.7999877929688,568.7999877929688,6.0
1150761600,571.0,571.0,568.0,576.9000244140625,4.0
1150848000,572.0,585.0,572.0,587.5,60.0
1150934400,588.0,588.0,587.0,582.2000122070312,14.0
1151020800,583.9000244140625,584.0,574.0,584.7999877929688,19.0
1151280000,583.0,584.0,580.0,584.7999877929688,119.0
1151366400,589.0,589.0,589.0,581.5999755859375,39.0
1151452800,585.5,586.0,580.0,578.2999877929688,1.0
1151539200,586.5,586.5,586.5,586.5,104.0
1151625600,560.9000244140625,614.5,609.0,613.5,18.0
1152057600,631.0,631.0,631.0,627.2999877929688,94.0
1152144000,624.0,624.0,624.0,634.0999755859375,6.0
1152230400,634.2999877929688,634.2999877929688,634.2999877929688,632.7999877929688,6.0
1152489600,632.7999877929688,632.7999877929688,632.7999877929688,624.0999755859375,6.0
1152576000,632.7999877929688,632.7999877929688,632.7999877929688,641.2000122070312,6.0
1152662400,632.7999877929688,632.7999877929688,632.7999877929688,649.4000244140625,6.0
1152748800,652.9000244140625,652.9000244140625,652.9000244140625,652.9000244140625,6.0
1152835200,666.5999755859375,666.5999755859375,666.5999755859375,666.5999755859375,6.0
1153094400,675.0999755859375,677.0,675.0999755859375,650.5999755859375,40.0
1153180800,628.2999877929688,628.2999877929688,628.2999877929688,628.2999877929688,40.0
1153267200,641.5999755859375,641.5999755859375,641.5999755859375,641.5999755859375,40.0
1153353600,641.5999755859375,641.5999755859375,641.5999755859375,631.7000122070312,40.0
1153440000,631.7000122070312,631.7000122070312,631.7000122070312,619.5999755859375,600.0
1153699200,619.5999755859375,619.5999755859375,619.5999755859375,612.7000122070312,600.0
1153785600,612.7000122070312,612.7000122070312,612.7000122070312,617.5999755859375,600.0
1153872000,621.5999755859375,621.5999755859375,621.5999755859375,621.5999755859375,1.0
1153958400,632.4000244140625,632.4000244140625,632.4000244140625,632.4000244140625,66412.0
1154044800,632.5,636.5999755859375,625.0,634.7999877929688,27652.0
1154304000,634.5,646.5,627.0,634.2000122070312,3183.0
1154390400,635.4000244140625,646.5,629.5,646.2999877929688,1360.0
1154476800,645.7999877929688,656.0,644.7000122070312,651.5999755859375,414.0
1154563200,651.0,651.0,638.0,644.9000244140625,429.0
1154649600,646.0,653.5,643.0,644.0,97.0
1154908800,651.2000122070312,652.0,646.5,647.7999877929688,139.0
1154995200,646.7999877929688,646.7999877929688,640.0,645.7000122070312,43.0
1155081600,645.0,654.5,638.5,650.5,65.0
1155168000,650.2000122070312,651.2999877929688,634.0,634.9000244140625,127.0
1155254400,638.0,642.2999877929688,626.0,633.5,596.0
1155513600,629.9000244140625,629.9000244140625,620.0,628.5,147.0
1155600000,625.0,625.5,622.0,622.5,124.0
1155686400,631.0,631.0,627.0,628.7000122070312,206.0
1155772800,627.5,628.5,615.5,615.4000244140625,295.0
1155859200,614.2000122070312,617.0,609.0,612.0999755859375,102.0
1156118400,613.5999755859375,626.5,613.5999755859375,625.7000122070312,117.0
1156204800,626.0,628.0,623.5,624.5999755859375,19.0
1156291200,624.5999755859375,628.0,623.2000122070312,623.7000122070312,20.0
1156377600,621.5999755859375,624.5,618.0,619.5,35.0
1156464000,622.5,623.5,621.7999877929688,622.0,173.0
1156723200,621.7000122070312,621.7000122070312,614.0,615.2999877929688,46.0
1156809600,616.7999877929688,616.7999877929688,610.5,610.7000122070312,2.0
1156896000,615.5999755859375,618.0,611.7999877929688,617.7000122070312,26.0
1156982400,625.9000244140625,625.9000244140625,625.9000244140625,625.9000244140625,26.0
1157068800,624.4000244140625,624.4000244140625,624.4000244140625,624.4000244140625,26.0
1157328000,624.4000244140625,624.4000244140625,624.4000244140625,624.4000244140625,26.0
1157414400,638.5,638.5,638.5,638.5,23.0
1157500800,633.5,633.5,633.5,633.5,102.0
1157587200,617.0,617.0,617.0,617.0,102.0
1157673600,609.5999755859375,609.5999755859375,609.5999755859375,609.5999755859375,102.0
1157932800,590.0,590.0,590.0,590.0,0.0
1158019200,591.0,591.0,591.0,586.9000244140625,10.0
1158105600,589.0999755859375,589.0999755859375,589.0999755859375,589.0999755859375,10.0
1158192000,579.2999877929688,579.2999877929688,579.2999877929688,579.2999877929688,0.0
1158278400,576.4000244140625,576.4000244140625,576.4000244140625,576.4000244140625,0.0
1158537600,586.2000122070312,586.2000122070312,586.2000122070312,586.2000122070312,0.0
1158624000,576.7999877929688,576.7999877929688,576.7999877929688,576.7999877929688,0.0
1158710400,584.0,584.0,584.0,580.0,2.0
1158796800,582.2000122070312,582.2000122070312,582.2000122070312,582.2000122070312,0.0
1158883200,589.4000244140625,589.4000244140625,589.4000244140625,589.4000244140625,0.0
1159142400,589.9000244140625,589.9000244140625,589.9000244140625,589.9000244140625,0.0
1159228800,591.2000122070312,591.2000122070312,591.2000122070312,591.2000122070312,0.0
1159315200,597.2999877929688,597.2999877929688,597.2999877929688,597.2999877929688,7818.0
1159401600,597.7000122070312,606.2000122070312,597.7000122070312,605.0,8709.0
1159488000,605.0999755859375,605.0999755859375,595.0,598.5999755859375,662.0
1159747200,598.9000244140625,604.0,598.0,597.7000122070312,109.0
1159833600,591.0,591.9000244140625,580.0,576.2999877929688,160.0
1159920000,573.9000244140625,577.0,561.0,562.0,4584.0
1160006400,565.9000244140625,575.0,565.9000244140625,571.0,22.0
1160092800,572.0,572.5,560.5,572.4000244140625,24.0
1160352000,578.0,578.0,578.0,578.4000244140625,93.0
1160438400,574.5,574.5,568.0,571.9000244140625,136.0
1160524800,578.0,578.0,578.0,572.2999877929688,1.0
1160611200,575.0,575.0,575.0,576.2999877929688,5.0
1160697600,585.5,585.5,585.5,588.7999877929688,8.0
1160956800,593.5,594.5,593.5,594.7000122070312,210.0
1161043200,598.5,598.5,588.5,589.7000122070312,14.0
1161129600,592.5,594.0,591.5,588.9000244140625,18.0
1161216000,588.9000244140625,588.9000244140625,588.7000122070312,599.0,103.0
1161302400,597.5,597.5,597.0,593.0,4.0
1161561600,579.7000122070312,579.7000122070312,579.7000122070312,579.7000122070312,4.0
1161648000,576.5,576.5,576.5,584.4000244140625,501.0
1161734400,587.5999755859375,587.5999755859375,587.5999755859375,587.5999755859375,199.0
1161820800,595.0,595.5,595.0,596.7999877929688,26.0
1161907200,598.2000122070312,598.2000122070312,598.2000122070312,598.2000122070312,5.0
1162166400,608.5,608.9000244140625,608.0,604.7000122070312,13.0
1162252800,604.0999755859375,604.0999755859375,604.0999755859375,604.0999755859375,0.0
1162339200,612.5,612.5,612.5,616.5999755859375,6.0
1162425600,625.4000244140625,625.4000244140625,625.4000244140625,625.4000244140625,6.0
1162512000,626.9000244140625,626.9000244140625,626.9000244140625,626.9000244140625,0.0
1162771200,625.7999877929688,625.7999877929688,625.7999877929688,625.7999877929688,0.0
1162857600,625.7000122070312,625.7000122070312,625.7000122070312,625.7000122070312,0.0
1162944000,616.4000244140625,616.4000244140625,616.4000244140625,616.4000244140625,0.0
1163030400,617.0,617.0,617.0,635.0,2.0
1163116800,628.4000244140625,628.4000244140625,628.4000244140625,628.4000244140625,2.0
1163376000,629.0,629.0,629.0,624.2000122070312,1.0
1163462400,620.5,620.5,620.5,623.7999877929688,1.0
1163548800,622.5,622.5,622.5,622.5,0.0
1163635200,620.5999755859375,620.5999755859375,620.5999755859375,620.5999755859375,0.0
1163721600,617.5,617.5,617.5,621.5,10.0
1163980800,621.5,621.5,621.5,621.2000122070312,0.0
1164067200,628.0999755859375,628.0999755859375,628.0999755859375,628.2000122070312,0.0
1164153600,628.7000122070312,628.7000122070312,628.7000122070312,628.7000122070312,0.0
1164326400,628.7000122070312,628.7000122070312,628.7000122070312,628.7000122070312,0.0
1164672000,637.2000122070312,637.2000122070312,637.2000122070312,637.2000122070312,82649.0
1164758400,638.4000244140625,640.2999877929688,634.5,635.5,29111.0
1164844800,635.0,648.0,635.0,646.9000244140625,2327.0
1164931200,645.7000122070312,649.7000122070312,643.5,644.7000122070312,728.0
1165190400,647.0999755859375,648.0,640.5,645.2000122070312,562.0
1165276800,644.2999877929688,648.0,640.5,642.2999877929688,214.0
1165363200,640.5,640.5,631.0,630.5,247.0
1165449600,628.2999877929688,632.5,625.0,631.9000244140625,316.0
1165536000,633.2999877929688,636.5,626.0,626.0999755859375,104.0
1165795200,623.0,629.7000122070312,622.4000244140625,630.0,467.0
1165881600,630.2999877929688,630.5,627.5,627.0,222.0
1165968000,634.7999877929688,632.5,624.0,627.9000244140625,81.0
1166054400,628.0,628.5,627.5,626.5999755859375,43.0
1166140800,625.5,627.7000122070312,613.0,615.0,118.0
1166400000,614.0,616.5,612.0,614.0,57.0
1166486400,620.9000244140625,620.9000244140625,616.5,621.5999755859375,40.0
1166572800,621.4000244140625,622.7000122070312,619.7000122070312,620.5999755859375,385.0
1166659200,620.7999877929688,620.7999877929688,618.0,618.2000122070312,22.0
1166745600,619.0,619.0,618.7000122070312,619.0999755859375,122.0
1167091200,625.0999755859375,628.0,623.0,623.7000122070312,58.0
1167177600,627.2000122070312,627.2000122070312,627.2000122070312,627.2000122070312,3.0
1167264000,627.0999755859375,627.0999755859375,626.0,634.0999755859375,17.0
1167350400,635.2000122070312,635.2000122070312,635.2000122070312,635.2000122070312,17.0
1167696000,635.2000122070312,635.2000122070312,635.2000122070312,635.2000122070312,17.0
1167782400,640.4000244140625,640.4000244140625,628.5,627.0999755859375,38.0
1167868800,624.5,624.5,624.5,623.9000244140625,4.0
1167955200,623.7000122070312,623.7000122070312,617.2999877929688,604.9000244140625,531.0
1168214400,607.5,607.5,607.5,607.5,1000.0
1168300800,607.0,607.0,607.0,613.0999755859375,2.0
1168387200,611.5999755859375,611.5999755859375,611.5999755859375,611.5999755859375,2.0
1168473600,612.4000244140625,612.4000244140625,612.4000244140625,612.4000244140625,0.0
1168560000,616.2000122070312,616.2000122070312,616.2000122070312,625.5,1.0
1168905600,623.5999755859375,623.5999755859375,623.5999755859375,624.5999755859375,2.0
1168992000,630.5,632.5999755859375,630.5,632.0999755859375,2.0
1169078400,627.0999755859375,627.0999755859375,627.0999755859375,627.0999755859375,2.0
1169164800,633.5,633.5,633.5,635.5,2.0
1169424000,633.2999877929688,633.2999877929688,633.2999877929688,633.2999877929688,2.0
1169510400,642.2000122070312,642.2000122070312,642.2000122070312,645.2000122070312,1.0
1169596800,640.2999877929688,640.2999877929688,640.2999877929688,647.5999755859375,1.0
1169683200,647.7999877929688,647.7999877929688,647.7999877929688,647.7999877929688,1.0
1169769600,644.5,644.5,644.5,644.5,2.0
1170028800,643.0999755859375,643.0999755859375,643.0999755859375,643.0999755859375,71048.0
1170115200,643.0,647.5,640.7999877929688,644.2000122070312,25819.0
1170201600,646.5,655.5,641.7999877929688,652.0,3048.0
1170288000,652.9000244140625,661.5,652.5999755859375,657.4000244140625,1198.0
1170374400,655.7000122070312,659.2999877929688,642.0,646.2000122070312,449.0
1170633600,649.0,651.0,647.0,650.9000244140625,196.0
1170720000,648.2000122070312,659.0,648.0999755859375,653.5999755859375,169.0
1170806400,654.7999877929688,655.5,650.4000244140625,652.2999877929688,156.0
1170892800,650.0,659.2999877929688,649.0999755859375,658.0,463.0
1170979200,659.0999755859375,669.5,658.0,667.5,127.0
1171238400,664.2999877929688,665.9000244140625,661.0,662.5999755859375,65.0
1171324800,664.2999877929688,669.0,663.7999877929688,663.9000244140625,41.0
1171411200,666.7000122070312,672.0,666.7000122070312,667.4000244140625,167.0
1171497600,668.5,668.5,663.0,667.2999877929688,93.0
1171584000,664.5,668.4000244140625,664.5,668.7999877929688,93.0
1171929600,671.0,671.0,658.2999877929688,657.0999755859375,26.0
1172016000,660.4000244140625,682.2999877929688,657.5,680.2000122070312,33.0
1172102400,676.5,679.2999877929688,676.5,679.4000244140625,344.0
1172188800,678.2999877929688,685.2999877929688,674.0,683.0999755859375,146.0
1172448000,684.5999755859375,687.5999755859375,683.7999877929688,686.5,34.0
1172534400,684.0,687.7000122070312,668.5,683.9000244140625,150.0
1172620800,665.5999755859375,674.5,662.0,669.4000244140625,6.0
1172707200,673.0,673.0,673.0,662.2999877929688,1.0
1172793600,641.5,641.5,641.5,641.5,24.0
1173052800,640.2000122070312,640.2000122070312,640.0,636.7000122070312,17.0
1173139200,643.7000122070312,644.5,641.2999877929688,643.7999877929688,15.0
1173225600,650.5999755859375,650.5999755859375,650.5999755859375,650.5999755859375,13.0
1173312000,653.4000244140625,653.4000244140625,653.4000244140625,653.4000244140625,13.0
1173398400,650.0,650.0,650.0,650.0,320.0
1173657600,648.0,648.0,648.0,648.4000244140625,8.0
1173744000,647.5999755859375,647.5999755859375,647.5999755859375,647.5999755859375,20.0
1173830400,640.9000244140625,640.9000244140625,640.9000244140625,640.9000244140625,8.0
1173916800,645.7000122070312,645.7000122070312,645.7000122070312,645.7000122070312,8.0
1174003200,652.9000244140625,652.9000244140625,652.7000122070312,652.5999755859375,15.0
1174262400,653.0999755859375,653.0999755859375,653.0999755859375,653.0999755859375,15.0
1174348800,657.9000244140625,657.9000244140625,657.9000244140625,657.9000244140625,0.0
1174435200,659.0,659.0,659.0,659.0,0.0
1174521600,663.4000244140625,663.4000244140625,663.4000244140625,663.4000244140625,27.0
1174608000,656.7000122070312,656.7000122070312,656.7000122070312,656.7000122070312,200.0
1174867200,663.4000244140625,663.4000244140625,663.4000244140625,663.4000244140625,0.0
1174953600,662.0999755859375,662.0999755859375,662.0999755859375,662.0999755859375,0.0
1175040000,666.5,666.5,666.5,666.5,10244.0
1175126400,665.9000244140625,666.2000122070312,654.5999755859375,661.5,37425.0
1175212800,661.2000122070312,667.7000122070312,659.0999755859375,663.0,4623.0
1175472000,665.5,665.5,656.0999755859375,665.7000122070312,1468.0
1175558400,663.0999755859375,667.2999877929688,662.2000122070312,664.0,291.0
1175644800,664.0,675.0,664.0,672.0999755859375,1718.0
1175731200,674.2000122070312,676.0,671.5,674.2000122070312,226.0
1176076800,671.0999755859375,677.5,671.0999755859375,671.9000244140625,35.0
1176163200,673.9000244140625,681.5,673.9000244140625,676.5,29.0
1176249600,678.2999877929688,680.2999877929688,674.7999877929688,676.7999877929688,31.0
1176336000,677.0,677.5,673.0999755859375,675.0999755859375,63.0
1176422400,680.2000122070312,683.5999755859375,680.2000122070312,685.4000244140625,25.0
1176681600,685.0999755859375,690.0999755859375,685.0999755859375,690.0999755859375,55.0
1176768000,689.0,689.4000244140625,687.2000122070312,688.2000122070312,29.0
1176854400,689.0999755859375,690.5999755859375,687.0,689.0999755859375,13.0
1176940800,681.9000244140625,685.7000122070312,681.9000244140625,684.2999877929688,58.0
1177027200,690.0999755859375,692.5,690.0999755859375,692.0,24.0
1177286400,689.0,689.0,688.0,690.5999755859375,16.0
1177372800,689.4000244140625,691.2999877929688,683.0,684.2000122070312,220.0
1177459200,686.5,686.5,683.7999877929688,684.0999755859375,17.0
1177545600,684.5,686.7999877929688,673.5,674.9000244140625,51.0
1177632000,673.0,678.2999877929688,673.0,678.7000122070312,55.0
1177891200,677.4000244140625,680.0,677.2999877929688,680.5,12.0
1177977600,673.7000122070312,673.7000122070312,673.0,674.4000244140625,6.0
1178064000,672.2999877929688,672.2999877929688,672.2999877929688,672.2999877929688,0.0
1178150400,681.7999877929688,681.7999877929688,681.7999877929688,681.7999877929688,0.0
1178236800,687.2000122070312,687.2000122070312,687.2000122070312,687.2000122070312,0.0
1178496000,688.0,688.0,688.0,688.0,1.0
1178582400,685.0999755859375,685.0999755859375,685.0999755859375,685.0999755859375,1.0
1178668800,680.2999877929688,680.2999877929688,680.2999877929688,680.2999877929688,1.0
1178755200,651.0,651.0,651.0,665.0999755859375,0.0
1178841600,670.5999755859375,670.5999755859375,670.5999755859375,670.5999755859375,0.0
1179100800,668.5,668.5,668.5,668.5,0.0
1179187200,673.0,673.0,673.0,673.0,0.0
1179273600,660.2000122070312,660.2000122070312,660.2000122070312,660.2000122070312,0.0
1179360000,656.2000122070312,656.2000122070312,656.2000122070312,656.2000122070312,0.0
1179446400,661.0,661.0,661.0,661.0,0.0
1179705600,660.7000122070312,661.4000244140625,660.0,662.9000244140625,6.0
1179792000,659.0999755859375,659.0999755859375,659.0999755859375,659.0999755859375,6.0
1179878400,661.9000244140625,661.9000244140625,661.9000244140625,661.9000244140625,6.0
1179964800,654.0,656.0,654.0,653.0,5.0
1180051200,655.9000244140625,655.9000244140625,655.7000122070312,655.0999755859375,5.0
1180396800,657.0999755859375,657.0999755859375,657.0999755859375,657.0999755859375,100718.0
1180483200,655.7000122070312,658.4000244140625,651.5,653.0999755859375,49921.0
1180569600,652.5,662.0,652.5,661.0,8065.0
1180656000,661.5,672.0,660.7999877929688,671.2000122070312,1496.0
1180915200,671.2000122070312,673.7000122070312,668.9000244140625,670.7000122070312,612.0
1181001600,672.0999755859375,674.0,669.2999877929688,669.5999755859375,242.0
1181088000,670.4000244140625,670.9000244140625,665.4000244140625,669.2999877929688,489.0
1181174400,671.4000244140625,671.4000244140625,658.2999877929688,660.0999755859375,282.0
1181260800,658.5,659.5999755859375,645.2000122070312,645.5,261.0
1181520000,649.2000122070312,654.4000244140625,649.2000122070312,654.2999877929688,91.0
1181606400,653.7999877929688,653.7999877929688,646.9000244140625,648.5,61.0
1181692800,646.5999755859375,651.5,644.2999877929688,648.2000122070312,82.0
1181779200,652.5999755859375,652.7999877929688,650.0,651.5999755859375,15.0
1181865600,651.0,655.2000122070312,650.7000122070312,654.5,28.0
1182124800,657.9000244140625,658.2000122070312,655.7000122070312,655.7999877929688,57.0
1182211200,656.2000122070312,660.2000122070312,653.0,660.7000122070312,36.0
1182297600,660.7999877929688,660.7999877929688,658.0,656.0999755859375,8.0
1182384000,648.5999755859375,648.5999755859375,648.5999755859375,650.5999755859375,6.0
1182470400,649.9000244140625,649.9000244140625,649.9000244140625,653.5,3.0
1182729600,650.0,650.5,650.0,651.2999877929688,21.0
1182816000,647.5999755859375,647.5999755859375,640.0,642.0999755859375,60.0
1182902400,640.4000244140625,643.5,640.4000244140625,641.7000122070312,43.0
1182988800,643.9000244140625,648.4000244140625,643.9000244140625,647.5,89.0
1183075200,647.5,649.2000122070312,647.5,648.0999755859375,45.0
1183334400,656.7999877929688,656.7999877929688,656.7999877929688,656.5,1.0
1183420800,655.7000122070312,655.7000122070312,655.7000122070312,652.9000244140625,1.0
1183593600,648.4000244140625,648.4000244140625,648.4000244140625,648.4000244140625,18.0
1183680000,652.7000122070312,652.7000122070312,652.7000122070312,652.7000122070312,18.0
1183939200,660.5,660.5,660.5,660.5,0.0
1184025600,662.5,662.5,662.5,662.5,0.0
1184112000,660.2999877929688,660.2999877929688,660.2999877929688,660.2999877929688,6.0
1184198400,665.0,665.0,665.0,666.7000122070312,2.0
1184284800,666.7000122070312,666.7000122070312,666.7000122070312,665.7999877929688,8.0
1184544000,667.0999755859375,667.0999755859375,667.0999755859375,665.0,1.0
1184630400,664.7000122070312,664.7000122070312,664.7000122070312,664.7000122070312,0.0
1184716800,672.5999755859375,672.5999755859375,672.5999755859375,672.5999755859375,0.0
1184803200,677.2000122070312,677.2000122070312,677.2000122070312,677.2000122070312,0.0
1184889600,683.9000244140625,683.9000244140625,683.9000244140625,683.9000244140625,0.0
1185148800,680.7999877929688,680.7999877929688,680.7999877929688,680.7999877929688,0.0
1185235200,684.2000122070312,684.2000122070312,684.2000122070312,684.2000122070312,0.0
1185321600,673.2999877929688,673.2999877929688,673.2999877929688,673.2999877929688,0.0
1185408000,662.5,662.5,662.5,662.5,0.0
1185494400,660.0,660.0,660.0,660.0,95749.0
1185753600,659.9000244140625,665.2000122070312,659.2999877929688,664.0999755859375,36526.0
1185840000,665.0,668.2999877929688,662.5999755859375,666.9000244140625,5769.0
1185926400,663.2000122070312,666.2999877929688,658.5,663.5999755859375,2026.0
1186012800,666.7000122070312,666.7000122070312,662.7999877929688,664.5999755859375,1062.0
1186099200,665.7999877929688,674.4000244140625,665.7000122070312,672.5,575.0
1186358400,672.0999755859375,672.0999755859375,668.7999877929688,671.5,212.0
1186444800,670.0,670.0,666.5,670.5999755859375,313.0
1186531200,674.7000122070312,676.2000122070312,674.0,674.5,136.0
1186617600,667.7999877929688,667.7999877929688,661.4000244140625,661.4000244140625,377.0
1186704000,659.5,673.4000244140625,659.5,670.2999877929688,1101.0
1186963200,669.9000244140625,671.0,668.5999755859375,669.7000122070312,52.0
1187049600,665.0,670.5,665.0,668.5999755859375,106.0
1187136000,665.0,669.7000122070312,662.5,668.9000244140625,845.0
1187222400,665.2000122070312,665.2000122070312,642.9000244140625,648.2999877929688,130.0
1187308800,648.4000244140625,657.7000122070312,648.4000244140625,656.9000244140625,219.0
1187568000,658.5999755859375,660.0,658.5999755859375,656.7000122070312,189.0
1187654400,657.9000244140625,658.4000244140625,657.5,656.7000122070312,9.0
1187740800,658.9000244140625,661.0999755859375,658.9000244140625,659.0999755859375,303.0
1187827200,663.5999755859375,663.7000122070312,663.2000122070312,658.9000244140625,135.0
1187913600,662.0999755859375,668.7999877929688,662.0999755859375,668.0,208.0
1188172800,667.9000244140625,668.0,666.0,666.7999877929688,77.0
1188259200,665.5,665.9000244140625,664.2000122070312,664.4000244140625,22.0
1188345600,667.0,667.7000122070312,667.0,666.2999877929688,78.0
1188432000,665.5,666.5,665.5,665.0,186.0
1188518400,672.5,672.7999877929688,672.5,673.0,186.0
1188864000,682.5,682.5,682.5,682.5,0.0
1188950400,678.5999755859375,679.0999755859375,678.5999755859375,681.7000122070312,80.0
1189036800,692.2000122070312,692.4000244140625,692.2000122070312,695.5999755859375,2.0
1189123200,700.7999877929688,700.7999877929688,700.7999877929688,700.7999877929688,1.0
1189382400,704.5,705.0,702.0,703.2999877929688,43.0
1189468800,703.5,703.5,702.7999877929688,712.2000122070312,55.0
1189555200,713.9000244140625,713.9000244140625,712.5,711.9000244140625,6.0
1189641600,706.9000244140625,707.4000244140625,706.9000244140625,709.5,19.0
1189728000,717.2000122070312,717.2000122070312,714.9000244140625,709.5999755859375,33.0
1189987200,719.0999755859375,719.0999755859375,719.0999755859375,715.7999877929688,36.0
1190073600,715.7999877929688,715.7999877929688,715.7999877929688,715.7999877929688,104.0
1190160000,724.5999755859375,724.5999755859375,724.5999755859375,722.0,12.0
1190246400,732.4000244140625,732.4000244140625,732.4000244140625,732.4000244140625,12.0
1190332800,731.4000244140625,731.4000244140625,731.4000244140625,731.4000244140625,6.0
1190592000,732.0999755859375,732.0999755859375,732.0999755859375,732.0999755859375,150.0
1190678400,731.5999755859375,731.5999755859375,731.5999755859375,731.5999755859375,60.0
1190764800,728.2999877929688,728.2999877929688,728.2999877929688,728.2999877929688,12901.0
1190851200,728.2000122070312,735.5,727.4000244140625,732.7000122070312,11841.0
1190937600,733.7000122070312,745.7000122070312,733.7000122070312,742.7999877929688,2004.0
1191196800,745.0999755859375,747.4000244140625,741.7999877929688,747.2000122070312,644.0
1191283200,746.5,746.5,726.5,729.7999877929688,319.0
1191369600,727.5999755859375,732.5,726.7000122070312,729.2999877929688,61.0
1191456000,725.0999755859375,736.7999877929688,724.2999877929688,737.7999877929688,17.0
1191542400,731.0,741.7000122070312,731.0,741.2999877929688,6.0
1191801600,735.2000122070312,737.0,732.4000244140625,732.7999877929688,88.0
1191888000,736.0999755859375,736.5,735.5,737.4000244140625,44.0
1191974400,740.9000244140625,741.0,740.7000122070312,740.4000244140625,32.0
1192060800,747.4000244140625,749.7000122070312,746.0,751.2999877929688,180.0
1192147200,750.4000244140625,750.4000244140625,748.7000122070312,748.7000122070312,371.0
1192406400,758.0,759.5999755859375,757.9000244140625,757.0999755859375,344.0
1192492800,762.4000244140625,762.4000244140625,756.0999755859375,757.0,151.0
1192579200,760.0,760.0,757.0,757.5,45.0
1192665600,765.7999877929688,765.7999877929688,765.7999877929688,764.0999755859375,9.0
1192752000,765.2000122070312,765.2000122070312,762.7000122070312,764.0,7.0
1193011200,766.7000122070312,766.7000122070312,751.9000244140625,755.7999877929688,60.0
1193097600,755.7000122070312,756.0,756.0,759.0,7.0
1193184000,758.2000122070312,758.2000122070312,753.5,761.5999755859375,55.0
1193270400,767.9000244140625,767.9000244140625,767.9000244140625,767.2999877929688,10.0
1193356800,771.4000244140625,783.4000244140625,771.4000244140625,783.9000244140625,81.0
1193616000,793.7999877929688,793.7999877929688,787.2999877929688,789.0999755859375,9.0
1193702400,785.5,785.5,780.7000122070312,784.2999877929688,168.0
1193788800,789.2999877929688,795.4000244140625,789.2999877929688,792.0,12.0
1193875200,785.2999877929688,791.2999877929688,785.2999877929688,790.7000122070312,4.0
1193961600,794.0999755859375,806.5,794.0999755859375,805.7000122070312,4.0
1194220800,804.5999755859375,804.5999755859375,804.2000122070312,808.0999755859375,17.0
1194307200,821.9000244140625,825.2999877929688,821.9000244140625,820.7999877929688,4.0
1194393600,830.0,831.2000122070312,830.0,831.0,3.0
1194480000,829.7999877929688,841.2999877929688,829.7999877929688,835.2000122070312,8.0
1194566400,835.7000122070312,835.7999877929688,831.7000122070312,832.5,7.0
1194825600,803.9000244140625,803.9000244140625,798.7000122070312,805.7999877929688,3.0
1194912000,804.2999877929688,804.2999877929688,800.0,797.2000122070312,6.0
1194998400,816.7000122070312,817.0,816.7000122070312,813.0,11.0
1195084800,794.5,794.5,793.7000122070312,785.9000244140625,0.0
1195171200,785.7000122070312,785.7000122070312,785.7000122070312,785.7000122070312,0.0
1195430400,777.5999755859375,777.5999755859375,777.5999755859375,776.7999877929688,1.0
1195516800,792.9000244140625,802.5,792.9000244140625,790.2999877929688,5.0
1195603200,797.5999755859375,797.5999755859375,797.5999755859375,797.5999755859375,5.0
1195776000,824.0,824.0,824.0,824.0,6.0
1196035200,826.0,826.0,826.0,826.0,6.0
1196121600,823.2000122070312,824.7999877929688,812.5,813.7000122070312,32.0
1196208000,800.0999755859375,800.0999755859375,800.0999755859375,800.0999755859375,165342.0
1196294400,804.0,807.7999877929688,791.9000244140625,795.2999877929688,66669.0
1196380800,795.0,798.5999755859375,778.4000244140625,782.2000122070312,7212.0
1196640000,783.9000244140625,794.5999755859375,777.0,788.2999877929688,3728.0
1196726400,794.0,805.0,787.2000122070312,801.2999877929688,925.0
1196812800,802.2000122070312,803.9000244140625,791.7000122070312,797.5,389.0
1196899200,794.4000244140625,804.7999877929688,786.5,801.2000122070312,332.0
1196985600,800.7000122070312,801.2000122070312,792.0,794.4000244140625,218.0
1197244800,799.2999877929688,809.7000122070312,799.2999877929688,807.7000122070312,274.0
1197331200,808.0999755859375,812.0,796.0,811.4000244140625,347.0
1197417600,809.7000122070312,815.9000244140625,809.5999755859375,813.5,291.0
1197504000,810.2999877929688,810.2999877929688,792.7000122070312,799.0,200.0
1197590400,800.2999877929688,803.5,789.5999755859375,793.2999877929688,196.0
1197849600,793.5,794.5,788.4000244140625,794.7999877929688,115.0
1197936000,793.0,804.7999877929688,793.0,803.0,72.0
1198022400,799.2000122070312,804.0,799.0999755859375,801.0999755859375,68.0
1198108800,799.5,800.0,794.2000122070312,799.2000122070312,114.0
1198195200,800.0,812.5,800.0,811.5999755859375,64.0
1198454400,811.5,814.0999755859375,809.7999877929688,812.7999877929688,41.0
1198627200,815.7000122070312,826.9000244140625,815.7000122070312,826.0,36.0
1198713600,824.7999877929688,832.5,824.7999877929688,828.5999755859375,160.0
1198800000,826.5999755859375,840.2000122070312,826.5999755859375,839.5999755859375,107.0
1199059200,843.2000122070312,843.2000122070312,843.2000122070312,834.9000244140625,4.0
1199232000,848.7000122070312,857.7999877929688,846.4000244140625,857.0,130.0
1199318400,863.0,865.5,856.2999877929688,866.4000244140625,181.0
1199404800,861.4000244140625,865.5,860.2000122070312,863.0999755859375,28.0
1199664000,860.9000244140625,860.9000244140625,857.4000244140625,859.5999755859375,4.0
1199750400,861.5999755859375,879.4000244140625,861.5999755859375,878.0,21.0
1199836800,885.0,885.0,876.0,879.5,48.0
1199923200,882.0,891.4000244140625,881.2000122070312,891.7000122070312,6.0
1200009600,889.7999877929688,899.7000122070312,889.7000122070312,896.0999755859375,183.0
1200268800,907.2999877929688,907.2999877929688,905.0,901.5999755859375,89.0
1200355200,887.5999755859375,887.5999755859375,887.5999755859375,901.0,101.0
1200441600,880.5,885.7999877929688,880.5,880.5999755859375,102.0
1200528000,888.2000122070312,888.2000122070312,876.7999877929688,879.5,11.0
1200614400,871.7999877929688,886.7999877929688,871.0,880.7999877929688,30.0
1200960000,878.7000122070312,891.0,863.2000122070312,889.5999755859375,30.0
1201046400,885.0,895.7000122070312,880.0,882.5,49.0
1201132800,890.9000244140625,906.5999755859375,890.9000244140625,905.5,6.0
1201219200,910.5,910.5,910.5,910.5,6.0
1201478400,916.5999755859375,922.0,914.5,927.0999755859375,25.0
1201564800,925.0,925.0,925.0,925.0999755859375,157692.0
1201651200,924.4000244140625,936.2999877929688,915.2999877929688,920.5999755859375,68820.0
1201737600,928.2000122070312,928.5999755859375,918.2999877929688,922.7000122070312,4289.0
1201824000,924.7999877929688,936.2000122070312,903.7000122070312,908.7000122070312,2152.0
1202083200,903.7000122070312,912.0,892.5,904.9000244140625,1493.0
1202169600,905.0999755859375,905.2000122070312,884.7000122070312,885.9000244140625,476.0
1202256000,887.9000244140625,910.0,887.5,900.7000122070312,430.0
1202342400,900.5999755859375,909.2999877929688,896.4000244140625,906.0999755859375,463.0
1202428800,915.2999877929688,920.0,911.5,918.4000244140625,339.0
1202688000,920.7000122070312,926.9000244140625,917.5,922.9000244140625,181.0
1202774400,921.0,924.7999877929688,904.2000122070312,907.4000244140625,278.0
1202860800,903.0,909.4000244140625,897.2000122070312,906.5,89.0
1202947200,904.0,911.0,904.0,907.4000244140625,128.0
1203033600,910.0999755859375,913.5999755859375,898.7000122070312,902.7999877929688,128.0
1203379200,904.2999877929688,928.7999877929688,900.5,926.5999755859375,174.0
1203465600,926.5,945.0,919.5999755859375,934.5999755859375,73.0
1203552000,940.0999755859375,953.4000244140625,940.0999755859375,946.0999755859375,138.0
1203638400,944.9000244140625,948.5,942.5,944.7000122070312,79.0
1203897600,946.5,948.9000244140625,933.0,937.5999755859375,312.0
1203984000,931.2999877929688,949.0,931.2999877929688,946.0999755859375,224.0
1204070400,960.0,960.0,955.0,958.2000122070312,215.0
1204156800,957.4000244140625,972.0999755859375,954.4000244140625,964.5,238.0
1204243200,971.4000244140625,973.0999755859375,963.5,972.0999755859375,39.0
1204502400,984.2000122070312,986.9000244140625,979.7000122070312,981.5,26.0
1204588800,982.4000244140625,984.5,963.7999877929688,963.9000244140625,41.0
1204675200,965.0,992.7000122070312,963.9000244140625,986.2000122070312,45.0
1204761600,984.2999877929688,987.7000122070312,973.4000244140625,975.0,46.0
1204848000,982.7999877929688,984.9000244140625,972.4000244140625,972.2000122070312,96.0
1205107200,975.5,976.7999877929688,964.7000122070312,969.9000244140625,92.0
1205193600,975.7000122070312,976.7000122070312,971.5,974.2000122070312,12.0
1205280000,973.5999755859375,979.2999877929688,973.5,978.7999877929688,6.0
1205366400,983.7000122070312,998.5,983.7000122070312,992.2999877929688,10.0
1205452800,993.9000244140625,1004.5999755859375,993.0,998.2000122070312,27.0
1205712000,1005.0,1014.5999755859375,996.4000244140625,1001.4000244140625,82.0
1205798400,1003.5999755859375,1010.0,978.2000122070312,1003.2000122070312,30.0
1205884800,979.2999877929688,979.2999877929688,938.4000244140625,944.7000122070312,84.0
1205971200,939.9000244140625,943.2000122070312,917.7000122070312,919.5999755859375,34.0
1206316800,915.5,922.0,915.2000122070312,918.2999877929688,71.0
1206403200,931.5,933.9000244140625,927.2000122070312,934.5999755859375,102.0
1206489600,949.5999755859375,949.5999755859375,949.5999755859375,949.0,1.0
1206576000,947.4000244140625,951.7000122070312,945.7000122070312,948.7999877929688,145634.0
1206662400,947.5,951.0999755859375,921.7999877929688,930.5999755859375,64013.0
1206921600,931.0,940.0999755859375,912.0,916.2000122070312,5980.0
1207008000,915.0,919.7999877929688,871.7999877929688,882.9000244140625,3204.0
1207094400,884.0,906.5,881.2000122070312,895.2000122070312,2367.0
1207180800,901.2000122070312,907.5,889.5999755859375,905.0,984.0
1207267200,904.7000122070312,914.9000244140625,898.7999877929688,909.0,279.0
1207526400,915.2999877929688,927.2000122070312,912.2999877929688,922.7000122070312,2086.0
1207612800,924.2000122070312,925.2999877929688,909.2999877929688,914.0,405.0
1207699200,916.0,935.5,904.0999755859375,933.5999755859375,390.0
1207785600,931.2999877929688,939.2000122070312,922.4000244140625,928.2999877929688,409.0
1207872000,919.5999755859375,931.2000122070312,919.5999755859375,923.5999755859375,141.0
1208131200,917.0,929.4000244140625,915.5999755859375,925.4000244140625,153.0
1208217600,924.2999877929688,936.0,924.2999877929688,928.7000122070312,168.0
1208304000,927.2000122070312,948.7000122070312,927.2000122070312,945.0999755859375,161.0
1208390400,927.2000122070312,947.9000244140625,938.7000122070312,939.7999877929688,209.0
1208476800,936.0,936.0,907.2000122070312,912.2000122070312,145.0
1208736000,922.5,924.5999755859375,914.0999755859375,914.7000122070312,449.0
1208822400,920.5999755859375,922.7999877929688,916.2000122070312,922.2999877929688,625.0
1208908800,916.7999877929688,921.5,898.7999877929688,906.2000122070312,111.0
1208995200,902.4000244140625,904.7999877929688,885.0999755859375,886.7999877929688,80.0
1209081600,878.2000122070312,893.5999755859375,878.0999755859375,887.2000122070312,77.0
1209340800,887.0,893.7999877929688,887.0,892.9000244140625,339.0
1209427200,890.5999755859375,890.5999755859375,869.5999755859375,874.2000122070312,136.0
1209513600,868.7000122070312,875.2000122070312,863.0,862.7999877929688,88.0
1209600000,855.0,873.5,849.5999755859375,848.9000244140625,28.0
1209686400,853.2999877929688,857.7000122070312,853.2999877929688,856.0999755859375,6.0
1209945600,861.2000122070312,872.7999877929688,861.2000122070312,872.2999877929688,35.0
1210032000,872.2999877929688,881.4000244140625,872.2999877929688,876.0,47.0
1210118400,868.0,869.4000244140625,864.7999877929688,869.5999755859375,43.0
1210204800,871.0,883.2999877929688,867.0999755859375,880.5999755859375,71.0
1210291200,883.9000244140625,884.7000122070312,883.9000244140625,884.5,25.0
1210550400,879.2000122070312,886.5,879.2000122070312,883.7000122070312,56.0
1210636800,862.9000244140625,870.4000244140625,862.9000244140625,868.5,17.0
1210723200,862.7999877929688,868.5999755859375,862.7999877929688,865.4000244140625,41.0
1210809600,865.7999877929688,886.2999877929688,865.7999877929688,879.0,121.0
1210896000,892.0,904.2000122070312,892.0,899.0,85.0
1211155200,905.0,905.0,905.0,905.0,2.0
1211241600,919.5,919.5,919.5,919.5,2.0
1211328000,923.5,924.0,923.2000122070312,928.0,3.0
1211414400,917.5999755859375,917.5999755859375,917.5999755859375,917.9000244140625,1.0
1211500800,916.9000244140625,925.5999755859375,916.0,925.5999755859375,1.0
1211846400,912.0,912.0,906.5,907.7000122070312,25.0
1211932800,900.5,900.5,900.5,900.5,149889.0
1212019200,903.0,903.2000122070312,872.0999755859375,877.2000122070312,64624.0
1212105600,880.2000122070312,888.5,868.5999755859375,887.2999877929688,6671.0
1212364800,887.2999877929688,898.0,881.7999877929688,892.9000244140625,2132.0
1212451200,889.7999877929688,896.0999755859375,874.5999755859375,881.5999755859375,2079.0
1212537600,879.5,886.0999755859375,876.0,879.9000244140625,612.0
1212624000,876.0999755859375,878.7999877929688,865.4000244140625,871.7999877929688,340.0
1212710400,878.5,901.0,877.7000122070312,895.4000244140625,230.0
1212969600,900.7000122070312,908.9000244140625,890.5,894.7000122070312,1930.0
1213056000,886.5999755859375,886.5999755859375,866.0,867.9000244140625,457.0
1213142400,869.5,882.0,869.5,879.7000122070312,146.0
1213228800,873.5999755859375,873.5999755859375,858.2000122070312,869.2000122070312,135.0
1213315200,870.2999877929688,870.2999877929688,860.5,870.2999877929688,361.0
1213574400,872.5,893.0,871.2999877929688,883.5999755859375,70.0
1213660800,883.4000244140625,887.0,876.2999877929688,884.2999877929688,62.0
1213747200,888.0,891.9000244140625,885.0999755859375,890.9000244140625,135.0
1213833600,888.5999755859375,906.5,888.5999755859375,901.7000122070312,44.0
1213920000,903.7999877929688,907.2999877929688,901.0,901.2999877929688,21.0
1214179200,903.4000244140625,903.4000244140625,879.2000122070312,884.7999877929688,54.0
1214265600,889.5999755859375,891.2000122070312,885.5,889.2000122070312,64.0
1214352000,883.5999755859375,883.7999877929688,876.4000244140625,880.0,97.0
1214438400,909.5999755859375,912.5999755859375,909.5999755859375,913.0999755859375,182.0
1214524800,913.0999755859375,927.5999755859375,910.7000122070312,929.2999877929688,167.0
1214784000,927.7000122070312,933.7000122070312,922.2999877929688,926.2000122070312,144.0
1214870400,943.5999755859375,945.7999877929688,938.0,942.5,32.0
1214956800,938.7999877929688,944.7999877929688,933.0999755859375,944.7999877929688,58.0
1215043200,944.7999877929688,944.7999877929688,928.0,931.9000244140625,58.0
1215388800,931.4000244140625,931.4000244140625,915.4000244140625,927.2999877929688,141.0
1215475200,922.7999877929688,922.7999877929688,919.2000122070312,921.9000244140625,37.0
1215561600,919.7999877929688,928.2000122070312,919.7999877929688,927.2999877929688,31.0
1215648000,928.0999755859375,942.0999755859375,928.0999755859375,940.9000244140625,18.0
1215734400,948.2000122070312,965.7000122070312,948.2000122070312,959.5,58.0
1215993600,964.7000122070312,974.5999755859375,955.0,972.7000122070312,55.0
1216080000,983.5,986.2000122070312,976.0,977.7000122070312,12.0
1216166400,960.0,960.0,960.0,961.7999877929688,1.0
1216252800,957.2999877929688,976.2000122070312,957.2999877929688,970.0,37.0
1216339200,956.7999877929688,957.0,956.7999877929688,957.2999877929688,2.0
1216598400,964.5,964.5,963.5,963.0999755859375,2.0
1216684800,973.0,974.9000244140625,973.0,948.0,3.0
1216771200,935.0,935.0,924.2000122070312,922.4000244140625,203.0
1216857600,920.9000244140625,926.4000244140625,920.9000244140625,922.0,47.0
1216944000,928.4000244140625,929.2000122070312,921.2000122070312,926.5999755859375,35.0
1217203200,928.7999877929688,931.0999755859375,927.0,927.5999755859375,28.0
1217289600,916.2000122070312,917.7000122070312,916.2000122070312,916.4000244140625,147310.0
1217376000,917.9000244140625,919.0999755859375,893.2999877929688,902.9000244140625,93759.0
1217462400,906.9000244140625,925.5999755859375,906.0999755859375,913.9000244140625,8550.0
1217548800,904.9000244140625,916.0999755859375,902.0999755859375,909.0,1834.0
1217808000,912.7000122070312,915.2999877929688,894.4000244140625,900.0999755859375,2415.0
1217894400,895.4000244140625,895.4000244140625,873.2999877929688,878.5999755859375,790.0
1217980800,880.7000122070312,885.5999755859375,875.0,875.5999755859375,1330.0
1218067200,882.2000122070312,883.7999877929688,870.2999877929688,870.7000122070312,335.0
1218153600,868.7999877929688,869.5,851.0999755859375,857.7999877929688,303.0
1218412800,858.2999877929688,863.4000244140625,818.0,821.5,286.0
1218499200,826.4000244140625,826.4000244140625,803.5999755859375,808.2000122070312,99.0
1218585600,810.9000244140625,829.0999755859375,810.9000244140625,825.0,155.0
1218672000,831.4000244140625,831.9000244140625,805.0,808.2000122070312,67.0
1218758400,796.9000244140625,799.2000122070312,780.9000244140625,786.0,134.0
1219017600,792.0,801.7000122070312,792.0,799.7000122070312,22.0
1219104000,789.5999755859375,814.5,789.5999755859375,811.0999755859375,48.0
1219190400,814.9000244140625,814.9000244140625,804.7000122070312,810.2999877929688,87.0
1219276800,825.7999877929688,835.5999755859375,825.7999877929688,833.0,99.0
1219363200,832.2999877929688,836.5999755859375,823.0999755859375,827.4000244140625,21.0
1219622400,819.7999877929688,819.7999877929688,819.7999877929688,819.7999877929688,44.0
1219708800,826.0,826.0,826.0,822.2000122070312,142.0
1219795200,830.2999877929688,830.2999877929688,825.2999877929688,828.0999755859375,423.0
1219881600,828.0,842.5999755859375,824.5,830.9000244140625,503.0
1219968000,831.7000122070312,833.0,831.7000122070312,829.2999877929688,116.0
1220313600,829.9000244140625,840.7000122070312,790.7999877929688,805.0,185.0
1220400000,805.5999755859375,805.5999755859375,791.5999755859375,802.7000122070312,28.0
1220486400,801.4000244140625,809.0999755859375,794.9000244140625,797.9000244140625,76.0
1220572800,794.7000122070312,809.0,794.0,797.5999755859375,85.0
1220832000,811.0,813.2000122070312,796.4000244140625,797.5,88.0
1220918400,802.0,802.0,780.0,787.0999755859375,29.0
1221004800,776.5999755859375,781.0,752.7999877929688,757.9000244140625,56.0
1221091200,756.5999755859375,756.5999755859375,739.0,741.2999877929688,25.0
1221177600,750.5,756.0,750.5,760.2999877929688,12.0
1221436800,778.0999755859375,778.5999755859375,764.0,783.0999755859375,19.0
1221523200,777.7000122070312,777.7000122070312,777.0,776.5,2.0
1221609600,782.9000244140625,808.0,782.9000244140625,846.5999755859375,26.0
1221696000,869.9000244140625,910.9000244140625,836.0,892.7000122070312,59.0
1221782400,860.5999755859375,860.5999755859375,860.5999755859375,860.5999755859375,112.0
1222041600,888.7999877929688,908.0999755859375,888.7999877929688,903.9000244140625,20.0
1222128000,892.4000244140625,898.9000244140625,886.0,885.5,184.0
1222214400,879.5,891.2999877929688,879.5,889.0,185.0
1222300800,891.5,891.5,884.5,877.7000122070312,92.0
1222387200,884.2000122070312,890.2000122070312,884.2000122070312,882.9000244140625,13695.0
1222646400,871.2999877929688,919.0,866.4000244140625,888.2000122070312,2943.0
1222732800,904.7999877929688,912.5,855.0,874.2000122070312,879.0
1222819200,878.0,889.0999755859375,869.2000122070312,880.7000122070312,304.0
1222905600,870.4000244140625,870.4000244140625,829.2999877929688,839.0,462.0
1222992000,832.5,844.2999877929688,823.0,828.9000244140625,228.0
1223251200,828.7999877929688,868.7999877929688,826.0,862.7000122070312,510.0
1223337600,862.0999755859375,883.0,858.2000122070312,878.4000244140625,41.0
1223424000,879.7000122070312,915.5,877.7000122070312,903.0999755859375,310.0
1223510400,902.7000122070312,919.7000122070312,883.0,883.0999755859375,76.0
1223596800,925.7000122070312,925.7000122070312,843.0,855.4000244140625,104.0
1223856000,861.0999755859375,861.0999755859375,830.2999877929688,838.9000244140625,186.0
1223942400,848.0999755859375,848.0999755859375,833.5,836.2999877929688,48.0
1224028800,839.5,848.7000122070312,831.5999755859375,835.5,120.0
1224115200,846.0,846.0,790.0,801.5,34.0
1224201600,798.0,807.0,773.7999877929688,785.0999755859375,55.0
1224460800,803.7999877929688,803.7999877929688,787.5,787.5999755859375,19.0
1224547200,793.7000122070312,793.7000122070312,767.7000122070312,766.0999755859375,83.0
1224633600,771.7000122070312,771.7000122070312,721.0,733.2999877929688,244.0
1224720000,705.0,719.7999877929688,705.0,713.2999877929688,37.0
1224806400,715.2999877929688,734.2000122070312,681.0,729.0999755859375,99.0
1225065600,742.7999877929688,744.5,712.0,741.7000122070312,268.0
1225152000,731.0,748.7999877929688,730.5999755859375,739.2999877929688,6.0
1225238400,750.7999877929688,750.7999877929688,750.7999877929688,752.7999877929688,90.0
1225324800,760.5,774.0,739.0999755859375,737.2000122070312,24.0
1225411200,731.4000244140625,736.0,718.4000244140625,716.7999877929688,17.0
1225670400,728.7999877929688,731.5,728.7000122070312,725.4000244140625,16.0
1225756800,726.0,760.0,726.0,756.0,30.0
1225843200,757.4000244140625,757.4000244140625,739.0,741.2999877929688,22.0
1225929600,743.4000244140625,759.0,731.9000244140625,731.2000122070312,30.0
1226016000,731.5,743.0,727.2000122070312,733.2000122070312,17.0
1226275200,749.0,753.5999755859375,747.9000244140625,745.5999755859375,42.0
1226361600,734.2000122070312,735.5999755859375,729.7999877929688,732.0,39.0
1226448000,730.4000244140625,734.7000122070312,722.5,717.7000122070312,71.0
1226534400,714.2999877929688,715.5,707.0,704.9000244140625,922.0
1226620800,726.5,747.0999755859375,726.5,742.4000244140625,9.0
1226880000,741.9000244140625,741.9000244140625,741.9000244140625,741.9000244140625,9.0
1226966400,738.0,744.9000244140625,734.0,732.5999755859375,13.0
1227052800,736.0,758.7999877929688,735.0,735.9000244140625,55.0
1227139200,740.5,750.0,739.5,748.5999755859375,62.0
1227225600,771.2999877929688,784.0999755859375,771.2000122070312,791.7000122070312,20.0
1227484800,819.9000244140625,824.0,819.9000244140625,819.4000244140625,3.0
1227571200,818.4000244140625,818.4000244140625,818.4000244140625,818.4000244140625,158862.0
1227657600,819.0999755859375,822.0,806.7999877929688,808.5,158862.0
1227830400,811.0999755859375,819.0,808.2000122070312,816.2000122070312,6325.0
1228089600,817.2000122070312,817.2999877929688,766.0,774.5999755859375,2791.0
1228176000,765.2999877929688,786.0,759.7000122070312,781.2999877929688,1393.0
1228262400,780.0,781.9000244140625,762.9000244140625,768.7999877929688,439.0
1228348800,770.0,780.4000244140625,761.7000122070312,763.7999877929688,606.0
1228435200,764.5,769.5999755859375,740.0,750.5,888.0
1228694400,755.0,780.2000122070312,754.2000122070312,767.4000244140625,573.0
1228780800,775.0,776.5,762.2999877929688,772.4000244140625,101.0
1228867200,784.0999755859375,811.0,783.0999755859375,807.0999755859375,235.0
1228953600,803.4000244140625,832.0999755859375,801.0,824.9000244140625,260.0
1229040000,821.5,827.0,813.7999877929688,818.9000244140625,182.0
1229299200,828.0,842.0,824.0,835.4000244140625,470.0
1229385600,839.0,859.0,831.5999755859375,841.7000122070312,73.0
1229472000,854.4000244140625,880.7999877929688,849.2999877929688,867.5,122.0
1229558400,862.4000244140625,873.0,852.0,859.5999755859375,242.0
1229644800,846.5999755859375,852.0999755859375,833.2999877929688,836.4000244140625,106.0
1229904000,848.5,851.0,844.0,846.2000122070312,235.0
1229990400,848.0,848.0,835.0,837.2000122070312,176.0
1230076800,838.9000244140625,848.9000244140625,838.5,847.0999755859375,19.0
1230249600,847.0,872.4000244140625,845.7999877929688,870.4000244140625,88.0
1230508800,882.9000244140625,882.9000244140625,875.0,874.5999755859375,426.0
1230595200,878.0999755859375,878.0999755859375,866.5,869.2999877929688,139.0
1230681600,860.0,883.5999755859375,858.4000244140625,883.5999755859375,35.0
1230854400,881.5,881.5,868.9000244140625,878.7999877929688,46.0
1231113600,882.0,883.5,847.0,857.2000122070312,35.0
1231200000,855.0999755859375,867.5999755859375,840.0,865.4000244140625,113.0
1231286400,862.0,867.0,837.7000122070312,841.0999755859375,101.0
1231372800,837.9000244140625,861.0,837.9000244140625,853.9000244140625,255.0
1231459200,855.9000244140625,862.0999755859375,855.9000244140625,854.2999877929688,123.0
1231718400,844.4000244140625,844.4000244140625,815.4000244140625,820.2999877929688,72.0
1231804800,825.5999755859375,825.5999755859375,815.7000122070312,820.0999755859375,20.0
1231891200,825.9000244140625,827.0999755859375,814.0,808.2000122070312,5.0
1231977600,805.5999755859375,808.7999877929688,805.5999755859375,806.7000122070312,16.0
1232064000,834.0,842.5,834.0,839.2999877929688,64.0
1232409600,838.7000122070312,862.7000122070312,824.0,854.5999755859375,20.0
1232496000,850.5,852.5999755859375,843.7999877929688,849.5999755859375,37.0
1232582400,856.7999877929688,860.9000244140625,846.2000122070312,858.2000122070312,57.0
1232668800,875.0,899.0999755859375,875.0,895.2999877929688,52.0
1232928000,907.2999877929688,911.5999755859375,901.2000122070312,908.5,18.0
1233014400,902.7999877929688,903.0,895.2000122070312,899.2000122070312,48.0
1233100800,886.0999755859375,894.5999755859375,883.7000122070312,888.0999755859375,137271.0
1233187200,888.0999755859375,909.7000122070312,874.2000122070312,905.0999755859375,66607.0
1233273600,909.7999877929688,930.2999877929688,902.0,927.2999877929688,10460.0
1233532800,924.2999877929688,928.7999877929688,902.2000122070312,906.7000122070312,3220.0
1233619200,903.2000122070312,913.2999877929688,889.7999877929688,892.0,1451.0
1233705600,900.0999755859375,909.2000122070312,897.0,901.5999755859375,465.0
1233792000,906.2999877929688,924.4000244140625,904.4000244140625,913.5999755859375,770.0
1233878400,914.5,918.5,909.5,913.9000244140625,334.0
1234137600,910.0,911.0,891.7999877929688,892.4000244140625,984.0
1234224000,898.0,917.5,892.0,913.7000122070312,252.0
1234310400,913.7000122070312,947.2000122070312,912.2000122070312,943.7999877929688,892.0
1234396800,938.7999877929688,952.7999877929688,936.4000244140625,948.5,335.0
1234483200,947.2999877929688,947.2999877929688,934.2000122070312,941.5,137.0
1234828800,939.5,973.7999877929688,937.2999877929688,967.0,1639.0
1234915200,968.4000244140625,988.0,962.2000122070312,977.7000122070312,422.0
1235001600,982.7000122070312,986.2000122070312,972.0,976.0999755859375,202.0
1235088000,974.0,1004.9000244140625,971.5999755859375,1001.7999877929688,219.0
1235347200,995.5999755859375,996.5,980.0,994.5999755859375,215.0
1235433600,988.0,991.5999755859375,963.2000122070312,969.0999755859375,243.0
1235520000,963.2999877929688,977.5,953.0999755859375,965.7000122070312,1019.0
1235606400,953.0,956.0,933.0,941.7999877929688,687.0
1235692800,943.4000244140625,963.2000122070312,928.0999755859375,941.5,730.0
1235952000,945.0,963.2000122070312,924.5,939.0,474.0
1236038400,927.0,931.7999877929688,906.4000244140625,912.9000244140625,362.0
1236124800,914.9000244140625,923.2000122070312,900.0999755859375,906.0,155.0
1236211200,912.0,932.5999755859375,908.9000244140625,927.0,141.0
1236297600,933.5,944.5,931.7999877929688,942.0999755859375,308.0
1236556800,940.5,940.5,914.5,917.7000122070312,838.0
1236643200,921.5999755859375,921.7999877929688,892.0999755859375,895.5999755859375,120.0
1236729600,894.7000122070312,912.4000244140625,894.0999755859375,910.4000244140625,221.0
1236816000,909.2000122070312,927.5,908.0,923.7000122070312,118.0
1236902400,924.4000244140625,937.0,924.4000244140625,929.7999877929688,69.0
1237161600,926.4000244140625,929.5999755859375,916.7000122070312,921.5999755859375,139.0
1237248000,923.2000122070312,924.4000244140625,912.4000244140625,916.4000244140625,48.0
1237334400,915.4000244140625,944.0,885.0,888.7000122070312,120.0
1237420800,938.0,960.7999877929688,933.7999877929688,958.2999877929688,360.0
1237507200,960.5999755859375,960.5999755859375,954.0,955.7999877929688,23.0
1237766400,950.7000122070312,952.5999755859375,937.9000244140625,952.0999755859375,30.0
1237852800,923.2999877929688,923.2999877929688,923.2999877929688,923.2999877929688,1494.0
1237939200,921.2000122070312,936.5,920.7999877929688,935.4000244140625,97.0
1238025600,939.5999755859375,943.0,937.5999755859375,939.5999755859375,66.0
1238112000,923.0,923.0,923.0,923.0,106869.0
1238371200,924.5999755859375,932.5,908.5999755859375,915.5,58837.0
1238457600,918.0,924.5,911.5999755859375,922.5999755859375,7403.0
1238544000,918.5999755859375,932.5,916.9000244140625,926.0999755859375,3659.0
1238630400,926.9000244140625,930.2999877929688,894.9000244140625,907.4000244140625,3389.0
1238716800,904.5999755859375,910.2999877929688,891.2999877929688,895.5999755859375,1616.0
1238976000,895.0,895.0,865.0999755859375,871.5,1078.0
1239062400,872.2000122070312,884.7000122070312,872.2000122070312,882.2000122070312,395.0
1239148800,884.0,889.0999755859375,879.0,884.7999877929688,119.0
1239235200,882.4000244140625,886.0999755859375,874.7000122070312,882.2000122070312,360.0
1239580800,882.5,899.4000244140625,882.5,894.7000122070312,418.0
1239667200,896.0999755859375,897.7999877929688,887.4000244140625,890.9000244140625,362.0
1239753600,890.0,895.2999877929688,888.9000244140625,892.7999877929688,665.0
1239840000,890.9000244140625,893.4000244140625,872.7999877929688,879.2999877929688,632.0
1239926400,874.0,875.7000122070312,865.0,867.4000244140625,212.0
1240185600,868.7999877929688,889.0,866.0999755859375,887.0,655.0
1240272000,886.9000244140625,895.0999755859375,880.7000122070312,882.0999755859375,230.0
1240358400,883.0999755859375,893.0,883.0,891.7999877929688,330.0
1240444800,893.5999755859375,909.0,892.5999755859375,905.9000244140625,234.0
1240531200,911.2000122070312,913.5999755859375,906.7000122070312,913.5999755859375,438.0
1240790400,918.0,918.0,906.2999877929688,907.4000244140625,1179.0
1240876800,899.7000122070312,899.7000122070312,890.0999755859375,892.7999877929688,308.0
1240963200,890.0999755859375,902.5,887.7999877929688,899.7999877929688,809.0
1241049600,898.2000122070312,898.9000244140625,881.2999877929688,890.7000122070312,212.0
1241136000,884.0,889.2000122070312,881.5,887.5999755859375,506.0
1241395200,885.7999877929688,907.5,885.7999877929688,901.5999755859375,83.0
1241481600,903.5,912.2999877929688,902.0,903.7000122070312,69.0
1241568000,901.2999877929688,911.0999755859375,901.2999877929688,910.5,30.0
1241654400,922.4000244140625,924.0,910.4000244140625,915.0,64.0
1241740800,910.0999755859375,915.2999877929688,910.0999755859375,914.4000244140625,156.0
1242000000,913.0999755859375,914.4000244140625,913.0999755859375,913.0,2.0
1242086400,918.5,923.5,916.0999755859375,923.5,24.0
1242172800,922.0,929.7000122070312,921.2000122070312,925.5,71.0
1242259200,922.5999755859375,922.5999755859375,922.5999755859375,928.0,1.0
1242345600,925.2000122070312,931.5999755859375,925.2000122070312,930.9000244140625,45.0
1242604800,929.5999755859375,932.9000244140625,918.7000122070312,921.2999877929688,71.0
1242691200,926.2999877929688,926.2999877929688,926.2999877929688,926.2999877929688,71.0
1242777600,933.0,940.5,931.0,937.0,67.0
1242864000,939.0999755859375,943.9000244140625,937.4000244140625,950.7999877929688,71.0
1242950400,956.9000244140625,958.7000122070312,956.9000244140625,958.5,12.0
1243296000,953.0,953.5,944.0,953.0999755859375,20.0
1243382400,947.2000122070312,956.0,947.2000122070312,953.2000122070312,151332.0
1243468800,948.5999755859375,964.9000244140625,944.0,961.5,74257.0
1243555200,959.2000122070312,980.4000244140625,959.0,978.7999877929688,7607.0
1243814400,978.7999877929688,988.0999755859375,973.0,978.5999755859375,2883.0
1243900800,974.7000122070312,986.5,969.7999877929688,983.2000122070312,2345.0
1243987200,981.7000122070312,990.2999877929688,961.0,964.5,1187.0
1244073600,963.5999755859375,982.0,960.9000244140625,981.2000122070312,600.0
1244160000,981.4000244140625,983.0,954.0,961.7000122070312,714.0
1244419200,958.0,960.0999755859375,944.4000244140625,951.7000122070312,580.0
1244505600,953.5,963.7000122070312,948.4000244140625,954.0,684.0
1244592000,956.0,966.0,949.2000122070312,954.0,698.0
1244678400,954.2999877929688,961.9000244140625,943.0999755859375,961.2999877929688,583.0
1244764800,955.9000244140625,956.5,935.7999877929688,940.0999755859375,166.0
1245024000,938.5,938.5,926.9000244140625,926.9000244140625,258.0
1245110400,930.9000244140625,938.5999755859375,930.9000244140625,931.5999755859375,149.0
1245196800,931.5,937.7999877929688,930.4000244140625,935.4000244140625,29.0
1245283200,942.0,942.0,931.0,934.0,91.0
1245369600,932.0,936.5,932.0,935.5999755859375,73.0
1245628800,925.0,926.2000122070312,919.0,920.5999755859375,134.0
1245715200,921.9000244140625,926.5,917.2999877929688,923.9000244140625,181.0
1245801600,925.4000244140625,942.7000122070312,922.9000244140625,934.0999755859375,588.0
1245888000,932.2999877929688,939.0999755859375,932.2999877929688,939.0999755859375,72.0
1245974400,945.2999877929688,946.0,939.5999755859375,940.7000122070312,185.0
1246233600,940.2000122070312,942.5,934.7999877929688,940.4000244140625,445.0
1246320000,941.4000244140625,943.9000244140625,925.2999877929688,927.0999755859375,128.0
1246406400,929.2999877929688,944.2000122070312,928.0,941.0,88.0
1246492800,941.4000244140625,941.5,926.5999755859375,930.7000122070312,67.0
1246838400,933.5,933.5,920.2000122070312,924.0,108.0
1246924800,924.2000122070312,931.7000122070312,921.2000122070312,928.7999877929688,57.0
1247011200,919.5999755859375,919.5999755859375,905.5999755859375,909.0,41.0
1247097600,907.2000122070312,917.4000244140625,907.2000122070312,915.9000244140625,74.0
1247184000,910.7000122070312,913.5,908.5,912.2000122070312,40.0
1247443200,911.5,922.2000122070312,908.4000244140625,922.2000122070312,30.0
1247529600,920.2000122070312,926.2000122070312,920.2000122070312,922.5,64.0
1247616000,928.9000244140625,941.0,928.2999877929688,939.0999755859375,67.0
1247702400,938.4000244140625,938.4000244140625,934.7999877929688,935.0999755859375,63.0
1247788800,936.9000244140625,937.7999877929688,931.7999877929688,937.2000122070312,34.0
1248048000,954.0999755859375,954.5,950.9000244140625,948.5,5.0
1248134400,948.5999755859375,948.5999755859375,945.7999877929688,946.5999755859375,15.0
1248220800,949.2000122070312,953.0,946.4000244140625,953.0,71.0
1248307200,954.2000122070312,954.2000122070312,949.7999877929688,954.5,47.0
1248393600,950.2999877929688,952.7999877929688,950.2999877929688,952.7999877929688,77.0
1248652800,955.0999755859375,957.0999755859375,953.2999877929688,953.2999877929688,5.0
1248739200,949.5,949.5,937.5,939.0,10.0
1248825600,927.2000122070312,927.2000122070312,927.2000122070312,927.2000122070312,129090.0
1248912000,929.2000122070312,937.0,928.4000244140625,934.9000244140625,36620.0
1248998400,934.4000244140625,958.0999755859375,932.0,953.7000122070312,10747.0
1249257600,952.5999755859375,964.0,952.4000244140625,956.5999755859375,2602.0
1249344000,956.5999755859375,969.5,950.7999877929688,967.5,565.0
1249430400,967.5999755859375,968.0999755859375,959.7999877929688,964.2000122070312,742.0
1249516800,964.0999755859375,971.0999755859375,956.5,960.7000122070312,543.0
1249603200,964.2999877929688,964.2999877929688,954.5999755859375,957.2999877929688,641.0
1249862400,955.0,956.0999755859375,943.5,945.0,395.0
1249948800,947.2000122070312,949.7000122070312,943.0999755859375,945.7999877929688,106.0
1250035200,947.5,951.5,943.0,950.7000122070312,102.0
1250121600,952.5999755859375,960.0999755859375,952.2999877929688,954.7000122070312,104.0
1250208000,957.4000244140625,957.4000244140625,942.0999755859375,947.0,141.0
1250467200,947.4000244140625,947.4000244140625,931.5,934.2999877929688,128.0
1250553600,938.5999755859375,938.5999755859375,935.5,937.7000122070312,276.0
1250640000,941.7999877929688,944.9000244140625,933.4000244140625,943.2999877929688,194.0
1250726400,942.9000244140625,945.7000122070312,940.0999755859375,940.2999877929688,35.0
1250812800,957.0,957.5999755859375,952.5999755859375,953.2000122070312,53.0
1251072000,953.5,957.0,941.2999877929688,942.2999877929688,198.0
1251158400,946.2999877929688,954.5,943.5,944.5,143.0
1251244800,947.5,948.2000122070312,940.2999877929688,944.2999877929688,128.0
1251331200,944.2000122070312,949.4000244140625,942.9000244140625,945.5,193.0
1251417600,949.2999877929688,962.2000122070312,948.0999755859375,957.0,182.0
1251676800,959.5,959.5,944.7999877929688,951.7000122070312,21.0
1251763200,954.2000122070312,956.5,948.7000122070312,954.7000122070312,17.0
1251849600,954.0,978.7999877929688,954.0,976.5999755859375,65.0
1251936000,978.0999755859375,995.7999877929688,978.0999755859375,995.7999877929688,55.0
1252022400,992.5999755859375,995.0,985.5,994.9000244140625,75.0
1252368000,993.5,1006.9000244140625,993.2000122070312,997.9000244140625,90.0
1252454400,1002.0,1002.7999877929688,988.7999877929688,995.2999877929688,84.0
1252540800,996.2000122070312,997.2000122070312,987.2999877929688,995.4000244140625,51.0
1252627200,999.7000122070312,1011.9000244140625,999.7000122070312,1004.9000244140625,198.0
1252886400,1002.9000244140625,1003.7999877929688,998.5,999.9000244140625,91.0
1252972800,998.0,1008.0,994.9000244140625,1005.0,118.0
1253059200,1014.7000122070312,1019.7999877929688,1014.7000122070312,1018.9000244140625,92.0
1253145600,1017.2000122070312,1019.5,1011.5999755859375,1012.2999877929688,48.0
1253232000,1013.9000244140625,1017.5999755859375,1009.2000122070312,1009.2000122070312,26.0
1253491200,1003.7000122070312,1003.7000122070312,998.0,1003.7000122070312,26.0
1253577600,1011.5,1019.4000244140625,1011.5,1014.2000122070312,67.0
1253664000,1014.4000244140625,1015.2000122070312,1008.2000122070312,1013.0,212.0
1253750400,1015.0,1015.0,993.9000244140625,997.5,123.0
1253836800,997.2999877929688,997.4000244140625,986.7000122070312,990.2000122070312,70.0
1254096000,993.2000122070312,993.2000122070312,991.4000244140625,992.5,6999.0
1254182400,990.5,995.7000122070312,984.7000122070312,993.0999755859375,5742.0
1254268800,992.5,1009.0,992.5,1008.0,1393.0
1254355200,1007.4000244140625,1008.7999877929688,998.0,999.5,213.0
1254441600,998.7999877929688,1007.2999877929688,986.7999877929688,1003.2000122070312,247.0
1254700800,1004.0999755859375,1017.5999755859375,1003.0,1016.7000122070312,180.0
1254787200,1019.5,1043.800048828125,1018.2999877929688,1038.5999755859375,180.0
1254873600,1038.300048828125,1048.199951171875,1038.300048828125,1043.300048828125,180.0
1254960000,1045.800048828125,1060.4000244140625,1045.0999755859375,1055.4000244140625,160.0
1255046400,1049.300048828125,1051.5,1044.0,1047.800048828125,175.0
1255305600,1049.0,1058.4000244140625,1049.0,1056.699951171875,209.0
1255392000,1064.0,1068.4000244140625,1056.5,1064.199951171875,183.0
1255478400,1064.0,1070.199951171875,1057.5999755859375,1063.9000244140625,140.0
1255564800,1062.199951171875,1062.199951171875,1048.0,1049.800048828125,179.0
1255651200,1051.5,1056.199951171875,1043.699951171875,1050.699951171875,76.0
1255910400,1053.5999755859375,1061.199951171875,1049.199951171875,1057.300048828125,157.0
1255996800,1065.5,1066.199951171875,1054.0,1057.800048828125,231.0
1256083200,1053.699951171875,1064.0,1047.5,1063.699951171875,35.0
1256169600,1061.199951171875,1061.199951171875,1051.5,1057.800048828125,173.0
1256256000,1063.800048828125,1065.9000244140625,1050.199951171875,1055.5999755859375,116.0
1256515200,1055.5999755859375,1055.5999755859375,1039.9000244140625,1042.0999755859375,76.0
1256601600,1039.5,1042.0999755859375,1034.699951171875,1034.699951171875,100.0
1256688000,1042.0999755859375,1042.0999755859375,1028.0,1029.9000244140625,307.0
1256774400,1035.199951171875,1047.300048828125,1032.4000244140625,1046.4000244140625,234.0
1256860800,1045.5,1045.800048828125,1035.5999755859375,1039.699951171875,148.0
1257120000,1053.4000244140625,1061.800048828125,1043.5,1053.4000244140625,41.0
1257206400,1084.300048828125,1087.0,1056.800048828125,1084.300048828125,196.0
1257292800,1086.699951171875,1097.4000244140625,1082.199951171875,1086.699951171875,114.0
1257379200,1088.699951171875,1092.300048828125,1086.0,1088.699951171875,63.0
1257465600,1095.0999755859375,1100.0,1090.199951171875,1095.0999755859375,102.0
1257724800,1098.5999755859375,1109.300048828125,1098.5999755859375,1100.800048828125,102.0
1257811200,1100.9000244140625,1108.5999755859375,1098.199951171875,1101.9000244140625,92.0
1257897600,1114.0,1117.5999755859375,1106.300048828125,1114.0,104.0
1257984000,1106.0,1121.300048828125,1104.300048828125,1106.0,68.0
1258070400,1116.0999755859375,1118.199951171875,1105.0,1116.0999755859375,56.0
1258329600,1138.5999755859375,1140.5,1127.199951171875,1138.5999755859375,64.0
1258416000,1138.800048828125,1140.4000244140625,1131.300048828125,1138.800048828125,67.0
1258502400,1140.699951171875,1149.4000244140625,1136.5,1140.699951171875,77.0
1258588800,1141.4000244140625,1144.800048828125,1135.5,1141.4000244140625,20.0
1258675200,1146.4000244140625,1147.9000244140625,1137.300048828125,1146.4000244140625,18.0
1258934400,1164.300048828125,1163.0,1164.300048828125,1164.300048828125,3.0
1259020800,1165.5,1169.800048828125,1167.5,1165.5,26.0
1259107200,1186.9000244140625,1186.9000244140625,1186.9000244140625,1186.9000244140625,205513.0
1259280000,1190.800048828125,1195.0,1130.0999755859375,1174.199951171875,112015.0
1259539200,1179.9000244140625,1183.699951171875,1163.699951171875,1181.0999755859375,14549.0
1259625600,1181.0,1202.699951171875,1176.0,1199.0999755859375,3787.0
1259712000,1196.4000244140625,1217.300048828125,1196.300048828125,1212.0,2145.0
1259798400,1218.0,1226.4000244140625,1204.5999755859375,1217.4000244140625,1530.0
1259884800,1207.800048828125,1211.199951171875,1147.0,1168.800048828125,4288.0
1260144000,1157.5999755859375,1165.5,1136.300048828125,1163.4000244140625,3669.0
1260230400,1159.5,1169.300048828125,1125.300048828125,1142.800048828125,784.0
1260316800,1130.300048828125,1147.0,1116.5,1120.4000244140625,2256.0
1260403200,1125.699951171875,1134.800048828125,1122.199951171875,1125.699951171875,344.0
1260489600,1132.699951171875,1141.4000244140625,1110.800048828125,1119.4000244140625,912.0
1260748800,1123.300048828125,1127.5,1114.5,1123.300048828125,230.0
1260835200,1127.9000244140625,1128.5999755859375,1111.9000244140625,1122.4000244140625,242.0
1260921600,1125.699951171875,1140.0,1122.4000244140625,1135.5,205.0
1261008000,1141.5,1141.5,1095.699951171875,1106.800048828125,422.0
1261094400,1110.800048828125,1115.199951171875,1097.800048828125,1110.800048828125,404.0
1261353600,1095.4000244140625,1119.199951171875,1090.800048828125,1095.4000244140625,248.0
1261440000,1095.300048828125,1097.4000244140625,1075.0,1086.0,480.0
1261526400,1093.300048828125,1094.5999755859375,1080.0,1093.300048828125,168.0
1261612800,1092.0,1105.300048828125,1092.0,1104.0999755859375,127.0
1261958400,1107.199951171875,1111.9000244140625,1102.800048828125,1107.199951171875,350.0
1262044800,1097.0,1105.199951171875,1097.0,1097.0,1038.0
1262131200,1091.5,1097.0999755859375,1086.0,1091.5,399.0
1262217600,1095.199951171875,1106.0999755859375,1094.0,1095.199951171875,149.0
1262563200,1117.699951171875,1122.300048828125,1097.0999755859375,1117.699951171875,184.0
1262649600,1118.0999755859375,1126.5,1115.0,1118.0999755859375,53.0
1262736000,1135.9000244140625,1139.199951171875,1120.699951171875,1135.9000244140625,363.0
1262822400,1133.0999755859375,1133.0999755859375,1129.199951171875,1133.0999755859375,56.0
1262908800,1138.199951171875,1138.199951171875,1122.699951171875,1138.199951171875,54.0
1263168000,1150.699951171875,1161.199951171875,1143.0,1150.699951171875,177.0
1263254400,1128.9000244140625,1157.199951171875,1127.199951171875,1128.9000244140625,51.0
1263340800,1136.4000244140625,1136.4000244140625,1121.0,1136.4000244140625,58.0
1263427200,1137.0,1145.9000244140625,1132.800048828125,1142.5999755859375,81.0
1263513600,1132.800048828125,1133.4000244140625,1127.199951171875,1130.0999755859375,50.0
1263859200,1139.699951171875,1139.699951171875,1130.5,1139.699951171875,22.0
1263945600,1123.300048828125,1133.0,1109.800048828125,1112.300048828125,28.0
1264032000,1102.699951171875,1107.5,1090.199951171875,1102.699951171875,99.0
1264118400,1089.199951171875,1095.4000244140625,1083.0,1089.199951171875,58.0
1264377600,1095.199951171875,1095.199951171875,1095.199951171875,1095.199951171875,8.0
1264464000,1097.9000244140625,1097.9000244140625,1097.9000244140625,1097.9000244140625,4.0
1264550400,1084.4000244140625,1084.4000244140625,1084.4000244140625,1084.4000244140625,206694.0
1264636800,1087.800048828125,1095.699951171875,1073.199951171875,1083.5999755859375,101168.0
1264723200,1085.0,1090.800048828125,1074.5,1083.0,11456.0
1264982400,1081.0,1107.300048828125,1076.800048828125,1104.300048828125,2452.0
1265068800,1117.4000244140625,1118.5,1100.199951171875,1117.4000244140625,3326.0
1265155200,1115.800048828125,1124.9000244140625,1108.5999755859375,1111.4000244140625,853.0
1265241600,1110.0,1110.699951171875,1059.0,1062.4000244140625,1426.0
1265328000,1052.199951171875,1068.5,1045.199951171875,1052.199951171875,1956.0
1265587200,1065.699951171875,1073.4000244140625,1061.5999755859375,1065.699951171875,549.0
1265673600,1076.699951171875,1082.0,1063.0999755859375,1076.699951171875,387.0
1265760000,1075.800048828125,1081.0999755859375,1063.300048828125,1075.800048828125,640.0
1265846400,1076.800048828125,1097.0999755859375,1075.5999755859375,1094.199951171875,1491.0
1265932800,1089.5,1092.0,1079.800048828125,1089.5,197.0
1266278400,1119.300048828125,1120.4000244140625,1092.4000244140625,1119.300048828125,928.0
1266364800,1119.5,1127.0,1108.5,1119.5,1083.0
1266451200,1118.0,1123.699951171875,1100.800048828125,1118.0,989.0
1266537600,1121.300048828125,1126.199951171875,1099.699951171875,1121.300048828125,137.0
1266796800,1112.5999755859375,1127.4000244140625,1110.0,1112.5999755859375,124.0
1266883200,1116.4000244140625,1118.300048828125,1102.5999755859375,1102.699951171875,152.0
1266969600,1096.5,1096.5,1096.5,1096.5,751.0
1267056000,1107.800048828125,1108.199951171875,1088.699951171875,1107.800048828125,386.0
1267142400,1106.800048828125,1118.300048828125,1106.800048828125,1118.300048828125,382.0
1267401600,1119.300048828125,1121.9000244140625,1113.5999755859375,1117.800048828125,184.0
1267488000,1136.9000244140625,1137.4000244140625,1115.699951171875,1136.9000244140625,155.0
1267574400,1142.699951171875,1145.0,1133.699951171875,1142.699951171875,170.0
1267660800,1132.5999755859375,1139.0,1128.5999755859375,1132.5999755859375,118.0
1267747200,1134.800048828125,1134.800048828125,1134.800048828125,1134.800048828125,129.0
1268006400,1123.5999755859375,1123.5999755859375,1123.5999755859375,1123.5999755859375,17.0
1268092800,1122.0,1124.0,1113.0999755859375,1122.0,27.0
1268179200,1107.800048828125,1127.0999755859375,1106.9000244140625,1107.800048828125,21.0
1268265600,1108.0,1108.0,1108.0,1108.0,46.0
1268352000,1101.5,1117.4000244140625,1099.9000244140625,1101.5,135.0
1268611200,1105.0999755859375,1107.0999755859375,1101.4000244140625,1105.0999755859375,21.0
1268697600,1122.199951171875,1127.0,1114.5,1122.199951171875,66.0
1268784000,1124.0,1131.4000244140625,1118.0,1124.0,29.0
1268870400,1127.4000244140625,1127.800048828125,1121.0999755859375,1127.4000244140625,86.0
1268956800,1107.4000244140625,1107.4000244140625,1107.4000244140625,1107.4000244140625,54.0
1269216000,1099.300048828125,1099.300048828125,1099.300048828125,1099.300048828125,71.0
1269302400,1103.5,1103.5,1103.5,1103.5,16.0
1269388800,1088.5999755859375,1092.4000244140625,1085.5,1088.5999755859375,9.0
1269475200,1092.699951171875,1092.699951171875,1086.699951171875,1092.699951171875,8.0
1269561600,1104.199951171875,1104.199951171875,1104.199951171875,1104.199951171875,5.0
1269820800,1110.300048828125,1110.300048828125,1110.300048828125,1110.300048828125,158733.0
1269907200,1109.699951171875,1112.9000244140625,1101.0999755859375,1104.5,56533.0
1269993600,1103.0999755859375,1118.699951171875,1102.0,1113.300048828125,5950.0
1270080000,1125.0999755859375,1127.699951171875,1111.300048828125,1125.0999755859375,2696.0
1270425600,1122.300048828125,1133.300048828125,1119.9000244140625,1132.9000244140625,567.0
1270512000,1130.800048828125,1138.5,1122.699951171875,1135.0999755859375,2490.0
1270598400,1152.300048828125,1153.0,1132.5999755859375,1152.300048828125,1342.0
1270684800,1152.199951171875,1152.300048828125,1144.0,1152.199951171875,254.0
1270771200,1161.0999755859375,1164.800048828125,1150.5,1161.0999755859375,505.0
1271030400,1161.5999755859375,1169.0,1154.5999755859375,1161.5999755859375,483.0
1271116800,1152.800048828125,1157.0,1145.0,1152.800048828125,278.0
1271203200,1159.0,1160.5999755859375,1151.199951171875,1159.0,162.0
1271289600,1157.5,1159.800048828125,1151.0,1159.699951171875,179.0
1271376000,1136.300048828125,1160.0,1130.4000244140625,1136.300048828125,483.0
1271635200,1135.199951171875,1137.0999755859375,1124.0,1135.199951171875,145.0
1271721600,1138.5999755859375,1145.800048828125,1136.0,1138.5999755859375,80.0
1271808000,1148.199951171875,1150.0,1138.4000244140625,1148.199951171875,68.0
1271894400,1142.300048828125,1144.0,1133.5999755859375,1142.300048828125,213.0
1271980800,1153.0999755859375,1153.0999755859375,1153.0999755859375,1153.0999755859375,40.0
1272240000,1160.0999755859375,1160.0999755859375,1151.4000244140625,1153.5,108.0
1272326400,1152.800048828125,1170.699951171875,1148.5999755859375,1161.699951171875,213.0
1272412800,1171.300048828125,1171.300048828125,1171.300048828125,1171.300048828125,299.0
1272499200,1168.4000244140625,1171.199951171875,1164.0,1168.4000244140625,166.0
1272585600,1180.0999755859375,1181.300048828125,1170.0,1180.0999755859375,146.0
1272844800,1178.5999755859375,1187.5,1177.300048828125,1182.699951171875,90.0
1272931200,1168.5999755859375,1191.800048828125,1168.300048828125,1168.5999755859375,94.0
1273017600,1174.5999755859375,1177.199951171875,1159.199951171875,1174.5999755859375,98.0
1273104000,1196.9000244140625,1210.5999755859375,1175.9000244140625,1196.9000244140625,79.0
1273190400,1210.0,1210.800048828125,1194.5999755859375,1210.0,112.0
1273449600,1200.4000244140625,1203.800048828125,1189.199951171875,1200.4000244140625,118.0
1273536000,1219.9000244140625,1233.5,1201.5,1219.9000244140625,201.0
1273622400,1242.699951171875,1246.5,1227.0999755859375,1242.699951171875,213.0
1273708800,1235.300048828125,1240.0,1228.699951171875,1228.800048828125,37.0
1273795200,1227.4000244140625,1227.4000244140625,1227.4000244140625,1227.4000244140625,99.0
1274054400,1233.300048828125,1235.9000244140625,1225.199951171875,1227.699951171875,49.0
1274140800,1214.300048828125,1216.0999755859375,1208.199951171875,1214.300048828125,73.0
1274227200,1192.5999755859375,1192.5999755859375,1192.5999755859375,1192.5999755859375,75.0
1274313600,1187.800048828125,1191.800048828125,1179.4000244140625,1187.800048828125,297.0
1274400000,1175.699951171875,1175.699951171875,1175.699951171875,1175.699951171875,177.0
1274659200,1193.800048828125,1193.800048828125,1193.800048828125,1193.800048828125,14.0
1274745600,1197.800048828125,1200.0,1195.5999755859375,1197.800048828125,9.0
1274832000,1213.300048828125,1213.300048828125,1213.300048828125,1213.300048828125,237497.0
1274918400,1211.699951171875,1218.5,1205.4000244140625,1211.9000244140625,109434.0
1275004800,1210.4000244140625,1214.800048828125,1201.0999755859375,1212.199951171875,12895.0
1275350400,1224.800048828125,1228.199951171875,1209.300048828125,1224.800048828125,4547.0
1275436800,1220.5999755859375,1225.800048828125,1213.199951171875,1220.5999755859375,2799.0
1275523200,1208.300048828125,1224.0,1201.0,1208.300048828125,1552.0
1275609600,1207.5999755859375,1220.4000244140625,1196.9000244140625,1216.199951171875,1070.0
1275868800,1239.300048828125,1244.699951171875,1211.0,1239.300048828125,859.0
1275955200,1241.5,1252.0999755859375,1234.0999755859375,1244.0,763.0
1276041600,1237.0,1238.199951171875,1222.0,1228.5,446.0
1276128000,1232.800048828125,1233.5,1215.0999755859375,1220.800048828125,488.0
1276214400,1228.9000244140625,1229.5999755859375,1218.0,1228.9000244140625,481.0
1276473600,1223.199951171875,1232.699951171875,1217.699951171875,1223.300048828125,989.0
1276560000,1222.5999755859375,1236.0,1222.4000244140625,1233.199951171875,251.0
1276646400,1229.300048828125,1229.300048828125,1229.300048828125,1229.300048828125,318.0
1276732800,1233.9000244140625,1251.0999755859375,1233.9000244140625,1247.5,266.0
1276819200,1247.699951171875,1261.5,1242.9000244140625,1257.199951171875,130.0
1277078400,1257.4000244140625,1264.800048828125,1232.0,1239.699951171875,219.0
1277164800,1239.9000244140625,1242.800048828125,1232.0999755859375,1239.9000244140625,172.0
1277251200,1233.9000244140625,1245.0999755859375,1226.9000244140625,1234.0999755859375,100.0
1277337600,1236.4000244140625,1248.0999755859375,1230.699951171875,1245.5,253.0
1277424000,1246.699951171875,1256.9000244140625,1243.699951171875,1255.800048828125,159.0
1277683200,1238.199951171875,1238.199951171875,1238.199951171875,1238.199951171875,351.0
1277769600,1242.0,1245.0,1228.5,1242.0,417.0
1277856000,1245.5,1246.199951171875,1236.699951171875,1245.5,73.0
1277942400,1206.300048828125,1242.4000244140625,1204.5,1206.300048828125,50.0
1278028800,1201.4000244140625,1211.5999755859375,1200.800048828125,1207.4000244140625,169.0
1278374400,1207.300048828125,1211.800048828125,1190.5,1194.800048828125,52.0
1278460800,1198.5999755859375,1198.5999755859375,1198.5999755859375,1198.5999755859375,18.0
1278547200,1195.800048828125,1203.300048828125,1189.300048828125,1195.800048828125,93.0
1278633600,1209.5999755859375,1213.0,1195.0,1209.5999755859375,22.0
1278892800,1198.5,1198.5,1198.5,1198.5,45.0
1278979200,1213.300048828125,1217.4000244140625,1205.199951171875,1213.300048828125,53.0
1279065600,1212.0,1213.800048828125,1202.4000244140625,1206.800048828125,54.0
1279152000,1208.0999755859375,1208.0999755859375,1208.0999755859375,1208.0999755859375,32.0
1279238400,1188.0,1188.0,1188.0,1188.0,46.0
1279497600,1181.699951171875,1182.199951171875,1180.0,1181.699951171875,4.0
1279584000,1191.5,1191.5,1191.5,1191.5,8.0
1279670400,1191.5999755859375,1194.5,1184.0999755859375,1191.5999755859375,24.0
1279756800,1195.5,1196.0,1194.4000244140625,1195.5,79.0
1279843200,1187.699951171875,1198.5999755859375,1187.699951171875,1187.699951171875,32.0
1280102400,1183.0,1183.0,1183.0,1183.0,37.0
1280188800,1158.0,1158.0,1158.0,1158.0,29.0
1280275200,1160.4000244140625,1160.4000244140625,1160.4000244140625,1160.4000244140625,206828.0
1280361600,1163.800048828125,1169.199951171875,1158.699951171875,1168.4000244140625,54384.0
1280448000,1168.199951171875,1183.0999755859375,1166.0,1181.699951171875,5466.0
1280707200,1183.4000244140625,1191.800048828125,1174.699951171875,1183.4000244140625,2504.0
1280793600,1185.199951171875,1190.5,1180.0,1185.199951171875,598.0
1280880000,1186.300048828125,1203.0,1186.300048828125,1193.699951171875,1068.0
1280966400,1197.199951171875,1199.300048828125,1190.0,1197.199951171875,214.0
1281052800,1203.300048828125,1211.0,1195.300048828125,1203.4000244140625,347.0
1281312000,1205.800048828125,1209.5,1199.800048828125,1200.699951171875,658.0
1281398400,1196.199951171875,1206.5,1191.0,1196.199951171875,713.0
1281484800,1197.5,1208.0,1193.0,1197.5,351.0
1281571200,1214.800048828125,1215.5,1199.0,1214.800048828125,289.0
1281657600,1214.9000244140625,1214.9000244140625,1214.9000244140625,1214.9000244140625,138.0
1281916800,1224.5,1225.4000244140625,1218.0,1224.5,252.0
1282003200,1226.5999755859375,1227.4000244140625,1224.0,1226.5999755859375,84.0
1282089600,1229.699951171875,1231.5999755859375,1218.0,1229.699951171875,169.0
1282176000,1233.800048828125,1237.5999755859375,1228.800048828125,1233.800048828125,46.0
1282262400,1227.199951171875,1232.800048828125,1223.0,1227.199951171875,236.0
1282521600,1226.9000244140625,1228.9000244140625,1222.9000244140625,1226.9000244140625,56.0
1282608000,1231.800048828125,1234.0,1211.5,1231.800048828125,300.0
1282694400,1239.5,1240.699951171875,1230.699951171875,1239.5,298.0
1282780800,1235.4000244140625,1243.300048828125,1235.0,1235.4000244140625,104.0
1282867200,1236.0,1236.0,1236.0,1236.0,573.0
1283126400,1237.0999755859375,1237.9000244140625,1234.0,1237.0999755859375,128.0
1283212800,1248.300048828125,1249.4000244140625,1233.0,1248.300048828125,124.0
1283299200,1246.300048828125,1254.300048828125,1243.5999755859375,1246.300048828125,41.0
1283385600,1251.5,1252.5,1246.9000244140625,1251.5,100.0
1283472000,1249.199951171875,1249.199951171875,1240.0,1249.199951171875,3.0
1283817600,1257.300048828125,1258.0,1255.5,1257.300048828125,7.0
1283904000,1255.5999755859375,1260.199951171875,1254.699951171875,1255.5999755859375,27.0
1283990400,1248.9000244140625,1256.0,1244.0999755859375,1248.9000244140625,9.0
1284076800,1244.5,1244.5,1244.5,1244.5,20.0
1284336000,1245.0999755859375,1245.0999755859375,1245.0999755859375,1245.0999755859375,18.0
1284422400,1269.699951171875,1272.4000244140625,1253.4000244140625,1269.699951171875,87.0
1284508800,1266.5999755859375,1269.800048828125,1263.5,1266.699951171875,34.0
1284595200,1271.9000244140625,1275.199951171875,1268.699951171875,1271.9000244140625,37.0
1284681600,1275.5999755859375,1279.5999755859375,1273.800048828125,1275.5999755859375,54.0
1284940800,1279.0,1282.0,1279.0,1279.0,27.0
1285027200,1272.4000244140625,1289.800048828125,1271.800048828125,1272.4000244140625,56.0
1285113600,1290.199951171875,1290.199951171875,1290.199951171875,1290.199951171875,17.0
1285200000,1294.300048828125,1294.300048828125,1289.4000244140625,1294.300048828125,45.0
1285286400,1296.0,1297.4000244140625,1294.199951171875,1296.0,37.0
1285545600,1296.699951171875,1296.699951171875,1296.699951171875,1296.699951171875,67.0
1285632000,1287.5,1308.5999755859375,1287.5,1306.5999755859375,25190.0
1285718400,1309.4000244140625,1312.5,1305.0,1308.5,6745.0
1285804800,1307.199951171875,1315.199951171875,1295.699951171875,1307.800048828125,579.0
1285891200,1309.0,1320.0,1309.0,1316.0999755859375,153.0
1286150400,1318.300048828125,1319.0999755859375,1312.0,1315.4000244140625,95.0
1286236800,1312.9000244140625,1341.0999755859375,1312.9000244140625,1338.9000244140625,197.0
1286323200,1339.0999755859375,1349.0,1339.0,1346.4000244140625,215.0
1286409600,1347.9000244140625,1363.0,1325.699951171875,1333.9000244140625,261.0
1286496000,1333.5,1348.4000244140625,1325.0,1344.199951171875,80.0
1286755200,1346.699951171875,1353.699951171875,1344.0,1353.300048828125,79.0
1286841600,1346.9000244140625,1352.199951171875,1343.5999755859375,1345.699951171875,112.0
1286928000,1356.4000244140625,1374.0,1355.0999755859375,1369.5,251.0
1287014400,1372.800048828125,1383.9000244140625,1371.300048828125,1376.699951171875,106.0
1287100800,1379.199951171875,1382.4000244140625,1364.699951171875,1371.0999755859375,170.0
1287360000,1358.0,1372.5999755859375,1358.0,1371.199951171875,46.0
1287446400,1366.800048828125,1370.5,1328.5,1335.0999755859375,301.0
1287532800,1336.0,1345.800048828125,1334.199951171875,1343.300048828125,148.0
1287619200,1344.199951171875,1346.199951171875,1317.5,1324.699951171875,102.0
1287705600,1326.699951171875,1328.0999755859375,1319.0,1324.4000244140625,113.0
1287964800,1333.5999755859375,1349.0999755859375,1333.0999755859375,1338.300048828125,194.0
1288051200,1341.199951171875,1341.199951171875,1328.300048828125,1338.0,195.0
1288137600,1341.0,1341.0,1321.0999755859375,1322.199951171875,106.0
1288224000,1327.9000244140625,1343.5999755859375,1325.9000244140625,1342.0999755859375,192.0
1288310400,1340.199951171875,1358.699951171875,1336.800048828125,1357.0999755859375,74.0
1288569600,1360.300048828125,1360.300048828125,1350.699951171875,1350.199951171875,40.0
1288656000,1356.800048828125,1356.800048828125,1355.5,1356.4000244140625,17.0
1288742400,1351.4000244140625,1359.199951171875,1327.5,1337.0999755859375,135.0
1288828800,1368.5999755859375,1392.5,1368.5999755859375,1382.699951171875,109.0
1288915200,1390.699951171875,1398.0,1378.199951171875,1397.300048828125,109.0
1289174400,1390.5,1409.199951171875,1387.0999755859375,1402.800048828125,112.0
1289260800,1405.199951171875,1423.199951171875,1382.9000244140625,1409.800048828125,84.0
1289347200,1395.199951171875,1408.0999755859375,1384.0,1399.0999755859375,29.0
1289433600,1400.699951171875,1413.5,1397.300048828125,1403.0999755859375,26.0
1289520000,1407.9000244140625,1407.9000244140625,1360.0999755859375,1365.4000244140625,182.0
1289779200,1363.699951171875,1372.5999755859375,1355.300048828125,1368.4000244140625,46.0
1289865600,1356.5,1358.199951171875,1329.5,1338.300048828125,67.0
1289952000,1336.9000244140625,1341.800048828125,1331.300048828125,1336.800048828125,50.0
1290038400,1349.5,1353.199951171875,1347.699951171875,1352.9000244140625,17.0
1290124800,1350.699951171875,1352.0,1344.5,1352.199951171875,7.0
1290384000,1357.699951171875,1357.699951171875,1357.699951171875,1357.699951171875,7.0
1290470400,1369.4000244140625,1377.5,1364.5,1377.5,15.0
1290556800,1377.800048828125,1377.800048828125,1377.800048828125,1372.9000244140625,3.0
1290729600,1372.0999755859375,1372.0999755859375,1372.0999755859375,1362.300048828125,138416.0
1290988800,1364.0,1369.300048828125,1352.5999755859375,1366.0,94486.0
1291075200,1366.699951171875,1390.0999755859375,1362.800048828125,1385.0,11370.0
1291161600,1386.800048828125,1396.5999755859375,1382.300048828125,1387.300048828125,4759.0
1291248000,1387.5999755859375,1398.5999755859375,1383.300048828125,1388.5,1550.0
1291334400,1385.0999755859375,1415.0999755859375,1385.0999755859375,1405.4000244140625,2341.0
1291593600,1414.0,1428.4000244140625,1410.0,1415.300048828125,833.0
1291680000,1424.5,1431.0999755859375,1398.0,1408.300048828125,866.0
1291766400,1402.5,1403.800048828125,1372.0,1382.5,1675.0
1291852800,1380.5999755859375,1394.199951171875,1380.5,1392.0999755859375,971.0
1291939200,1388.9000244140625,1392.0,1373.0999755859375,1384.300048828125,457.0
1292198400,1384.5,1399.199951171875,1384.5,1397.300048828125,193.0
1292284800,1401.9000244140625,1407.300048828125,1391.800048828125,1403.5999755859375,431.0
1292371200,1394.0,1394.0,1379.5,1385.5,215.0
1292457600,1380.9000244140625,1385.0,1362.5,1370.4000244140625,228.0
1292544000,1376.4000244140625,1378.5999755859375,1365.9000244140625,1378.5999755859375,102.0
1292803200,1383.199951171875,1386.699951171875,1376.5,1385.5,125.0
1292889600,1385.800048828125,1389.5,1381.5,1388.199951171875,113.0
1292976000,1388.0,1389.5,1385.0,1386.800048828125,58.0
1293062400,1388.4000244140625,1388.4000244140625,1373.699951171875,1380.0,101.0
1293408000,1373.5,1384.199951171875,1373.5,1382.4000244140625,322.0
1293494400,1389.800048828125,1406.699951171875,1389.800048828125,1405.199951171875,519.0
1293580800,1403.4000244140625,1412.199951171875,1402.9000244140625,1413.0999755859375,413.0
1293667200,1413.800048828125,1413.800048828125,1403.0999755859375,1405.5999755859375,185.0
1293753600,1405.699951171875,1421.0999755859375,1405.699951171875,1421.0999755859375,54.0
1294012800,1415.5999755859375,1423.9000244140625,1413.699951171875,1422.5999755859375,28.0
1294099200,1409.5999755859375,1410.9000244140625,1375.800048828125,1378.5,122.0
1294185600,1383.4000244140625,1384.0,1364.199951171875,1373.4000244140625,175.0
1294272000,1374.800048828125,1376.5,1368.9000244140625,1371.4000244140625,158.0
1294358400,1372.699951171875,1377.199951171875,1355.5,1368.5,225.0
1294617600,1369.0,1374.0,1365.699951171875,1373.699951171875,181.0
1294704000,1375.4000244140625,1384.5,1373.9000244140625,1384.0,13.0
1294790400,1382.5999755859375,1385.5,1378.0,1385.699951171875,204.0
1294876800,1386.0999755859375,1392.5,1371.4000244140625,1386.9000244140625,66.0
1294963200,1375.0,1376.0,1356.699951171875,1360.4000244140625,252.0
1295308800,1365.0999755859375,1371.0,1359.199951171875,1368.0999755859375,106.0
1295395200,1371.9000244140625,1376.199951171875,1367.0,1370.199951171875,40.0
1295481600,1367.699951171875,1367.699951171875,1345.0,1346.5,10.0
1295568000,1341.699951171875,1345.5999755859375,1338.5999755859375,1341.0,20.0
1295827200,1352.300048828125,1352.300048828125,1341.800048828125,1344.5,2.0
1295913600,1330.4000244140625,1331.5,1323.5999755859375,1332.300048828125,394.0
1296000000,1333.0,1341.699951171875,1333.0,1333.0,4.0
1296086400,1342.0,1342.0,1318.4000244140625,1318.4000244140625,210699.0
1296172800,1314.0,1346.5999755859375,1307.699951171875,1340.699951171875,73023.0
1296432000,1339.0,1345.9000244140625,1323.300048828125,1333.800048828125,13657.0
1296518400,1333.0999755859375,1342.9000244140625,1325.300048828125,1339.5999755859375,3180.0
1296604800,1344.0,1344.0,1327.0,1331.5,1363.0
1296691200,1335.5999755859375,1355.800048828125,1324.9000244140625,1352.300048828125,1865.0
1296777600,1354.800048828125,1360.0,1345.0,1348.300048828125,591.0
1297036800,1345.800048828125,1353.800048828125,1343.800048828125,1347.5999755859375,1004.0
1297123200,1351.199951171875,1367.0,1350.0,1363.4000244140625,2536.0
1297209600,1362.800048828125,1366.5,1359.5999755859375,1364.800048828125,146.0
1297296000,1364.300048828125,1364.5,1351.699951171875,1361.9000244140625,312.0
1297382400,1364.0,1368.800048828125,1355.199951171875,1359.9000244140625,488.0
1297641600,1357.800048828125,1365.5999755859375,1356.5999755859375,1364.5999755859375,181.0
1297728000,1361.5999755859375,1376.0,1361.5999755859375,1373.5999755859375,321.0
1297814400,1373.5999755859375,1382.0,1370.5,1374.699951171875,156.0
1297900800,1377.699951171875,1384.699951171875,1377.0,1384.699951171875,113.0
1297987200,1384.0999755859375,1391.800048828125,1381.800048828125,1388.199951171875,98.0
1298332800,1395.0999755859375,1408.699951171875,1395.0999755859375,1400.5,430.0
1298419200,1397.800048828125,1413.800048828125,1397.800048828125,1413.4000244140625,318.0
1298505600,1415.0999755859375,1415.300048828125,1408.300048828125,1415.300048828125,809.0
1298592000,1401.699951171875,1411.0,1401.0,1408.699951171875,352.0
1298851200,1410.699951171875,1415.699951171875,1407.699951171875,1409.300048828125,205.0
1298937600,1415.300048828125,1434.4000244140625,1415.300048828125,1430.699951171875,116.0
1299024000,1432.5,1440.5,1428.800048828125,1437.199951171875,1600.0
1299110400,1432.300048828125,1432.300048828125,1415.9000244140625,1416.0,244.0
1299196800,1418.9000244140625,1429.800048828125,1416.800048828125,1428.199951171875,60.0
1299456000,1434.5,1445.0,1429.5,1434.0999755859375,613.0
1299542400,1431.5999755859375,1432.5999755859375,1424.300048828125,1426.9000244140625,198.0
1299628800,1430.0,1435.699951171875,1426.0999755859375,1429.300048828125,98.0
1299715200,1429.5,1429.800048828125,1403.800048828125,1412.199951171875,23.0
1299801600,1413.699951171875,1422.5999755859375,1404.9000244140625,1421.5,23.0
1300060800,1420.0,1427.699951171875,1420.0,1424.5999755859375,58.0
1300147200,1413.300048828125,1413.300048828125,1385.5,1392.5999755859375,20.0
1300233600,1398.0,1404.199951171875,1394.300048828125,1396.0,38.0
1300320000,1387.699951171875,1393.5999755859375,1387.699951171875,1404.0,27.0
1300406400,1406.4000244140625,1419.300048828125,1406.4000244140625,1415.9000244140625,6.0
1300665600,1433.5,1433.5,1430.800048828125,1426.199951171875,43.0
1300752000,1430.4000244140625,1430.4000244140625,1430.4000244140625,1427.5,85.0
1300838400,1432.199951171875,1439.699951171875,1432.199951171875,1437.9000244140625,19.0
1300924800,1437.699951171875,1446.9000244140625,1437.5,1434.800048828125,27.0
1301011200,1436.0,1436.0,1436.0,1426.0999755859375,1.0
1301270400,1413.199951171875,1415.5999755859375,1413.199951171875,1419.800048828125,6.0
1301356800,1416.0,1416.0,1416.0,1416.0,135792.0
1301443200,1418.699951171875,1430.300048828125,1412.0,1423.800048828125,47011.0
1301529600,1423.300048828125,1440.0,1420.699951171875,1438.9000244140625,8230.0
1301616000,1433.4000244140625,1436.5,1413.0,1428.0999755859375,5318.0
1301875200,1429.0999755859375,1439.0999755859375,1428.800048828125,1432.199951171875,683.0
1301961600,1437.9000244140625,1457.5999755859375,1430.300048828125,1451.800048828125,2609.0
1302048000,1456.9000244140625,1462.300048828125,1452.0,1457.699951171875,901.0
1302134400,1459.699951171875,1462.5,1453.9000244140625,1458.5,229.0
1302220800,1457.5999755859375,1475.5,1457.5,1473.4000244140625,1407.0
1302480000,1476.0,1476.0,1459.699951171875,1467.4000244140625,378.0
1302566400,1461.800048828125,1467.199951171875,1444.4000244140625,1452.9000244140625,345.0
1302652800,1455.0,1462.0,1454.0,1454.9000244140625,197.0
1302739200,1456.800048828125,1476.0,1452.699951171875,1471.699951171875,535.0
1302825600,1477.5999755859375,1487.5,1473.199951171875,1485.300048828125,293.0
1303084800,1486.300048828125,1497.300048828125,1477.5,1492.300048828125,650.0
1303171200,1493.300048828125,1499.5,1489.0,1494.5,168.0
1303257600,1494.0,1505.300048828125,1494.0,1498.300048828125,386.0
1303344000,1503.699951171875,1508.300048828125,1501.699951171875,1503.199951171875,237.0
1303689600,1513.300048828125,1518.0,1502.800048828125,1508.5999755859375,233.0
1303776000,1501.5,1506.300048828125,1495.0,1503.0,223.0
1303862400,1507.0999755859375,1512.800048828125,1505.199951171875,1516.699951171875,460.0
1303948800,1528.5999755859375,1536.0,1526.5999755859375,1530.800048828125,425.0
1304035200,1538.699951171875,1568.699951171875,1537.300048828125,1556.0,124.0
1304294400,1572.9000244140625,1576.5999755859375,1543.0999755859375,1556.699951171875,200.0
1304380800,1542.5,1547.0,1527.5,1540.0999755859375,246.0
1304467200,1535.0,1539.0,1506.199951171875,1514.9000244140625,272.0
1304553600,1514.699951171875,1520.699951171875,1471.0,1480.9000244140625,133.0
1304640000,1473.199951171875,1494.800048828125,1472.300048828125,1491.199951171875,144.0
1304899200,1501.5,1512.800048828125,1501.300048828125,1502.9000244140625,44.0
1304985600,1508.4000244140625,1516.9000244140625,1508.4000244140625,1516.5999755859375,13.0
1305072000,1524.0,1524.0999755859375,1495.199951171875,1501.0999755859375,30.0
1305158400,1492.0999755859375,1498.5,1484.800048828125,1506.5999755859375,11.0
1305244800,1503.5,1511.300048828125,1490.199951171875,1493.4000244140625,16.0
1305504000,1489.300048828125,1494.9000244140625,1489.300048828125,1490.4000244140625,10.0
1305590400,1489.800048828125,1491.800048828125,1473.0,1479.800048828125,41.0
1305676800,1496.4000244140625,1497.0,1496.300048828125,1495.5999755859375,82.0
1305763200,1491.5,1491.5,1491.5,1492.199951171875,1.0
1305849600,1499.0,1512.699951171875,1488.699951171875,1508.800048828125,93.0
1306108800,1510.5,1512.300048828125,1507.0,1515.300048828125,42.0
1306195200,1527.0999755859375,1527.0999755859375,1521.9000244140625,1523.199951171875,4.0
1306281600,1526.4000244140625,1527.5,1526.0999755859375,1526.5999755859375,10.0
1306368000,1521.199951171875,1521.199951171875,1519.5,1522.800048828125,186986.0
1306454400,1519.4000244140625,1538.5,1518.4000244140625,1536.300048828125,76719.0
1306800000,1536.699951171875,1541.0999755859375,1532.4000244140625,1535.9000244140625,6152.0
1306886400,1535.699951171875,1550.5999755859375,1529.699951171875,1542.4000244140625,2845.0
1306972800,1541.300048828125,1544.5,1520.0,1532.0,1651.0
1307059200,1534.699951171875,1546.300048828125,1525.0,1541.699951171875,1745.0
1307318400,1542.9000244140625,1553.9000244140625,1542.0,1546.5,691.0
1307404800,1545.0,1549.9000244140625,1537.199951171875,1543.300048828125,2530.0
1307491200,1544.199951171875,1544.199951171875,1531.300048828125,1538.0999755859375,489.0
1307577600,1536.0999755859375,1548.800048828125,1534.4000244140625,1542.0999755859375,288.0
1307664000,1543.699951171875,1543.9000244140625,1526.4000244140625,1528.5999755859375,632.0
1307923200,1528.0999755859375,1533.0,1511.300048828125,1515.0,851.0
1308009600,1517.199951171875,1526.199951171875,1513.0999755859375,1523.800048828125,306.0
1308096000,1525.0,1533.4000244140625,1515.0,1525.5999755859375,648.0
1308182400,1526.0,1531.199951171875,1522.0,1529.300048828125,164.0
1308268800,1523.0,1541.5999755859375,1523.0,1538.5999755859375,72.0
1308528000,1536.0,1545.699951171875,1535.199951171875,1541.5,99.0
1308614400,1540.0999755859375,1547.5,1540.0,1546.0,125.0
1308700800,1547.199951171875,1558.5,1544.4000244140625,1552.9000244140625,222.0
1308787200,1547.199951171875,1547.199951171875,1514.699951171875,1520.0999755859375,300.0
1308873600,1524.699951171875,1525.0,1498.5,1500.5,257.0
1309132800,1503.5,1503.5,1490.699951171875,1496.0,140.0
1309219200,1499.9000244140625,1505.0,1496.0999755859375,1499.699951171875,508.0
1309305600,1504.0999755859375,1512.199951171875,1504.0999755859375,1509.9000244140625,395.0
1309392000,1511.5,1514.0,1498.800048828125,1502.300048828125,69.0
1309478400,1502.199951171875,1502.199951171875,1480.0,1482.300048828125,66.0
1309824000,1490.4000244140625,1515.0,1490.300048828125,1512.300048828125,199.0
1309910400,1513.699951171875,1531.5,1510.300048828125,1528.699951171875,71.0
1309996800,1529.0999755859375,1533.0999755859375,1522.699951171875,1530.199951171875,55.0
1310083200,1527.0,1542.5999755859375,1526.5999755859375,1541.199951171875,3.0
1310342400,1550.0,1555.199951171875,1543.0999755859375,1548.800048828125,14.0
1310428800,1548.199951171875,1565.0,1542.0,1561.9000244140625,8.0
1310515200,1574.0,1585.5999755859375,1570.800048828125,1585.199951171875,29.0
1310601600,1586.300048828125,1592.800048828125,1583.5999755859375,1589.0,19.0
1310688000,1582.300048828125,1592.199951171875,1582.300048828125,1589.800048828125,8.0
1310947200,1592.800048828125,1605.0,1592.800048828125,1602.0999755859375,13.0
1311033600,1608.0999755859375,1608.800048828125,1583.300048828125,1600.9000244140625,63.0
1311120000,1584.300048828125,1596.699951171875,1582.4000244140625,1596.699951171875,9.0
1311206400,1598.0,1601.5999755859375,1586.5999755859375,1586.800048828125,24.0
1311292800,1588.5,1606.5,1588.5,1601.300048828125,12.0
1311552000,1610.0,1619.4000244140625,1610.0,1612.0,67.0
1311638400,1609.800048828125,1618.5,1609.800048828125,1616.5999755859375,28.0
1311724800,1619.699951171875,1619.699951171875,1617.0,1615.0,232220.0
1311811200,1614.199951171875,1620.5999755859375,1602.800048828125,1613.4000244140625,70263.0
1311897600,1617.0999755859375,1634.9000244140625,1610.5999755859375,1628.300048828125,6761.0
1312156800,1623.0,1631.800048828125,1607.0,1619.0,2889.0
1312243200,1619.300048828125,1660.5999755859375,1616.800048828125,1641.9000244140625,2440.0
1312329600,1659.9000244140625,1672.300048828125,1651.5999755859375,1663.4000244140625,2024.0
1312416000,1660.5,1681.800048828125,1640.0,1656.199951171875,1952.0
1312502400,1647.5,1666.0999755859375,1642.699951171875,1648.800048828125,825.0
1312761600,1679.0999755859375,1720.0,1678.0999755859375,1710.199951171875,1885.0
1312848000,1722.5,1779.0,1720.0999755859375,1740.0,1861.0
1312934400,1744.0,1795.5999755859375,1741.300048828125,1781.300048828125,969.0
1313020800,1795.0999755859375,1813.5,1733.300048828125,1748.800048828125,1503.0
1313107200,1760.5999755859375,1764.199951171875,1723.800048828125,1740.199951171875,1166.0
1313366400,1734.9000244140625,1765.199951171875,1730.5,1755.5,976.0
1313452800,1769.0,1787.300048828125,1761.5999755859375,1782.4000244140625,278.0
1313539200,1784.800048828125,1794.300048828125,1782.0,1791.199951171875,231.0
1313625600,1786.5,1828.5,1785.5,1818.9000244140625,868.0
1313712000,1823.699951171875,1874.4000244140625,1823.699951171875,1848.9000244140625,328.0
1313971200,1868.5999755859375,1895.0,1858.4000244140625,1888.699951171875,1106.0
1314057600,1909.0,1909.300048828125,1824.5999755859375,1858.300048828125,458.0
1314144000,1833.0,1853.0999755859375,1753.0999755859375,1754.0999755859375,992.0
1314230400,1748.4000244140625,1772.5,1707.300048828125,1759.800048828125,864.0
1314316800,1768.5,1829.300048828125,1768.5,1794.0999755859375,270.0
1314576000,1817.9000244140625,1817.9000244140625,1786.699951171875,1788.4000244140625,828.0
1314662400,1787.199951171875,1839.5999755859375,1783.0999755859375,1826.699951171875,598.0
1314748800,1830.5999755859375,1837.9000244140625,1811.4000244140625,1828.5,336.0
1314835200,1825.800048828125,1829.5,1814.4000244140625,1826.0,263.0
1314921600,1828.5999755859375,1884.199951171875,1828.5999755859375,1873.699951171875,442.0
1315267200,1886.300048828125,1911.5999755859375,1864.0,1869.9000244140625,536.0
1315353600,1868.9000244140625,1873.699951171875,1792.800048828125,1814.199951171875,470.0
1315440000,1839.300048828125,1870.0,1835.0,1854.4000244140625,142.0
1315526400,1858.0999755859375,1881.300048828125,1830.0,1856.4000244140625,188.0
1315785600,1852.4000244140625,1852.4000244140625,1806.0,1809.9000244140625,245.0
1315872000,1817.800048828125,1835.300048828125,1808.0999755859375,1826.800048828125,52.0
1315958400,1843.0,1843.0,1809.0,1823.5,156.0
1316044800,1816.300048828125,1816.300048828125,1775.800048828125,1778.5,80.0
1316131200,1768.5,1819.0999755859375,1768.5,1812.0999755859375,111.0
1316390400,1814.699951171875,1818.9000244140625,1788.0,1776.4000244140625,13.0
1316476800,1778.800048828125,1807.800048828125,1776.0,1806.5999755859375,86.0
1316563200,1808.0,1811.699951171875,1782.800048828125,1805.5,22.0
1316649600,1773.199951171875,1773.199951171875,1730.9000244140625,1739.199951171875,23.0
1316736000,1737.300048828125,1737.300048828125,1636.300048828125,1637.5,81.0
1316995200,1646.4000244140625,1661.800048828125,1562.4000244140625,1592.5,151.0
1317081600,1653.800048828125,1665.4000244140625,1653.699951171875,1650.5999755859375,47.0
1317168000,1650.0,1650.0,1650.0,1616.300048828125,21275.0
1317254400,1604.0,1633.800048828125,1585.0,1615.5,7181.0
1317340800,1620.800048828125,1639.4000244140625,1609.4000244140625,1620.4000244140625,284.0
1317600000,1627.800048828125,1660.800048828125,1627.5999755859375,1656.0,101.0
1317686400,1661.0,1678.0999755859375,1596.5999755859375,1614.699951171875,159.0
1317772800,1629.300048828125,1640.300048828125,1599.5999755859375,1640.300048828125,114.0
1317859200,1642.5999755859375,1654.699951171875,1637.5999755859375,1651.9000244140625,38.0
1317945600,1657.0,1665.0,1626.199951171875,1634.5,66.0
1318204800,1645.5999755859375,1676.800048828125,1645.5999755859375,1669.5999755859375,61.0
1318291200,1685.0,1685.0,1657.5999755859375,1659.699951171875,151.0
1318377600,1667.0999755859375,1691.0,1667.0999755859375,1681.300048828125,37.0
1318464000,1676.0999755859375,1678.800048828125,1656.199951171875,1667.300048828125,148.0
1318550400,1665.800048828125,1683.300048828125,1665.800048828125,1681.800048828125,51.0
1318809600,1683.5999755859375,1693.5,1667.300048828125,1675.5,41.0
1318896000,1666.0,1666.0,1627.5,1651.699951171875,85.0
1318982400,1659.300048828125,1659.300048828125,1641.300048828125,1646.0,22.0
1319068800,1643.199951171875,1643.199951171875,1608.699951171875,1611.9000244140625,92.0
1319155200,1626.0999755859375,1647.4000244140625,1626.0999755859375,1635.0999755859375,32.0
1319414400,1646.199951171875,1657.800048828125,1646.199951171875,1651.5,313.0
1319500800,1645.0,1706.800048828125,1645.0,1699.5999755859375,355.0
1319587200,1717.0,1723.5999755859375,1708.9000244140625,1722.699951171875,135.0
1319673600,1717.800048828125,1735.5,1717.800048828125,1746.699951171875,494.0
1319760000,1752.0,1752.0,1733.0,1746.199951171875,158.0
1320019200,1741.9000244140625,1741.9000244140625,1717.0,1724.199951171875,62.0
1320105600,1706.699951171875,1720.0999755859375,1682.5,1711.0,246.0
1320192000,1724.300048828125,1741.4000244140625,1723.199951171875,1728.699951171875,294.0
1320278400,1740.5,1766.0,1726.5999755859375,1764.199951171875,290.0
1320364800,1757.0,1761.199951171875,1754.9000244140625,1755.300048828125,47.0
1320624000,1755.300048828125,1797.0,1755.300048828125,1790.300048828125,35.0
1320710400,1798.4000244140625,1798.4000244140625,1785.699951171875,1798.4000244140625,14.0
1320796800,1793.0,1793.0,1774.199951171875,1790.9000244140625,6.0
1320883200,1766.800048828125,1766.800048828125,1754.800048828125,1758.9000244140625,16.0
1320969600,1777.0,1789.0999755859375,1777.0,1787.5,28.0
1321228800,1779.0,1779.0,1779.0,1777.800048828125,24.0
1321315200,1779.199951171875,1783.0999755859375,1761.300048828125,1781.699951171875,18.0
1321401600,1777.5,1777.5,1757.699951171875,1773.800048828125,65.0
1321488000,1755.300048828125,1755.300048828125,1714.0,1719.800048828125,54.0
1321574400,1725.0,1736.0,1719.0,1724.699951171875,14.0
1321833600,1704.5999755859375,1704.5999755859375,1674.4000244140625,1678.300048828125,9.0
1321920000,1675.4000244140625,1702.199951171875,1675.4000244140625,1702.199951171875,13.0
1322006400,1691.199951171875,1700.0,1681.5999755859375,1695.699951171875,34.0
1322179200,1690.0999755859375,1693.5,1675.300048828125,1685.5,28.0
1322438400,1710.800048828125,1710.800048828125,1710.800048828125,1710.800048828125,175525.0
1322524800,1711.300048828125,1718.4000244140625,1704.0,1713.4000244140625,64786.0
1322611200,1714.0,1749.199951171875,1699.9000244140625,1745.5,15463.0
1322697600,1747.0,1753.300048828125,1734.5,1735.300048828125,1350.0
1322784000,1744.800048828125,1762.9000244140625,1741.5999755859375,1747.0,1067.0
1323043200,1748.9000244140625,1752.5999755859375,1718.699951171875,1730.699951171875,756.0
1323129600,1722.0999755859375,1731.800048828125,1703.0,1727.9000244140625,648.0
1323216000,1730.5999755859375,1741.9000244140625,1720.0,1740.9000244140625,300.0
1323302400,1742.0,1752.300048828125,1705.4000244140625,1709.800048828125,942.0
1323388800,1713.300048828125,1720.699951171875,1705.699951171875,1712.800048828125,568.0
1323648000,1707.5,1708.199951171875,1658.5,1664.199951171875,894.0
1323734400,1654.699951171875,1671.800048828125,1628.0,1659.9000244140625,274.0
1323820800,1636.5,1639.5,1565.800048828125,1584.300048828125,890.0
1323907200,1571.4000244140625,1592.800048828125,1565.5999755859375,1574.5999755859375,589.0
1323993600,1587.4000244140625,1595.9000244140625,1586.0,1595.5999755859375,57.0
1324252800,1596.4000244140625,1603.4000244140625,1589.699951171875,1594.4000244140625,92.0
1324339200,1596.4000244140625,1617.0,1596.4000244140625,1615.5999755859375,215.0
1324425600,1615.5999755859375,1635.0,1608.300048828125,1611.9000244140625,38.0
1324512000,1608.800048828125,1610.0,1601.9000244140625,1608.9000244140625,599.0
1324598400,1612.0,1612.800048828125,1604.699951171875,1604.699951171875,62.0
1324944000,1599.0,1599.0,1592.5999755859375,1594.199951171875,52.0
1325030400,1584.9000244140625,1588.5999755859375,1561.300048828125,1562.9000244140625,763.0
1325116800,1559.300048828125,1559.300048828125,1525.0,1539.9000244140625,866.0
1325203200,1549.4000244140625,1579.5,1547.9000244140625,1565.800048828125,289.0
1325548800,1568.9000244140625,1604.300048828125,1566.0,1599.699951171875,229.0
1325635200,1596.5999755859375,1618.5999755859375,1594.5,1611.9000244140625,172.0
1325721600,1610.800048828125,1624.0999755859375,1597.800048828125,1619.4000244140625,362.0
1325808000,1622.5,1627.800048828125,1616.0999755859375,1616.0999755859375,20.0
1326067200,1614.300048828125,1620.0999755859375,1607.5,1607.5,8.0
1326153600,1619.9000244140625,1638.0,1619.9000244140625,1631.0,47.0
1326240000,1634.800048828125,1645.4000244140625,1633.800048828125,1639.199951171875,65.0
1326326400,1645.199951171875,1656.0999755859375,1645.199951171875,1647.300048828125,84.0
1326412800,1638.9000244140625,1643.4000244140625,1630.4000244140625,1630.4000244140625,368.0
1326758400,1643.699951171875,1657.800048828125,1642.0999755859375,1655.199951171875,16.0
1326844800,1654.0,1660.300048828125,1654.0,1659.5,11.0
1326931200,1663.0,1664.4000244140625,1653.5,1654.0999755859375,58.0
1327017600,1652.800048828125,1664.300048828125,1652.800048828125,1663.699951171875,8.0
1327276800,1676.9000244140625,1680.0,1669.9000244140625,1678.0,10.0
1327363200,1666.9000244140625,1668.199951171875,1664.199951171875,1664.199951171875,5.0
1327449600,1673.0,1706.199951171875,1672.0,1699.800048828125,239.0
1327536000,1729.0,1729.0,1721.0,1726.300048828125,16.0
1327622400,1727.0,1734.0999755859375,1727.0,1731.800048828125,175023.0
1327881600,1737.199951171875,1739.9000244140625,1715.699951171875,1731.0,53427.0
1327968000,1731.699951171875,1747.699951171875,1725.0,1737.800048828125,7540.0
1328054400,1738.199951171875,1751.0999755859375,1734.0,1747.0999755859375,2027.0
1328140800,1745.0999755859375,1761.0999755859375,1742.9000244140625,1756.800048828125,2062.0
1328227200,1758.699951171875,1761.300048828125,1724.5,1737.9000244140625,543.0
1328486400,1728.0,1738.300048828125,1713.300048828125,1722.800048828125,726.0
1328572800,1722.0,1748.0,1713.199951171875,1746.4000244140625,272.0
1328659200,1744.0,1751.5,1728.199951171875,1729.300048828125,955.0
1328745600,1731.4000244140625,1749.699951171875,1726.0999755859375,1739.0,119.0
1328832000,1732.699951171875,1734.4000244140625,1706.4000244140625,1723.300048828125,248.0
1329091200,1725.0,1733.0,1718.4000244140625,1723.0,104.0
1329177600,1720.0,1724.9000244140625,1715.0,1715.9000244140625,94.0
1329264000,1723.5999755859375,1737.0,1723.5999755859375,1726.300048828125,110.0
1329350400,1718.4000244140625,1728.4000244140625,1707.0,1726.800048828125,38.0
1329436800,1733.5999755859375,1735.0999755859375,1718.800048828125,1724.5,80.0
1329782400,1736.0999755859375,1760.0,1733.5999755859375,1757.0999755859375,115.0
1329868800,1758.699951171875,1781.9000244140625,1750.0,1770.0,161.0
1329955200,1774.0,1786.0,1773.0,1784.9000244140625,298.0
1330041600,1778.5,1780.699951171875,1771.300048828125,1775.0999755859375,129.0
1330300800,1773.5999755859375,1775.5999755859375,1768.0999755859375,1773.5999755859375,841.0
1330387200,1767.9000244140625,1789.4000244140625,1767.9000244140625,1787.0,306.0
1330473600,1789.9000244140625,1790.4000244140625,1669.0,1709.9000244140625,359.0
1330560000,1698.5999755859375,1724.5999755859375,1698.5999755859375,1721.0999755859375,214.0
1330646400,1723.0,1723.0,1705.199951171875,1708.800048828125,135.0
1330905600,1705.5,1709.5,1695.4000244140625,1703.0,421.0
1330992000,1708.699951171875,1708.699951171875,1666.0,1671.4000244140625,176.0
1331078400,1676.0,1684.0,1673.0999755859375,1683.300048828125,39.0
1331164800,1686.4000244140625,1702.4000244140625,1686.4000244140625,1698.0999755859375,301.0
1331251200,1698.800048828125,1710.9000244140625,1680.699951171875,1710.9000244140625,73.0
1331510400,1708.0999755859375,1708.0999755859375,1694.9000244140625,1699.199951171875,98.0
1331596800,1698.4000244140625,1698.4000244140625,1685.0999755859375,1693.699951171875,47.0
1331683200,1676.9000244140625,1681.0,1637.4000244140625,1642.5,201.0
1331769600,1646.300048828125,1660.199951171875,1640.0,1659.0999755859375,405.0
1331856000,1660.0,1661.4000244140625,1641.300048828125,1655.5,317.0
1332115200,1661.199951171875,1668.0,1652.0999755859375,1666.9000244140625,462.0
1332201600,1648.0999755859375,1652.300048828125,1642.0,1646.699951171875,250.0
1332288000,1657.800048828125,1660.0,1646.0999755859375,1650.0,546.0
1332374400,1648.0,1649.4000244140625,1633.800048828125,1642.300048828125,321.0
1332460800,1652.5,1665.0999755859375,1646.300048828125,1662.300048828125,76.0
1332720000,1665.0,1692.9000244140625,1657.800048828125,1685.5,84.0
1332806400,1687.800048828125,1690.800048828125,1684.4000244140625,1684.800048828125,100.0
1332892800,1670.0999755859375,1670.0999755859375,1657.9000244140625,1657.9000244140625,193107.0
1332979200,1661.800048828125,1664.5,1644.300048828125,1652.199951171875,47342.0
1333065600,1660.5999755859375,1670.0,1659.0,1669.300048828125,9825.0
1333324800,1670.4000244140625,1682.800048828125,1662.0,1677.5,2531.0
1333411200,1677.5999755859375,1679.5,1638.699951171875,1670.0,1165.0
1333497600,1646.5,1647.0,1612.300048828125,1612.300048828125,1122.0
1333584000,1620.800048828125,1633.199951171875,1620.4000244140625,1628.5,289.0
1333929600,1645.300048828125,1646.4000244140625,1636.5,1642.5,158.0
1334016000,1649.0,1661.699951171875,1636.199951171875,1659.5,350.0
1334102400,1654.800048828125,1659.699951171875,1654.699951171875,1659.0,426.0
1334188800,1660.0,1680.0999755859375,1650.0,1679.5,1309.0
1334275200,1673.300048828125,1674.800048828125,1650.0,1659.0999755859375,220.0
1334534400,1650.800048828125,1656.800048828125,1641.199951171875,1648.699951171875,717.0
1334620800,1652.0,1652.9000244140625,1637.0,1650.300048828125,69.0
1334707200,1653.199951171875,1653.300048828125,1638.0999755859375,1638.800048828125,273.0
1334793600,1642.0999755859375,1653.0999755859375,1632.0,1640.5999755859375,77.0
1334880000,1641.699951171875,1645.5999755859375,1640.9000244140625,1642.0999755859375,54.0
1335139200,1642.4000244140625,1642.4000244140625,1625.0999755859375,1631.9000244140625,226.0
1335225600,1634.4000244140625,1648.5999755859375,1634.4000244140625,1643.0,123.0
1335312000,1641.300048828125,1643.800048828125,1626.9000244140625,1641.4000244140625,82.0
1335398400,1658.300048828125,1659.5999755859375,1658.300048828125,1659.5999755859375,280.0
1335484800,1654.5,1666.9000244140625,1654.0,1664.0,236.0
1335744000,1663.0,1665.699951171875,1653.0,1663.4000244140625,36.0
1335830400,1665.0,1670.5,1661.699951171875,1661.699951171875,25.0
1335916800,1659.199951171875,1659.199951171875,1648.300048828125,1653.4000244140625,50.0
1336003200,1651.199951171875,1652.199951171875,1631.300048828125,1634.199951171875,78.0
1336089600,1635.699951171875,1645.5999755859375,1629.4000244140625,1644.699951171875,68.0
1336348800,1637.9000244140625,1640.0,1632.5999755859375,1638.5999755859375,21.0
1336435200,1636.699951171875,1636.699951171875,1596.0,1604.0,154.0
1336521600,1595.300048828125,1595.300048828125,1586.300048828125,1593.699951171875,30.0
1336608000,1594.199951171875,1595.0999755859375,1592.4000244140625,1595.0999755859375,6.0
1336694400,1586.0999755859375,1589.5999755859375,1583.5999755859375,1583.5999755859375,6.0
1336953600,1563.0,1563.0999755859375,1555.5,1560.5999755859375,5.0
1337040000,1555.4000244140625,1558.300048828125,1542.4000244140625,1556.800048828125,28.0
1337126400,1541.4000244140625,1541.4000244140625,1528.5,1536.199951171875,26.0
1337212800,1546.9000244140625,1579.0,1546.9000244140625,1574.5,51.0
1337299200,1573.699951171875,1591.5999755859375,1568.199951171875,1591.5999755859375,26.0
1337558400,1591.9000244140625,1594.0999755859375,1588.4000244140625,1588.4000244140625,32.0
1337644800,1575.699951171875,1578.0999755859375,1568.4000244140625,1576.300048828125,27.0
1337731200,1538.199951171875,1548.0999755859375,1534.4000244140625,1548.0999755859375,6.0
1337817600,1559.0,1569.4000244140625,1551.5,1557.300048828125,23.0
1337904000,1558.199951171875,1568.800048828125,1557.300048828125,1568.800048828125,7.0
1338249600,1574.699951171875,1582.5,1548.5999755859375,1548.5999755859375,259050.0
1338336000,1553.9000244140625,1569.0,1530.4000244140625,1563.4000244140625,79887.0
1338422400,1562.699951171875,1572.5999755859375,1551.800048828125,1562.5999755859375,5901.0
1338508800,1560.0,1630.0,1545.5,1620.5,2820.0
1338768000,1623.0,1627.9000244140625,1609.0,1612.199951171875,2134.0
1338854400,1619.300048828125,1622.699951171875,1612.9000244140625,1615.199951171875,604.0
1338940800,1619.699951171875,1639.699951171875,1616.5,1632.800048828125,419.0
1339027200,1622.5999755859375,1627.199951171875,1581.9000244140625,1586.5999755859375,1200.0
1339113600,1589.9000244140625,1593.9000244140625,1566.5,1590.0999755859375,157.0
1339372800,1608.0,1608.0,1583.0,1595.5,129.0
1339459200,1594.0999755859375,1612.800048828125,1588.5,1612.699951171875,523.0
1339545600,1608.199951171875,1622.4000244140625,1608.199951171875,1618.0999755859375,655.0
1339632000,1621.199951171875,1626.4000244140625,1610.0999755859375,1618.4000244140625,493.0
1339718400,1624.300048828125,1630.0,1621.5,1627.0,1015.0
1339977600,1622.5999755859375,1627.5999755859375,1615.0,1625.699951171875,246.0
1340064000,1629.800048828125,1630.699951171875,1622.0,1622.199951171875,32.0
1340150400,1618.300048828125,1618.300048828125,1601.300048828125,1614.800048828125,140.0
1340236800,1603.199951171875,1603.300048828125,1564.5,1564.5,29.0
1340323200,1565.5,1568.4000244140625,1560.0,1566.0,16.0
1340582400,1574.9000244140625,1587.5,1571.0,1587.5,32.0
1340668800,1583.5,1583.5,1567.699951171875,1574.0,104.0
1340755200,1567.0,1577.5,1563.0,1577.5,220.0
1340841600,1573.699951171875,1573.699951171875,1548.4000244140625,1549.699951171875,133.0
1340928000,1562.5999755859375,1603.5,1561.9000244140625,1603.5,61.0
1341187200,1597.0999755859375,1598.300048828125,1589.699951171875,1597.199951171875,35.0
1341273600,1603.800048828125,1624.0,1603.800048828125,1621.300048828125,44.0
1341446400,1618.5,1619.199951171875,1598.0,1608.9000244140625,27.0
1341532800,1592.300048828125,1593.800048828125,1578.4000244140625,1578.4000244140625,15.0
1341792000,1582.0999755859375,1588.5999755859375,1580.9000244140625,1588.5999755859375,5.0
1341878400,1599.199951171875,1599.800048828125,1567.5999755859375,1579.300048828125,12.0
1341964800,1577.4000244140625,1579.5,1575.199951171875,1575.199951171875,12.0
1342051200,1569.300048828125,1574.699951171875,1557.199951171875,1564.9000244140625,44.0
1342137600,1567.800048828125,1594.0999755859375,1567.800048828125,1591.5999755859375,26.0
1342396800,1586.199951171875,1591.199951171875,1585.800048828125,1591.199951171875,7.0
1342483200,1596.0,1596.0,1576.300048828125,1589.0999755859375,27.0
1342569600,1581.199951171875,1583.699951171875,1569.9000244140625,1570.4000244140625,30.0
1342656000,1580.0,1586.9000244140625,1578.4000244140625,1580.0999755859375,60.0
1342742400,1583.9000244140625,1584.4000244140625,1576.0999755859375,1582.5,5.0
1343001600,1571.699951171875,1577.0999755859375,1569.800048828125,1577.0999755859375,4.0
1343088000,1574.0,1581.9000244140625,1574.0,1576.0,9.0
1343174400,1583.699951171875,1608.0,1583.300048828125,1608.0,12.0
1343260800,1614.9000244140625,1615.0,1614.0999755859375,1615.0,7.0
1343347200,1613.4000244140625,1617.9000244140625,1613.4000244140625,1617.9000244140625,197976.0
1343606400,1622.9000244140625,1625.800048828125,1613.0999755859375,1619.699951171875,52890.0
1343692800,1621.0999755859375,1627.5,1610.0,1610.5,6281.0
1343779200,1613.4000244140625,1617.199951171875,1592.0,1603.699951171875,3530.0
1343865600,1600.0,1615.0,1583.0999755859375,1587.4000244140625,933.0
1343952000,1589.300048828125,1606.0,1585.0999755859375,1606.0,676.0
1344211200,1604.699951171875,1614.0999755859375,1603.199951171875,1612.9000244140625,662.0
1344297600,1610.800048828125,1615.699951171875,1609.300048828125,1609.699951171875,449.0
1344384000,1610.199951171875,1614.800048828125,1603.0,1612.9000244140625,341.0
1344470400,1612.800048828125,1617.199951171875,1610.0999755859375,1617.0999755859375,433.0
1344556800,1615.800048828125,1624.0999755859375,1605.0,1619.699951171875,1219.0
1344816000,1622.0,1623.699951171875,1607.300048828125,1609.5999755859375,402.0
1344902400,1612.800048828125,1615.5999755859375,1591.199951171875,1599.4000244140625,910.0
1344988800,1593.800048828125,1604.5999755859375,1592.0,1603.699951171875,280.0
1345075200,1600.199951171875,1616.0999755859375,1600.199951171875,1616.0999755859375,199.0
1345161600,1617.800048828125,1617.800048828125,1611.4000244140625,1616.300048828125,249.0
1345420800,1614.0,1621.4000244140625,1611.5999755859375,1620.0999755859375,68.0
1345507200,1620.0,1639.9000244140625,1620.0,1639.9000244140625,258.0
1345593600,1638.4000244140625,1653.0999755859375,1635.0,1637.4000244140625,37.0
1345680000,1659.9000244140625,1672.699951171875,1658.0,1669.5999755859375,141.0
1345766400,1665.800048828125,1669.800048828125,1662.199951171875,1669.800048828125,24.0
1346025600,1674.9000244140625,1674.9000244140625,1663.9000244140625,1672.4000244140625,42.0
1346112000,1659.9000244140625,1671.0,1659.199951171875,1666.5,51.0
1346198400,1667.199951171875,1667.300048828125,1659.800048828125,1659.800048828125,403.0
1346284800,1655.4000244140625,1662.0,1650.699951171875,1653.5,418.0
1346371200,1658.5999755859375,1690.0,1646.199951171875,1684.5999755859375,58.0
1346716800,1689.0999755859375,1698.0,1687.699951171875,1692.9000244140625,43.0
1346803200,1690.4000244140625,1693.300048828125,1690.4000244140625,1690.800048828125,82.0
1346889600,1696.4000244140625,1712.4000244140625,1696.4000244140625,1702.5999755859375,39.0
1346976000,1696.699951171875,1738.199951171875,1696.699951171875,1737.5,109.0
1347235200,1733.0999755859375,1733.5,1727.199951171875,1728.699951171875,14.0
1347321600,1736.0,1736.0,1731.800048828125,1731.800048828125,2.0
1347408000,1742.199951171875,1742.300048828125,1730.5,1730.5999755859375,15.0
1347494400,1728.699951171875,1769.0999755859375,1728.699951171875,1769.0999755859375,33.0
1347580800,1771.0,1774.5,1766.0,1769.800048828125,25.0
1347840000,1774.800048828125,1774.800048828125,1753.800048828125,1767.699951171875,54.0
1347926400,1766.300048828125,1768.4000244140625,1766.300048828125,1768.4000244140625,13.0
1348012800,1776.0,1778.5,1768.0,1769.0,27.0
1348099200,1769.0999755859375,1771.300048828125,1760.5999755859375,1767.699951171875,17.0
1348185600,1785.300048828125,1785.300048828125,1772.300048828125,1775.5,10.0
1348444800,1762.0999755859375,1762.0999755859375,1762.0999755859375,1762.0999755859375,4.0
1348531200,1772.5999755859375,1772.699951171875,1763.800048828125,1763.800048828125,5.0
1348617600,1762.800048828125,1764.199951171875,1743.0,1750.5999755859375,15237.0
1348704000,1752.5999755859375,1780.199951171875,1750.699951171875,1777.5999755859375,6989.0
1348790400,1776.800048828125,1782.199951171875,1767.5,1771.0999755859375,2839.0
1349049600,1766.0,1791.0,1763.300048828125,1780.5,816.0
1349136000,1777.9000244140625,1779.300048828125,1772.699951171875,1772.699951171875,94.0
1349222400,1772.199951171875,1779.9000244140625,1771.9000244140625,1777.300048828125,134.0
1349308800,1783.5,1794.800048828125,1783.5,1794.0999755859375,199.0
1349395200,1792.199951171875,1792.199951171875,1776.5999755859375,1778.5999755859375,257.0
1349654400,1778.0,1778.0,1766.800048828125,1773.5,33.0
1349740800,1776.699951171875,1776.699951171875,1762.300048828125,1763.0,24.0
1349827200,1762.4000244140625,1764.199951171875,1758.0999755859375,1763.199951171875,29.0
1349913600,1761.5999755859375,1771.0,1761.5999755859375,1768.800048828125,30.0
1350000000,1769.5,1769.5,1753.5999755859375,1758.0,84.0
1350259200,1750.0,1750.0,1729.9000244140625,1736.0,108.0
1350345600,1736.699951171875,1744.699951171875,1736.5999755859375,1744.699951171875,15.0
1350432000,1749.4000244140625,1751.5,1746.0,1751.5,36.0
1350518400,1749.0999755859375,1749.0999755859375,1740.5,1743.300048828125,27.0
1350604800,1741.0999755859375,1741.0999755859375,1721.0,1722.800048828125,70.0
1350864000,1715.0,1728.300048828125,1715.0,1725.0999755859375,12.0
1350950400,1726.5999755859375,1726.5999755859375,1708.300048828125,1708.300048828125,75.0
1351036800,1708.4000244140625,1708.5,1698.5999755859375,1700.5,27.0
1351123200,1711.699951171875,1716.699951171875,1711.699951171875,1712.0,33.0
1351209600,1706.0999755859375,1716.199951171875,1706.0999755859375,1710.9000244140625,77.0
1351641600,1714.4000244140625,1724.5,1714.4000244140625,1717.5,64.0
1351728000,1722.300048828125,1725.0999755859375,1714.0999755859375,1714.0999755859375,24.0
1351814400,1711.300048828125,1711.300048828125,1674.0999755859375,1674.0999755859375,50.0
1352073600,1682.800048828125,1683.0999755859375,1674.300048828125,1682.199951171875,7.0
1352160000,1690.0999755859375,1718.0,1690.0999755859375,1714.0999755859375,47.0
1352246400,1707.699951171875,1726.5,1703.699951171875,1713.199951171875,42.0
1352332800,1715.9000244140625,1725.4000244140625,1714.199951171875,1725.4000244140625,34.0
1352419200,1733.699951171875,1734.0999755859375,1727.5999755859375,1730.300048828125,6.0
1352678400,1733.199951171875,1733.4000244140625,1730.300048828125,1730.300048828125,6.0
1352764800,1721.5999755859375,1728.199951171875,1718.5,1724.199951171875,12.0
1352851200,1722.0,1729.5,1722.0,1729.5,11.0
1352937600,1724.9000244140625,1724.9000244140625,1706.300048828125,1713.300048828125,10.0
1353024000,1710.0,1714.300048828125,1706.9000244140625,1714.300048828125,16.0
1353283200,1721.800048828125,1734.0,1721.800048828125,1734.0,4.0
1353369600,1730.5999755859375,1731.0999755859375,1722.5,1723.199951171875,21.0
1353456000,1725.800048828125,1727.9000244140625,1725.800048828125,1727.9000244140625,23.0
1353628800,1735.0,1751.300048828125,1735.0,1751.300048828125,8.0
1353888000,1750.300048828125,1750.5,1749.4000244140625,1749.5,24.0
1353974400,1746.4000244140625,1746.4000244140625,1742.199951171875,1742.199951171875,7.0
1354060800,1739.800048828125,1739.800048828125,1716.5,1716.5,276136.0
1354147200,1719.5999755859375,1729.0,1717.699951171875,1727.199951171875,65599.0
1354233600,1725.199951171875,1731.199951171875,1708.4000244140625,1710.9000244140625,3690.0
1354492800,1714.9000244140625,1721.9000244140625,1714.5,1719.5999755859375,1238.0
1354579200,1716.300048828125,1716.800048828125,1691.5999755859375,1694.4000244140625,1428.0
1354665600,1697.0999755859375,1706.0,1685.0,1692.4000244140625,1262.0
1354752000,1694.300048828125,1702.0999755859375,1686.4000244140625,1700.300048828125,525.0
1354838400,1701.199951171875,1704.5,1684.0,1704.0,169.0
1355097600,1704.199951171875,1717.0,1704.199951171875,1713.0,88.0
1355184000,1710.0,1714.0999755859375,1705.9000244140625,1708.199951171875,88.0
1355270400,1710.0999755859375,1722.300048828125,1708.0,1716.5999755859375,195.0
1355356800,1707.199951171875,1707.199951171875,1689.9000244140625,1695.5999755859375,240.0
1355443200,1698.300048828125,1699.199951171875,1694.4000244140625,1695.800048828125,72.0
1355702400,1690.5,1698.5,1689.5,1697.0,65.0
1355788800,1701.4000244140625,1702.800048828125,1661.0,1669.5,501.0
1355875200,1675.300048828125,1676.0,1664.5999755859375,1666.5,76.0
1355961600,1667.9000244140625,1671.0,1637.5999755859375,1644.9000244140625,158.0
1356048000,1648.0,1659.0999755859375,1635.800048828125,1659.0999755859375,78.0
1356307200,1657.699951171875,1663.800048828125,1654.9000244140625,1658.5999755859375,73.0
1356480000,1654.5,1666.699951171875,1654.5,1659.800048828125,73.0
1356566400,1656.199951171875,1662.5999755859375,1656.199951171875,1662.5999755859375,446.0
1356652800,1664.0,1664.0,1653.699951171875,1654.9000244140625,197.0
1356912000,1655.4000244140625,1677.0999755859375,1655.4000244140625,1674.800048828125,89.0
1357084800,1672.800048828125,1693.800048828125,1670.0,1687.9000244140625,35.0
1357171200,1686.0999755859375,1686.800048828125,1662.0,1673.699951171875,140.0
1357257600,1647.0,1658.300048828125,1625.699951171875,1648.0999755859375,199.0
1357516800,1656.5,1659.9000244140625,1643.800048828125,1645.5,49.0
1357603200,1647.699951171875,1661.5,1647.699951171875,1661.5,17.0
1357689600,1658.5999755859375,1662.0999755859375,1651.9000244140625,1654.800048828125,9.0
1357776000,1672.5,1677.300048828125,1672.5,1677.300048828125,9.0
1357862400,1673.0999755859375,1673.0999755859375,1654.199951171875,1660.0,147.0
1358121600,1665.4000244140625,1673.800048828125,1664.0999755859375,1668.9000244140625,10.0
1358208000,1671.5999755859375,1684.300048828125,1671.5999755859375,1683.4000244140625,20.0
1358294400,1674.4000244140625,1682.699951171875,1674.4000244140625,1682.699951171875,11.0
1358380800,1676.4000244140625,1694.5999755859375,1671.0,1690.4000244140625,81.0
1358467200,1687.4000244140625,1692.0,1686.5999755859375,1686.5999755859375,14.0
1358812800,1690.300048828125,1694.699951171875,1687.800048828125,1692.800048828125,15.0
1358899200,1691.300048828125,1693.699951171875,1685.199951171875,1686.300048828125,28.0
1358985600,1680.800048828125,1681.699951171875,1668.0,1669.5,13.0
1359072000,1663.0,1663.0,1656.4000244140625,1656.4000244140625,44.0
1359331200,1651.5999755859375,1655.5,1651.5999755859375,1652.4000244140625,82.0
1359417600,1661.199951171875,1661.5,1660.699951171875,1660.699951171875,145863.0
1359504000,1662.4000244140625,1683.0,1661.800048828125,1679.9000244140625,44893.0
1359590400,1675.4000244140625,1680.0,1657.4000244140625,1660.5999755859375,6044.0
1359676800,1663.9000244140625,1681.199951171875,1659.9000244140625,1669.4000244140625,3250.0
1359936000,1668.0,1676.5,1661.5999755859375,1675.300048828125,450.0
1360022400,1674.199951171875,1683.4000244140625,1666.5,1672.4000244140625,353.0
1360108800,1672.199951171875,1678.5,1668.0,1677.699951171875,376.0
1360195200,1677.0,1682.0999755859375,1663.0999755859375,1670.4000244140625,475.0
1360281600,1671.5,1672.5,1664.800048828125,1666.0,289.0
1360540800,1666.5,1668.0,1643.699951171875,1648.199951171875,868.0
1360627200,1643.800048828125,1650.4000244140625,1642.4000244140625,1648.699951171875,85.0
1360713600,1652.199951171875,1652.300048828125,1640.199951171875,1644.199951171875,236.0
1360800000,1641.0999755859375,1646.9000244140625,1632.699951171875,1634.699951171875,219.0
1360886400,1633.199951171875,1633.9000244140625,1599.5,1608.800048828125,460.0
1361232000,1610.0,1617.0,1599.699951171875,1603.5999755859375,272.0
1361318400,1604.699951171875,1606.9000244140625,1561.800048828125,1577.5999755859375,278.0
1361404800,1568.5,1581.199951171875,1555.199951171875,1578.199951171875,2019.0
1361491200,1580.0,1585.4000244140625,1572.4000244140625,1572.4000244140625,76.0
1361750400,1579.4000244140625,1596.0,1577.699951171875,1586.199951171875,118.0
1361836800,1593.300048828125,1615.199951171875,1589.0,1615.199951171875,1158.0
1361923200,1612.800048828125,1612.800048828125,1591.800048828125,1595.199951171875,700.0
1362009600,1596.0,1601.5999755859375,1575.0999755859375,1577.699951171875,102.0
1362096000,1579.5999755859375,1585.5999755859375,1566.0,1571.9000244140625,68.0
1362355200,1580.800048828125,1580.800048828125,1569.699951171875,1572.0999755859375,64.0
1362441600,1577.5999755859375,1585.5,1571.4000244140625,1574.5999755859375,65.0
1362528000,1577.5999755859375,1582.5999755859375,1566.800048828125,1574.5999755859375,106.0
1362614400,1580.0,1583.5,1573.9000244140625,1574.800048828125,52.0
1362700800,1578.5999755859375,1581.199951171875,1561.800048828125,1576.5999755859375,68.0
1362960000,1576.0,1579.699951171875,1576.0,1577.800048828125,1115.0
1363046400,1579.800048828125,1595.5999755859375,1579.800048828125,1591.5,159.0
1363132800,1592.300048828125,1596.0,1585.0,1588.300048828125,396.0
1363219200,1585.699951171875,1590.5999755859375,1575.699951171875,1590.5999755859375,137.0
1363305600,1590.5,1594.4000244140625,1590.199951171875,1592.5,11.0
1363564800,1605.9000244140625,1607.699951171875,1601.5999755859375,1604.5999755859375,613.0
1363651200,1613.0999755859375,1613.0999755859375,1611.300048828125,1611.300048828125,202.0
1363737600,1610.0,1612.5,1606.199951171875,1607.5,5.0
1363824000,1612.800048828125,1613.800048828125,1611.9000244140625,1613.800048828125,7.0
1363910400,1611.0,1611.0,1604.0999755859375,1606.199951171875,101.0
1364169600,1607.0999755859375,1607.800048828125,1596.0999755859375,1604.5999755859375,27.0
1364256000,1595.800048828125,1595.800048828125,1595.800048828125,1595.800048828125,165484.0
1364342400,1598.5,1608.0999755859375,1590.300048828125,1606.199951171875,50450.0
1364428800,1604.699951171875,1606.5999755859375,1593.5999755859375,1594.800048828125,4717.0
1364774400,1596.800048828125,1600.5,1594.800048828125,1600.0,688.0
1364860800,1599.199951171875,1602.5999755859375,1574.0999755859375,1575.0999755859375,2289.0
1364947200,1575.699951171875,1576.4000244140625,1549.199951171875,1552.800048828125,2171.0
1365033600,1557.300048828125,1557.300048828125,1539.0999755859375,1551.800048828125,829.0
1365120000,1553.199951171875,1580.5999755859375,1550.0999755859375,1575.4000244140625,1184.0
1365379200,1575.800048828125,1577.800048828125,1567.800048828125,1572.0,101.0
1365465600,1571.5999755859375,1589.300048828125,1570.0,1586.199951171875,215.0
1365552000,1584.4000244140625,1586.0,1557.0,1558.300048828125,359.0
1365638400,1557.0999755859375,1566.699951171875,1554.800048828125,1564.300048828125,1070.0
1365724800,1560.800048828125,1560.800048828125,1480.199951171875,1501.0,881.0
1365984000,1478.199951171875,1487.4000244140625,1338.0,1360.5999755859375,1309.0
1366070400,1358.0,1401.0,1323.0,1386.800048828125,619.0
1366156800,1373.199951171875,1394.199951171875,1370.199951171875,1382.199951171875,92.0
1366243200,1347.5,1396.4000244140625,1347.5,1392.0,57.0
1366329600,1419.300048828125,1420.300048828125,1395.0999755859375,1395.300048828125,241.0
1366588800,1406.800048828125,1434.9000244140625,1406.800048828125,1421.0,70.0
1366675200,1429.5,1429.5,1405.800048828125,1408.5999755859375,334.0
1366761600,1423.199951171875,1430.0999755859375,1420.4000244140625,1423.4000244140625,138.0
1366848000,1433.0,1461.800048828125,1433.0,1461.800048828125,222.0
1366934400,1467.4000244140625,1476.199951171875,1451.4000244140625,1453.5999755859375,976.0
1367193600,1462.699951171875,1475.5,1462.300048828125,1467.4000244140625,269.0
1367280000,1471.0999755859375,1476.5999755859375,1461.0,1472.199951171875,534.0
1367366400,1475.800048828125,1477.0999755859375,1440.0,1446.300048828125,131.0
1367452800,1459.0,1471.199951171875,1453.5,1467.699951171875,244.0
1367539200,1465.5,1487.0999755859375,1461.4000244140625,1464.300048828125,68.0
1367798400,1468.0999755859375,1477.199951171875,1466.800048828125,1468.0999755859375,33.0
1367884800,1462.0,1466.199951171875,1441.199951171875,1449.0,91.0
1367971200,1455.5,1474.699951171875,1450.699951171875,1473.9000244140625,81.0
1368057600,1471.199951171875,1473.4000244140625,1453.0,1468.800048828125,27.0
1368144000,1455.5999755859375,1459.300048828125,1423.0,1436.800048828125,569.0
1368403200,1440.0,1440.5999755859375,1427.800048828125,1434.5,344.0
1368489600,1430.0999755859375,1444.4000244140625,1422.0,1424.699951171875,72.0
1368576000,1425.699951171875,1425.699951171875,1390.0999755859375,1396.5,364.0
1368662400,1390.4000244140625,1395.0999755859375,1370.5999755859375,1387.0999755859375,38.0
1368748800,1386.699951171875,1391.0999755859375,1359.0999755859375,1364.9000244140625,50.0
1369008000,1342.9000244140625,1387.5,1342.9000244140625,1384.300048828125,21.0
1369094400,1386.5,1392.300048828125,1358.5,1377.800048828125,51.0
1369180800,1387.199951171875,1395.699951171875,1364.5,1367.5999755859375,14.0
1369267200,1380.5999755859375,1394.800048828125,1377.800048828125,1392.0,58.0
1369353600,1386.800048828125,1386.800048828125,1386.800048828125,1386.800048828125,2.0
1369699200,1380.800048828125,1390.4000244140625,1379.0999755859375,1379.0999755859375,55.0
1369785600,1391.300048828125,1391.300048828125,1391.300048828125,1391.300048828125,168665.0
1369872000,1392.0999755859375,1417.5,1388.300048828125,1411.5,45133.0
1369958400,1412.4000244140625,1421.0999755859375,1384.199951171875,1392.5999755859375,5997.0
1370217600,1389.0999755859375,1416.300048828125,1388.300048828125,1411.699951171875,1420.0
1370304000,1410.9000244140625,1413.699951171875,1389.0,1397.0999755859375,930.0
1370390400,1397.5,1410.0,1395.5999755859375,1398.4000244140625,1687.0
1370476800,1401.699951171875,1422.699951171875,1391.5999755859375,1415.699951171875,782.0
1370563200,1411.5,1416.0999755859375,1377.9000244140625,1383.0,1163.0
1370822400,1378.800048828125,1386.9000244140625,1375.5999755859375,1386.199951171875,367.0
1370908800,1384.199951171875,1384.4000244140625,1366.0,1377.0,482.0
1370995200,1375.0,1393.5,1373.699951171875,1391.800048828125,514.0
1371081600,1386.800048828125,1390.9000244140625,1373.4000244140625,1377.5999755859375,458.0
1371168000,1383.9000244140625,1389.5999755859375,1377.800048828125,1387.300048828125,90.0
1371427200,1390.300048828125,1390.5,1380.0,1382.800048828125,114.0
1371513600,1383.0999755859375,1383.5,1363.0,1366.5999755859375,346.0
1371600000,1368.0999755859375,1373.5999755859375,1348.0999755859375,1373.5999755859375,198.0
1371686400,1348.0999755859375,1348.0999755859375,1275.4000244140625,1285.9000244140625,712.0
1371772800,1280.4000244140625,1300.0,1268.9000244140625,1291.5999755859375,456.0
1372032000,1297.300048828125,1297.300048828125,1275.699951171875,1276.800048828125,321.0
1372118400,1281.300048828125,1286.0,1273.199951171875,1274.800048828125,953.0
1372204800,1273.9000244140625,1273.9000244140625,1228.800048828125,1229.5999755859375,981.0
1372291200,1224.699951171875,1241.4000244140625,1198.300048828125,1211.4000244140625,533.0
1372377600,1200.9000244140625,1232.300048828125,1183.199951171875,1223.800048828125,232.0
1372636800,1234.699951171875,1261.0,1234.199951171875,1255.9000244140625,150.0
1372723200,1254.0999755859375,1266.300048828125,1241.199951171875,1243.5999755859375,107.0
1372809600,1243.800048828125,1258.199951171875,1240.300048828125,1252.0999755859375,19.0
1372982400,1252.699951171875,1254.0999755859375,1208.9000244140625,1212.9000244140625,72.0
1373241600,1218.800048828125,1235.199951171875,1215.4000244140625,1234.9000244140625,58.0
1373328000,1234.699951171875,1254.5,1234.4000244140625,1245.9000244140625,33.0
1373414400,1244.5999755859375,1263.9000244140625,1244.5999755859375,1247.4000244140625,58.0
1373500800,1284.5999755859375,1285.0,1278.9000244140625,1280.0999755859375,18.0
1373587200,1282.300048828125,1282.300048828125,1274.300048828125,1277.800048828125,6.0
1373846400,1292.0999755859375,1292.4000244140625,1281.5999755859375,1283.800048828125,19.0
1373932800,1279.4000244140625,1291.4000244140625,1279.4000244140625,1290.800048828125,13.0
1374019200,1286.199951171875,1294.4000244140625,1272.9000244140625,1277.9000244140625,11.0
1374105600,1275.300048828125,1286.4000244140625,1275.199951171875,1284.5999755859375,26.0
1374192000,1291.699951171875,1293.300048828125,1290.0,1293.300048828125,9.0
1374451200,1317.0,1336.4000244140625,1317.0,1336.4000244140625,18.0
1374537600,1334.800048828125,1342.300048828125,1327.9000244140625,1335.0999755859375,10.0
1374624000,1342.199951171875,1343.5,1318.5999755859375,1319.699951171875,42.0
1374710400,1318.5,1336.800048828125,1318.5,1329.0,55.0
1374796800,1326.5,1326.5,1321.699951171875,1321.699951171875,66.0
1375056000,1328.4000244140625,1328.4000244140625,1328.4000244140625,1328.4000244140625,134359.0
1375142400,1327.199951171875,1329.5999755859375,1316.199951171875,1324.0,44769.0
1375228800,1325.5,1338.4000244140625,1304.9000244140625,1312.4000244140625,6252.0
1375315200,1323.0,1328.5,1306.9000244140625,1311.0,1562.0
1375401600,1306.699951171875,1317.0,1283.0,1310.5999755859375,1451.0
1375660800,1311.199951171875,1318.300048828125,1297.5,1302.5999755859375,904.0
1375747200,1303.0,1305.9000244140625,1279.300048828125,1283.199951171875,1314.0
1375833600,1282.5,1288.4000244140625,1274.0,1286.0999755859375,989.0
1375920000,1283.9000244140625,1312.800048828125,1283.699951171875,1310.699951171875,482.0
1376006400,1315.0999755859375,1315.800048828125,1306.699951171875,1312.9000244140625,449.0
1376265600,1317.199951171875,1342.4000244140625,1317.199951171875,1334.699951171875,312.0
1376352000,1331.9000244140625,1339.0999755859375,1320.199951171875,1321.199951171875,209.0
1376438400,1317.699951171875,1336.300048828125,1317.699951171875,1334.0,333.0
1376524800,1340.0999755859375,1369.5999755859375,1319.9000244140625,1361.5999755859375,235.0
1376611200,1366.800048828125,1378.9000244140625,1361.0,1371.699951171875,175.0
1376870400,1379.0,1384.4000244140625,1363.9000244140625,1366.199951171875,139.0
1376956800,1355.0,1377.0,1355.0,1373.0999755859375,123.0
1377043200,1372.5,1377.300048828125,1360.9000244140625,1370.5999755859375,109.0
1377129600,1362.0,1380.4000244140625,1362.0,1371.199951171875,79.0
1377216000,1376.800048828125,1398.199951171875,1373.9000244140625,1395.699951171875,178.0
1377475200,1398.5999755859375,1402.800048828125,1391.300048828125,1393.0,203.0
1377561600,1403.800048828125,1421.0999755859375,1398.699951171875,1420.5999755859375,397.0
1377648000,1417.300048828125,1428.0,1417.300048828125,1419.0,489.0
1377734400,1417.4000244140625,1417.4000244140625,1404.5,1412.9000244140625,375.0
1377820800,1407.199951171875,1409.800048828125,1392.300048828125,1396.0999755859375,0.0
1378166400,1393.0,1414.4000244140625,1382.300048828125,1412.0,139.0
1378252800,1413.0,1413.0,1387.0999755859375,1389.9000244140625,104.0
1378339200,1393.5,1397.5,1367.0999755859375,1373.0999755859375,37.0
1378425600,1371.0,1390.0999755859375,1368.9000244140625,1386.699951171875,52.0
1378684800,1389.800048828125,1389.800048828125,1386.5,1386.800048828125,44.0
1378771200,1377.5,1377.5,1357.5999755859375,1364.0999755859375,21.0
1378857600,1365.800048828125,1365.800048828125,1356.699951171875,1363.9000244140625,60.0
1378944000,1360.0,1360.0,1322.4000244140625,1330.4000244140625,120.0
1379030400,1322.9000244140625,1323.0,1305.300048828125,1308.4000244140625,38.0
1379289600,1328.4000244140625,1329.5999755859375,1310.800048828125,1317.9000244140625,107.0
1379376000,1313.0,1313.0999755859375,1309.5,1309.5,24.0
1379462400,1292.0999755859375,1347.699951171875,1292.0999755859375,1307.800048828125,29.0
1379548800,1362.9000244140625,1373.0,1362.9000244140625,1369.4000244140625,35.0
1379635200,1347.5,1347.5,1330.699951171875,1332.5,2.0
1379894400,1327.0999755859375,1327.800048828125,1317.5999755859375,1326.9000244140625,78.0
1379980800,1321.199951171875,1324.9000244140625,1309.4000244140625,1316.0,61.0
1380067200,1322.699951171875,1335.9000244140625,1322.699951171875,1335.9000244140625,51.0
1380153600,1335.199951171875,1338.300048828125,1323.5999755859375,1323.5999755859375,13170.0
1380240000,1321.5,1343.800048828125,1319.699951171875,1338.4000244140625,2990.0
1380499200,1345.800048828125,1350.9000244140625,1322.0,1326.5,597.0
1380585600,1328.0,1334.0,1284.5,1286.0,815.0
1380672000,1288.5,1321.0,1280.0,1320.5999755859375,152.0
1380758400,1312.0,1319.5,1302.5,1317.4000244140625,217.0
1380844800,1316.199951171875,1318.0999755859375,1305.699951171875,1309.699951171875,38.0
1381104000,1313.800048828125,1325.4000244140625,1311.800048828125,1324.800048828125,84.0
1381190400,1326.5,1330.0,1321.199951171875,1324.199951171875,57.0
1381276800,1317.5999755859375,1319.0,1295.300048828125,1306.9000244140625,140.0
1381363200,1303.4000244140625,1310.800048828125,1285.0,1296.5999755859375,89.0
1381449600,1286.9000244140625,1291.5999755859375,1263.800048828125,1268.0,210.0
1381708800,1275.800048828125,1285.800048828125,1273.9000244140625,1276.4000244140625,61.0
1381795200,1270.5,1283.5999755859375,1254.0999755859375,1273.0,208.0
1381881600,1282.800048828125,1284.0,1269.199951171875,1282.0,86.0
1381968000,1307.0,1322.699951171875,1307.0,1322.699951171875,72.0
1382054400,1318.800048828125,1326.0,1312.5999755859375,1314.4000244140625,65.0
1382313600,1316.800048828125,1317.699951171875,1315.699951171875,1315.699951171875,23.0
1382400000,1313.9000244140625,1342.5999755859375,1313.9000244140625,1342.5,55.0
1382486400,1331.9000244140625,1333.9000244140625,1331.9000244140625,1333.9000244140625,13.0
1382572800,1334.5,1350.199951171875,1334.5,1350.199951171875,18.0
1382659200,1346.199951171875,1353.0,1346.199951171875,1352.4000244140625,23.0
1382918400,1351.4000244140625,1359.199951171875,1349.0,1352.0,23.0
1383004800,1359.5999755859375,1359.699951171875,1345.199951171875,1345.199951171875,168.0
1383091200,1340.800048828125,1355.800048828125,1335.5999755859375,1349.0,44.0
1383177600,1334.0,1334.0,1321.699951171875,1323.5999755859375,62.0
1383264000,1325.699951171875,1325.699951171875,1308.0,1313.0999755859375,21.0
1383523200,1314.5999755859375,1320.5,1312.0999755859375,1314.5999755859375,39.0
1383609600,1313.300048828125,1317.5,1306.9000244140625,1308.0,98.0
1383696000,1313.5,1318.5999755859375,1312.5,1317.699951171875,11.0
1383782400,1323.5999755859375,1323.5999755859375,1298.0,1308.4000244140625,129.0
1383868800,1308.0,1308.0999755859375,1281.300048828125,1284.5,22.0
1384128000,1281.5999755859375,1281.800048828125,1281.0,1281.0,5.0
1384214400,1282.300048828125,1282.300048828125,1271.0999755859375,1271.0999755859375,3.0
1384300800,1274.0,1280.5,1268.300048828125,1268.300048828125,17.0
1384387200,1280.199951171875,1293.300048828125,1278.0999755859375,1286.199951171875,29.0
1384473600,1287.699951171875,1288.5,1281.5,1287.300048828125,16.0
1384732800,1284.699951171875,1284.800048828125,1272.199951171875,1272.199951171875,10.0
1384819200,1274.199951171875,1275.199951171875,1271.0,1273.4000244140625,10.0
1384905600,1269.0,1269.0,1241.9000244140625,1257.9000244140625,120.0
1384992000,1245.699951171875,1247.0999755859375,1236.5,1243.5,90.0
1385078400,1243.199951171875,1247.0,1241.4000244140625,1244.0,77.0
1385337600,1231.0999755859375,1241.0999755859375,1229.0,1241.0999755859375,19.0
1385424000,1243.0,1243.0,1241.4000244140625,1241.4000244140625,178417.0
1385510400,1241.5999755859375,1254.800048828125,1235.5,1237.800048828125,82331.0
1385683200,1237.800048828125,1254.5,1233.699951171875,1250.5999755859375,9203.0
1385942400,1251.4000244140625,1251.5,1217.800048828125,1222.300048828125,4979.0
1386028800,1219.199951171875,1225.699951171875,1215.5999755859375,1221.699951171875,1932.0
1386115200,1225.0999755859375,1250.4000244140625,1212.9000244140625,1248.199951171875,1823.0
1386201600,1240.0,1241.5,1218.5999755859375,1233.199951171875,446.0
1386288000,1228.699951171875,1242.0,1213.0,1230.300048828125,1032.0
1386547200,1230.199951171875,1243.199951171875,1229.0,1235.300048828125,352.0
1386633600,1239.0,1267.0,1239.0,1262.4000244140625,882.0
1386720000,1261.9000244140625,1261.9000244140625,1252.0999755859375,1258.5,147.0
1386806400,1253.5,1255.4000244140625,1225.9000244140625,1226.0,609.0
1386892800,1226.699951171875,1239.0,1222.199951171875,1235.699951171875,446.0
1387152000,1238.4000244140625,1250.5999755859375,1228.9000244140625,1245.5,242.0
1387238400,1237.0,1240.4000244140625,1231.199951171875,1231.199951171875,22.0
1387324800,1231.5,1245.0999755859375,1217.0,1236.0999755859375,114.0
1387411200,1226.5999755859375,1226.5999755859375,1188.699951171875,1195.0,124.0
1387497600,1190.9000244140625,1207.800048828125,1190.9000244140625,1205.0999755859375,204.0
1387756800,1205.199951171875,1205.199951171875,1195.9000244140625,1198.4000244140625,123.0
1387843200,1199.800048828125,1205.5999755859375,1197.699951171875,1205.0999755859375,184.0
1388016000,1207.0999755859375,1215.9000244140625,1207.0999755859375,1214.0999755859375,140.0
1388102400,1213.4000244140625,1218.5,1212.9000244140625,1216.0999755859375,278.0
1388361600,1215.0,1215.0,1194.4000244140625,1203.0999755859375,351.0
1388448000,1196.4000244140625,1212.4000244140625,1182.0,1201.9000244140625,124.0
1388620800,1204.300048828125,1227.300048828125,1204.300048828125,1225.0,209.0
1388707200,1221.699951171875,1239.0,1221.699951171875,1238.4000244140625,142.0
1388966400,1232.800048828125,1247.0,1221.9000244140625,1237.800048828125,127.0
1389052800,1239.300048828125,1242.4000244140625,1226.300048828125,1229.4000244140625,73.0
1389139200,1227.5,1227.5,1218.5999755859375,1225.300048828125,189.0
1389225600,1225.800048828125,1229.300048828125,1225.800048828125,1229.300048828125,7.0
1389312000,1235.0,1246.800048828125,1234.0,1246.699951171875,58.0
1389571200,1250.5999755859375,1252.699951171875,1245.5,1250.9000244140625,46.0
1389657600,1251.0,1251.300048828125,1242.0,1245.199951171875,37.0
1389744000,1243.0999755859375,1243.199951171875,1238.0999755859375,1238.0999755859375,68.0
1389830400,1239.300048828125,1242.800048828125,1239.0,1240.0,48.0
1389916800,1239.699951171875,1254.300048828125,1239.699951171875,1251.699951171875,101.0
1390262400,1256.4000244140625,1257.5,1240.0,1242.300048828125,224.0
1390348800,1241.699951171875,1242.0,1239.0,1239.0,58.0
1390435200,1235.199951171875,1264.199951171875,1235.199951171875,1262.5999755859375,40.0
1390521600,1258.300048828125,1269.4000244140625,1258.300048828125,1264.5,38.0
1390780800,1259.800048828125,1264.4000244140625,1254.4000244140625,1263.5999755859375,92.0
1390867200,1257.9000244140625,1258.4000244140625,1251.0,1251.0,20.0
1390953600,1262.199951171875,1262.199951171875,1262.199951171875,1262.199951171875,137028.0
1391040000,1267.0,1267.699951171875,1237.5,1242.199951171875,45276.0
1391126400,1243.5999755859375,1254.5,1238.4000244140625,1240.0999755859375,5820.0
1391385600,1242.4000244140625,1266.300048828125,1241.199951171875,1260.4000244140625,2914.0
1391472000,1258.4000244140625,1260.699951171875,1247.800048828125,1251.699951171875,1745.0
1391558400,1254.0,1273.699951171875,1253.0999755859375,1257.300048828125,1616.0
1391644800,1258.0,1267.0,1253.5,1257.5999755859375,274.0
1391731200,1258.300048828125,1271.4000244140625,1257.9000244140625,1263.300048828125,436.0
1391990400,1269.5999755859375,1277.300048828125,1265.699951171875,1274.800048828125,742.0
1392076800,1274.0,1292.0,1273.800048828125,1290.0999755859375,562.0
1392163200,1290.5,1296.199951171875,1285.5,1295.300048828125,140.0
1392249600,1293.300048828125,1303.5,1287.5,1300.4000244140625,877.0
1392336000,1301.699951171875,1320.699951171875,1301.699951171875,1319.0,308.0
1392681600,1322.9000244140625,1330.5999755859375,1313.9000244140625,1324.699951171875,373.0
1392768000,1318.300048828125,1321.5999755859375,1309.0999755859375,1320.5999755859375,193.0
1392854400,1310.699951171875,1323.5,1309.5999755859375,1317.0999755859375,116.0
1392940800,1320.0,1328.300048828125,1317.4000244140625,1323.9000244140625,171.0
1393200000,1324.300048828125,1339.0,1321.4000244140625,1338.300048828125,93.0
1393286400,1336.4000244140625,1343.9000244140625,1333.0999755859375,1343.0,290.0
1393372800,1341.199951171875,1342.0,1325.5999755859375,1328.199951171875,485.0
1393459200,1329.300048828125,1335.0,1324.5999755859375,1331.5999755859375,369.0
1393545600,1329.800048828125,1332.5999755859375,1321.0999755859375,1321.4000244140625,239.0
1393804800,1335.9000244140625,1354.0999755859375,1332.9000244140625,1350.0999755859375,232.0
1393891200,1350.4000244140625,1350.4000244140625,1332.199951171875,1337.800048828125,80.0
1393977600,1334.800048828125,1341.0,1334.800048828125,1340.199951171875,32.0
1394064000,1338.0,1351.699951171875,1333.300048828125,1351.699951171875,59.0
1394150400,1349.5,1352.699951171875,1329.199951171875,1338.0999755859375,97.0
1394409600,1336.0,1344.699951171875,1330.5,1341.4000244140625,97.0
1394496000,1340.0,1352.4000244140625,1338.0999755859375,1346.5,53.0
1394582400,1349.0999755859375,1370.5,1348.699951171875,1370.300048828125,58.0
1394668800,1366.800048828125,1374.5,1366.5,1372.199951171875,23.0
1394755200,1376.0999755859375,1386.5999755859375,1371.0999755859375,1379.0,91.0
1395014400,1386.0999755859375,1391.4000244140625,1372.199951171875,1372.9000244140625,29.0
1395100800,1359.300048828125,1361.800048828125,1353.4000244140625,1359.0,35.0
1395187200,1357.0999755859375,1358.0,1332.699951171875,1341.4000244140625,57.0
1395273600,1333.699951171875,1333.699951171875,1325.800048828125,1330.5,72.0
1395360000,1339.0999755859375,1339.0999755859375,1335.800048828125,1336.0,3.0
1395619200,1333.0,1333.0,1310.5,1311.199951171875,103.0
1395705600,1315.5,1315.5,1307.5,1311.4000244140625,46.0
1395792000,1315.199951171875,1315.199951171875,1303.4000244140625,1303.4000244140625,4.0
1395878400,1294.699951171875,1294.699951171875,1294.699951171875,1294.699951171875,185016.0
1395964800,1292.199951171875,1299.4000244140625,1285.9000244140625,1293.800048828125,65486.0
1396224000,1294.300048828125,1298.800048828125,1282.4000244140625,1283.4000244140625,4121.0
1396310400,1285.0999755859375,1287.9000244140625,1277.300048828125,1279.5999755859375,884.0
1396396800,1280.199951171875,1294.0999755859375,1280.199951171875,1290.5,1099.0
1396483200,1290.800048828125,1293.5,1282.699951171875,1284.4000244140625,775.0
1396569600,1285.5,1306.0999755859375,1284.4000244140625,1303.199951171875,976.0
1396828800,1301.4000244140625,1304.0,1296.300048828125,1298.0,361.0
1396915200,1296.5999755859375,1314.0999755859375,1296.5999755859375,1308.699951171875,264.0
1397001600,1309.5,1313.5999755859375,1301.0999755859375,1305.5,191.0
1397088000,1311.800048828125,1323.800048828125,1311.199951171875,1320.0999755859375,127.0
1397174400,1319.0,1322.800048828125,1316.300048828125,1318.699951171875,76.0
1397433600,1320.0999755859375,1330.0,1320.0999755859375,1327.199951171875,328.0
1397520000,1322.699951171875,1322.699951171875,1291.5,1300.0,238.0
1397606400,1302.699951171875,1303.5,1295.0,1303.0999755859375,177.0
1397692800,1300.0999755859375,1303.0,1292.5,1293.4000244140625,124.0
1398038400,1290.0,1299.199951171875,1283.800048828125,1288.0,100.0
1398124800,1289.199951171875,1291.5999755859375,1276.0,1280.5999755859375,100.0
1398211200,1284.300048828125,1287.699951171875,1282.4000244140625,1284.199951171875,176.0
1398297600,1284.5999755859375,1297.9000244140625,1272.4000244140625,1290.5,522.0
1398384000,1293.800048828125,1304.5999755859375,1293.800048828125,1300.699951171875,274.0
1398643200,1305.4000244140625,1305.4000244140625,1293.0,1298.9000244140625,388.0
1398729600,1295.5,1300.5,1289.0999755859375,1296.0,904.0
1398816000,1296.0,1296.5,1286.5999755859375,1295.5999755859375,181.0
1398902400,1288.699951171875,1288.699951171875,1278.0,1283.0999755859375,25.0
1398988800,1276.699951171875,1302.699951171875,1276.699951171875,1302.5999755859375,90.0
1399248000,1305.5999755859375,1314.199951171875,1305.5,1309.0,31.0
1399334400,1309.4000244140625,1309.4000244140625,1306.9000244140625,1308.300048828125,14.0
1399420800,1310.300048828125,1312.0,1288.0,1288.5999755859375,21.0
1399507200,1291.5,1291.5,1285.5,1287.4000244140625,65.0
1399593600,1287.300048828125,1287.300048828125,1287.300048828125,1287.300048828125,3.0
1399852800,1282.0999755859375,1295.9000244140625,1281.199951171875,1295.5999755859375,19.0
1399939200,1295.5,1295.5,1292.0,1294.5999755859375,20.0
1400025600,1292.800048828125,1306.9000244140625,1292.800048828125,1305.699951171875,25.0
1400112000,1302.5,1302.5,1292.800048828125,1293.5,27.0
1400198400,1293.300048828125,1293.300048828125,1293.300048828125,1293.300048828125,8.0
1400457600,1293.699951171875,1293.699951171875,1293.699951171875,1293.699951171875,44.0
1400544000,1290.699951171875,1294.5,1290.0999755859375,1294.5,8.0
1400630400,1287.4000244140625,1288.0,1287.4000244140625,1288.0,2.0
1400716800,1294.199951171875,1295.0,1294.199951171875,1294.9000244140625,4.0
1400803200,1293.199951171875,1293.4000244140625,1291.5999755859375,1291.5999755859375,3.0
1401148800,1291.9000244140625,1291.9000244140625,1265.4000244140625,1265.4000244140625,25.0
1401235200,1259.300048828125,1259.300048828125,1259.300048828125,1259.300048828125,168825.0
1401321600,1258.300048828125,1260.5999755859375,1250.9000244140625,1256.300048828125,38045.0
1401408000,1255.0999755859375,1259.5999755859375,1241.800048828125,1245.5999755859375,3839.0
1401667200,1250.0,1250.699951171875,1240.9000244140625,1243.699951171875,774.0
1401753600,1244.0999755859375,1247.5,1240.5,1244.300048828125,654.0
1401840000,1245.0999755859375,1248.800048828125,1242.699951171875,1244.0,604.0
1401926400,1244.0,1256.5999755859375,1241.199951171875,1253.0,1317.0
1402012800,1253.4000244140625,1256.5999755859375,1246.300048828125,1252.0999755859375,381.0
1402272000,1252.699951171875,1256.0999755859375,1252.5999755859375,1253.5,97.0
1402358400,1252.4000244140625,1262.300048828125,1251.0,1259.800048828125,1007.0
1402444800,1259.9000244140625,1264.4000244140625,1259.0999755859375,1260.800048828125,128.0
1402531200,1260.0,1274.5,1260.0,1273.5999755859375,129.0
1402617600,1272.5,1274.699951171875,1271.300048828125,1273.699951171875,145.0
1402876800,1279.800048828125,1282.0999755859375,1270.800048828125,1274.9000244140625,334.0
1402963200,1272.800048828125,1272.800048828125,1260.9000244140625,1271.699951171875,819.0
1403049600,1269.9000244140625,1272.699951171875,1267.4000244140625,1272.4000244140625,143.0
1403136000,1277.199951171875,1321.0,1277.199951171875,1313.699951171875,601.0
1403222400,1321.4000244140625,1321.4000244140625,1306.800048828125,1316.199951171875,254.0
1403481600,1312.300048828125,1318.0,1312.300048828125,1318.0,142.0
1403568000,1315.5999755859375,1325.5999755859375,1315.5999755859375,1320.9000244140625,223.0
1403654400,1315.300048828125,1323.4000244140625,1312.0,1322.199951171875,294.0
1403740800,1319.5999755859375,1319.5999755859375,1312.4000244140625,1316.0999755859375,1204.0
1403827200,1317.4000244140625,1320.9000244140625,1313.300048828125,1319.0,625.0
1404086400,1315.300048828125,1328.699951171875,1311.800048828125,1321.800048828125,744.0
1404172800,1326.699951171875,1331.4000244140625,1326.199951171875,1326.4000244140625,51.0
1404259200,1326.800048828125,1330.699951171875,1326.800048828125,1330.699951171875,226.0
1404345600,1327.300048828125,1327.699951171875,1313.0,1320.4000244140625,40.0
1404691200,1318.699951171875,1320.300048828125,1313.199951171875,1316.5,93.0
1404777600,1318.4000244140625,1323.5,1316.0,1316.0,6.0
1404864000,1324.0,1330.4000244140625,1323.800048828125,1323.800048828125,16.0
1404950400,1330.5,1343.699951171875,1328.0,1338.699951171875,28.0
1405036800,1337.9000244140625,1339.0,1336.199951171875,1337.0,112.0
1405296000,1332.800048828125,1332.800048828125,1304.699951171875,1306.300048828125,103.0
1405382400,1307.4000244140625,1311.9000244140625,1294.0999755859375,1296.9000244140625,368.0
1405468800,1298.4000244140625,1303.0999755859375,1296.9000244140625,1299.5999755859375,34.0
1405555200,1303.0999755859375,1323.800048828125,1303.0999755859375,1316.699951171875,16.0
1405641600,1322.699951171875,1322.699951171875,1306.199951171875,1309.199951171875,27.0
1405900800,1311.0,1315.5,1311.0,1313.699951171875,18.0
1405987200,1306.0999755859375,1306.0999755859375,1306.0999755859375,1306.0999755859375,2.0
1406073600,1304.5,1304.5,1304.5,1304.5,0.0
1406160000,1297.5,1297.5,1290.5999755859375,1290.5999755859375,1.0
1406246400,1294.800048828125,1303.0999755859375,1294.800048828125,1303.0999755859375,8.0
1406505600,1307.4000244140625,1308.0,1303.300048828125,1303.300048828125,52.0
1406592000,1310.9000244140625,1310.9000244140625,1298.300048828125,1298.300048828125,181554.0
1406678400,1298.5999755859375,1303.0,1291.0,1294.9000244140625,36189.0
1406764800,1295.0999755859375,1297.300048828125,1280.5999755859375,1281.300048828125,5663.0
1406851200,1284.0999755859375,1296.5999755859375,1279.699951171875,1293.5999755859375,1985.0
1407110400,1294.4000244140625,1295.0,1285.9000244140625,1287.699951171875,917.0
1407196800,1288.0,1292.699951171875,1282.5999755859375,1284.0,825.0
1407283200,1288.0999755859375,1309.0,1287.800048828125,1306.699951171875,706.0
1407369600,1305.300048828125,1313.0999755859375,1302.5,1310.800048828125,225.0
1407456000,1310.800048828125,1321.4000244140625,1308.0,1308.9000244140625,586.0
1407715200,1308.4000244140625,1309.699951171875,1305.300048828125,1308.5,194.0
1407801600,1306.199951171875,1315.800048828125,1305.800048828125,1308.800048828125,438.0
1407888000,1308.800048828125,1312.800048828125,1305.0,1312.800048828125,238.0
1407974400,1311.800048828125,1316.4000244140625,1309.699951171875,1313.9000244140625,320.0
1408060800,1311.699951171875,1312.800048828125,1292.0,1304.5,199.0
1408320000,1301.4000244140625,1302.0999755859375,1295.699951171875,1297.699951171875,100.0
1408406400,1298.800048828125,1301.5999755859375,1294.0,1295.0999755859375,144.0
1408492800,1295.4000244140625,1295.800048828125,1288.4000244140625,1293.4000244140625,332.0
1408579200,1290.0,1290.0,1272.0,1273.699951171875,264.0
1408665600,1276.0,1280.0,1275.0,1278.5999755859375,119.0
1408924800,1277.300048828125,1277.5999755859375,1273.699951171875,1277.300048828125,251.0
1409011200,1289.4000244140625,1289.5,1281.0999755859375,1283.800048828125,74.0
1409097600,1281.5,1282.300048828125,1281.5,1281.9000244140625,783.0
1409184000,1284.5,1293.699951171875,1284.300048828125,1288.699951171875,817.0
1409270400,1289.5,1289.699951171875,1284.800048828125,1285.800048828125,116.0
1409616000,1284.5,1286.4000244140625,1262.5,1263.699951171875,280.0
1409702400,1266.300048828125,1271.0999755859375,1263.0999755859375,1268.9000244140625,279.0
1409788800,1268.699951171875,1272.699951171875,1260.4000244140625,1265.0999755859375,290.0
1409875200,1263.199951171875,1268.0999755859375,1263.199951171875,1265.800048828125,123.0
1410134400,1268.4000244140625,1268.4000244140625,1252.699951171875,1252.699951171875,2.0
1410220800,1246.800048828125,1246.800048828125,1246.800048828125,1246.800048828125,0.0
1410307200,1256.699951171875,1256.699951171875,1243.5,1243.5,95.0
1410393600,1237.4000244140625,1237.4000244140625,1237.4000244140625,1237.4000244140625,0.0
1410480000,1227.0,1229.9000244140625,1227.0,1229.9000244140625,47.0
1410739200,1226.699951171875,1235.0,1226.699951171875,1233.5999755859375,21.0
1410825600,1238.300048828125,1238.300048828125,1235.199951171875,1235.199951171875,3.0
1410912000,1236.199951171875,1236.199951171875,1221.9000244140625,1234.4000244140625,10.0
1410998400,1216.199951171875,1225.699951171875,1216.199951171875,1225.699951171875,5.0
1411084800,1218.300048828125,1218.300048828125,1215.300048828125,1215.300048828125,4.0
1411344000,1214.9000244140625,1216.800048828125,1212.4000244140625,1216.800048828125,7.0
1411430400,1221.0,1221.0,1221.0,1221.0,5.0
1411516800,1218.5999755859375,1218.5999755859375,1216.800048828125,1218.5999755859375,2.0
1411603200,1209.5,1221.199951171875,1209.5,1221.199951171875,11.0
1411689600,1214.0999755859375,1214.0999755859375,1214.0999755859375,1214.0999755859375,19497.0
1411948800,1216.300048828125,1222.199951171875,1214.800048828125,1217.5,6344.0
1412035200,1214.800048828125,1218.199951171875,1204.0,1210.5,680.0
1412121600,1207.699951171875,1217.800048828125,1205.5,1214.5999755859375,178.0
1412208000,1215.300048828125,1219.5,1210.300048828125,1214.199951171875,176.0
1412294400,1212.4000244140625,1212.4000244140625,1191.0,1192.199951171875,499.0
1412553600,1187.699951171875,1208.0,1182.800048828125,1206.699951171875,415.0
1412640000,1209.0999755859375,1211.699951171875,1205.300048828125,1211.699951171875,272.0
1412726400,1210.199951171875,1217.9000244140625,1205.300048828125,1205.300048828125,9.0
1412812800,1223.9000244140625,1229.0,1223.9000244140625,1224.5999755859375,19.0
1412899200,1223.5,1223.5,1217.0,1221.0,186.0
1413158400,1229.800048828125,1234.0,1227.0,1229.300048828125,103.0
1413244800,1235.9000244140625,1235.9000244140625,1233.5999755859375,1233.5999755859375,73.0
1413331200,1243.699951171875,1247.0,1243.699951171875,1244.0999755859375,250.0
1413417600,1242.0999755859375,1243.0,1236.699951171875,1240.5,6.0
1413504000,1237.4000244140625,1238.300048828125,1232.5999755859375,1238.300048828125,356.0
1413763200,1237.300048828125,1244.0,1235.4000244140625,1244.0,105.0
1413849600,1251.0,1251.0,1251.0,1251.0,48.0
1413936000,1244.800048828125,1244.800048828125,1244.800048828125,1244.800048828125,2.0
1414022400,1228.0,1228.5,1227.9000244140625,1228.5,2.0
1414108800,1229.4000244140625,1232.699951171875,1229.4000244140625,1231.199951171875,71.0
1414368000,1230.199951171875,1230.199951171875,1227.300048828125,1229.0999755859375,282.0
1414454400,1224.9000244140625,1231.0,1224.699951171875,1229.199951171875,46.0
1414540800,1224.300048828125,1224.300048828125,1224.300048828125,1224.300048828125,631.0
1414627200,1213.699951171875,1214.699951171875,1195.800048828125,1198.0999755859375,521.0
1414713600,1199.5999755859375,1199.699951171875,1161.4000244140625,1171.0999755859375,260.0
1414972800,1166.4000244140625,1172.300048828125,1163.0999755859375,1169.4000244140625,60.0
1415059200,1166.9000244140625,1171.0,1165.0,1167.4000244140625,40.0
1415145600,1168.0999755859375,1168.699951171875,1137.800048828125,1145.4000244140625,157.0
1415232000,1141.0999755859375,1147.5,1137.9000244140625,1142.300048828125,137.0
1415318400,1139.9000244140625,1169.699951171875,1133.0,1169.5999755859375,97.0
1415577600,1171.0,1171.0,1150.699951171875,1159.5999755859375,40.0
1415664000,1155.0,1170.5,1151.5999755859375,1162.800048828125,22.0
1415750400,1162.5,1168.0999755859375,1157.5,1158.9000244140625,17.0
1415836800,1163.699951171875,1164.5,1155.0,1161.0999755859375,1047.0
1415923200,1155.199951171875,1191.0,1148.0,1185.0,486.0
1416182400,1183.0999755859375,1186.9000244140625,1180.5999755859375,1183.0,17.0
1416268800,1197.0999755859375,1197.0999755859375,1193.9000244140625,1196.699951171875,2.0
1416355200,1196.5,1198.300048828125,1190.5999755859375,1193.5999755859375,23.0
1416441600,1191.800048828125,1191.9000244140625,1190.699951171875,1190.699951171875,3.0
1416528000,1191.0,1202.4000244140625,1189.0,1197.5,20.0
1416787200,1197.699951171875,1197.9000244140625,1195.5,1195.5,17.0
1416873600,1197.0999755859375,1197.0999755859375,1197.0999755859375,1197.0999755859375,210753.0
1416960000,1200.5,1201.0,1193.699951171875,1196.5999755859375,75297.0
1417132800,1197.0,1198.199951171875,1163.800048828125,1175.199951171875,11175.0
1417392000,1160.0,1220.4000244140625,1141.699951171875,1218.0,5524.0
1417478400,1212.300048828125,1212.300048828125,1191.300048828125,1199.199951171875,1236.0
1417564800,1198.0999755859375,1213.699951171875,1196.0999755859375,1208.5,440.0
1417651200,1208.199951171875,1213.0,1201.5999755859375,1207.5,358.0
1417737600,1203.0999755859375,1206.0,1186.699951171875,1190.0999755859375,560.0
1417996800,1190.5999755859375,1207.0,1187.199951171875,1194.699951171875,183.0
1418083200,1202.0,1238.0,1202.0,1231.5,314.0
1418169600,1231.199951171875,1234.5999755859375,1226.5999755859375,1228.9000244140625,306.0
1418256000,1226.5999755859375,1231.199951171875,1216.199951171875,1225.0999755859375,264.0
1418342400,1227.800048828125,1227.800048828125,1216.199951171875,1222.0,203.0
1418601600,1223.0999755859375,1223.0999755859375,1198.4000244140625,1207.199951171875,77.0
1418688000,1197.199951171875,1222.0,1192.699951171875,1193.9000244140625,223.0
1418774400,1198.199951171875,1199.5999755859375,1184.0,1194.300048828125,94.0
1418860800,1189.699951171875,1207.300048828125,1189.699951171875,1194.699951171875,197.0
1418947200,1198.0,1200.800048828125,1195.9000244140625,1195.9000244140625,96.0
1419206400,1198.0,1198.0,1172.699951171875,1179.699951171875,223.0
1419292800,1179.300048828125,1180.300048828125,1175.0,1177.9000244140625,232.0
1419379200,1177.0,1179.300048828125,1173.5,1173.5,23.0
1419552000,1177.199951171875,1195.300048828125,1177.199951171875,1195.300048828125,124.0
1419811200,1186.5,1186.5,1181.300048828125,1181.699951171875,180.0
1419897600,1181.4000244140625,1210.300048828125,1181.4000244140625,1200.199951171875,191.0
1419984000,1199.199951171875,1199.199951171875,1182.699951171875,1183.9000244140625,92.0
1420156800,1184.0,1194.5,1169.5,1186.0,138.0
1420416000,1180.300048828125,1206.9000244140625,1180.0999755859375,1203.9000244140625,470.0
1420502400,1203.5,1220.0,1203.5,1219.300048828125,97.0
1420588800,1219.199951171875,1219.199951171875,1210.5999755859375,1210.5999755859375,29.0
1420675200,1207.0,1215.699951171875,1206.300048828125,1208.4000244140625,92.0
1420761600,1211.0999755859375,1220.199951171875,1210.300048828125,1216.0,43.0
1421020800,1224.199951171875,1234.4000244140625,1219.0999755859375,1232.699951171875,100.0
1421107200,1239.199951171875,1239.300048828125,1230.300048828125,1234.300048828125,20.0
1421193600,1229.5999755859375,1243.800048828125,1225.5999755859375,1234.4000244140625,21.0
1421280000,1231.5,1265.0,1227.300048828125,1264.699951171875,130.0
1421366400,1256.0999755859375,1279.699951171875,1256.0999755859375,1276.9000244140625,44.0
1421712000,1278.9000244140625,1297.300048828125,1273.800048828125,1294.199951171875,157.0
1421798400,1295.199951171875,1303.5,1286.699951171875,1293.699951171875,78.0
1421884800,1293.199951171875,1302.0999755859375,1283.5,1300.699951171875,131.0
1421971200,1299.800048828125,1299.800048828125,1292.5999755859375,1292.5999755859375,23.0
1422230400,1289.5,1290.5999755859375,1279.4000244140625,1279.4000244140625,26.0
1422316800,1277.199951171875,1291.699951171875,1277.199951171875,1291.699951171875,20.0
1422403200,1285.9000244140625,1286.800048828125,1285.9000244140625,1285.9000244140625,180387.0
1422489600,1283.300048828125,1285.4000244140625,1251.0,1254.5999755859375,67983.0
1422576000,1258.0,1284.300048828125,1257.0,1278.5,8626.0
1422835200,1284.0999755859375,1284.0999755859375,1266.0,1276.199951171875,1654.0
1422921600,1273.5,1284.699951171875,1255.300048828125,1259.699951171875,2380.0
1423008000,1262.0,1271.5999755859375,1256.800048828125,1263.800048828125,668.0
1423094400,1271.800048828125,1272.5999755859375,1257.800048828125,1262.0,133.0
1423180800,1265.0,1267.5999755859375,1228.0,1233.9000244140625,432.0
1423440000,1237.5,1242.300048828125,1235.4000244140625,1240.800048828125,319.0
1423526400,1237.5,1245.0,1231.199951171875,1231.5999755859375,231.0
1423612800,1233.300048828125,1237.4000244140625,1219.0,1219.0,102.0
1423699200,1217.9000244140625,1229.800048828125,1217.9000244140625,1220.0999755859375,99.0
1423785600,1222.199951171875,1232.800048828125,1222.199951171875,1226.5,65.0
1424131200,1227.699951171875,1234.0,1203.0,1208.0999755859375,204.0
1424217600,1207.0999755859375,1210.199951171875,1197.800048828125,1199.699951171875,147.0
1424304000,1216.5,1220.0,1205.0,1207.0999755859375,65.0
1424390400,1206.5,1213.0999755859375,1199.0999755859375,1204.4000244140625,51.0
1424649600,1201.300048828125,1203.300048828125,1191.5999755859375,1200.300048828125,268.0
1424736000,1203.4000244140625,1203.5,1193.800048828125,1196.9000244140625,151.0
1424822400,1204.300048828125,1204.5999755859375,1201.0,1201.0,570.0
1424908800,1204.800048828125,1219.0,1204.800048828125,1209.5999755859375,560.0
1424995200,1207.699951171875,1217.800048828125,1204.5,1212.5999755859375,195.0
1425254400,1214.300048828125,1222.699951171875,1204.9000244140625,1207.699951171875,124.0
1425340800,1201.5,1212.0,1195.0,1204.0,51.0
1425427200,1204.800048828125,1206.9000244140625,1198.0,1200.5999755859375,27.0
1425513600,1201.699951171875,1205.4000244140625,1195.9000244140625,1195.9000244140625,29.0
1425600000,1195.0,1195.699951171875,1163.699951171875,1164.0999755859375,168.0
1425859200,1169.4000244140625,1174.199951171875,1166.300048828125,1166.4000244140625,45.0
1425945600,1166.4000244140625,1168.4000244140625,1156.5,1160.0999755859375,94.0
1426032000,1162.0,1162.0,1147.699951171875,1150.699951171875,74.0
1426118400,1155.4000244140625,1160.5,1149.699951171875,1152.0999755859375,63.0
1426204800,1158.199951171875,1159.199951171875,1152.5999755859375,1152.5999755859375,44.0
1426464000,1159.699951171875,1162.300048828125,1150.0999755859375,1153.300048828125,56.0
1426550400,1153.5999755859375,1158.199951171875,1144.300048828125,1148.300048828125,71.0
1426636800,1148.699951171875,1174.300048828125,1147.0,1151.4000244140625,112.0
1426723200,1171.5999755859375,1171.5999755859375,1159.300048828125,1169.0999755859375,39.0
1426809600,1171.0,1185.4000244140625,1171.0,1184.800048828125,54.0
1427068800,1181.5999755859375,1188.0,1181.199951171875,1188.0,5.0
1427155200,1188.0,1193.0,1186.0,1191.699951171875,411.0
1427241600,1192.5,1199.199951171875,1192.5,1197.300048828125,11.0
1427328000,1198.199951171875,1213.699951171875,1198.199951171875,1205.0999755859375,68.0
1427414400,1197.0,1199.800048828125,1196.300048828125,1199.800048828125,172260.0
1427673600,1198.0,1198.5,1181.5999755859375,1184.800048828125,37990.0
1427760000,1185.800048828125,1190.0999755859375,1178.199951171875,1183.0999755859375,3409.0
1427846400,1182.9000244140625,1208.199951171875,1181.0,1208.0999755859375,1632.0
1427932800,1204.0,1205.699951171875,1194.800048828125,1200.9000244140625,1684.0
1428278400,1209.9000244140625,1224.199951171875,1209.9000244140625,1218.5999755859375,343.0
1428364800,1214.800048828125,1214.800048828125,1208.199951171875,1210.5999755859375,406.0
1428451200,1208.9000244140625,1211.4000244140625,1197.5999755859375,1203.0999755859375,236.0
1428537600,1201.699951171875,1202.5,1193.0,1193.5999755859375,521.0
1428624000,1195.800048828125,1209.5999755859375,1195.800048828125,1204.5999755859375,202.0
1428883200,1208.0999755859375,1208.0999755859375,1198.300048828125,1199.300048828125,424.0
1428969600,1198.800048828125,1200.5999755859375,1184.0999755859375,1192.800048828125,546.0
1429056000,1194.5999755859375,1203.0999755859375,1188.5999755859375,1201.5,196.0
1429142400,1204.300048828125,1208.5,1194.5999755859375,1198.0,199.0
1429228800,1200.199951171875,1206.0,1200.199951171875,1202.9000244140625,21.0
1429488000,1205.699951171875,1206.9000244140625,1191.0,1193.5,67.0
1429574400,1193.199951171875,1202.9000244140625,1192.800048828125,1202.9000244140625,33.0
1429660800,1199.0999755859375,1202.5999755859375,1185.199951171875,1186.9000244140625,93.0
1429747200,1187.199951171875,1197.0,1186.0999755859375,1194.4000244140625,331.0
1429833600,1192.300048828125,1194.699951171875,1174.5999755859375,1175.199951171875,52.0
1430092800,1182.300048828125,1206.699951171875,1181.4000244140625,1203.300048828125,194.0
1430179200,1199.699951171875,1214.0,1199.699951171875,1214.0,401.0
1430265600,1211.199951171875,1212.5999755859375,1201.9000244140625,1209.800048828125,114.0
1430352000,1203.0999755859375,1205.9000244140625,1176.699951171875,1182.4000244140625,143.0
1430438400,1178.0999755859375,1178.0999755859375,1170.0,1174.5,23.0
1430697600,1177.5,1189.4000244140625,1177.5,1186.800048828125,38.0
1430784000,1187.5,1198.699951171875,1186.9000244140625,1193.199951171875,48.0
1430870400,1194.5,1194.5999755859375,1189.9000244140625,1190.300048828125,14.0
1430956800,1181.5,1186.0,1179.699951171875,1182.4000244140625,44.0
1431043200,1183.300048828125,1189.0999755859375,1182.9000244140625,1189.0999755859375,51.0
1431302400,1189.699951171875,1190.5,1179.300048828125,1183.199951171875,26.0
1431388800,1194.5999755859375,1194.800048828125,1189.699951171875,1192.5999755859375,10.0
1431475200,1192.699951171875,1218.4000244140625,1191.0,1218.4000244140625,34.0
1431561600,1214.5,1225.5999755859375,1214.5,1225.4000244140625,35.0
1431648000,1218.5,1225.5,1214.800048828125,1225.5,12.0
1431907200,1224.5,1228.0999755859375,1222.5999755859375,1227.800048828125,8.0
1431993600,1223.9000244140625,1223.9000244140625,1206.0,1206.9000244140625,9.0
1432080000,1205.0999755859375,1210.800048828125,1205.0999755859375,1208.9000244140625,11.0
1432166400,1204.5,1204.5,1203.699951171875,1204.4000244140625,43.0
1432252800,1211.5999755859375,1211.9000244140625,1204.300048828125,1204.300048828125,8.0
1432598400,1193.5999755859375,1193.5999755859375,1186.0,1187.199951171875,40.0
1432684800,1185.9000244140625,1185.9000244140625,1185.9000244140625,1185.9000244140625,200216.0
1432771200,1187.0999755859375,1192.0,1179.5999755859375,1188.0999755859375,52705.0
1432857600,1187.800048828125,1193.300048828125,1185.699951171875,1189.4000244140625,4748.0
1433116800,1190.5999755859375,1204.0,1184.300048828125,1188.300048828125,1236.0
1433203200,1189.0,1194.300048828125,1186.0,1194.0999755859375,1003.0
1433289600,1193.9000244140625,1193.9000244140625,1179.0999755859375,1184.699951171875,630.0
1433376000,1184.9000244140625,1185.300048828125,1173.0,1174.9000244140625,447.0
1433462400,1176.4000244140625,1177.300048828125,1164.0,1167.800048828125,390.0
1433721600,1169.5,1176.0999755859375,1169.0999755859375,1173.199951171875,173.0
1433808000,1172.9000244140625,1180.300048828125,1172.699951171875,1177.300048828125,144.0
1433894400,1176.0999755859375,1190.0999755859375,1175.5999755859375,1186.0999755859375,295.0
1433980800,1183.199951171875,1183.199951171875,1174.4000244140625,1179.9000244140625,69.0
1434067200,1180.4000244140625,1181.199951171875,1176.199951171875,1178.800048828125,141.0
1434326400,1179.9000244140625,1188.5,1172.699951171875,1185.300048828125,102.0
1434412800,1186.5,1186.5,1175.9000244140625,1180.5,29.0
1434499200,1177.5999755859375,1186.300048828125,1174.9000244140625,1176.4000244140625,168.0
1434585600,1183.4000244140625,1202.0,1183.4000244140625,1201.5,130.0
1434672000,1199.699951171875,1203.0999755859375,1199.699951171875,1201.5,142.0
1434931200,1197.800048828125,1197.800048828125,1182.699951171875,1183.699951171875,30.0
1435017600,1183.800048828125,1186.0,1176.199951171875,1176.199951171875,60.0
1435104000,1176.5999755859375,1176.5999755859375,1170.699951171875,1172.5999755859375,263.0
1435190400,1175.800048828125,1175.9000244140625,1171.5,1171.5,95.0
1435276800,1170.5,1172.9000244140625,1170.5,1172.9000244140625,308.0
1435536000,1185.0999755859375,1186.0,1173.800048828125,1178.5,174.0
1435622400,1176.300048828125,1176.4000244140625,1166.5999755859375,1171.5,223.0
1435708800,1173.0999755859375,1173.0999755859375,1166.5999755859375,1169.0,455.0
1435795200,1166.4000244140625,1168.0999755859375,1155.5,1163.0,316.0
1436140800,1171.0999755859375,1173.0,1162.199951171875,1172.9000244140625,634.0
1436227200,1166.800048828125,1166.800048828125,1149.5,1152.4000244140625,469.0
1436313600,1152.5999755859375,1163.300048828125,1146.4000244140625,1163.300048828125,65.0
1436400000,1154.800048828125,1163.5999755859375,1154.800048828125,1159.0,65.0
1436486400,1160.0999755859375,1161.4000244140625,1157.5,1157.699951171875,27.0
1436745600,1159.0,1159.0,1151.199951171875,1155.199951171875,14.0
1436832000,1157.199951171875,1157.199951171875,1153.0,1153.300048828125,39.0
1436918400,1154.0,1154.0,1144.800048828125,1147.199951171875,15.0
1437004800,1146.199951171875,1146.199951171875,1142.9000244140625,1143.800048828125,14.0
1437091200,1144.0,1144.0,1130.199951171875,1131.800048828125,120.0
1437350400,1130.4000244140625,1130.699951171875,1095.0999755859375,1106.699951171875,189.0
1437436800,1097.0999755859375,1106.4000244140625,1097.0999755859375,1103.4000244140625,118.0
1437523200,1093.0,1095.0,1086.0,1091.4000244140625,46.0
1437609600,1097.4000244140625,1097.5999755859375,1087.800048828125,1094.0,64.0
1437696000,1078.5999755859375,1100.699951171875,1078.5999755859375,1085.5999755859375,52.0
1437955200,1100.0,1102.5,1093.9000244140625,1096.5,19.0
1438041600,1097.199951171875,1097.699951171875,1096.300048828125,1096.300048828125,31.0
1438128000,1096.4000244140625,1096.9000244140625,1092.699951171875,1092.699951171875,159142.0
1438214400,1096.0999755859375,1097.5,1081.0,1088.4000244140625,49298.0
1438300800,1087.699951171875,1102.800048828125,1079.0999755859375,1094.9000244140625,5700.0
1438560000,1095.5,1097.0999755859375,1085.0,1089.4000244140625,2418.0
1438646400,1085.0999755859375,1093.9000244140625,1080.5,1090.699951171875,1139.0
1438732800,1086.5,1090.5999755859375,1082.5,1085.699951171875,1207.0
1438819200,1084.4000244140625,1092.199951171875,1083.5999755859375,1090.199951171875,269.0
1438905600,1088.9000244140625,1098.300048828125,1081.699951171875,1094.0999755859375,614.0
1439164800,1093.199951171875,1107.5999755859375,1089.5,1104.199951171875,900.0
1439251200,1103.800048828125,1116.699951171875,1094.0,1107.5999755859375,997.0
1439337600,1106.0,1124.5,1101.5,1123.199951171875,797.0
1439424000,1124.300048828125,1124.300048828125,1113.0,1115.699951171875,441.0
1439510400,1113.9000244140625,1118.800048828125,1112.5,1112.9000244140625,908.0
1439769600,1113.800048828125,1122.0,1113.800048828125,1118.5999755859375,399.0
1439856000,1118.199951171875,1118.4000244140625,1110.0,1117.0999755859375,475.0
1439942400,1117.0,1134.300048828125,1116.800048828125,1128.0999755859375,348.0
1440028800,1132.800048828125,1153.300048828125,1132.800048828125,1153.0,409.0
1440115200,1154.0999755859375,1166.5,1150.5,1159.5999755859375,261.0
1440374400,1164.0,1169.0,1147.5,1153.4000244140625,299.0
1440460800,1151.5,1155.5,1134.0,1138.199951171875,217.0
1440547200,1139.199951171875,1143.0,1119.5999755859375,1124.5999755859375,116.0
1440633600,1127.199951171875,1127.4000244140625,1118.4000244140625,1122.4000244140625,564.0
1440720000,1125.300048828125,1139.0,1123.5999755859375,1133.0999755859375,279.0
1440979200,1131.0999755859375,1134.0,1124.800048828125,1131.5999755859375,194.0
1441065600,1133.5,1144.699951171875,1133.5,1138.699951171875,375.0
1441152000,1137.300048828125,1140.4000244140625,1130.800048828125,1132.5,201.0
1441238400,1130.300048828125,1132.9000244140625,1120.300048828125,1123.699951171875,122.0
1441324800,1123.4000244140625,1125.199951171875,1116.199951171875,1120.5999755859375,51.0
1441670400,1119.800048828125,1124.300048828125,1116.4000244140625,1120.4000244140625,138.0
1441756800,1123.5,1123.5,1102.0999755859375,1102.199951171875,150.0
1441843200,1107.300048828125,1113.5,1105.5,1109.5,56.0
1441929600,1110.800048828125,1111.699951171875,1098.199951171875,1103.5,81.0
1442188800,1107.800048828125,1108.5999755859375,1104.0999755859375,1107.699951171875,19.0
1442275200,1104.5,1104.5,1102.800048828125,1102.800048828125,8.0
1442361600,1109.800048828125,1119.9000244140625,1109.800048828125,1119.199951171875,31.0
1442448000,1118.5999755859375,1130.5,1117.0999755859375,1117.300048828125,14.0
1442534400,1128.300048828125,1141.199951171875,1127.800048828125,1138.0999755859375,59.0
1442793600,1137.5999755859375,1138.5,1130.800048828125,1133.0999755859375,17.0
1442880000,1132.5999755859375,1135.0,1122.5,1125.0,43.0
1442966400,1128.5999755859375,1132.199951171875,1128.300048828125,1131.5999755859375,33.0
1443052800,1133.0,1155.9000244140625,1133.0,1153.800048828125,37.0
1443139200,1149.800048828125,1149.800048828125,1143.4000244140625,1146.0,56.0
1443398400,1133.199951171875,1133.199951171875,1132.0,1132.0,4346.0
1443484800,1132.199951171875,1134.4000244140625,1124.300048828125,1127.0999755859375,2417.0
1443571200,1124.300048828125,1126.0,1112.0999755859375,1115.5,865.0
1443657600,1115.199951171875,1119.0,1113.300048828125,1114.199951171875,1181.0
1443744000,1112.199951171875,1141.199951171875,1105.800048828125,1137.0999755859375,323.0
1444003200,1137.0999755859375,1141.699951171875,1132.5,1138.0999755859375,226.0
1444089600,1136.300048828125,1150.0,1136.300048828125,1146.800048828125,145.0
1444176000,1147.5999755859375,1152.9000244140625,1143.0,1149.0,104.0
1444262400,1142.699951171875,1146.699951171875,1138.699951171875,1144.699951171875,138.0
1444348800,1151.5999755859375,1157.199951171875,1151.5999755859375,1156.300048828125,22.0
1444608000,1155.9000244140625,1166.800048828125,1155.9000244140625,1164.9000244140625,40.0
1444694400,1163.5,1166.199951171875,1154.9000244140625,1165.800048828125,132.0
1444780800,1172.4000244140625,1189.0,1167.300048828125,1180.0999755859375,143.0
1444867200,1184.199951171875,1188.300048828125,1177.800048828125,1187.9000244140625,143.0
1444953600,1182.5,1184.0999755859375,1176.199951171875,1183.5999755859375,243.0
1445212800,1176.5,1177.800048828125,1169.300048828125,1173.300048828125,62.0
1445299200,1168.699951171875,1179.0999755859375,1168.699951171875,1178.0,19.0
1445385600,1175.9000244140625,1176.4000244140625,1164.9000244140625,1167.5999755859375,41.0
1445472000,1166.199951171875,1168.5999755859375,1163.5,1166.5999755859375,48.0
1445558400,1166.199951171875,1178.699951171875,1163.300048828125,1163.300048828125,38.0
1445817600,1165.0999755859375,1170.0,1163.800048828125,1167.0,176.0
1445904000,1164.5,1166.800048828125,1162.0,1166.800048828125,302.0
1445990400,1175.0999755859375,1182.699951171875,1175.0999755859375,1177.0999755859375,217.0
1446076800,1158.0,1162.0,1144.9000244140625,1147.199951171875,329.0
1446163200,1147.5,1147.5999755859375,1139.199951171875,1141.5,249.0
1446422400,1137.9000244140625,1138.699951171875,1132.5999755859375,1135.800048828125,180.0
1446508800,1133.300048828125,1134.699951171875,1114.199951171875,1114.199951171875,185.0
1446595200,1119.0,1121.9000244140625,1106.5,1106.5,141.0
1446681600,1107.9000244140625,1110.699951171875,1104.4000244140625,1104.4000244140625,84.0
1446768000,1105.199951171875,1109.5,1084.800048828125,1087.5999755859375,78.0
1447027200,1088.5999755859375,1088.5999755859375,1087.9000244140625,1087.9000244140625,5.0
1447113600,1090.0999755859375,1091.300048828125,1085.0,1088.199951171875,18.0
1447200000,1091.4000244140625,1091.4000244140625,1084.199951171875,1084.699951171875,15.0
1447286400,1086.0,1086.5999755859375,1080.800048828125,1080.800048828125,4.0
1447372800,1083.0999755859375,1085.9000244140625,1080.800048828125,1080.800048828125,23.0
1447632000,1092.0,1092.4000244140625,1083.699951171875,1083.699951171875,11.0
1447718400,1075.5,1075.800048828125,1065.0999755859375,1068.699951171875,6.0
1447804800,1064.0,1071.9000244140625,1064.0,1068.800048828125,5.0
1447891200,1077.4000244140625,1082.4000244140625,1077.4000244140625,1078.0,10.0
1447977600,1082.9000244140625,1082.9000244140625,1076.4000244140625,1076.4000244140625,5.0
1448236800,1070.0,1071.5,1066.800048828125,1066.800048828125,57.0
1448323200,1073.199951171875,1079.4000244140625,1073.199951171875,1074.300048828125,222.0
1448409600,1070.199951171875,1072.0,1068.5,1070.5,148662.0
1448582400,1070.699951171875,1074.199951171875,1051.0999755859375,1056.199951171875,52133.0
1448841600,1056.5,1068.4000244140625,1052.0999755859375,1065.800048828125,4601.0
1448928000,1064.5999755859375,1074.5999755859375,1063.4000244140625,1063.800048828125,3441.0
1449014400,1068.699951171875,1069.5,1049.5999755859375,1054.199951171875,503.0
1449100800,1054.4000244140625,1064.5999755859375,1046.199951171875,1061.699951171875,1161.0
1449187200,1063.0,1088.800048828125,1058.699951171875,1084.5,889.0
1449446400,1084.9000244140625,1086.5,1067.4000244140625,1076.4000244140625,656.0
1449532800,1071.0,1078.4000244140625,1069.5999755859375,1076.300048828125,306.0
1449619200,1075.0999755859375,1086.0,1070.5999755859375,1077.5999755859375,386.0
1449705600,1073.0,1076.300048828125,1071.699951171875,1073.0999755859375,226.0
1449792000,1067.800048828125,1079.4000244140625,1064.4000244140625,1076.9000244140625,410.0
1450051200,1074.0,1076.699951171875,1060.0,1064.699951171875,509.0
1450137600,1064.5999755859375,1066.199951171875,1061.800048828125,1062.9000244140625,220.0
1450224000,1064.800048828125,1078.699951171875,1064.300048828125,1078.0,81.0
1450310400,1072.5999755859375,1072.5999755859375,1050.5,1050.800048828125,56.0
1450396800,1053.699951171875,1070.300048828125,1052.699951171875,1066.199951171875,253.0
1450656000,1070.199951171875,1081.9000244140625,1070.199951171875,1081.9000244140625,26.0
1450742400,1078.5999755859375,1078.5999755859375,1073.800048828125,1074.800048828125,106.0
1450828800,1074.5,1074.800048828125,1069.4000244140625,1069.4000244140625,202.0
1450915200,1074.300048828125,1077.800048828125,1073.5,1077.199951171875,24.0
1451260800,1077.9000244140625,1098.800048828125,1070.5,1070.5,361.0
1451347200,1079.0999755859375,1079.699951171875,1077.5,1077.5,252.0
1451433600,1068.5999755859375,1070.199951171875,1059.699951171875,1060.0999755859375,71.0
1451520000,1061.9000244140625,1062.0,1058.5,1060.300048828125,10.0
1451865600,1063.4000244140625,1082.5,1063.199951171875,1075.0999755859375,143.0
1451952000,1075.5999755859375,1081.5,1075.300048828125,1078.4000244140625,82.0
1452038400,1081.5999755859375,1093.699951171875,1081.5999755859375,1091.9000244140625,52.0
1452124800,1091.5999755859375,1109.4000244140625,1091.5999755859375,1107.699951171875,122.0
1452211200,1111.0999755859375,1111.0999755859375,1093.0,1097.800048828125,98.0
1452470400,1105.699951171875,1107.9000244140625,1096.5,1096.5,43.0
1452556800,1093.800048828125,1098.5,1084.0,1085.5999755859375,87.0
1452643200,1081.5,1093.9000244140625,1081.5,1087.5,50.0
1452729600,1091.5,1091.5,1073.699951171875,1073.9000244140625,59.0
1452816000,1085.0,1095.800048828125,1081.800048828125,1091.5,44.0
1453161600,1089.800048828125,1094.4000244140625,1084.9000244140625,1089.9000244140625,17.0
1453248000,1099.800048828125,1109.800048828125,1099.800048828125,1107.0999755859375,30.0
1453334400,1103.5999755859375,1103.5999755859375,1094.0999755859375,1099.0999755859375,16.0
1453420800,1098.0,1103.199951171875,1097.199951171875,1097.199951171875,4.0
1453680000,1099.300048828125,1109.300048828125,1099.300048828125,1106.199951171875,8.0
1453766400,1115.0999755859375,1121.699951171875,1114.300048828125,1121.699951171875,181.0
1453852800,1117.800048828125,1117.800048828125,1115.800048828125,1116.0999755859375,168706.0
1453939200,1125.4000244140625,1125.699951171875,1109.800048828125,1115.5999755859375,52861.0
1454025600,1114.4000244140625,1118.5999755859375,1108.800048828125,1116.4000244140625,6955.0
1454284800,1116.699951171875,1130.0,1115.300048828125,1127.9000244140625,1682.0
1454371200,1128.300048828125,1131.4000244140625,1123.0,1127.300048828125,1230.0
1454457600,1128.5,1146.0,1125.0,1141.300048828125,1630.0
1454544000,1142.5,1157.5999755859375,1141.0,1157.5999755859375,771.0
1454630400,1155.5999755859375,1174.800048828125,1146.0,1157.800048828125,877.0
1454889600,1173.5,1200.4000244140625,1165.0,1197.9000244140625,931.0
1454976000,1188.699951171875,1199.199951171875,1186.699951171875,1198.699951171875,700.0
1455062400,1189.800048828125,1197.699951171875,1182.0999755859375,1194.699951171875,671.0
1455148800,1205.5999755859375,1260.800048828125,1204.5999755859375,1247.9000244140625,995.0
1455235200,1247.800048828125,1247.800048828125,1233.5,1239.0999755859375,250.0
1455580800,1233.0999755859375,1233.5999755859375,1193.5999755859375,1207.9000244140625,422.0
1455667200,1196.5,1212.9000244140625,1196.5,1211.0999755859375,53.0
1455753600,1209.5999755859375,1239.199951171875,1201.5999755859375,1226.0999755859375,315.0
1455840000,1230.800048828125,1232.800048828125,1221.800048828125,1230.4000244140625,76.0
1456099200,1226.0999755859375,1226.0999755859375,1203.0,1209.5,280.0
1456185600,1207.4000244140625,1226.0999755859375,1207.4000244140625,1222.300048828125,351.0
1456272000,1230.0,1250.0999755859375,1230.0,1238.699951171875,111.0
1456358400,1239.4000244140625,1241.5,1235.0,1238.199951171875,1349.0
1456444800,1232.4000244140625,1239.0999755859375,1212.199951171875,1219.800048828125,656.0
1456704000,1218.5999755859375,1241.0,1218.5999755859375,1233.9000244140625,580.0
1456790400,1240.5,1248.4000244140625,1229.0,1230.300048828125,477.0
1456876800,1232.800048828125,1242.5999755859375,1226.0,1241.0999755859375,267.0
1456963200,1238.4000244140625,1267.9000244140625,1238.0,1257.4000244140625,123.0
1457049600,1263.0,1279.9000244140625,1250.9000244140625,1269.9000244140625,268.0
1457308800,1259.800048828125,1272.300048828125,1259.699951171875,1263.199951171875,67.0
1457395200,1268.699951171875,1276.300048828125,1261.0,1262.0999755859375,43.0
1457481600,1254.5,1260.0,1244.800048828125,1256.5999755859375,79.0
1457568000,1250.0,1273.0,1237.5,1272.0,119.0
1457654400,1270.0,1280.699951171875,1249.4000244140625,1258.699951171875,87.0
1457913600,1256.0,1258.0,1234.5,1244.4000244140625,58.0
1458000000,1228.300048828125,1236.0,1228.0,1230.4000244140625,37.0
1458086400,1229.5,1263.800048828125,1228.9000244140625,1229.300048828125,45.0
1458172800,1261.5,1270.0999755859375,1255.9000244140625,1264.5,27.0
1458259200,1257.0999755859375,1264.4000244140625,1251.5,1253.800048828125,542.0
1458518400,1256.199951171875,1256.199951171875,1243.4000244140625,1243.800048828125,1061.0
1458604800,1244.0,1252.4000244140625,1243.800048828125,1248.199951171875,20.0
1458691200,1247.699951171875,1247.699951171875,1218.5999755859375,1223.699951171875,28.0
1458777600,1214.199951171875,1221.4000244140625,1214.199951171875,1221.4000244140625,13.0
1459123200,1211.5,1222.199951171875,1210.0,1219.9000244140625,33.0
1459209600,1217.800048828125,1235.5999755859375,1217.699951171875,1235.5999755859375,189732.0
1459296000,1241.4000244140625,1245.0,1223.4000244140625,1226.9000244140625,48248.0
1459382400,1225.5999755859375,1239.5999755859375,1224.5,1234.199951171875,3377.0
1459468800,1232.300048828125,1235.199951171875,1209.199951171875,1222.199951171875,1602.0
1459728000,1221.699951171875,1222.300048828125,1215.0,1218.0,2038.0
1459814400,1215.4000244140625,1236.699951171875,1215.4000244140625,1228.4000244140625,477.0
1459900800,1230.4000244140625,1230.4000244140625,1217.5999755859375,1222.5,248.0
1459987200,1224.800048828125,1242.9000244140625,1224.5999755859375,1236.199951171875,375.0
1460073600,1241.0,1242.800048828125,1232.0,1242.5,409.0
1460332800,1241.5,1258.699951171875,1241.5,1256.699951171875,437.0
1460419200,1260.0,1261.699951171875,1253.699951171875,1259.4000244140625,185.0
1460505600,1256.5,1256.9000244140625,1241.300048828125,1246.800048828125,203.0
1460592000,1231.4000244140625,1243.699951171875,1224.5,1225.0,264.0
1460678400,1225.699951171875,1235.0,1225.699951171875,1233.0999755859375,97.0
1460937600,1238.699951171875,1241.0999755859375,1232.199951171875,1233.5999755859375,304.0
1461024000,1231.5999755859375,1256.199951171875,1228.800048828125,1253.0,386.0
1461110400,1256.0999755859375,1256.0999755859375,1243.0,1253.199951171875,180.0
1461196800,1247.699951171875,1270.5999755859375,1247.5999755859375,1249.0,124.0
1461283200,1248.5,1248.5,1228.0,1228.699951171875,188.0
1461542400,1231.5999755859375,1240.9000244140625,1231.5999755859375,1238.9000244140625,442.0
1461628800,1239.800048828125,1244.199951171875,1233.0,1242.199951171875,97.0
1461715200,1248.5999755859375,1249.5,1248.5999755859375,1249.199951171875,547.0
1461801600,1245.9000244140625,1270.0999755859375,1238.5,1265.5,887.0
1461888000,1267.300048828125,1295.5,1267.199951171875,1289.199951171875,464.0
1462147200,1292.0999755859375,1304.4000244140625,1290.4000244140625,1294.699951171875,192.0
1462233600,1292.699951171875,1301.5,1284.5,1290.699951171875,151.0
1462320000,1286.9000244140625,1290.0,1273.0,1273.300048828125,109.0
1462406400,1282.9000244140625,1286.0,1270.800048828125,1271.4000244140625,330.0
1462492800,1278.5999755859375,1295.5999755859375,1276.9000244140625,1292.9000244140625,305.0
1462752000,1286.5,1286.5,1262.300048828125,1265.5999755859375,341.0
1462838400,1265.0999755859375,1267.4000244140625,1258.699951171875,1263.9000244140625,23.0
1462924800,1266.9000244140625,1279.199951171875,1266.9000244140625,1274.5999755859375,50.0
1463011200,1267.0,1281.199951171875,1264.0,1270.300048828125,101.0
1463097600,1271.4000244140625,1275.699951171875,1264.5999755859375,1271.9000244140625,66.0
1463356800,1272.800048828125,1287.800048828125,1272.800048828125,1273.4000244140625,44.0
1463443200,1272.5,1281.5999755859375,1270.800048828125,1276.199951171875,16.0
1463529600,1276.4000244140625,1276.4000244140625,1256.800048828125,1273.699951171875,17.0
1463616000,1248.0,1255.5,1247.5,1254.199951171875,69.0
1463702400,1256.5999755859375,1256.5999755859375,1252.4000244140625,1252.4000244140625,44.0
1463961600,1251.5999755859375,1251.5999755859375,1247.5,1251.0999755859375,56.0
1464048000,1240.0,1240.0,1228.199951171875,1228.9000244140625,20.0
1464134400,1219.300048828125,1223.5,1218.5999755859375,1223.5,5.0
1464220800,1232.5999755859375,1232.5999755859375,1220.0999755859375,1220.0999755859375,199778.0
1464307200,1220.300048828125,1223.199951171875,1206.4000244140625,1213.800048828125,63739.0
1464652800,1212.5,1217.5999755859375,1199.0,1214.800048828125,6432.0
1464739200,1215.699951171875,1219.800048828125,1205.4000244140625,1211.9000244140625,2717.0
1464825600,1212.4000244140625,1217.0,1209.5999755859375,1209.800048828125,1627.0
1464912000,1209.0999755859375,1244.5,1206.4000244140625,1240.0999755859375,1622.0
1465171200,1244.4000244140625,1247.300048828125,1240.0,1244.5999755859375,1135.0
1465257600,1244.0,1244.9000244140625,1236.5,1244.4000244140625,281.0
1465344000,1247.5999755859375,1264.0,1247.300048828125,1259.800048828125,406.0
1465430400,1262.5,1271.4000244140625,1258.0999755859375,1270.199951171875,381.0
1465516800,1267.5999755859375,1278.0,1265.300048828125,1273.4000244140625,397.0
1465776000,1276.199951171875,1287.300048828125,1273.0,1284.4000244140625,328.0
1465862400,1281.800048828125,1289.699951171875,1277.800048828125,1285.5999755859375,554.0
1465948800,1284.5999755859375,1296.199951171875,1278.800048828125,1285.800048828125,162.0
1466035200,1296.300048828125,1316.4000244140625,1281.0999755859375,1296.0999755859375,251.0
1466121600,1280.300048828125,1300.0999755859375,1280.300048828125,1292.5,129.0
1466380800,1288.9000244140625,1291.199951171875,1280.300048828125,1290.0,153.0
1466467200,1293.9000244140625,1293.9000244140625,1266.300048828125,1270.5,134.0
1466553600,1267.0,1269.199951171875,1264.9000244140625,1268.0,53.0
1466640000,1263.4000244140625,1270.5,1255.199951171875,1261.199951171875,218.0
1466726400,1253.699951171875,1355.5999755859375,1253.699951171875,1320.0,694.0
1466985600,1330.0,1331.699951171875,1320.0,1322.5,92.0
1467072000,1314.800048828125,1315.5999755859375,1314.0999755859375,1315.300048828125,1072.0
1467158400,1311.5999755859375,1327.4000244140625,1311.5999755859375,1323.9000244140625,414.0
1467244800,1315.800048828125,1323.5,1314.5,1318.4000244140625,560.0
1467331200,1324.5,1344.199951171875,1321.9000244140625,1336.699951171875,137.0
1467676800,1342.199951171875,1356.800048828125,1339.699951171875,1356.4000244140625,90.0
1467763200,1359.0,1374.9000244140625,1359.0,1364.9000244140625,130.0
1467849600,1366.800048828125,1368.5999755859375,1350.5,1360.0999755859375,207.0
1467936000,1361.300048828125,1365.800048828125,1335.0,1356.5999755859375,249.0
1468195200,1371.699951171875,1371.800048828125,1353.0,1355.0,26.0
1468281600,1353.5999755859375,1356.0,1330.300048828125,1334.0999755859375,252.0
1468368000,1341.5,1342.4000244140625,1336.699951171875,1342.4000244140625,7.0
1468454400,1341.4000244140625,1341.4000244140625,1322.699951171875,1331.300048828125,20.0
1468540800,1333.699951171875,1333.699951171875,1322.9000244140625,1326.5,52.0
1468800000,1327.5,1335.0,1326.199951171875,1328.4000244140625,54.0
1468886400,1328.5,1333.199951171875,1326.4000244140625,1331.5,322.0
1468972800,1331.0,1337.5,1315.5,1318.800048828125,751.0
1469059200,1312.800048828125,1330.5,1312.800048828125,1330.5,318.0
1469145600,1330.699951171875,1330.699951171875,1320.4000244140625,1323.0999755859375,55.0
1469404800,1315.699951171875,1319.300048828125,1313.800048828125,1319.300048828125,548.0
1469491200,1315.199951171875,1320.699951171875,1315.199951171875,1320.699951171875,63.0
1469577600,1326.0,1326.5999755859375,1326.0,1326.5999755859375,215388.0
1469664000,1339.5,1344.300048828125,1330.0999755859375,1332.300048828125,56908.0
1469750400,1333.199951171875,1353.300048828125,1325.800048828125,1349.0,6076.0
1470009600,1348.800048828125,1353.5,1345.5999755859375,1351.4000244140625,1257.0
1470096000,1352.0999755859375,1366.0,1346.5999755859375,1364.4000244140625,2941.0
1470182400,1362.4000244140625,1364.699951171875,1353.300048828125,1356.0999755859375,715.0
1470268800,1354.4000244140625,1361.5999755859375,1347.0,1358.800048828125,381.0
1470355200,1357.5999755859375,1360.800048828125,1333.699951171875,1336.4000244140625,1107.0
1470614400,1330.0,1335.4000244140625,1327.800048828125,1333.4000244140625,587.0
1470700800,1331.800048828125,1339.4000244140625,1328.5,1339.0,620.0
1470787200,1344.800048828125,1354.199951171875,1344.300048828125,1344.300048828125,110.0
1470873600,1341.5999755859375,1350.4000244140625,1334.800048828125,1342.5,666.0
1470960000,1336.800048828125,1351.800048828125,1333.199951171875,1335.800048828125,113.0
1471219200,1336.5,1340.5999755859375,1333.5999755859375,1340.300048828125,62.0
1471305600,1342.199951171875,1355.0,1341.0,1350.5,338.0
1471392000,1345.5,1347.300048828125,1338.5999755859375,1342.699951171875,135.0
1471478400,1351.300048828125,1354.4000244140625,1348.199951171875,1351.199951171875,140.0
1471564800,1350.0999755859375,1350.0999755859375,1338.5999755859375,1340.4000244140625,197.0
1471824000,1334.4000244140625,1337.699951171875,1333.300048828125,1337.699951171875,117.0
1471910400,1337.0,1341.199951171875,1334.300048828125,1340.5999755859375,551.0
1471996800,1337.199951171875,1337.199951171875,1322.9000244140625,1324.4000244140625,262.0
1472083200,1321.4000244140625,1324.0,1317.0,1320.0999755859375,58.0
1472169600,1323.800048828125,1340.5,1320.0999755859375,1321.5,141.0
1472428800,1315.0,1323.0,1315.0,1322.9000244140625,437.0
1472515200,1322.0,1322.0999755859375,1308.0,1311.699951171875,705.0
1472601600,1310.300048828125,1313.699951171875,1306.300048828125,1306.9000244140625,214.0
1472688000,1305.300048828125,1313.0999755859375,1301.5,1312.199951171875,225.0
1472774400,1309.5999755859375,1326.699951171875,1309.199951171875,1322.0999755859375,55.0
1473120000,1323.300048828125,1349.4000244140625,1323.199951171875,1349.4000244140625,46.0
1473206400,1348.4000244140625,1350.5,1343.9000244140625,1344.300048828125,14.0
1473292800,1344.800048828125,1345.4000244140625,1335.699951171875,1336.800048828125,30.0
1473379200,1338.5,1338.5,1328.0,1330.0999755859375,35.0
1473638400,1327.0,1329.300048828125,1319.9000244140625,1321.0,177.0
1473724800,1324.5999755859375,1324.5999755859375,1315.0,1319.0,79.0
1473811200,1319.199951171875,1322.300048828125,1319.199951171875,1321.5,73.0
1473897600,1320.699951171875,1320.699951171875,1310.800048828125,1313.5,37.0
1473984000,1312.199951171875,1312.5999755859375,1305.800048828125,1305.800048828125,4.0
1474243200,1313.5,1313.5,1313.5,1313.5,20.0
1474329600,1313.699951171875,1313.699951171875,1313.699951171875,1313.699951171875,97.0
1474416000,1326.300048828125,1326.9000244140625,1324.0,1326.9000244140625,76.0
1474502400,1338.5999755859375,1340.4000244140625,1338.199951171875,1340.4000244140625,23.0
1474588800,1337.199951171875,1337.199951171875,1337.199951171875,1337.199951171875,40.0
1474848000,1335.199951171875,1341.800048828125,1335.199951171875,1339.699951171875,24.0
1474934400,1328.0,1328.699951171875,1325.9000244140625,1325.9000244140625,48.0
1475020800,1319.4000244140625,1319.4000244140625,1319.4000244140625,1319.4000244140625,10551.0
1475107200,1321.199951171875,1325.0,1314.699951171875,1321.699951171875,6108.0
1475193600,1320.5999755859375,1327.699951171875,1312.9000244140625,1313.300048828125,868.0
1475452800,1313.5,1316.800048828125,1308.199951171875,1309.0,299.0
1475539200,1307.5999755859375,1310.199951171875,1266.300048828125,1266.300048828125,1893.0
1475625600,1272.0999755859375,1274.0,1261.300048828125,1265.199951171875,246.0
1475712000,1265.300048828125,1265.300048828125,1249.800048828125,1249.800048828125,114.0
1475798400,1253.9000244140625,1263.5999755859375,1248.9000244140625,1248.9000244140625,169.0
1476144000,1258.9000244140625,1258.9000244140625,1253.0,1253.0,26.0
1476230400,1251.699951171875,1254.0,1251.0999755859375,1251.0999755859375,127.0
1476316800,1258.699951171875,1259.0,1255.0,1255.0,315.0
1476403200,1253.9000244140625,1253.9000244140625,1250.5999755859375,1253.0999755859375,311.0
1476662400,1249.9000244140625,1255.0,1249.9000244140625,1254.4000244140625,41.0
1476748800,1260.9000244140625,1261.699951171875,1260.800048828125,1260.800048828125,11.0
1476835200,1262.9000244140625,1271.5,1262.9000244140625,1267.9000244140625,219.0
1476921600,1270.0,1270.5,1265.5,1265.5999755859375,415.0
1477008000,1265.9000244140625,1265.9000244140625,1265.9000244140625,1265.9000244140625,224.0
1477267200,1269.199951171875,1269.199951171875,1261.800048828125,1262.0,42.0
1477353600,1264.0999755859375,1274.0999755859375,1264.0999755859375,1271.9000244140625,61.0
1477440000,1274.0,1274.0,1264.800048828125,1264.800048828125,279.0
1477526400,1269.4000244140625,1269.4000244140625,1267.9000244140625,1267.9000244140625,338.0
1477612800,1270.300048828125,1281.5,1262.0,1275.5,560.0
1477872000,1276.5999755859375,1276.5999755859375,1271.5,1271.5,58.0
1477958400,1279.300048828125,1290.699951171875,1279.0,1286.4000244140625,49.0
1478044800,1288.300048828125,1307.0,1288.300048828125,1306.800048828125,30.0
1478131200,1296.4000244140625,1303.0999755859375,1287.300048828125,1302.0999755859375,73.0
1478217600,1300.0,1303.300048828125,1296.699951171875,1303.300048828125,11.0
1478476800,1292.0,1294.5,1278.300048828125,1278.300048828125,34.0
1478563200,1284.0999755859375,1289.4000244140625,1273.199951171875,1273.4000244140625,50.0
1478649600,1272.199951171875,1318.5999755859375,1270.0,1272.5999755859375,108.0
1478736000,1274.4000244140625,1287.5,1253.300048828125,1265.5,63.0
1479081600,1227.800048828125,1229.5,1210.4000244140625,1221.199951171875,216.0
1479168000,1224.300048828125,1226.0,1222.5,1224.0,20.0
1479254400,1229.300048828125,1229.300048828125,1223.0,1223.4000244140625,66.0
1479340800,1224.5999755859375,1225.0,1211.0,1216.5,1139.0
1479427200,1211.9000244140625,1211.9000244140625,1207.199951171875,1208.5,607.0
1479686400,1209.5999755859375,1209.5999755859375,1209.5999755859375,1209.5999755859375,19.0
1479772800,1210.4000244140625,1211.0999755859375,1207.5999755859375,1211.0,19.0
1479859200,1212.800048828125,1213.800048828125,1186.800048828125,1189.0999755859375,309.0
1480032000,1177.0,1189.300048828125,1177.0,1178.199951171875,14.0
1480291200,1188.0,1190.5999755859375,1188.0,1190.5999755859375,189914.0
1480377600,1193.199951171875,1194.800048828125,1179.4000244140625,1187.9000244140625,42124.0
1480464000,1187.0999755859375,1193.300048828125,1167.9000244140625,1170.800048828125,7158.0
1480550400,1172.699951171875,1174.5999755859375,1160.0,1166.9000244140625,1588.0
1480636800,1172.300048828125,1177.300048828125,1166.4000244140625,1175.0999755859375,1521.0
1480896000,1181.800048828125,1186.699951171875,1157.0,1174.0,358.0
1480982400,1170.9000244140625,1174.5,1167.0999755859375,1167.5999755859375,652.0
1481068800,1167.699951171875,1178.5,1166.4000244140625,1175.0,182.0
1481155200,1173.800048828125,1177.800048828125,1169.0999755859375,1169.800048828125,322.0
1481241600,1166.5999755859375,1168.800048828125,1156.0,1159.4000244140625,365.0
1481500800,1158.300048828125,1163.9000244140625,1153.0,1163.5,331.0
1481587200,1163.5,1164.0,1155.4000244140625,1156.699951171875,637.0
1481673600,1159.800048828125,1164.0,1142.0,1161.300048828125,487.0
1481760000,1139.800048828125,1143.300048828125,1123.9000244140625,1127.800048828125,244.0
1481846400,1126.9000244140625,1140.9000244140625,1126.9000244140625,1135.300048828125,146.0
1482105600,1139.4000244140625,1140.699951171875,1137.9000244140625,1140.5,249.0
1482192000,1133.5,1133.5,1126.5,1131.5,46.0
1482278400,1136.0999755859375,1136.0999755859375,1130.0,1131.0999755859375,50.0
1482364800,1131.199951171875,1132.800048828125,1128.300048828125,1128.800048828125,104.0
1482451200,1130.9000244140625,1132.800048828125,1130.300048828125,1131.9000244140625,70.0
1482796800,1134.300048828125,1142.199951171875,1134.300048828125,1137.300048828125,84.0
1482883200,1141.199951171875,1141.199951171875,1138.0,1139.4000244140625,1570.0
1482969600,1143.800048828125,1158.800048828125,1143.5999755859375,1156.4000244140625,950.0
1483056000,1162.0,1162.0,1150.0,1150.0,16.0
1483401600,1155.199951171875,1160.800048828125,1146.5,1160.4000244140625,52.0
1483488000,1156.300048828125,1165.0,1156.300048828125,1163.800048828125,36.0
1483574400,1172.0,1183.300048828125,1171.5,1179.699951171875,500.0
1483660800,1176.5,1176.5,1171.9000244140625,1171.9000244140625,16.0
1483920000,1173.9000244140625,1183.5999755859375,1173.0,1183.5,62.0
1484006400,1184.300048828125,1188.9000244140625,1182.300048828125,1184.199951171875,8.0
1484092800,1187.5,1197.0,1176.5,1195.5999755859375,20.0
1484179200,1192.699951171875,1204.300048828125,1192.300048828125,1198.9000244140625,110.0
1484265600,1195.699951171875,1196.0,1187.699951171875,1195.300048828125,65.0
1484611200,1205.5,1214.5999755859375,1200.800048828125,1212.0,79.0
1484697600,1213.5999755859375,1214.699951171875,1203.0999755859375,1211.300048828125,114.0
1484784000,1200.5,1204.0,1195.800048828125,1200.9000244140625,26.0
1484870400,1202.800048828125,1212.0999755859375,1202.800048828125,1204.300048828125,38.0
1485129600,1212.0,1215.0,1210.0,1215.0,16.0
1485216000,1219.0,1219.0,1207.699951171875,1210.300048828125,24.0
1485302400,1202.0,1202.800048828125,1194.9000244140625,1197.300048828125,403.0
1485388800,1199.699951171875,1199.699951171875,1185.5999755859375,1189.5,19.0
1485475200,1187.9000244140625,1188.300048828125,1187.9000244140625,1188.0999755859375,234352.0
1485734400,1191.699951171875,1198.5,1187.0999755859375,1193.199951171875,50503.0
1485820800,1194.9000244140625,1214.699951171875,1193.5,1208.5999755859375,3212.0
1485907200,1211.9000244140625,1211.9000244140625,1197.9000244140625,1205.5999755859375,1145.0
1485993600,1209.699951171875,1224.199951171875,1208.9000244140625,1216.699951171875,1512.0
1486080000,1214.9000244140625,1220.5999755859375,1206.199951171875,1218.5,865.0
1486339200,1221.9000244140625,1235.4000244140625,1218.5,1230.0,908.0
1486425600,1234.199951171875,1236.199951171875,1228.5,1234.199951171875,1177.0
1486512000,1232.0999755859375,1243.9000244140625,1231.0,1237.5999755859375,288.0
1486598400,1239.4000244140625,1243.5,1226.9000244140625,1235.0999755859375,885.0
1486684800,1227.5999755859375,1234.4000244140625,1221.5,1234.4000244140625,391.0
1486944000,1230.5,1231.0999755859375,1219.0,1224.4000244140625,398.0
1487030400,1225.9000244140625,1233.5,1222.0999755859375,1223.9000244140625,159.0
1487116800,1225.5,1231.699951171875,1217.300048828125,1231.699951171875,175.0
1487203200,1234.5,1240.699951171875,1233.199951171875,1240.0,87.0
1487289600,1240.699951171875,1241.199951171875,1234.800048828125,1237.5999755859375,301.0
1487635200,1237.300048828125,1237.5,1228.0999755859375,1237.5,119.0
1487721600,1236.0999755859375,1238.5999755859375,1231.800048828125,1232.0,36.0
1487808000,1236.0999755859375,1250.300048828125,1236.0999755859375,1250.199951171875,112.0
1487894400,1250.0,1258.800048828125,1250.0,1256.9000244140625,1264.0
1488153600,1254.699951171875,1263.0999755859375,1250.4000244140625,1257.4000244140625,544.0
1488240000,1253.5999755859375,1257.300048828125,1247.199951171875,1252.5999755859375,721.0
1488326400,1247.800048828125,1248.9000244140625,1236.9000244140625,1248.9000244140625,138.0
1488412800,1247.199951171875,1247.5999755859375,1230.699951171875,1231.9000244140625,79.0
1488499200,1231.699951171875,1235.199951171875,1222.9000244140625,1225.5,121.0
1488758400,1235.199951171875,1235.199951171875,1224.5,1224.5,29.0
1488844800,1224.300048828125,1225.4000244140625,1213.699951171875,1215.0999755859375,53.0
1488931200,1212.199951171875,1212.199951171875,1206.699951171875,1208.5,24.0
1489017600,1204.5,1205.5999755859375,1202.300048828125,1202.4000244140625,37.0
1489104000,1196.199951171875,1203.300048828125,1196.199951171875,1200.699951171875,3.0
1489363200,1206.199951171875,1210.0,1202.300048828125,1202.4000244140625,35.0
1489449600,1203.0999755859375,1205.9000244140625,1196.800048828125,1201.9000244140625,22.0
1489536000,1198.199951171875,1221.199951171875,1197.699951171875,1200.0999755859375,36.0
1489622400,1222.199951171875,1231.4000244140625,1222.199951171875,1226.5,47.0
1489708800,1227.0999755859375,1230.9000244140625,1227.0999755859375,1229.800048828125,26.0
1489968000,1229.300048828125,1234.4000244140625,1229.300048828125,1233.5999755859375,23.0
1490054400,1226.4000244140625,1246.0999755859375,1226.4000244140625,1246.0999755859375,11.0
1490140800,1247.9000244140625,1249.5,1247.699951171875,1249.300048828125,3.0
1490227200,1246.4000244140625,1247.5,1244.800048828125,1246.9000244140625,16.0
1490313600,1248.0,1248.300048828125,1247.5999755859375,1248.199951171875,3.0
1490572800,1255.800048828125,1257.699951171875,1253.800048828125,1255.4000244140625,72.0
1490659200,1255.9000244140625,1255.9000244140625,1255.300048828125,1255.300048828125,19.0
1490745600,1252.199951171875,1253.4000244140625,1252.0999755859375,1253.4000244140625,190678.0
1490832000,1253.0999755859375,1253.5999755859375,1241.0999755859375,1245.0,51328.0
1490918400,1242.0999755859375,1248.800048828125,1238.699951171875,1247.300048828125,8223.0
1491177600,1247.5,1252.4000244140625,1243.5999755859375,1250.800048828125,1160.0
1491264000,1253.0999755859375,1260.300048828125,1253.0,1255.0,724.0
1491350400,1255.4000244140625,1255.4000244140625,1243.0,1245.4000244140625,907.0
1491436800,1256.0999755859375,1257.5,1249.0,1250.300048828125,169.0
1491523200,1249.5,1269.0999755859375,1249.5,1254.300048828125,445.0
1491782400,1252.699951171875,1255.199951171875,1246.800048828125,1251.0999755859375,182.0
1491868800,1254.5,1273.5,1254.5,1271.199951171875,401.0
1491955200,1275.0,1285.0999755859375,1272.0,1275.300048828125,492.0
1492041600,1285.300048828125,1287.5999755859375,1282.0,1285.9000244140625,915.0
1492387200,1291.800048828125,1294.800048828125,1284.300048828125,1289.4000244140625,73.0
1492473600,1283.9000244140625,1291.699951171875,1278.5999755859375,1291.699951171875,394.0
1492560000,1288.0,1288.0,1274.0,1281.4000244140625,194.0
1492646400,1279.699951171875,1281.9000244140625,1276.199951171875,1281.9000244140625,127.0
1492732800,1279.800048828125,1287.4000244140625,1279.199951171875,1287.4000244140625,474.0
1492992000,1275.0,1276.4000244140625,1265.0,1275.800048828125,605.0
1493078400,1275.5999755859375,1276.9000244140625,1262.0999755859375,1265.5999755859375,356.0
1493164800,1266.0,1266.0,1262.0999755859375,1262.0999755859375,1156.0
1493251200,1266.699951171875,1267.199951171875,1262.199951171875,1263.699951171875,206.0
1493337600,1265.9000244140625,1267.199951171875,1264.699951171875,1266.0999755859375,85.0
1493596800,1268.699951171875,1269.300048828125,1253.300048828125,1253.300048828125,34.0
1493683200,1256.199951171875,1256.199951171875,1251.199951171875,1255.0999755859375,90.0
1493769600,1255.0999755859375,1255.800048828125,1238.699951171875,1246.4000244140625,195.0
1493856000,1239.800048828125,1239.800048828125,1224.199951171875,1226.5,72.0
1493942400,1227.0,1233.699951171875,1224.800048828125,1224.800048828125,16.0
1494201600,1224.0,1234.0,1224.0,1225.300048828125,43.0
1494288000,1226.0999755859375,1226.199951171875,1214.0,1214.300048828125,55.0
1494374400,1219.800048828125,1220.199951171875,1217.300048828125,1217.300048828125,23.0
1494460800,1218.5,1222.699951171875,1218.300048828125,1222.699951171875,13.0
1494547200,1228.0,1229.5,1226.0999755859375,1226.199951171875,29.0
1494806400,1227.5,1232.699951171875,1227.5,1228.5999755859375,13.0
1494892800,1230.4000244140625,1237.300048828125,1230.4000244140625,1235.0,20.0
1494979200,1241.0,1259.199951171875,1240.699951171875,1257.5,26.0
1495065600,1254.800048828125,1260.0,1245.800048828125,1251.699951171875,43.0
1495152000,1252.699951171875,1252.699951171875,1252.699951171875,1252.699951171875,14.0
1495411200,1251.699951171875,1260.699951171875,1251.699951171875,1260.699951171875,14.0
1495497600,1261.5,1261.5999755859375,1250.5999755859375,1254.800048828125,20.0
1495584000,1251.9000244140625,1257.800048828125,1249.699951171875,1252.4000244140625,14.0
1495670400,1257.0999755859375,1258.300048828125,1255.800048828125,1255.800048828125,11.0
1495756800,1267.5999755859375,1267.5999755859375,1267.5999755859375,1267.5999755859375,271457.0
1496102400,1267.4000244140625,1270.0,1258.4000244140625,1262.0999755859375,129819.0
1496188800,1262.4000244140625,1273.199951171875,1258.5,1272.0,2712.0
1496275200,1268.0,1269.199951171875,1260.800048828125,1267.0,825.0
1496361600,1265.199951171875,1279.0,1259.0,1276.800048828125,1732.0
1496620800,1279.199951171875,1282.0,1277.0,1279.300048828125,433.0
1496707200,1279.4000244140625,1295.199951171875,1279.4000244140625,1294.4000244140625,942.0
1496793600,1291.5999755859375,1293.0999755859375,1284.300048828125,1290.0999755859375,641.0
1496880000,1285.4000244140625,1287.5999755859375,1268.0999755859375,1276.300048828125,319.0
1496966400,1277.9000244140625,1277.9000244140625,1264.5999755859375,1268.5,467.0
1497225600,1266.4000244140625,1269.300048828125,1263.199951171875,1266.0999755859375,255.0
1497312000,1264.0999755859375,1266.9000244140625,1259.699951171875,1265.800048828125,150.0
1497398400,1269.4000244140625,1278.0,1256.800048828125,1272.800048828125,336.0
1497484800,1263.199951171875,1264.199951171875,1250.300048828125,1252.199951171875,743.0
1497571200,1252.800048828125,1255.300048828125,1251.300048828125,1254.0,34.0
1497830400,1252.0999755859375,1252.199951171875,1241.9000244140625,1244.199951171875,108.0
1497916800,1242.199951171875,1245.5,1240.5,1241.0,75.0
1498003200,1244.0999755859375,1245.0,1240.0,1243.4000244140625,205.0
1498089600,1251.0,1252.699951171875,1246.300048828125,1247.5999755859375,156.0
1498176000,1250.0,1273.5999755859375,1249.800048828125,1256.199951171875,269.0
1498435200,1260.199951171875,1260.199951171875,1241.5999755859375,1246.300048828125,194.0
1498521600,1251.5999755859375,1251.800048828125,1245.9000244140625,1246.4000244140625,111.0
1498608000,1248.5,1248.5,1248.0,1248.0,370.0
1498694400,1248.199951171875,1250.699951171875,1238.0999755859375,1244.199951171875,540.0
1498780800,1243.699951171875,1243.699951171875,1239.0999755859375,1240.699951171875,43.0
1499040000,1236.0,1236.0,1217.9000244140625,1217.9000244140625,33.0
1499212800,1222.5,1225.0,1217.0999755859375,1220.4000244140625,40.0
1499299200,1225.0999755859375,1225.0999755859375,1222.199951171875,1222.199951171875,5.0
1499385600,1219.0999755859375,1220.4000244140625,1208.5999755859375,1208.5999755859375,116.0
1499644800,1211.4000244140625,1212.0999755859375,1209.5999755859375,1212.0999755859375,28.0
1499731200,1208.699951171875,1214.9000244140625,1208.699951171875,1213.5999755859375,12.0
1499817600,1218.300048828125,1219.4000244140625,1217.9000244140625,1218.0999755859375,7.0
1499904000,1221.4000244140625,1221.4000244140625,1216.300048828125,1216.300048828125,7.0
1499990400,1214.9000244140625,1227.5,1214.800048828125,1226.5999755859375,23.0
1500249600,1229.9000244140625,1233.4000244140625,1229.9000244140625,1232.800048828125,7.0
1500336000,1236.199951171875,1241.199951171875,1236.199951171875,1241.0999755859375,29.0
1500422400,1240.4000244140625,1241.199951171875,1240.0999755859375,1241.199951171875,3.0
1500508800,1236.5999755859375,1244.800048828125,1236.5999755859375,1244.800048828125,5.0
1500595200,1250.699951171875,1254.300048828125,1250.5,1254.300048828125,16.0
1500854400,1256.0,1256.0,1253.9000244140625,1253.9000244140625,8.0
1500940800,1252.699951171875,1253.5999755859375,1249.199951171875,1251.699951171875,18.0
1501027200,1244.800048828125,1249.0,1244.800048828125,1249.0,7.0
1501113600,1259.5999755859375,1259.5999755859375,1259.5999755859375,1259.5999755859375,220309.0
1501200000,1258.4000244140625,1270.0,1256.9000244140625,1268.4000244140625,64180.0
1501459200,1268.9000244140625,1270.800048828125,1265.800048828125,1266.5999755859375,7780.0
1501545600,1268.4000244140625,1273.300048828125,1262.0,1272.5999755859375,1061.0
1501632000,1268.5,1272.0999755859375,1262.9000244140625,1271.800048828125,393.0
1501718400,1265.9000244140625,1269.800048828125,1256.5999755859375,1267.800048828125,878.0
1501804800,1269.0,1269.5999755859375,1253.9000244140625,1258.300048828125,521.0
1502064000,1258.699951171875,1259.0999755859375,1255.300048828125,1258.199951171875,260.0
1502150400,1256.9000244140625,1264.0999755859375,1251.4000244140625,1256.4000244140625,555.0
1502236800,1260.199951171875,1277.800048828125,1260.199951171875,1273.0,574.0
1502323200,1276.5999755859375,1287.4000244140625,1274.9000244140625,1283.699951171875,608.0
1502409600,1286.300048828125,1291.0999755859375,1282.0,1287.699951171875,139.0
1502668800,1288.4000244140625,1288.4000244140625,1278.800048828125,1284.199951171875,338.0
1502755200,1280.5,1280.5,1267.4000244140625,1273.699951171875,188.0
1502841600,1271.300048828125,1282.5999755859375,1269.4000244140625,1276.9000244140625,110.0
1502928000,1283.800048828125,1288.5,1283.199951171875,1286.4000244140625,43.0
1503014400,1288.5999755859375,1300.699951171875,1284.300048828125,1285.699951171875,358.0
1503273600,1285.199951171875,1290.800048828125,1284.699951171875,1290.800048828125,18.0
1503360000,1287.199951171875,1288.4000244140625,1283.199951171875,1285.0999755859375,100.0
1503446400,1289.4000244140625,1289.4000244140625,1286.9000244140625,1288.9000244140625,250.0
1503532800,1288.699951171875,1288.699951171875,1284.0,1286.5,550.0
1503619200,1285.4000244140625,1292.699951171875,1280.300048828125,1292.5,280.0
1503878400,1293.5,1311.300048828125,1293.5,1309.699951171875,145.0
1503964800,1318.800048828125,1323.800048828125,1313.0999755859375,1313.0999755859375,1178.0
1504051200,1308.199951171875,1312.5,1304.9000244140625,1308.0999755859375,1178.0
1504137600,1306.5999755859375,1322.300048828125,1301.699951171875,1316.199951171875,373.0
1504224000,1320.199951171875,1327.699951171875,1316.9000244140625,1324.5,313.0
1504569600,1335.199951171875,1339.199951171875,1328.5999755859375,1339.199951171875,39.0
1504656000,1340.0,1340.300048828125,1332.5999755859375,1333.9000244140625,20.0
1504742400,1336.4000244140625,1349.0,1336.4000244140625,1345.0999755859375,26.0
1504828800,1351.0,1355.800048828125,1345.5999755859375,1346.0,37.0
1505088000,1331.0,1331.0,1327.300048828125,1331.0,9.0
1505174400,1327.0,1328.0,1325.199951171875,1328.0,15.0
1505260800,1323.4000244140625,1323.4000244140625,1323.4000244140625,1323.4000244140625,16.0
1505347200,1319.5999755859375,1329.300048828125,1319.5999755859375,1324.699951171875,316.0
1505433600,1320.5999755859375,1321.199951171875,1319.800048828125,1320.4000244140625,15.0
1505692800,1309.800048828125,1310.4000244140625,1306.0,1306.300048828125,129.0
1505779200,1307.9000244140625,1310.300048828125,1305.0999755859375,1306.199951171875,20.0
1505865600,1312.0,1312.0,1298.699951171875,1312.0,12.0
1505952000,1299.0999755859375,1304.0999755859375,1290.300048828125,1290.5999755859375,336.0
1506038400,1295.0,1295.699951171875,1293.300048828125,1293.300048828125,209.0
1506297600,1293.0999755859375,1309.199951171875,1291.0,1306.800048828125,51.0
1506384000,1304.5,1305.5999755859375,1297.0,1297.0,39.0
1506470400,1283.4000244140625,1283.4000244140625,1283.4000244140625,1283.4000244140625,19488.0
1506556800,1283.0999755859375,1288.0,1277.0,1285.5,5226.0
1506643200,1284.199951171875,1289.4000244140625,1281.5,1281.5,492.0
1506902400,1275.0,1276.0999755859375,1270.4000244140625,1272.699951171875,136.0
1506988800,1269.699951171875,1273.300048828125,1268.5999755859375,1271.5,192.0
1507075200,1273.800048828125,1280.800048828125,1270.0,1273.699951171875,218.0
1507161600,1277.800048828125,1277.800048828125,1267.5999755859375,1269.9000244140625,36.0
1507248000,1267.5999755859375,1272.0,1260.5,1271.5999755859375,46.0
1507507200,1280.5999755859375,1284.0,1279.0,1281.800048828125,19.0
1507593600,1282.5999755859375,1293.0,1281.699951171875,1290.5999755859375,18.0
1507680000,1287.300048828125,1292.0,1284.9000244140625,1285.800048828125,21.0
1507766400,1291.5,1294.5,1289.300048828125,1293.300048828125,14.0
1507852800,1293.300048828125,1301.699951171875,1291.699951171875,1301.5,74.0
1508112000,1302.0,1303.800048828125,1291.9000244140625,1299.9000244140625,173.0
1508198400,1295.0999755859375,1295.0999755859375,1283.0,1283.0,571.0
1508284800,1279.9000244140625,1279.9000244140625,1279.9000244140625,1279.9000244140625,163.0
1508371200,1286.4000244140625,1286.9000244140625,1285.0999755859375,1286.9000244140625,134.0
1508457600,1279.5999755859375,1279.5999755859375,1277.4000244140625,1277.4000244140625,304.0
1508716800,1274.699951171875,1280.800048828125,1271.5,1277.699951171875,115.0
1508803200,1275.5,1275.5,1273.699951171875,1275.0,111.0
1508889600,1269.9000244140625,1275.4000244140625,1269.9000244140625,1275.4000244140625,105.0
1508976000,1273.5,1273.5,1264.699951171875,1266.300048828125,39.0
1509062400,1268.4000244140625,1268.5,1267.0999755859375,1268.5,567.0
1509321600,1270.0,1274.0999755859375,1267.9000244140625,1274.0999755859375,222.0
1509408000,1273.0999755859375,1274.5999755859375,1266.0999755859375,1267.0,235.0
1509494400,1272.199951171875,1274.800048828125,1270.300048828125,1274.0999755859375,78.0
1509580800,1274.9000244140625,1274.9000244140625,1274.9000244140625,1274.9000244140625,70.0
1509667200,1265.300048828125,1267.9000244140625,1265.300048828125,1266.5,75.0
1509926400,1269.0,1280.5,1269.0,1279.4000244140625,128.0
1510012800,1276.800048828125,1276.800048828125,1270.4000244140625,1273.699951171875,11.0
1510099200,1275.9000244140625,1284.9000244140625,1274.699951171875,1281.5999755859375,15.0
1510185600,1279.699951171875,1286.9000244140625,1279.699951171875,1285.5999755859375,18.0
1510272000,1283.5,1283.5,1272.4000244140625,1272.4000244140625,10.0
1510531200,1277.300048828125,1277.300048828125,1277.0,1277.300048828125,3.0
1510617600,1276.9000244140625,1281.5,1276.9000244140625,1281.5,4.0
1510704000,1281.4000244140625,1284.699951171875,1275.9000244140625,1276.5,13.0
1510790400,1277.5,1277.5,1277.4000244140625,1277.4000244140625,43.0
1510876800,1288.300048828125,1295.800048828125,1288.300048828125,1295.800048828125,1.0
1511136000,1274.5999755859375,1275.9000244140625,1274.5999755859375,1274.5999755859375,1.0
1511222400,1281.0999755859375,1281.0999755859375,1281.0999755859375,1281.0999755859375,4.0
1511308800,1284.699951171875,1291.5999755859375,1282.9000244140625,1291.5999755859375,4.0
1511481600,1286.699951171875,1286.699951171875,1286.699951171875,1286.699951171875,0.0
1511740800,1293.800048828125,1293.800048828125,1293.800048828125,1293.800048828125,1.0
1511827200,1294.699951171875,1294.699951171875,1294.699951171875,1294.699951171875,275442.0
1511913600,1293.4000244140625,1296.199951171875,1281.0999755859375,1282.0999755859375,47244.0
1512000000,1283.0999755859375,1284.5,1269.699951171875,1273.199951171875,3049.0
1512086400,1274.0999755859375,1288.5999755859375,1271.0,1278.800048828125,823.0
1512345600,1272.5,1276.0999755859375,1270.300048828125,1274.300048828125,850.0
1512432000,1275.4000244140625,1275.800048828125,1260.0,1261.5999755859375,1499.0
1512518400,1264.9000244140625,1267.800048828125,1261.5999755859375,1262.800048828125,373.0
1512604800,1262.300048828125,1262.4000244140625,1243.9000244140625,1249.800048828125,358.0
1512691200,1246.300048828125,1249.300048828125,1241.5,1245.199951171875,157.0
1512950400,1248.4000244140625,1249.199951171875,1239.9000244140625,1243.699951171875,146.0
1513036800,1241.300048828125,1244.4000244140625,1236.5,1238.5,692.0
1513123200,1241.9000244140625,1254.5,1239.800048828125,1245.4000244140625,349.0
1513209600,1252.9000244140625,1257.699951171875,1250.300048828125,1253.800048828125,139.0
1513296000,1253.0999755859375,1260.300048828125,1253.0999755859375,1254.300048828125,578.0
1513555200,1256.199951171875,1262.4000244140625,1255.699951171875,1262.199951171875,45.0
1513641600,1261.0999755859375,1264.300048828125,1259.5,1260.699951171875,329.0
1513728000,1261.300048828125,1266.5999755859375,1261.300048828125,1266.0999755859375,63.0
1513814400,1266.4000244140625,1267.4000244140625,1264.300048828125,1267.300048828125,226.0
1513900800,1266.300048828125,1276.300048828125,1266.300048828125,1275.4000244140625,119.0
1514246400,1282.4000244140625,1284.0999755859375,1281.800048828125,1284.0999755859375,84.0
1514332800,1284.0,1287.0,1284.0,1287.0,456.0
1514419200,1288.199951171875,1294.0999755859375,1288.199951171875,1294.0999755859375,245.0
1514505600,1294.199951171875,1306.300048828125,1294.0,1306.300048828125,65.0
1514851200,1302.300048828125,1317.5999755859375,1302.300048828125,1313.699951171875,68.0
1514937600,1320.0,1320.0999755859375,1312.0999755859375,1316.199951171875,42.0
1515024000,1319.4000244140625,1322.0,1319.4000244140625,1319.4000244140625,2.0
1515110400,1320.300048828125,1320.300048828125,1320.300048828125,1320.300048828125,1.0
1515369600,1319.9000244140625,1319.9000244140625,1314.5999755859375,1318.5999755859375,41.0
1515456000,1309.5999755859375,1311.699951171875,1309.5999755859375,1311.699951171875,16.0
1515542400,1320.300048828125,1320.699951171875,1315.300048828125,1317.4000244140625,70.0
1515628800,1317.0999755859375,1320.5999755859375,1316.300048828125,1320.5999755859375,9.0
1515715200,1327.800048828125,1338.199951171875,1327.800048828125,1333.4000244140625,14.0
1516060800,1331.0999755859375,1335.4000244140625,1331.0,1335.4000244140625,13.0
1516147200,1334.4000244140625,1338.0,1326.800048828125,1338.0,27.0
1516233600,1328.9000244140625,1328.9000244140625,1326.0,1326.0,211.0
1516320000,1330.0999755859375,1333.0,1330.0999755859375,1331.9000244140625,50.0
1516579200,1328.4000244140625,1330.9000244140625,1328.4000244140625,1330.9000244140625,162.0
1516665600,1335.800048828125,1335.9000244140625,1335.699951171875,1335.699951171875,47.0
1516752000,1355.9000244140625,1357.199951171875,1355.9000244140625,1355.9000244140625,18.0
1516838400,1356.300048828125,1362.4000244140625,1346.699951171875,1362.4000244140625,4.0
1516924800,1351.5999755859375,1352.0,1350.9000244140625,1351.5999755859375,280546.0
1517270400,1338.699951171875,1347.800048828125,1332.800048828125,1335.4000244140625,52100.0
1517356800,1337.5,1346.9000244140625,1331.800048828125,1339.0,4881.0
1517443200,1343.800048828125,1350.5999755859375,1336.800048828125,1344.300048828125,1680.0
1517529600,1348.5,1352.0999755859375,1327.699951171875,1333.699951171875,2841.0
1517788800,1331.0999755859375,1340.199951171875,1329.0,1333.0,641.0
1517875200,1338.199951171875,1343.699951171875,1319.5,1326.0999755859375,529.0
1517961600,1325.4000244140625,1331.0999755859375,1310.5,1311.5999755859375,491.0
1518048000,1317.0999755859375,1321.0999755859375,1307.0,1316.9000244140625,459.0
1518134400,1320.9000244140625,1322.0,1311.9000244140625,1313.0999755859375,451.0
1518393600,1323.800048828125,1325.5,1318.0,1324.199951171875,140.0
1518480000,1324.5,1329.5999755859375,1323.4000244140625,1328.0999755859375,71.0
1518566400,1332.800048828125,1355.5,1324.0,1355.5,400.0
1518652800,1352.0,1355.9000244140625,1349.699951171875,1352.0999755859375,111.0
1518739200,1354.0,1361.4000244140625,1344.9000244140625,1353.199951171875,110.0
1519084800,1348.4000244140625,1350.199951171875,1328.5,1328.800048828125,283.0
1519171200,1326.800048828125,1331.5,1324.4000244140625,1330.0,119.0
1519257600,1322.0,1331.4000244140625,1322.0,1330.5999755859375,70.0
1519344000,1328.0,1332.0999755859375,1327.699951171875,1328.199951171875,427.0
1519603200,1335.0,1340.5,1330.699951171875,1330.699951171875,652.0
1519689600,1331.699951171875,1332.5999755859375,1312.699951171875,1315.5,710.0
1519776000,1315.4000244140625,1321.0,1315.4000244140625,1315.5,58.0
1519862400,1310.4000244140625,1318.0999755859375,1301.800048828125,1302.9000244140625,43.0
1519948800,1314.300048828125,1323.199951171875,1314.300048828125,1321.0999755859375,155.0
1520208000,1323.5,1325.9000244140625,1318.0999755859375,1318.0999755859375,18.0
1520294400,1321.5999755859375,1333.5999755859375,1321.4000244140625,1333.5999755859375,18.0
1520380800,1338.0999755859375,1338.0999755859375,1326.0,1326.0,27.0
1520467200,1324.800048828125,1326.800048828125,1319.300048828125,1319.9000244140625,62.0
1520553600,1316.800048828125,1322.4000244140625,1313.0,1322.4000244140625,88.0
1520812800,1319.4000244140625,1319.4000244140625,1319.4000244140625,1319.4000244140625,0.0
1520899200,1325.9000244140625,1325.9000244140625,1325.300048828125,1325.9000244140625,13.0
1520985600,1322.199951171875,1324.4000244140625,1322.199951171875,1324.4000244140625,19.0
1521072000,1316.800048828125,1316.800048828125,1316.800048828125,1316.800048828125,0.0
1521158400,1310.0999755859375,1311.300048828125,1310.0999755859375,1311.300048828125,34.0
1521417600,1309.4000244140625,1316.9000244140625,1307.300048828125,1316.800048828125,6.0
1521504000,1311.0999755859375,1311.0999755859375,1311.0999755859375,1311.0999755859375,4.0
1521590400,1312.4000244140625,1328.800048828125,1312.4000244140625,1320.699951171875,34.0
1521676800,1326.5999755859375,1326.5999755859375,1326.5999755859375,1326.5999755859375,0.0
1521763200,1343.199951171875,1349.300048828125,1343.199951171875,1349.300048828125,8.0
1522022400,1348.5,1354.4000244140625,1345.0999755859375,1354.4000244140625,10.0
1522108800,1341.0,1341.300048828125,1341.0,1341.300048828125,290889.0
1522195200,1345.0,1346.4000244140625,1322.4000244140625,1324.199951171875,59284.0
1522281600,1324.0,1327.0999755859375,1321.699951171875,1322.800048828125,5585.0
1522627200,1327.0,1344.199951171875,1324.699951171875,1342.0999755859375,649.0
1522713600,1340.4000244140625,1341.5,1328.5,1332.800048828125,702.0
1522800000,1331.800048828125,1347.300048828125,1331.5999755859375,1335.800048828125,718.0
1522886400,1333.5,1333.699951171875,1322.5999755859375,1324.300048828125,258.0
1522972800,1326.5,1333.0,1319.0,1331.9000244140625,348.0
1523232000,1333.0,1337.5,1327.0,1336.300048828125,290.0
1523318400,1335.199951171875,1342.0,1333.0,1342.0,105.0
1523404800,1340.0999755859375,1365.4000244140625,1340.0999755859375,1356.5,118.0
1523491200,1351.199951171875,1351.5,1334.5999755859375,1338.4000244140625,34.0
1523577600,1335.9000244140625,1346.0,1335.9000244140625,1344.800048828125,67.0
1523836800,1341.0,1348.800048828125,1341.0,1347.5,60.0
1523923200,1348.0,1348.0999755859375,1339.0,1347.199951171875,409.0
1524009600,1343.5,1354.199951171875,1343.5,1351.199951171875,45.0
1524096000,1348.5999755859375,1355.199951171875,1341.5999755859375,1346.800048828125,387.0
1524182400,1342.5,1343.4000244140625,1335.300048828125,1336.699951171875,310.0
1524441600,1334.0,1334.4000244140625,1322.5,1322.5,68.0
1524528000,1326.4000244140625,1331.699951171875,1326.199951171875,1331.4000244140625,28.0
1524614400,1324.0,1325.0,1320.0,1321.199951171875,278.0
1524700800,1315.699951171875,1316.300048828125,1315.699951171875,1316.300048828125,569.0
1524787200,1315.300048828125,1321.699951171875,1312.800048828125,1320.300048828125,622.0
1525046400,1309.5999755859375,1316.199951171875,1309.5999755859375,1316.199951171875,49.0
1525132800,1313.199951171875,1313.800048828125,1303.4000244140625,1303.800048828125,28.0
1525219200,1309.0,1309.300048828125,1302.5999755859375,1302.5999755859375,23.0
1525305600,1310.699951171875,1310.699951171875,1310.699951171875,1310.699951171875,4.0
1525392000,1312.699951171875,1312.699951171875,1312.699951171875,1312.699951171875,0.0
1525651200,1310.5999755859375,1312.5,1310.199951171875,1312.199951171875,4.0
1525737600,1310.0999755859375,1312.0,1308.5,1312.0,337.0
1525824000,1311.300048828125,1311.300048828125,1311.300048828125,1311.300048828125,70.0
1525910400,1312.199951171875,1320.800048828125,1312.199951171875,1320.800048828125,8.0
1525996800,1319.0,1319.0,1319.0,1319.0,3.0
1526256000,1319.9000244140625,1319.9000244140625,1316.5,1316.5,4.0
1526342400,1304.5999755859375,1304.699951171875,1288.9000244140625,1288.9000244140625,8.0
1526428800,1290.9000244140625,1294.0,1285.4000244140625,1290.199951171875,26.0
1526515200,1291.300048828125,1291.300048828125,1288.199951171875,1288.199951171875,2.0
1526601600,1285.199951171875,1290.199951171875,1285.199951171875,1290.199951171875,2.0
1526860800,1287.4000244140625,1292.0999755859375,1287.4000244140625,1290.199951171875,52.0
1526947200,1291.699951171875,1291.699951171875,1291.699951171875,1291.699951171875,50.0
1527033600,1289.300048828125,1289.300048828125,1289.300048828125,1289.300048828125,10.0
1527120000,1303.699951171875,1303.699951171875,1303.699951171875,1303.699951171875,0.0
1527206400,1303.300048828125,1303.300048828125,1303.300048828125,1303.300048828125,1.0
1527552000,1298.699951171875,1298.699951171875,1298.699951171875,1298.699951171875,386334.0
1527638400,1298.0,1303.699951171875,1295.199951171875,1301.5,50845.0
1527724800,1301.0,1306.800048828125,1296.5999755859375,1300.0999755859375,4082.0
1527811200,1298.5999755859375,1299.5,1288.9000244140625,1294.800048828125,663.0
1528070400,1293.9000244140625,1297.0999755859375,1290.0,1293.0999755859375,144.0
1528156800,1292.0999755859375,1299.800048828125,1289.9000244140625,1297.5,357.0
1528243200,1296.0999755859375,1300.4000244140625,1294.0999755859375,1297.0999755859375,373.0
1528329600,1298.4000244140625,1302.800048828125,1296.199951171875,1298.699951171875,79.0
1528416000,1295.300048828125,1299.4000244140625,1294.800048828125,1298.0999755859375,650.0
1528675200,1299.300048828125,1302.0,1295.199951171875,1298.9000244140625,71.0
1528761600,1297.800048828125,1298.0999755859375,1292.699951171875,1295.0999755859375,153.0
1528848000,1294.0,1299.4000244140625,1290.9000244140625,1296.9000244140625,135.0
1528934400,1297.199951171875,1307.699951171875,1297.199951171875,1304.0,42.0
1529020800,1297.199951171875,1307.699951171875,1274.0,1274.5999755859375,589.0
1529280000,1280.699951171875,1280.699951171875,1276.199951171875,1276.199951171875,35.0
1529366400,1278.699951171875,1281.800048828125,1269.9000244140625,1275.5999755859375,34.0
1529452800,1274.4000244140625,1274.4000244140625,1271.199951171875,1271.199951171875,7.0
1529539200,1262.699951171875,1268.9000244140625,1260.0,1267.199951171875,46.0
1529625600,1268.0999755859375,1270.199951171875,1267.0,1267.4000244140625,74.0
1529884800,1270.5999755859375,1271.199951171875,1265.5999755859375,1265.5999755859375,37.0
1529971200,1267.199951171875,1267.199951171875,1256.5999755859375,1256.5999755859375,89.0
1530057600,1255.5,1255.5,1252.300048828125,1252.800048828125,1162.0
1530144000,1251.699951171875,1251.699951171875,1244.800048828125,1247.800048828125,378.0
1530230400,1250.300048828125,1253.300048828125,1249.0999755859375,1251.300048828125,48.0
1530489600,1249.9000244140625,1249.9000244140625,1239.800048828125,1239.800048828125,29.0
1530576000,1238.0999755859375,1254.0999755859375,1237.0,1251.5999755859375,36.0
1530748800,1255.5,1257.300048828125,1253.5999755859375,1257.300048828125,9.0
1530835200,1255.5,1255.5,1254.300048828125,1254.300048828125,7.0
1531094400,1258.199951171875,1262.300048828125,1257.699951171875,1258.0999755859375,37.0
1531180800,1256.199951171875,1256.9000244140625,1249.300048828125,1253.800048828125,65.0
1531267200,1253.199951171875,1253.199951171875,1242.800048828125,1242.800048828125,30.0
1531353600,1240.9000244140625,1246.699951171875,1240.9000244140625,1245.0,7.0
1531440000,1244.699951171875,1247.0,1239.5999755859375,1239.5999755859375,2.0
1531699200,1242.699951171875,1243.800048828125,1238.0999755859375,1238.0999755859375,2.0
1531785600,1225.699951171875,1225.699951171875,1225.699951171875,1225.699951171875,0.0
1531872000,1226.699951171875,1226.699951171875,1222.199951171875,1226.300048828125,67.0
1531958400,1227.199951171875,1228.0,1211.699951171875,1222.4000244140625,33.0
1532044800,1229.5,1229.5,1229.5,1229.5,0.0
1532304000,1222.0,1224.0,1222.0,1224.0,1.0
1532390400,1223.9000244140625,1223.9000244140625,1223.9000244140625,1223.9000244140625,0.0
1532476800,1231.4000244140625,1231.4000244140625,1231.4000244140625,1231.4000244140625,0.0
1532563200,1227.800048828125,1227.800048828125,1225.300048828125,1225.300048828125,1.0
1532649600,1222.5999755859375,1222.5999755859375,1222.5999755859375,1222.5999755859375,254428.0
1532908800,1222.5,1223.9000244140625,1218.0999755859375,1221.300048828125,62239.0
1532995200,1220.4000244140625,1228.0999755859375,1213.0,1223.699951171875,2722.0
1533081600,1222.9000244140625,1223.699951171875,1214.4000244140625,1217.9000244140625,1026.0
1533168000,1214.699951171875,1219.300048828125,1205.800048828125,1210.5999755859375,411.0
1533254400,1206.5,1218.5999755859375,1205.0999755859375,1214.199951171875,784.0
1533513600,1214.4000244140625,1214.4000244140625,1206.5999755859375,1208.5999755859375,297.0
1533600000,1207.800048828125,1214.800048828125,1207.800048828125,1209.5999755859375,715.0
1533686400,1212.0,1215.199951171875,1205.9000244140625,1212.5999755859375,209.0
1533772800,1214.5,1215.300048828125,1211.5999755859375,1211.9000244140625,44.0
1533859200,1212.5,1216.4000244140625,1205.5999755859375,1211.0999755859375,75.0
1534118400,1207.0,1207.4000244140625,1191.300048828125,1191.300048828125,78.0
1534204800,1193.0999755859375,1197.5,1192.800048828125,1193.0,92.0
1534291200,1187.800048828125,1188.0999755859375,1174.5999755859375,1177.5,71.0
1534377600,1173.199951171875,1180.199951171875,1161.4000244140625,1176.199951171875,123.0
1534464000,1174.699951171875,1181.199951171875,1174.699951171875,1176.5,66.0
1534723200,1184.800048828125,1190.0,1184.4000244140625,1186.800048828125,68.0
1534809600,1189.800048828125,1192.5999755859375,1189.800048828125,1192.5999755859375,22.0
1534896000,1194.699951171875,1196.300048828125,1194.699951171875,1196.300048828125,17.0
1534982400,1189.300048828125,1190.300048828125,1184.9000244140625,1187.0,95.0
1535068800,1185.300048828125,1208.0,1185.300048828125,1206.300048828125,12.0
1535328000,1210.300048828125,1211.4000244140625,1205.199951171875,1209.0,154.0
1535414400,1209.699951171875,1217.0,1202.300048828125,1207.4000244140625,136.0
1535500800,1205.199951171875,1205.199951171875,1202.4000244140625,1204.5,817.0
1535587200,1205.4000244140625,1205.5999755859375,1196.0,1197.699951171875,493.0
1535673600,1207.0999755859375,1208.199951171875,1199.0999755859375,1200.300048828125,191.0
1536019200,1193.800048828125,1193.800048828125,1189.9000244140625,1192.699951171875,26.0
1536105600,1192.5,1196.0,1192.5,1194.9000244140625,21.0
1536192000,1202.0,1202.0,1197.9000244140625,1197.9000244140625,7.0
1536278400,1198.300048828125,1198.300048828125,1193.0999755859375,1193.5999755859375,29.0
1536537600,1193.0,1193.0,1193.0,1193.0,11.0
1536624000,1190.4000244140625,1196.300048828125,1190.4000244140625,1195.4000244140625,21.0
1536710400,1205.0,1205.0,1204.699951171875,1204.699951171875,37.0
1536796800,1203.4000244140625,1203.4000244140625,1200.0,1202.0,22.0
1536883200,1195.0,1195.0,1195.0,1195.0,1.0
1537142400,1199.699951171875,1199.699951171875,1199.699951171875,1199.699951171875,0.0
1537228800,1198.699951171875,1198.699951171875,1196.800048828125,1196.800048828125,2.0
1537315200,1202.199951171875,1202.199951171875,1202.199951171875,1202.199951171875,0.0
1537401600,1206.199951171875,1206.199951171875,1206.199951171875,1206.199951171875,0.0
1537488000,1196.199951171875,1196.199951171875,1196.199951171875,1196.199951171875,0.0
1537747200,1199.300048828125,1199.300048828125,1199.300048828125,1199.300048828125,0.0
1537833600,1202.0999755859375,1202.800048828125,1200.0,1200.0,21.0
1537920000,1194.0,1194.0,1194.0,1194.0,17857.0
1538006400,1194.5999755859375,1197.300048828125,1180.5,1182.300048828125,4947.0
1538092800,1181.699951171875,1191.9000244140625,1180.0,1191.5,404.0
1538352000,1191.5999755859375,1191.5999755859375,1185.800048828125,1187.0999755859375,180.0
1538438400,1193.0,1206.0,1190.300048828125,1202.4000244140625,451.0
1538524800,1202.5999755859375,1202.5999755859375,1196.5999755859375,1198.300048828125,76.0
1538611200,1199.300048828125,1204.5999755859375,1197.199951171875,1197.199951171875,496.0
1538697600,1197.0999755859375,1205.300048828125,1196.9000244140625,1201.199951171875,34.0
1538956800,1201.0,1201.0,1183.699951171875,1184.4000244140625,250.0
1539043200,1185.5999755859375,1189.0999755859375,1185.5999755859375,1187.199951171875,9.0
1539129600,1189.300048828125,1192.0,1189.300048828125,1189.300048828125,1078.0
1539216000,1198.0999755859375,1224.5999755859375,1196.300048828125,1223.5,126.0
1539302400,1221.5999755859375,1221.5999755859375,1216.0,1218.0999755859375,122.0
1539561600,1222.4000244140625,1232.300048828125,1222.4000244140625,1226.4000244140625,136.0
1539648000,1227.0999755859375,1230.5,1227.0999755859375,1227.300048828125,426.0
1539734400,1225.9000244140625,1225.9000244140625,1223.699951171875,1223.699951171875,1.0
1539820800,1226.5,1226.5,1226.5,1226.5,165.0
1539907200,1225.300048828125,1225.300048828125,1225.300048828125,1225.300048828125,55.0
1540166400,1224.5,1224.5,1219.5999755859375,1221.199951171875,18.0
1540252800,1224.800048828125,1237.800048828125,1224.800048828125,1233.4000244140625,33.0
1540339200,1231.5999755859375,1231.5999755859375,1227.800048828125,1227.800048828125,36.0
1540425600,1238.5999755859375,1238.5999755859375,1229.0999755859375,1229.0999755859375,7.0
1540512000,1234.300048828125,1234.800048828125,1232.5,1232.5,20.0
1540771200,1224.5,1224.5,1224.5,1224.5,214.0
1540857600,1227.699951171875,1227.699951171875,1219.800048828125,1222.5999755859375,72.0
1540944000,1216.0,1216.5999755859375,1212.0,1212.300048828125,121.0
1541030400,1215.4000244140625,1236.0,1215.4000244140625,1236.0,14.0
1541116800,1233.300048828125,1233.300048828125,1230.9000244140625,1230.9000244140625,18.0
1541376000,1230.5999755859375,1231.5,1226.699951171875,1229.800048828125,15.0
1541462400,1230.699951171875,1233.800048828125,1223.800048828125,1223.800048828125,4.0
1541548800,1228.5999755859375,1228.5999755859375,1226.199951171875,1226.199951171875,1.0
1541635200,1222.9000244140625,1222.9000244140625,1222.9000244140625,1222.9000244140625,2.0
1541721600,1207.9000244140625,1207.9000244140625,1206.4000244140625,1206.4000244140625,14.0
1541980800,1201.5999755859375,1201.5999755859375,1201.300048828125,1201.300048828125,1.0
1542067200,1196.300048828125,1201.300048828125,1196.300048828125,1199.199951171875,5.0
1542153600,1207.9000244140625,1207.9000244140625,1207.9000244140625,1207.9000244140625,0.0
1542240000,1212.800048828125,1212.800048828125,1212.800048828125,1212.800048828125,0.0
1542326400,1216.699951171875,1223.800048828125,1216.699951171875,1220.800048828125,5.0
1542585600,1223.0999755859375,1223.0999755859375,1223.0999755859375,1223.0999755859375,0.0
1542672000,1225.300048828125,1228.800048828125,1219.0,1219.0,12.0
1542758400,1225.800048828125,1225.800048828125,1225.800048828125,1225.800048828125,0.0
1542931200,1224.800048828125,1224.800048828125,1221.0,1221.0,1.0
1543190400,1220.199951171875,1222.0,1220.199951171875,1220.199951171875,2.0
1543276800,1221.9000244140625,1222.0,1211.199951171875,1211.199951171875,5.0
1543363200,1211.5,1221.4000244140625,1211.5,1221.4000244140625,247168.0
1543449600,1221.0,1228.699951171875,1220.5,1224.0999755859375,55478.0
1543536000,1224.0999755859375,1225.0,1216.0999755859375,1220.199951171875,2060.0
1543795200,1222.5,1234.0999755859375,1221.300048828125,1233.9000244140625,751.0
1543881600,1231.0,1241.4000244140625,1230.4000244140625,1241.0999755859375,474.0
1544054400,1237.5,1244.4000244140625,1234.800048828125,1238.0999755859375,434.0
1544140800,1238.300048828125,1249.800048828125,1237.5999755859375,1246.800048828125,211.0
1544400000,1249.5999755859375,1249.5999755859375,1241.699951171875,1243.699951171875,131.0
1544486400,1245.800048828125,1248.699951171875,1241.5,1241.9000244140625,117.0
1544572800,1245.300048828125,1245.5999755859375,1244.0999755859375,1244.4000244140625,84.0
1544659200,1243.5,1243.5,1241.0,1242.699951171875,194.0
1544745600,1241.699951171875,1241.699951171875,1234.0999755859375,1237.0,33.0
1545004800,1239.300048828125,1247.4000244140625,1239.300048828125,1247.4000244140625,10.0
1545091200,1248.199951171875,1249.199951171875,1245.5999755859375,1249.199951171875,31.0
1545177600,1255.800048828125,1255.800048828125,1252.0999755859375,1252.0999755859375,268.0
1545264000,1243.199951171875,1263.5999755859375,1243.199951171875,1263.5999755859375,49.0
1545350400,1260.300048828125,1261.300048828125,1253.800048828125,1253.800048828125,96.0
1545609600,1260.300048828125,1268.5,1260.300048828125,1267.5,27.0
1545782400,1269.300048828125,1277.4000244140625,1269.199951171875,1269.199951171875,63.0
1545868800,1276.699951171875,1277.300048828125,1276.699951171875,1277.300048828125,480.0
1545955200,1273.5,1280.0999755859375,1273.5,1279.9000244140625,805.0
1546214400,1278.0,1281.300048828125,1277.5999755859375,1278.300048828125,19.0
1546387200,1286.0,1286.0,1277.5999755859375,1281.0,149.0
1546473600,1286.800048828125,1292.0,1286.699951171875,1291.800048828125,10.0
1546560000,1294.199951171875,1294.199951171875,1275.300048828125,1282.699951171875,34.0
1546819200,1286.800048828125,1286.800048828125,1286.5999755859375,1286.800048828125,2.0
1546905600,1280.5,1283.199951171875,1278.199951171875,1283.199951171875,54.0
1546992000,1279.4000244140625,1289.300048828125,1279.199951171875,1289.300048828125,102.0
1547078400,1284.699951171875,1284.699951171875,1284.699951171875,1284.699951171875,0.0
1547164800,1291.199951171875,1291.199951171875,1286.300048828125,1287.0999755859375,11.0
1547424000,1292.4000244140625,1293.9000244140625,1289.0999755859375,1289.0999755859375,7.0
1547510400,1290.0999755859375,1292.699951171875,1286.199951171875,1286.199951171875,3.0
1547596800,1291.5999755859375,1291.5999755859375,1291.5999755859375,1291.5999755859375,2.0
1547683200,1291.5999755859375,1292.699951171875,1288.5,1291.0,10.0
1547769600,1281.300048828125,1281.300048828125,1281.300048828125,1281.300048828125,3.0
1548115200,1282.5,1283.300048828125,1282.5,1282.5,7.0
1548201600,1281.699951171875,1283.9000244140625,1278.699951171875,1283.0999755859375,14.0
1548288000,1279.0999755859375,1279.0999755859375,1278.5,1279.0999755859375,1.0
1548374400,1297.4000244140625,1297.4000244140625,1297.4000244140625,1297.4000244140625,0.0
1548633600,1300.800048828125,1307.0999755859375,1298.4000244140625,1302.4000244140625,54.0
1548720000,1308.199951171875,1308.199951171875,1308.199951171875,1308.199951171875,213607.0
1548806400,1310.4000244140625,1323.4000244140625,1308.0999755859375,1309.9000244140625,54958.0
1548892800,1320.0,1325.4000244140625,1316.699951171875,1319.699951171875,1970.0
1548979200,1320.300048828125,1320.699951171875,1315.4000244140625,1316.9000244140625,878.0
1549238400,1318.0999755859375,1318.0999755859375,1308.300048828125,1314.300048828125,675.0
1549324800,1311.0999755859375,1315.0999755859375,1311.0,1314.199951171875,362.0
1549411200,1312.5,1313.5,1305.0,1309.5,358.0
1549497600,1302.9000244140625,1310.4000244140625,1302.199951171875,1309.4000244140625,203.0
1549584000,1309.5,1314.0,1307.800048828125,1313.699951171875,122.0
1549843200,1313.4000244140625,1313.4000244140625,1304.699951171875,1307.0,119.0
1549929600,1310.0,1312.0,1307.5999755859375,1309.199951171875,109.0
1550016000,1311.5999755859375,1316.0,1308.0999755859375,1310.800048828125,143.0
1550102400,1305.0,1311.800048828125,1301.5999755859375,1309.800048828125,858.0
1550188800,1313.5999755859375,1318.800048828125,1313.5999755859375,1318.0999755859375,190.0
1550534400,1320.9000244140625,1340.0999755859375,1320.5,1340.0999755859375,390.0
1550620800,1342.199951171875,1344.0,1338.0,1343.300048828125,581.0
1550707200,1331.300048828125,1334.9000244140625,1320.9000244140625,1323.5,414.0
1550793600,1324.199951171875,1331.300048828125,1321.0,1329.199951171875,718.0
1551052800,1329.199951171875,1331.5999755859375,1325.5999755859375,1325.9000244140625,185.0
1551139200,1323.300048828125,1325.5,1323.300048828125,1325.0999755859375,939.0
1551225600,1327.699951171875,1327.9000244140625,1316.5,1317.699951171875,604.0
1551312000,1321.0999755859375,1323.699951171875,1311.5,1312.800048828125,141.0
1551398400,1312.199951171875,1312.199951171875,1288.9000244140625,1296.4000244140625,110.0
1551657600,1285.5,1287.0,1281.9000244140625,1284.800048828125,28.0
1551744000,1287.0,1287.0,1282.0,1282.0,114.0
1551830400,1287.0999755859375,1287.0999755859375,1282.5999755859375,1284.9000244140625,14.0
1551916800,1281.0,1284.5999755859375,1281.0,1283.800048828125,11.0
1552003200,1292.0999755859375,1297.4000244140625,1291.5999755859375,1297.0,10.0
1552262400,1291.0,1291.0,1288.800048828125,1288.800048828125,9.0
1552348800,1294.699951171875,1296.300048828125,1294.699951171875,1296.300048828125,1.0
1552435200,1307.5,1307.5,1307.5,1307.5,0.0
1552521600,1293.4000244140625,1293.4000244140625,1293.4000244140625,1293.4000244140625,1.0
1552608000,1300.9000244140625,1304.699951171875,1300.5,1301.800048828125,26.0
1552867200,1297.300048828125,1302.199951171875,1297.300048828125,1300.300048828125,8.0
1552953600,1306.9000244140625,1306.9000244140625,1304.800048828125,1305.0,20.0
1553040000,1300.699951171875,1300.699951171875,1300.5,1300.5,2.0
1553126400,1306.0999755859375,1306.0999755859375,1306.0999755859375,1306.0999755859375,0.0
1553212800,1311.5999755859375,1311.5999755859375,1311.5999755859375,1311.5999755859375,0.0
1553472000,1320.699951171875,1322.9000244140625,1320.699951171875,1321.9000244140625,19.0
1553558400,1315.5999755859375,1315.5999755859375,1314.300048828125,1314.300048828125,1.0
1553644800,1309.9000244140625,1309.9000244140625,1309.9000244140625,1309.9000244140625,206263.0
1553731200,1308.4000244140625,1311.0999755859375,1287.699951171875,1289.800048828125,87798.0
1553817600,1289.5999755859375,1298.5,1286.0999755859375,1293.0,1265.0
1554076800,1291.800048828125,1295.9000244140625,1285.699951171875,1288.4000244140625,675.0
1554163200,1286.300048828125,1290.9000244140625,1284.5,1290.0,525.0
1554249600,1291.4000244140625,1293.0999755859375,1287.5,1289.9000244140625,172.0
1554336000,1290.5999755859375,1292.5999755859375,1279.5,1289.0,269.0
1554422400,1292.0,1292.0,1283.5999755859375,1290.4000244140625,181.0
1554681600,1292.199951171875,1302.0999755859375,1291.800048828125,1297.0999755859375,63.0
1554768000,1298.5,1304.9000244140625,1298.5,1303.5,30.0
1554854400,1304.0,1309.0999755859375,1301.5,1309.0999755859375,66.0
1554940800,1307.0,1307.0999755859375,1288.5999755859375,1288.5999755859375,420.0
1555027200,1293.4000244140625,1293.4000244140625,1289.199951171875,1290.5999755859375,607.0
1555286400,1284.800048828125,1287.300048828125,1282.300048828125,1286.800048828125,523.0
1555372800,1285.199951171875,1285.199951171875,1272.199951171875,1272.5999755859375,643.0
1555459200,1273.5,1273.5,1271.5999755859375,1272.199951171875,308.0
1555545600,1270.800048828125,1273.5999755859375,1270.0999755859375,1271.9000244140625,27.0
1555891200,1273.5,1273.5,1273.5,1273.5,147.0
1555977600,1266.4000244140625,1269.800048828125,1266.0,1269.300048828125,206.0
1556064000,1268.4000244140625,1275.5,1267.800048828125,1275.5,518.0
1556150400,1280.5999755859375,1280.800048828125,1275.800048828125,1275.800048828125,95.0
1556236800,1284.9000244140625,1284.9000244140625,1284.9000244140625,1284.9000244140625,804.0
1556496000,1284.800048828125,1284.9000244140625,1277.0999755859375,1278.5999755859375,568.0
1556582400,1281.699951171875,1283.300048828125,1280.800048828125,1282.800048828125,114.0
1556668800,1278.699951171875,1283.300048828125,1278.699951171875,1281.4000244140625,70.0
1556755200,1269.199951171875,1270.800048828125,1266.5999755859375,1269.699951171875,63.0
1556841600,1270.0999755859375,1279.199951171875,1270.0999755859375,1279.199951171875,15.0
1557100800,1282.199951171875,1282.199951171875,1280.300048828125,1281.699951171875,12.0
1557187200,1280.5,1283.5,1280.5,1283.5,8.0
1557273600,1279.4000244140625,1279.4000244140625,1279.4000244140625,1279.4000244140625,5.0
1557360000,1278.9000244140625,1285.0,1278.800048828125,1283.5,38.0
1557446400,1285.4000244140625,1286.5,1283.300048828125,1285.699951171875,6.0
1557705600,1286.699951171875,1300.0999755859375,1281.800048828125,1300.0999755859375,56.0
1557792000,1297.800048828125,1297.800048828125,1294.699951171875,1294.699951171875,6.0
1557878400,1296.9000244140625,1296.9000244140625,1296.0,1296.300048828125,55.0
1557964800,1285.199951171875,1285.4000244140625,1285.0,1285.0,3.0
1558051200,1280.0,1280.0,1274.5,1274.5,1.0
1558310400,1276.0999755859375,1276.0999755859375,1276.0999755859375,1276.0999755859375,20.0
1558396800,1272.0,1272.0,1272.0,1272.0,0.0
1558483200,1273.5999755859375,1273.5999755859375,1273.5999755859375,1273.5999755859375,0.0
1558569600,1284.800048828125,1284.800048828125,1284.800048828125,1284.800048828125,0.0
1558656000,1283.0,1283.0,1283.0,1283.0,9.0
1559001600,1276.5,1276.5,1276.5,1276.5,0.0
1559088000,1280.5999755859375,1280.5999755859375,1280.5999755859375,1280.5999755859375,189694.0
1559174400,1279.4000244140625,1288.300048828125,1273.9000244140625,1287.0999755859375,55573.0
1559260800,1287.699951171875,1306.4000244140625,1287.5,1305.800048828125,2814.0
1559520000,1307.0,1327.800048828125,1307.0,1322.699951171875,812.0
1559606400,1324.300048828125,1328.5999755859375,1320.800048828125,1323.4000244140625,302.0
1559692800,1328.9000244140625,1343.300048828125,1326.300048828125,1328.300048828125,622.0
1559779200,1330.800048828125,1338.699951171875,1326.199951171875,1337.5999755859375,161.0
1559865600,1333.0999755859375,1347.699951171875,1329.800048828125,1341.199951171875,240.0
1560124800,1335.800048828125,1336.5,1324.0999755859375,1324.699951171875,268.0
1560211200,1328.4000244140625,1328.4000244140625,1319.0999755859375,1326.4000244140625,201.0
1560297600,1326.9000244140625,1334.5,1326.9000244140625,1331.9000244140625,139.0
1560384000,1331.5999755859375,1341.0999755859375,1331.5999755859375,1339.199951171875,157.0
1560470400,1345.4000244140625,1355.4000244140625,1339.300048828125,1340.0999755859375,914.0
1560729600,1339.0,1340.300048828125,1335.0,1338.699951171875,76.0
1560816000,1349.300048828125,1349.300048828125,1341.5999755859375,1346.5999755859375,29.0
1560902400,1344.0,1344.5999755859375,1344.0,1344.5999755859375,129.0
1560988800,1381.5,1392.9000244140625,1379.5,1392.9000244140625,76.0
1561075200,1406.0,1406.0,1390.300048828125,1396.199951171875,35.0
1561334400,1406.0,1420.5999755859375,1402.0999755859375,1414.300048828125,125.0
1561420800,1418.0999755859375,1433.300048828125,1414.9000244140625,1414.9000244140625,105.0
1561507200,1407.199951171875,1413.300048828125,1405.800048828125,1411.5999755859375,1333.0
1561593600,1407.0,1410.800048828125,1399.800048828125,1408.4000244140625,437.0
1561680000,1408.300048828125,1422.0,1408.300048828125,1409.699951171875,356.0
1561939200,1386.5999755859375,1395.800048828125,1382.800048828125,1385.5999755859375,214.0
1562025600,1391.0999755859375,1418.4000244140625,1390.800048828125,1404.5999755859375,38.0
1562112000,1431.0,1434.0,1413.0999755859375,1417.699951171875,46.0
1562284800,1418.300048828125,1418.300048828125,1390.199951171875,1396.699951171875,20.0
1562544000,1395.9000244140625,1397.0,1393.5999755859375,1397.0,14.0
1562630400,1394.5,1397.5,1386.199951171875,1397.5,53.0
1562716800,1409.9000244140625,1410.0999755859375,1409.9000244140625,1410.0999755859375,50.0
1562803200,1424.0,1424.0,1404.300048828125,1404.300048828125,6.0
1562889600,1405.5999755859375,1410.0999755859375,1405.5999755859375,1409.9000244140625,8.0
1563148800,1414.4000244140625,1415.0,1411.4000244140625,1411.4000244140625,25.0
1563235200,1413.5999755859375,1413.699951171875,1405.0,1409.199951171875,13.0
1563321600,1404.5999755859375,1421.300048828125,1404.5999755859375,1421.300048828125,6.0
1563408000,1422.300048828125,1444.199951171875,1419.5,1426.0999755859375,66.0
1563494400,1440.5,1442.0,1425.0999755859375,1425.0999755859375,22.0
1563753600,1425.300048828125,1425.300048828125,1424.0,1425.300048828125,1.0
1563840000,1418.5999755859375,1421.300048828125,1416.300048828125,1420.0999755859375,5.0
1563926400,1422.800048828125,1422.800048828125,1422.800048828125,1422.800048828125,20.0
1564012800,1413.9000244140625,1413.9000244140625,1413.9000244140625,1413.9000244140625,4.0
1564099200,1422.800048828125,1423.0,1418.5,1418.5,5.0
1564358400,1419.5999755859375,1419.5999755859375,1419.5999755859375,1419.5999755859375,224267.0
1564444800,1426.300048828125,1433.9000244140625,1422.0999755859375,1429.699951171875,73874.0
1564531200,1431.300048828125,1435.800048828125,1411.199951171875,1426.0999755859375,3294.0
1564617600,1411.300048828125,1445.199951171875,1400.9000244140625,1420.9000244140625,2431.0
1564704000,1448.0,1448.0,1432.300048828125,1445.5999755859375,1873.0
1564963200,1440.4000244140625,1469.699951171875,1440.4000244140625,1464.5999755859375,1008.0
1565049600,1469.699951171875,1475.0,1457.699951171875,1472.4000244140625,460.0
1565136000,1473.5,1509.9000244140625,1473.199951171875,1507.300048828125,824.0
1565222400,1498.4000244140625,1508.5,1492.0,1497.699951171875,367.0
1565308800,1506.199951171875,1507.5,1495.5999755859375,1496.5999755859375,74.0
1565568000,1496.0,1514.9000244140625,1488.0999755859375,1505.300048828125,257.0
1565654400,1510.4000244140625,1531.4000244140625,1483.699951171875,1502.199951171875,672.0
1565740800,1500.0,1520.5,1497.0,1515.9000244140625,328.0
1565827200,1519.800048828125,1522.699951171875,1510.5999755859375,1519.5999755859375,87.0
1565913600,1524.5999755859375,1524.5999755859375,1504.699951171875,1512.5,1815.0
1566172800,1507.199951171875,1507.5999755859375,1492.9000244140625,1500.4000244140625,205.0
1566259200,1497.5,1506.0999755859375,1497.5,1504.5999755859375,486.0
1566345600,1504.9000244140625,1505.0,1498.800048828125,1504.5999755859375,350.0
1566432000,1495.0999755859375,1497.300048828125,1493.800048828125,1497.300048828125,686.0
1566518400,1493.5,1527.5999755859375,1493.5,1526.5999755859375,983.0
1566777600,1543.199951171875,1543.300048828125,1524.300048828125,1526.300048828125,334.0
1566864000,1530.5,1542.0999755859375,1528.5,1541.0,166.0
1566950400,1538.0999755859375,1538.0999755859375,1537.800048828125,1537.800048828125,2756.0
1567036800,1537.5,1549.300048828125,1519.5999755859375,1526.5,704.0
1567123200,1524.5999755859375,1530.4000244140625,1516.699951171875,1519.0999755859375,276.0
1567468800,1522.9000244140625,1547.300048828125,1521.0,1545.9000244140625,139.0
1567555200,1549.0,1553.199951171875,1534.800048828125,1550.300048828125,46.0
1567641600,1551.0,1551.0999755859375,1511.0999755859375,1515.4000244140625,125.0
1567728000,1517.300048828125,1526.0,1504.5,1506.199951171875,54.0
1567987200,1509.0,1513.0,1498.0,1502.199951171875,69.0
1568073600,1498.5,1498.5,1486.9000244140625,1490.300048828125,23.0
1568160000,1491.699951171875,1496.5999755859375,1490.199951171875,1494.4000244140625,8.0
1568246400,1499.5,1515.4000244140625,1498.699951171875,1498.699951171875,27.0
1568332800,1490.9000244140625,1490.9000244140625,1486.9000244140625,1490.9000244140625,1.0
1568592000,1506.5999755859375,1506.800048828125,1496.9000244140625,1503.0999755859375,21.0
1568678400,1497.9000244140625,1505.0999755859375,1497.9000244140625,1505.0999755859375,3.0
1568764800,1508.9000244140625,1509.4000244140625,1489.300048828125,1507.5,8.0
1568851200,1496.0999755859375,1502.4000244140625,1496.0999755859375,1498.4000244140625,10.0
1568937600,1503.0,1507.300048828125,1503.0,1507.300048828125,2.0
1569196800,1515.5,1523.699951171875,1515.5,1523.699951171875,5.0
1569283200,1515.0999755859375,1533.0,1515.0999755859375,1532.0999755859375,25.0
1569369600,1527.5999755859375,1527.9000244140625,1504.5999755859375,1504.5999755859375,25.0
1569456000,1507.5,1507.5,1507.5,1507.5,8178.0
1569542400,1504.199951171875,1506.0999755859375,1485.5999755859375,1499.0999755859375,7827.0
1569801600,1495.9000244140625,1495.9000244140625,1463.5,1465.699951171875,1078.0
1569888000,1468.699951171875,1485.5,1458.300048828125,1482.0,219.0
1569974400,1476.5999755859375,1503.699951171875,1474.0999755859375,1501.0,205.0
1570060800,1497.4000244140625,1518.199951171875,1496.5999755859375,1507.0999755859375,1213.0
1570147200,1505.5999755859375,1508.699951171875,1497.0999755859375,1506.199951171875,233.0
1570406400,1504.800048828125,1505.800048828125,1489.0999755859375,1497.699951171875,121.0
1570492800,1489.4000244140625,1506.300048828125,1489.300048828125,1497.199951171875,46.0
1570579200,1507.699951171875,1507.699951171875,1498.4000244140625,1506.0999755859375,120.0
1570665600,1511.199951171875,1511.199951171875,1490.5999755859375,1494.800048828125,78.0
1570752000,1491.9000244140625,1494.9000244140625,1476.9000244140625,1482.699951171875,57.0
1571011200,1484.4000244140625,1493.5,1481.300048828125,1491.699951171875,400.0
1571097600,1488.9000244140625,1495.4000244140625,1476.5999755859375,1477.5999755859375,367.0
1571184000,1482.0,1488.0,1480.0,1488.0,383.0
1571270400,1486.199951171875,1493.199951171875,1485.800048828125,1492.300048828125,271.0
1571356800,1487.300048828125,1489.0999755859375,1486.5999755859375,1488.199951171875,82.0
1571616000,1489.9000244140625,1489.9000244140625,1481.5,1482.4000244140625,72.0
1571702400,1483.4000244140625,1483.5,1481.699951171875,1481.699951171875,99.0
1571788800,1486.4000244140625,1490.300048828125,1486.4000244140625,1489.9000244140625,67.0
1571875200,1490.5,1501.199951171875,1485.9000244140625,1498.9000244140625,115.0
1571961600,1501.4000244140625,1514.300048828125,1499.0,1499.5,93.0
1572220800,1504.0999755859375,1504.0999755859375,1490.0,1490.0,37.0
1572307200,1485.9000244140625,1487.0,1485.9000244140625,1487.0,425.0
1572393600,1487.199951171875,1495.4000244140625,1481.0,1493.199951171875,320.0
1572480000,1496.0999755859375,1513.0999755859375,1496.0999755859375,1511.4000244140625,210.0
1572566400,1511.0,1511.5999755859375,1503.0,1508.0,235.0
1572825600,1511.5999755859375,1511.5999755859375,1508.0,1508.0,101.0
1572912000,1507.0999755859375,1507.0999755859375,1480.800048828125,1480.800048828125,31.0
1572998400,1483.199951171875,1491.0,1483.199951171875,1490.199951171875,567.0
1573084800,1489.0999755859375,1489.0999755859375,1464.199951171875,1464.199951171875,581.0
1573171200,1469.0999755859375,1469.0999755859375,1461.300048828125,1461.300048828125,21.0
1573430400,1461.0,1461.0,1449.300048828125,1455.5,22.0
1573516800,1454.9000244140625,1454.9000244140625,1447.0999755859375,1452.0999755859375,6.0
1573603200,1456.800048828125,1463.300048828125,1456.800048828125,1461.699951171875,56.0
1573689600,1463.800048828125,1471.800048828125,1463.699951171875,1471.800048828125,83.0
1573776000,1469.0999755859375,1469.0999755859375,1467.300048828125,1467.300048828125,13.0
1574035200,1472.0,1472.0,1469.699951171875,1470.9000244140625,141.0
1574121600,1467.699951171875,1474.300048828125,1467.699951171875,1473.300048828125,18.0
1574208000,1472.5999755859375,1474.5,1467.300048828125,1473.300048828125,31.0
1574294400,1463.0999755859375,1463.0999755859375,1463.0999755859375,1463.0999755859375,16.0
1574380800,1468.5999755859375,1468.5999755859375,1463.0999755859375,1463.0999755859375,19.0
1574640000,1457.0999755859375,1457.0999755859375,1455.5,1456.5999755859375,14.0
1574726400,1459.800048828125,1459.800048828125,1459.800048828125,1459.800048828125,346362.0
1574812800,1461.0999755859375,1461.9000244140625,1452.0,1453.4000244140625,88364.0
1574985600,1453.5999755859375,1465.5999755859375,1452.0999755859375,1465.5999755859375,7020.0
1575244800,1462.800048828125,1464.4000244140625,1453.300048828125,1462.300048828125,2172.0
1575331200,1461.5999755859375,1480.4000244140625,1459.5,1478.199951171875,1460.0
1575417600,1477.5,1483.4000244140625,1471.199951171875,1474.0,613.0
1575504000,1474.699951171875,1478.0,1472.300048828125,1476.9000244140625,907.0
1575590400,1475.0,1476.0,1458.199951171875,1459.0999755859375,899.0
1575849600,1458.800048828125,1464.199951171875,1458.5999755859375,1459.300048828125,1461.0
1575936000,1460.699951171875,1467.199951171875,1460.699951171875,1462.5999755859375,367.0
1576022400,1463.0999755859375,1475.4000244140625,1463.0999755859375,1469.4000244140625,393.0
1576108800,1475.0999755859375,1483.9000244140625,1463.699951171875,1466.699951171875,955.0
1576195200,1463.0999755859375,1475.9000244140625,1463.0999755859375,1475.5999755859375,468.0
1576454400,1473.800048828125,1475.300048828125,1473.800048828125,1475.0,99.0
1576540800,1474.0999755859375,1476.9000244140625,1474.0,1474.5999755859375,410.0
1576627200,1472.5999755859375,1472.5999755859375,1472.5999755859375,1472.5999755859375,250.0
1576713600,1475.9000244140625,1478.9000244140625,1473.300048828125,1478.199951171875,319.0
1576800000,1476.699951171875,1478.0999755859375,1474.699951171875,1474.699951171875,118.0
1577059200,1482.300048828125,1482.5,1479.9000244140625,1482.5,391.0
1577145600,1488.699951171875,1499.0999755859375,1488.699951171875,1499.0999755859375,52.0
1577318400,1505.199951171875,1512.300048828125,1505.0,1509.300048828125,126.0
1577404800,1513.800048828125,1513.800048828125,1513.800048828125,1513.800048828125,839.0
1577664000,1512.5999755859375,1515.0999755859375,1510.0,1514.5,446.0
1577750400,1513.800048828125,1523.4000244140625,1513.800048828125,1519.5,301.0
1577923200,1518.0999755859375,1528.699951171875,1518.0,1524.5,214.0
1578009600,1530.0999755859375,1552.699951171875,1530.0999755859375,1549.199951171875,107.0
1578268800,1580.0,1580.0,1560.4000244140625,1566.199951171875,416.0
1578355200,1558.300048828125,1576.300048828125,1558.300048828125,1571.800048828125,47.0
1578441600,1579.699951171875,1604.199951171875,1552.300048828125,1557.4000244140625,236.0
1578528000,1555.699951171875,1555.699951171875,1543.300048828125,1551.699951171875,54.0
1578614400,1551.199951171875,1558.800048828125,1545.4000244140625,1557.5,16.0
1578873600,1557.4000244140625,1558.0,1548.4000244140625,1548.4000244140625,48.0
1578960000,1546.699951171875,1546.699951171875,1534.9000244140625,1542.4000244140625,32.0
1579046400,1548.0,1553.9000244140625,1545.5999755859375,1552.0999755859375,11.0
1579132800,1555.699951171875,1556.0999755859375,1548.5,1549.0,98.0
1579219200,1554.0999755859375,1558.800048828125,1553.5999755859375,1558.800048828125,108.0
1579564800,1559.300048828125,1566.199951171875,1551.0,1556.4000244140625,45.0
1579651200,1549.800048828125,1557.0999755859375,1549.800048828125,1555.300048828125,42.0
1579737600,1553.0999755859375,1564.5999755859375,1552.199951171875,1564.5999755859375,15.0
1579824000,1556.300048828125,1571.0999755859375,1556.300048828125,1571.0999755859375,43.0
1580083200,1584.300048828125,1584.5,1576.800048828125,1576.800048828125,22.0
1580169600,1576.4000244140625,1576.4000244140625,1569.199951171875,1569.199951171875,3.0
1580256000,1569.800048828125,1569.800048828125,1569.800048828125,1569.800048828125,251274.0
1580342400,1576.800048828125,1585.0,1571.4000244140625,1583.5,62336.0
1580428800,1573.4000244140625,1589.0,1570.0,1582.9000244140625,1095.0
1580688000,1592.9000244140625,1593.300048828125,1568.199951171875,1577.199951171875,1062.0
1580774400,1577.699951171875,1577.699951171875,1547.800048828125,1550.4000244140625,978.0
1580860800,1553.199951171875,1560.699951171875,1547.699951171875,1557.800048828125,1305.0
1580947200,1553.5999755859375,1565.5999755859375,1551.5999755859375,1565.0999755859375,110.0
1581033600,1564.9000244140625,1571.9000244140625,1560.5,1568.5999755859375,431.0
1581292800,1569.300048828125,1574.699951171875,1568.5999755859375,1574.699951171875,128.0
1581379200,1570.9000244140625,1571.0999755859375,1561.9000244140625,1565.5999755859375,440.0
1581465600,1565.199951171875,1568.699951171875,1561.0,1567.4000244140625,36.0
1581552000,1570.199951171875,1575.0999755859375,1570.199951171875,1575.0999755859375,74.0
1581638400,1575.800048828125,1582.699951171875,1574.800048828125,1582.699951171875,68.0
1581984000,1579.800048828125,1604.300048828125,1579.800048828125,1600.0,310.0
1582070400,1600.5999755859375,1610.5,1599.699951171875,1607.5,542.0
1582156800,1606.5,1621.0,1603.0,1616.5999755859375,117.0
1582243200,1619.300048828125,1645.0,1619.300048828125,1644.5999755859375,186.0
1582502400,1657.0,1686.5999755859375,1650.0,1672.4000244140625,435.0
1582588800,1645.0999755859375,1653.699951171875,1632.300048828125,1646.9000244140625,409.0
1582675200,1644.0,1648.0999755859375,1636.4000244140625,1640.0,1990.0
1582761600,1641.0999755859375,1658.0,1638.5,1640.0,707.0
1582848000,1640.300048828125,1642.5,1564.0999755859375,1564.0999755859375,289.0
1583107200,1583.9000244140625,1608.300048828125,1574.300048828125,1592.300048828125,537.0
1583193600,1594.5,1645.300048828125,1594.0,1642.0999755859375,610.0
1583280000,1645.4000244140625,1645.9000244140625,1631.300048828125,1641.0999755859375,83.0
1583366400,1637.300048828125,1672.9000244140625,1637.199951171875,1666.4000244140625,154.0
1583452800,1670.800048828125,1686.199951171875,1647.199951171875,1670.800048828125,175.0
1583712000,1696.0999755859375,1701.5999755859375,1657.699951171875,1674.5,161.0
1583798400,1671.5999755859375,1674.5999755859375,1643.0,1659.0999755859375,48.0
1583884800,1656.5999755859375,1666.5,1635.0,1641.4000244140625,47.0
1583971200,1637.0,1647.5,1566.4000244140625,1589.300048828125,256.0
1584057600,1574.9000244140625,1589.800048828125,1513.800048828125,1515.699951171875,89.0
1584316800,1569.0999755859375,1569.0999755859375,1452.0999755859375,1485.9000244140625,193.0
1584403200,1469.300048828125,1537.699951171875,1469.300048828125,1524.9000244140625,122.0
1584489600,1537.5,1542.0,1477.300048828125,1477.300048828125,333.0
1584576000,1481.5,1491.5999755859375,1471.0,1478.5999755859375,262.0
1584662400,1483.5,1484.0,1483.5,1484.0,14.0
1584921600,1505.300048828125,1567.0,1490.199951171875,1567.0,51.0
1585008000,1592.699951171875,1685.5,1592.699951171875,1660.199951171875,442.0
1585094400,1676.5,1676.5,1631.0999755859375,1632.300048828125,476.0
1585180800,1660.5,1660.5,1650.0999755859375,1650.0999755859375,3.0
1585267200,1623.9000244140625,1623.9000244140625,1623.9000244140625,1623.9000244140625,100638.0
1585526400,1641.199951171875,1652.800048828125,1607.199951171875,1622.0,16389.0
1585612800,1618.699951171875,1621.0,1576.0,1583.4000244140625,2874.0
1585699200,1570.0,1600.0,1570.0,1578.199951171875,2158.0
1585785600,1590.9000244140625,1631.199951171875,1586.0,1625.699951171875,1294.0
1585872000,1624.5,1636.0,1619.800048828125,1633.699951171875,643.0
1586131200,1629.0999755859375,1696.699951171875,1625.9000244140625,1677.0,1063.0
1586217600,1695.699951171875,1724.4000244140625,1658.0,1664.800048828125,1144.0
1586304000,1669.699951171875,1677.0,1662.5,1665.4000244140625,747.0
1586390400,1662.699951171875,1736.199951171875,1662.699951171875,1736.199951171875,825.0
1586736000,1722.0,1756.800048828125,1710.699951171875,1744.800048828125,696.0
1586822400,1756.800048828125,1775.0,1739.5,1756.699951171875,675.0
1586908800,1739.4000244140625,1744.9000244140625,1722.699951171875,1727.199951171875,642.0
1586995200,1731.0,1750.5999755859375,1715.0,1720.4000244140625,162.0
1587081600,1715.699951171875,1725.0,1684.9000244140625,1689.199951171875,223.0
1587340800,1686.0,1701.5999755859375,1680.0,1701.5999755859375,106.0
1587427200,1697.0,1707.0999755859375,1659.9000244140625,1678.199951171875,666.0
1587513600,1696.0,1728.699951171875,1684.800048828125,1728.699951171875,453.0
1587600000,1734.0,1745.0999755859375,1733.300048828125,1733.300048828125,482.0
1587686400,1744.0,1744.0,1714.5,1723.5,221.0
1587945600,1731.9000244140625,1731.9000244140625,1711.9000244140625,1711.9000244140625,169.0
1588032000,1716.5999755859375,1716.5999755859375,1707.0999755859375,1710.5,1255.0
1588118400,1710.0,1713.5,1702.0,1703.4000244140625,373.0
1588204800,1719.300048828125,1719.300048828125,1680.800048828125,1684.199951171875,327.0
1588291200,1686.5999755859375,1701.5,1670.5,1694.5,337.0
1588550400,1702.5999755859375,1709.0,1699.5999755859375,1706.9000244140625,320.0
1588636800,1701.5,1704.4000244140625,1697.199951171875,1704.4000244140625,82.0
1588723200,1704.0,1704.0,1684.199951171875,1684.199951171875,469.0
1588809600,1686.199951171875,1721.800048828125,1685.5999755859375,1721.800048828125,853.0
1588896000,1726.199951171875,1728.9000244140625,1703.800048828125,1709.9000244140625,330.0
1589155200,1702.300048828125,1704.5,1690.199951171875,1695.300048828125,749.0
1589241600,1699.300048828125,1713.0999755859375,1699.300048828125,1704.4000244140625,324.0
1589328000,1702.0,1721.300048828125,1701.9000244140625,1713.9000244140625,431.0
1589414400,1724.300048828125,1743.0999755859375,1720.5,1738.0999755859375,672.0
1589500800,1739.699951171875,1753.4000244140625,1739.699951171875,1753.4000244140625,719.0
1589760000,1755.699951171875,1770.5,1731.800048828125,1731.800048828125,229.0
1589846400,1744.199951171875,1749.5,1744.199951171875,1744.199951171875,167.0
1589932800,1751.5999755859375,1752.0999755859375,1745.5999755859375,1750.5999755859375,16.0
1590019200,1746.800048828125,1746.800048828125,1720.5,1720.5,528.0
1590105600,1726.5999755859375,1734.5999755859375,1726.5999755859375,1734.5999755859375,6.0
1590451200,1726.4000244140625,1726.4000244140625,1704.800048828125,1704.800048828125,39.0
1590537600,1685.5999755859375,1710.300048828125,1685.5999755859375,1710.300048828125,137416.0
1590624000,1709.300048828125,1727.800048828125,1705.0,1713.300048828125,23355.0
1590710400,1718.800048828125,1738.300048828125,1715.0999755859375,1736.9000244140625,1526.0
1590969600,1740.4000244140625,1747.0,1727.0999755859375,1737.800048828125,871.0
1591056000,1743.0,1745.5,1721.800048828125,1725.199951171875,741.0
1591142400,1726.300048828125,1726.300048828125,1684.5,1697.800048828125,2755.0
1591228800,1694.5,1718.9000244140625,1694.5,1718.9000244140625,807.0
1591315200,1711.800048828125,1711.800048828125,1668.5999755859375,1676.199951171875,1502.0
1591574400,1679.0999755859375,1699.4000244140625,1675.9000244140625,1698.300048828125,587.0
1591660800,1694.5999755859375,1720.9000244140625,1692.0,1714.699951171875,690.0
1591747200,1716.0999755859375,1740.800048828125,1711.9000244140625,1713.300048828125,718.0
1591833600,1737.199951171875,1744.0999755859375,1720.0,1732.0,347.0
1591920000,1724.9000244140625,1743.0,1724.9000244140625,1729.300048828125,318.0
1592179200,1730.0,1730.0,1703.300048828125,1720.300048828125,188.0
1592265600,1726.300048828125,1729.5999755859375,1722.4000244140625,1729.5999755859375,22.0
1592352000,1714.699951171875,1729.199951171875,1714.699951171875,1729.199951171875,51.0
1592438400,1730.5,1734.0999755859375,1717.300048828125,1724.800048828125,110.0
1592524800,1723.699951171875,1750.699951171875,1723.5,1745.9000244140625,1329.0
1592784000,1755.199951171875,1767.5999755859375,1750.5,1756.699951171875,1356.0
1592870400,1755.4000244140625,1776.300048828125,1754.199951171875,1772.0999755859375,666.0
1592956800,1778.300048828125,1783.0999755859375,1764.5,1765.800048828125,961.0
1593043200,1761.699951171875,1764.800048828125,1759.800048828125,1762.0999755859375,207.0
1593129600,1766.0,1772.5,1764.699951171875,1772.5,640.0
1593388800,1779.800048828125,1780.199951171875,1774.300048828125,1774.800048828125,584.0
1593475200,1777.300048828125,1793.199951171875,1774.4000244140625,1793.0,986.0
1593561600,1793.5999755859375,1798.0,1765.800048828125,1773.199951171875,331.0
1593648000,1773.4000244140625,1784.0,1768.699951171875,1784.0,215.0
1593993600,1788.199951171875,1790.0999755859375,1788.199951171875,1788.5,172.0
1594080000,1789.300048828125,1804.199951171875,1783.300048828125,1804.199951171875,751.0
1594166400,1801.5,1817.9000244140625,1801.5,1815.5,209.0
1594252800,1816.0999755859375,1819.800048828125,1799.199951171875,1799.199951171875,396.0
1594339200,1805.5,1805.5,1797.699951171875,1798.199951171875,236.0
1594598400,1805.0,1811.0,1805.0,1811.0,164.0
1594684800,1791.0,1811.5,1791.0,1810.5999755859375,339.0
1594771200,1806.0999755859375,1813.5,1806.0999755859375,1811.4000244140625,167.0
1594857600,1810.9000244140625,1810.9000244140625,1794.300048828125,1798.699951171875,146.0
1594944000,1798.5,1810.0999755859375,1798.5,1808.300048828125,24.0
1595203200,1807.0,1817.300048828125,1807.0,1815.9000244140625,89.0
1595289600,1822.0,1842.4000244140625,1822.0,1842.4000244140625,117.0
1595376000,1858.0999755859375,1867.0,1854.699951171875,1864.0999755859375,213.0
1595462400,1868.699951171875,1890.300048828125,1868.5,1889.0999755859375,133.0
1595548800,1884.300048828125,1897.300048828125,1884.300048828125,1897.300048828125,474.0
1595808000,1901.699951171875,1938.0,1901.5,1931.0,364.0
1595894400,1931.5,1944.699951171875,1928.5999755859375,1944.699951171875,825.0
1595980800,1953.199951171875,1953.5,1952.5999755859375,1953.5,209835.0
1596067200,1963.4000244140625,1965.0999755859375,1930.0,1942.300048828125,28853.0
1596153600,1948.5999755859375,1981.0999755859375,1948.0,1962.800048828125,2914.0
1596412800,1984.300048828125,1984.300048828125,1955.5,1966.0,683.0
1596499200,1971.0,2016.199951171875,1968.800048828125,2001.199951171875,2010.0
1596585600,2024.0,2050.199951171875,2011.0,2031.0999755859375,1422.0
1596672000,2045.5,2063.0,2040.0,2051.5,294.0
1596758400,2040.0999755859375,2055.0,2009.5999755859375,2010.0999755859375,808.0
1597017600,2026.4000244140625,2043.800048828125,2017.5,2024.4000244140625,233.0
1597104000,2012.4000244140625,2016.0,1904.0,1932.5999755859375,971.0
1597190400,1923.0,1946.5999755859375,1871.5999755859375,1934.9000244140625,404.0
1597276800,1921.5,1957.4000244140625,1916.9000244140625,1956.699951171875,71.0
1597363200,1938.699951171875,1947.4000244140625,1937.0,1937.0,201.0
1597622400,1949.5999755859375,1985.0,1949.5999755859375,1985.0,97.0
1597708800,2001.0999755859375,2002.800048828125,1972.0999755859375,1999.4000244140625,92.0
1597795200,1980.0,1980.0,1938.699951171875,1958.699951171875,347.0
1597881600,1941.199951171875,1948.300048828125,1922.300048828125,1933.800048828125,106.0
1597968000,1941.0,1945.0,1908.9000244140625,1934.5999755859375,184.0
1598227200,1930.199951171875,1940.0,1922.199951171875,1927.699951171875,85.0
1598313600,1927.5,1928.5,1911.800048828125,1911.800048828125,176.0
1598400000,1909.699951171875,1950.800048828125,1909.699951171875,1940.699951171875,287.0
1598486400,1948.9000244140625,1972.5,1921.5999755859375,1921.5999755859375,2303.0
1598572800,1927.0999755859375,1971.300048828125,1922.5,1964.5999755859375,778.0
1598832000,1970.0,1971.300048828125,1953.300048828125,1967.5999755859375,158.0
1598918400,1961.699951171875,1986.300048828125,1961.699951171875,1968.199951171875,186.0
1599004800,1967.300048828125,1967.300048828125,1934.4000244140625,1934.4000244140625,71.0
1599091200,1937.0999755859375,1938.800048828125,1923.0,1927.5999755859375,179.0
1599177600,1927.9000244140625,1939.699951171875,1917.699951171875,1923.9000244140625,607.0
1599523200,1930.9000244140625,1937.9000244140625,1903.0999755859375,1933.0,271.0
1599609600,1926.9000244140625,1946.199951171875,1924.5999755859375,1944.699951171875,219.0
1599696000,1944.0999755859375,1962.699951171875,1944.0999755859375,1954.199951171875,722.0
1599782400,1944.0,1949.5,1937.800048828125,1937.800048828125,73.0
1600041600,1946.300048828125,1953.0999755859375,1943.0,1953.0999755859375,55.0
1600128000,1955.800048828125,1968.5,1955.800048828125,1956.300048828125,74.0
1600214400,1961.300048828125,1961.4000244140625,1956.699951171875,1960.199951171875,124.0
1600300800,1939.0,1946.0,1933.699951171875,1940.0,67.0
1600387200,1950.5,1952.0999755859375,1949.0,1952.0999755859375,38.0
1600646400,1946.199951171875,1946.199951171875,1883.4000244140625,1901.199951171875,52.0
1600732800,1913.0999755859375,1913.0999755859375,1898.5999755859375,1898.5999755859375,331.0
1600819200,1875.5,1875.5,1859.9000244140625,1859.9000244140625,5.0
1600905600,1851.5,1868.300048828125,1851.5,1868.300048828125,365.0
1600992000,1856.300048828125,1857.699951171875,1856.300048828125,1857.699951171875,4.0
1601251200,1872.800048828125,1872.800048828125,1872.800048828125,1872.800048828125,10455.0
1601337600,1876.5,1895.4000244140625,1872.4000244140625,1894.300048828125,3283.0
1601424000,1893.0,1899.699951171875,1879.800048828125,1887.5,600.0
1601510400,1884.0999755859375,1909.5999755859375,1882.5,1908.4000244140625,730.0
1601596800,1893.9000244140625,1913.0,1893.9000244140625,1900.199951171875,530.0
1601856000,1898.9000244140625,1915.5999755859375,1884.699951171875,1912.5,1360.0
1601942400,1906.5999755859375,1918.0,1874.4000244140625,1901.0999755859375,968.0
1602028800,1874.0999755859375,1889.800048828125,1873.0999755859375,1883.5999755859375,50.0
1602115200,1893.0,1893.0,1882.699951171875,1888.5999755859375,348.0
1602201600,1909.300048828125,1929.0999755859375,1905.0999755859375,1919.5,580.0
1602460800,1924.0,1926.5,1921.5999755859375,1922.5,96.0
1602547200,1921.9000244140625,1922.199951171875,1887.0,1888.5,191.0
1602633600,1889.699951171875,1910.800048828125,1882.5,1901.300048828125,33.0
1602720000,1897.300048828125,1906.300048828125,1889.5999755859375,1903.199951171875,254.0
1602806400,1898.5,1900.800048828125,1898.5,1900.800048828125,53.0
1603065600,1907.300048828125,1907.800048828125,1899.5,1906.4000244140625,43.0
1603152000,1901.300048828125,1910.4000244140625,1896.0999755859375,1910.4000244140625,329.0
1603238400,1913.5999755859375,1927.300048828125,1913.5999755859375,1924.5999755859375,1202.0
1603324800,1924.300048828125,1924.300048828125,1898.199951171875,1901.0999755859375,899.0
1603411200,1899.9000244140625,1913.300048828125,1896.199951171875,1902.0,287.0
1603670400,1895.5,1907.0,1893.5,1902.699951171875,242.0
1603756800,1904.5999755859375,1908.800048828125,1904.4000244140625,1908.800048828125,176.0
1603843200,1870.9000244140625,1876.199951171875,1870.9000244140625,1876.199951171875,277.0
1603929600,1876.0999755859375,1879.800048828125,1858.800048828125,1865.5999755859375,240.0
1604016000,1862.800048828125,1886.5999755859375,1862.800048828125,1877.4000244140625,725.0
1604275200,1872.9000244140625,1894.699951171875,1872.9000244140625,1890.4000244140625,190.0
1604361600,1891.5,1908.5,1891.5,1908.5,712.0
1604448000,1893.800048828125,1907.0,1885.300048828125,1894.5999755859375,782.0
1604534400,1901.699951171875,1948.0,1901.699951171875,1945.300048828125,135.0
1604620800,1940.800048828125,1958.800048828125,1940.800048828125,1950.300048828125,304.0
1604880000,1955.5999755859375,1963.199951171875,1847.0999755859375,1853.199951171875,745.0
1604966400,1879.300048828125,1885.300048828125,1871.199951171875,1875.4000244140625,276.0
1605052800,1878.800048828125,1878.800048828125,1855.5,1860.699951171875,222.0
1605139200,1869.0,1878.5,1866.5999755859375,1872.5999755859375,220.0
1605225600,1877.0,1890.0999755859375,1876.800048828125,1885.699951171875,240.0
1605484800,1874.5999755859375,1887.300048828125,1871.0,1887.300048828125,6.0
1605571200,1888.4000244140625,1888.4000244140625,1884.5,1884.5,59.0
1605657600,1873.5,1873.5,1873.5,1873.5,152.0
1605744000,1865.800048828125,1865.800048828125,1856.0,1861.0999755859375,59.0
1605830400,1871.199951171875,1872.5999755859375,1871.199951171875,1872.5999755859375,1900.0
1606089600,1834.800048828125,1837.800048828125,1829.199951171875,1837.800048828125,843.0
1606176000,1829.300048828125,1829.300048828125,1799.300048828125,1804.800048828125,1041.0
1606262400,1801.4000244140625,1805.699951171875,1801.4000244140625,1805.699951171875,205754.0
1606435200,1806.0999755859375,1817.0,1770.699951171875,1781.9000244140625,71804.0
1606694400,1785.0,1787.199951171875,1762.300048828125,1775.699951171875,3145.0
1606780800,1775.0,1815.9000244140625,1774.9000244140625,1814.0999755859375,1859.0
1606867200,1811.300048828125,1830.0,1807.800048828125,1825.699951171875,771.0
1606953600,1829.199951171875,1842.0,1825.300048828125,1836.800048828125,1765.0
1607040000,1840.699951171875,1847.5999755859375,1828.199951171875,1835.9000244140625,1213.0
1607299200,1836.5,1866.9000244140625,1820.800048828125,1861.800048828125,1427.0
1607385600,1863.0,1875.800048828125,1861.800048828125,1870.800048828125,121.0
1607472000,1867.0999755859375,1867.0999755859375,1827.0,1834.5999755859375,215.0
1607558400,1833.199951171875,1849.0999755859375,1828.0,1833.5999755859375,177.0
1607644800,1838.5,1846.0,1829.0999755859375,1839.800048828125,109.0
1607904000,1835.5,1835.699951171875,1822.699951171875,1828.699951171875,258.0
1607990400,1833.5,1853.5999755859375,1833.199951171875,1852.300048828125,961.0
1608076800,1856.5,1864.699951171875,1850.5,1856.0999755859375,1090.0
1608163200,1874.199951171875,1896.199951171875,1874.199951171875,1887.199951171875,414.0
1608249600,1882.4000244140625,1889.5,1882.300048828125,1885.699951171875,276.0
1608508800,1884.800048828125,1908.0,1869.0999755859375,1879.199951171875,136.0
1608595200,1882.199951171875,1882.199951171875,1861.0,1866.5999755859375,233.0
1608681600,1867.0,1878.800048828125,1864.5,1874.699951171875,82.0
1608768000,1877.300048828125,1879.9000244140625,1875.699951171875,1879.9000244140625,46.0
1609113600,1895.5,1895.800048828125,1873.699951171875,1877.199951171875,75.0
1609200000,1881.300048828125,1881.300048828125,1879.699951171875,1879.699951171875,343.0
1609286400,1879.9000244140625,1895.800048828125,1877.300048828125,1891.0,444.0
1609372800,1897.0,1901.300048828125,1892.699951171875,1893.0999755859375,127.0
1609718400,1912.199951171875,1945.0999755859375,1912.199951171875,1944.699951171875,154.0
1609804800,1941.699951171875,1952.699951171875,1941.300048828125,1952.699951171875,113.0
1609891200,1952.0,1959.9000244140625,1901.5,1906.9000244140625,331.0
1609977600,1922.5999755859375,1926.699951171875,1912.0,1912.300048828125,122.0
1610064000,1908.0,1908.0,1834.0999755859375,1834.0999755859375,60.0
1610323200,1826.5,1849.5999755859375,1826.5,1849.5999755859375,20.0
1610409600,1849.0,1859.699951171875,1839.4000244140625,1842.9000244140625,176.0
1610496000,1858.0,1858.5999755859375,1853.5999755859375,1853.5999755859375,189.0
1610582400,1836.699951171875,1850.699951171875,1836.699951171875,1850.300048828125,149.0
1610668800,1829.4000244140625,1829.4000244140625,1825.0,1829.300048828125,31.0
1611014400,1802.0,1842.9000244140625,1802.0,1839.5,13.0
1611100800,1847.800048828125,1866.5999755859375,1844.4000244140625,1865.9000244140625,16.0
1611187200,1865.300048828125,1868.0,1865.300048828125,1865.300048828125,6.0
1611273600,1854.9000244140625,1855.699951171875,1852.699951171875,1855.699951171875,8.0
1611532800,1864.699951171875,1864.699951171875,1851.800048828125,1854.9000244140625,26.0
1611619200,1855.800048828125,1855.800048828125,1850.699951171875,1850.699951171875,59.0
1611705600,1844.9000244140625,1844.9000244140625,1844.9000244140625,1844.9000244140625,195540.0
1611792000,1843.4000244140625,1862.9000244140625,1831.5,1837.9000244140625,27283.0
1611878400,1842.0,1876.0,1838.699951171875,1847.300048828125,1634.0
1612137600,1866.5999755859375,1871.9000244140625,1850.0,1860.800048828125,1494.0
1612224000,1859.5999755859375,1861.300048828125,1827.5999755859375,1830.5,1293.0
1612310400,1834.800048828125,1842.4000244140625,1829.800048828125,1832.199951171875,1195.0
1612396800,1832.199951171875,1832.199951171875,1782.800048828125,1788.9000244140625,2375.0
1612483200,1794.300048828125,1813.5,1790.9000244140625,1810.9000244140625,1278.0
1612742400,1816.300048828125,1836.699951171875,1809.0,1831.9000244140625,254.0
1612828800,1841.9000244140625,1843.300048828125,1830.699951171875,1835.300048828125,184.0
1612915200,1842.5999755859375,1851.0999755859375,1837.0,1840.5999755859375,543.0
1613001600,1840.5,1845.0,1820.9000244140625,1824.9000244140625,602.0
1613088000,1825.0,1827.5,1809.199951171875,1821.5999755859375,259.0
1613433600,1820.9000244140625,1823.4000244140625,1787.300048828125,1797.199951171875,1141.0
1613520000,1785.800048828125,1789.699951171875,1768.800048828125,1771.0999755859375,614.0
1613606400,1776.0999755859375,1784.5999755859375,1766.0,1773.4000244140625,587.0
1613692800,1764.300048828125,1787.5999755859375,1764.300048828125,1775.800048828125,118.0
1613952000,1784.0,1807.800048828125,1784.0,1806.699951171875,165.0
1614038400,1809.5999755859375,1811.300048828125,1796.4000244140625,1804.4000244140625,569.0
1614124800,1805.800048828125,1805.800048828125,1796.4000244140625,1796.4000244140625,1500.0
1614211200,1801.5,1802.0,1766.699951171875,1774.4000244140625,1049.0
1614297600,1768.0999755859375,1768.199951171875,1718.800048828125,1728.0999755859375,1593.0
1614556800,1737.0999755859375,1747.0,1720.300048828125,1722.5,407.0
1614643200,1709.4000244140625,1733.0999755859375,1708.699951171875,1733.0999755859375,867.0
1614729600,1730.0,1732.4000244140625,1703.5,1715.300048828125,501.0
1614816000,1706.5,1717.4000244140625,1700.199951171875,1700.199951171875,521.0
1614902400,1690.5999755859375,1701.0,1685.0,1698.0,302.0
1615161600,1704.699951171875,1705.4000244140625,1673.699951171875,1677.699951171875,1290.0
1615248000,1686.199951171875,1717.5,1685.199951171875,1716.5999755859375,335.0
1615334400,1713.5999755859375,1722.9000244140625,1711.0,1721.5,412.0
1615420800,1725.5999755859375,1737.5,1720.199951171875,1722.300048828125,18.0
1615507200,1715.9000244140625,1722.5,1699.0,1719.5,80.0
1615766400,1729.5,1731.9000244140625,1722.800048828125,1728.9000244140625,147.0
1615852800,1732.300048828125,1733.9000244140625,1726.0,1730.5999755859375,729.0
1615939200,1735.300048828125,1750.0999755859375,1725.5999755859375,1726.800048828125,488.0
1616025600,1745.800048828125,1750.300048828125,1721.800048828125,1732.199951171875,138.0
1616112000,1742.199951171875,1742.199951171875,1733.5999755859375,1741.4000244140625,13.0
1616371200,1737.800048828125,1737.800048828125,1737.800048828125,1737.800048828125,51.0
1616457600,1724.699951171875,1724.699951171875,1724.699951171875,1724.699951171875,6.0
1616544000,1727.5,1732.9000244140625,1727.5,1732.9000244140625,26.0
1616630400,1732.699951171875,1733.199951171875,1724.5,1724.9000244140625,15.0
1616716800,1721.300048828125,1732.199951171875,1721.300048828125,1732.199951171875,33.0
1616976000,1712.0999755859375,1712.0999755859375,1712.0999755859375,1712.0999755859375,135457.0
1617062400,1711.0,1712.5999755859375,1676.5,1683.9000244140625,25316.0
1617148800,1683.699951171875,1713.800048828125,1676.5,1713.800048828125,762.0
1617235200,1706.800048828125,1728.800048828125,1706.4000244140625,1726.5,720.0
1617580800,1727.9000244140625,1729.699951171875,1721.9000244140625,1727.0,275.0
1617667200,1726.9000244140625,1744.800048828125,1726.9000244140625,1741.5,890.0
1617753600,1742.699951171875,1742.699951171875,1733.699951171875,1740.0999755859375,557.0
1617840000,1736.0,1758.0,1734.5999755859375,1756.800048828125,1298.0
1617926400,1750.800048828125,1750.800048828125,1733.300048828125,1743.300048828125,484.0
1618185600,1740.800048828125,1740.800048828125,1726.699951171875,1731.199951171875,40.0
1618272000,1733.800048828125,1746.9000244140625,1722.0999755859375,1746.199951171875,367.0
1618358400,1741.300048828125,1745.9000244140625,1732.699951171875,1734.9000244140625,1037.0
1618444800,1740.0999755859375,1767.9000244140625,1740.0999755859375,1765.4000244140625,368.0
1618531200,1770.4000244140625,1779.5,1770.0999755859375,1779.0,625.0
1618790400,1782.0999755859375,1788.5,1769.4000244140625,1769.4000244140625,144.0
1618876800,1769.300048828125,1777.300048828125,1765.5,1777.300048828125,1464.0
1618963200,1783.0,1794.0999755859375,1777.699951171875,1792.300048828125,250.0
1619049600,1794.199951171875,1794.199951171875,1779.5,1781.199951171875,159.0
1619136000,1786.0999755859375,1794.5,1772.0,1777.0,332.0
1619395200,1778.0,1779.699951171875,1770.800048828125,1779.199951171875,549.0
1619481600,1780.0,1782.0,1777.699951171875,1778.0,117.0
1619568000,1768.199951171875,1774.0,1764.5999755859375,1773.199951171875,756.0
1619654400,1781.0,1789.0,1758.5999755859375,1768.0999755859375,196.0
1619740800,1771.800048828125,1771.800048828125,1763.9000244140625,1767.300048828125,18.0
1620000000,1788.5,1793.0,1788.5,1791.4000244140625,18.0
1620086400,1788.199951171875,1788.5,1774.800048828125,1775.800048828125,182.0
1620172800,1781.5,1784.0999755859375,1779.199951171875,1784.0999755859375,57.0
1620259200,1788.9000244140625,1815.5,1787.5999755859375,1815.5,13.0
1620345600,1842.9000244140625,1842.9000244140625,1831.0999755859375,1831.0999755859375,2.0
1620604800,1835.5999755859375,1845.5999755859375,1835.4000244140625,1837.5,13.0
1620691200,1837.199951171875,1838.0999755859375,1831.5999755859375,1835.9000244140625,420.0
1620777600,1825.199951171875,1825.199951171875,1821.699951171875,1822.5999755859375,3.0
1620864000,1814.699951171875,1826.800048828125,1814.0999755859375,1823.800048828125,100.0
1620950400,1824.5,1842.9000244140625,1824.5,1837.9000244140625,41.0
1621209600,1849.9000244140625,1867.5,1847.199951171875,1867.5,13.0
1621296000,1870.5,1870.5,1867.800048828125,1867.800048828125,3.0
1621382400,1866.4000244140625,1884.9000244140625,1863.5999755859375,1881.300048828125,348.0
1621468800,1865.5,1885.0,1864.800048828125,1881.800048828125,85.0
1621555200,1872.0999755859375,1876.699951171875,1872.0999755859375,1876.699951171875,5.0
1621814400,1882.0999755859375,1884.5999755859375,1882.0999755859375,1884.5999755859375,39.0
1621900800,1882.5,1898.0999755859375,1882.5,1898.0999755859375,56.0
1621987200,1901.300048828125,1901.300048828125,1901.300048828125,1901.300048828125,170526.0
1622073600,1896.800048828125,1903.9000244140625,1888.199951171875,1895.699951171875,35794.0
1622160000,1897.5,1905.4000244140625,1881.9000244140625,1902.5,2415.0
1622505600,1905.0999755859375,1916.199951171875,1892.800048828125,1902.9000244140625,640.0
1622592000,1899.199951171875,1908.800048828125,1896.0,1907.5,1267.0
1622678400,1908.800048828125,1908.800048828125,1865.0,1871.199951171875,1021.0
1622764800,1869.300048828125,1895.5,1854.0,1889.800048828125,367.0
1623024000,1890.5,1899.699951171875,1883.199951171875,1896.800048828125,87.0
1623110400,1896.5,1902.9000244140625,1890.0,1892.199951171875,930.0
1623196800,1894.9000244140625,1897.699951171875,1889.199951171875,1893.199951171875,148.0
1623283200,1887.699951171875,1899.800048828125,1871.5,1894.199951171875,186.0
1623369600,1900.9000244140625,1902.300048828125,1875.199951171875,1877.4000244140625,349.0
1623628800,1866.199951171875,1866.5999755859375,1846.5,1864.0,41.0
1623715200,1866.4000244140625,1867.199951171875,1854.4000244140625,1854.5,78.0
1623801600,1859.4000244140625,1860.0999755859375,1809.199951171875,1859.5,117.0
1623888000,1811.800048828125,1823.300048828125,1769.5999755859375,1773.800048828125,1135.0
1623974400,1775.699951171875,1792.4000244140625,1767.9000244140625,1767.9000244140625,354.0
1624233600,1768.800048828125,1785.199951171875,1766.800048828125,1781.800048828125,38.0
1624320000,1783.4000244140625,1786.9000244140625,1775.9000244140625,1776.300048828125,101.0
1624406400,1780.699951171875,1793.199951171875,1780.5999755859375,1782.300048828125,136.0
1624492800,1778.9000244140625,1786.4000244140625,1775.5999755859375,1775.5999755859375,78.0
1624579200,1777.699951171875,1788.0,1775.199951171875,1776.5999755859375,35.0
1624838400,1779.5999755859375,1779.5999755859375,1779.5999755859375,1779.5999755859375,888.0
1624924800,1776.800048828125,1777.0999755859375,1752.0999755859375,1762.800048828125,419.0
1625011200,1761.0999755859375,1770.800048828125,1759.199951171875,1770.800048828125,51.0
1625097600,1775.699951171875,1781.199951171875,1768.800048828125,1775.9000244140625,44.0
1625184000,1778.699951171875,1787.9000244140625,1778.300048828125,1782.5999755859375,23.0
1625529600,1786.699951171875,1809.800048828125,1786.699951171875,1793.5,332.0
1625616000,1798.699951171875,1808.4000244140625,1797.199951171875,1801.5,244.0
1625702400,1797.0,1818.5,1797.0,1799.5999755859375,148.0
1625788800,1803.5999755859375,1810.0999755859375,1798.800048828125,1810.0,218.0
1626048000,1802.5999755859375,1805.5,1799.5,1805.5,147.0
1626134400,1808.0999755859375,1812.0,1800.5999755859375,1809.4000244140625,78.0
1626220800,1813.0999755859375,1829.0,1813.0999755859375,1824.300048828125,707.0
1626307200,1831.5999755859375,1833.0,1823.4000244140625,1828.4000244140625,99.0
1626393600,1830.0999755859375,1831.4000244140625,1814.5,1814.5,78.0
1626652800,1803.300048828125,1813.4000244140625,1803.300048828125,1808.699951171875,33.0
1626739200,1812.9000244140625,1824.0,1810.9000244140625,1810.9000244140625,128.0
1626825600,1807.0,1807.0,1800.0,1802.9000244140625,135.0
1626912000,1793.5999755859375,1805.0,1793.5999755859375,1805.0,2.0
1626998400,1800.0,1801.4000244140625,1800.0,1801.4000244140625,1.0
1627257600,1802.5,1802.5,1797.199951171875,1798.699951171875,17.0
1627344000,1803.699951171875,1803.699951171875,1799.5,1799.5,1.0
1627430400,1799.5,1799.5,1799.5,1799.5,209783.0
1627516800,1806.5999755859375,1832.5999755859375,1806.0999755859375,1831.199951171875,30496.0
1627603200,1828.0,1830.5,1808.9000244140625,1812.5999755859375,3100.0
1627862400,1812.4000244140625,1818.699951171875,1804.800048828125,1818.0999755859375,1334.0
1627948800,1812.300048828125,1813.5,1806.0,1810.0999755859375,3341.0
1628035200,1809.300048828125,1831.300048828125,1806.300048828125,1810.5,2860.0
1628121600,1810.800048828125,1813.699951171875,1796.0,1805.0999755859375,588.0
1628208000,1799.800048828125,1800.0999755859375,1758.4000244140625,1760.0,859.0
1628467200,1753.5,1753.800048828125,1692.5999755859375,1723.4000244140625,1621.0
1628553600,1728.5999755859375,1735.199951171875,1720.0999755859375,1728.800048828125,1363.0
1628640000,1727.300048828125,1752.199951171875,1727.300048828125,1750.4000244140625,542.0
1628726400,1749.699951171875,1752.4000244140625,1745.5,1749.0,739.0
1628812800,1758.300048828125,1777.300048828125,1757.4000244140625,1775.199951171875,436.0
1629072000,1776.9000244140625,1787.800048828125,1771.9000244140625,1786.9000244140625,219.0
1629158400,1787.699951171875,1794.199951171875,1780.0,1785.0,200.0
1629244800,1787.800048828125,1791.5,1779.0,1781.5999755859375,263.0
1629331200,1780.0,1789.300048828125,1775.5,1780.199951171875,245.0
1629417600,1784.0999755859375,1787.5,1778.199951171875,1781.0,235.0
1629676800,1776.800048828125,1804.800048828125,1776.800048828125,1803.199951171875,32.0
1629763200,1801.0,1805.5999755859375,1801.0,1805.5999755859375,22.0
1629849600,1792.0,1792.9000244140625,1784.0,1788.199951171875,812.0
1629936000,1787.4000244140625,1792.199951171875,1781.0,1792.199951171875,61.0
1630022400,1803.4000244140625,1816.5999755859375,1803.0999755859375,1816.5999755859375,1219.0
1630281600,1818.199951171875,1820.300048828125,1807.800048828125,1809.0,684.0
1630368000,1815.9000244140625,1815.9000244140625,1801.0999755859375,1815.0,82.0
1630454400,1813.5,1815.9000244140625,1809.5,1813.0999755859375,114.0
1630540800,1813.199951171875,1813.9000244140625,1806.800048828125,1808.699951171875,26.0
1630627200,1820.9000244140625,1833.9000244140625,1818.9000244140625,1830.9000244140625,53.0
1630972800,1825.699951171875,1825.699951171875,1792.699951171875,1795.9000244140625,48.0
1631059200,1781.699951171875,1790.699951171875,1781.699951171875,1790.699951171875,69.0
1631145600,1798.699951171875,1798.699951171875,1787.9000244140625,1797.4000244140625,49.0
1631232000,1789.5999755859375,1789.5999755859375,1789.5999755859375,1789.5999755859375,0.0
1631491200,1789.800048828125,1796.0,1784.0,1792.0,533.0
1631577600,1791.4000244140625,1806.199951171875,1783.0,1804.699951171875,764.0
1631664000,1803.699951171875,1803.699951171875,1792.4000244140625,1792.4000244140625,59.0
1631750400,1792.9000244140625,1792.9000244140625,1743.9000244140625,1754.5999755859375,1645.0
1631836800,1758.800048828125,1763.0,1749.4000244140625,1749.4000244140625,581.0
1632096000,1751.800048828125,1761.800048828125,1750.9000244140625,1761.800048828125,185.0
1632182400,1762.199951171875,1776.0,1759.0,1776.0,106.0
1632268800,1776.699951171875,1784.300048828125,1767.0,1776.699951171875,17.0
1632355200,1766.800048828125,1766.800048828125,1738.199951171875,1747.699951171875,31.0
1632441600,1749.699951171875,1749.699951171875,1745.0,1749.699951171875,76.0
1632700800,1751.699951171875,1754.4000244140625,1747.5,1750.0,808.0
1632787200,1739.5999755859375,1741.699951171875,1726.800048828125,1735.800048828125,15748.0
1632873600,1732.4000244140625,1744.0999755859375,1721.4000244140625,1721.5,6634.0
1632960000,1725.5,1760.300048828125,1724.5,1755.300048828125,997.0
1633046400,1754.300048828125,1762.5999755859375,1748.5,1757.0,2220.0
1633305600,1764.5,1768.9000244140625,1749.5,1766.199951171875,417.0
1633392000,1764.300048828125,1764.300048828125,1749.0,1759.5999755859375,98.0
1633478400,1759.300048828125,1762.9000244140625,1744.699951171875,1760.5,56.0
1633564800,1762.4000244140625,1762.4000244140625,1752.800048828125,1757.9000244140625,336.0
1633651200,1757.0,1780.0,1754.199951171875,1756.300048828125,254.0
1633910400,1756.5999755859375,1757.800048828125,1752.199951171875,1754.5999755859375,128.0
1633996800,1751.9000244140625,1768.0,1749.800048828125,1758.300048828125,139.0
1634083200,1760.800048828125,1794.5,1760.800048828125,1793.699951171875,150.0
1634169600,1792.199951171875,1799.9000244140625,1792.0,1796.699951171875,337.0
1634256000,1794.5,1795.4000244140625,1766.5999755859375,1767.199951171875,874.0
1634515200,1761.5999755859375,1770.0999755859375,1759.5,1764.800048828125,266.0
1634601600,1777.5999755859375,1785.0,1767.5,1769.699951171875,51.0
1634688000,1774.5999755859375,1785.5999755859375,1774.0,1784.0999755859375,127.0
1634774400,1782.0,1785.699951171875,1781.0,1781.199951171875,146.0
1634860800,1787.0999755859375,1806.9000244140625,1784.0,1795.5,532.0
1635120000,1794.300048828125,1809.0,1794.0,1806.0,140.0
1635206400,1808.800048828125,1808.800048828125,1788.5999755859375,1792.699951171875,359.0
1635292800,1791.5,1798.0999755859375,1791.5,1797.9000244140625,543.0
1635379200,1795.5,1807.300048828125,1795.5,1801.5999755859375,452.0
1635465600,1793.0999755859375,1797.0,1774.5999755859375,1783.0,583.0
1635724800,1787.5,1795.0999755859375,1786.699951171875,1795.0999755859375,142.0
1635811200,1790.5,1795.5,1787.699951171875,1788.699951171875,213.0
1635897600,1768.0,1768.0,1761.800048828125,1763.5999755859375,108.0
1635984000,1776.5999755859375,1798.199951171875,1776.199951171875,1793.0,103.0
1636070400,1794.9000244140625,1817.0999755859375,1794.9000244140625,1816.4000244140625,239.0
1636329600,1817.0,1827.4000244140625,1816.9000244140625,1827.4000244140625,261.0
1636416000,1826.0999755859375,1832.699951171875,1820.699951171875,1830.199951171875,170.0
1636502400,1825.800048828125,1865.0,1824.9000244140625,1847.5999755859375,795.0
1636588800,1853.9000244140625,1866.5,1853.9000244140625,1863.199951171875,292.0
1636675200,1860.800048828125,1867.9000244140625,1847.5999755859375,1867.9000244140625,210.0
1636934400,1864.5,1866.9000244140625,1864.5,1866.0999755859375,87.0
1637020800,1853.5999755859375,1853.5999755859375,1853.5999755859375,1853.5999755859375,1.0
1637107200,1862.5999755859375,1869.699951171875,1862.5999755859375,1869.699951171875,2.0
1637193600,1861.0,1861.0,1861.0,1861.0,9.0
1637280000,1851.199951171875,1851.199951171875,1851.199951171875,1851.199951171875,21.0
1637539200,1841.5999755859375,1841.5999755859375,1805.699951171875,1806.0,14.0
1637625600,1795.5,1795.5,1783.5,1783.5,264.0
1637712000,1793.0,1793.0,1781.4000244140625,1784.0999755859375,188.0
1637884800,1791.0999755859375,1791.4000244140625,1785.300048828125,1785.300048828125,186800.0
1638144000,1791.699951171875,1798.9000244140625,1779.0999755859375,1782.300048828125,26926.0
1638230400,1783.9000244140625,1808.0999755859375,1768.699951171875,1773.5999755859375,4903.0
1638316800,1774.800048828125,1790.5,1772.300048828125,1781.5999755859375,1128.0
1638403200,1780.9000244140625,1780.9000244140625,1760.5999755859375,1760.699951171875,1557.0
1638489600,1767.5,1785.0999755859375,1766.5,1782.0,694.0
1638748800,1780.199951171875,1783.0,1777.199951171875,1777.5,381.0
1638835200,1779.5,1786.0999755859375,1772.300048828125,1782.5999755859375,308.0
1638921600,1789.9000244140625,1789.9000244140625,1779.0,1783.4000244140625,1383.0
1639008000,1783.5,1783.5,1771.800048828125,1774.5999755859375,455.0
1639094400,1773.800048828125,1785.4000244140625,1769.0999755859375,1782.9000244140625,545.0
1639353600,1784.4000244140625,1787.0999755859375,1783.800048828125,1786.300048828125,206.0
1639440000,1787.0,1787.0,1769.0,1770.4000244140625,322.0
1639526400,1767.4000244140625,1778.699951171875,1753.9000244140625,1762.5999755859375,283.0
1639612800,1781.0,1798.0999755859375,1781.0,1796.5999755859375,21.0
1639699200,1804.0,1812.9000244140625,1803.800048828125,1803.800048828125,654.0
1639958400,1796.800048828125,1799.800048828125,1792.0,1793.699951171875,226.0
1640044800,1791.4000244140625,1796.5,1787.9000244140625,1787.9000244140625,575.0
1640131200,1786.0,1805.199951171875,1785.5,1801.5999755859375,567.0
1640217600,1806.0,1811.199951171875,1800.800048828125,1811.199951171875,193.0
1640563200,1810.0,1812.0999755859375,1807.0,1808.0999755859375,150.0
1640649600,1812.0,1818.0,1805.5,1810.199951171875,146.0
1640736000,1803.199951171875,1805.0999755859375,1791.4000244140625,1805.0999755859375,623.0
1640822400,1801.699951171875,1816.0,1796.0,1812.699951171875,306.0
1640908800,1825.0999755859375,1827.800048828125,1821.4000244140625,1827.5,80.0
1641168000,1830.0999755859375,1830.0999755859375,1798.800048828125,1799.4000244140625,116.0
1641254400,1800.5,1815.300048828125,1800.0,1814.0,38.0
1641340800,1813.0999755859375,1824.5999755859375,1813.0999755859375,1824.5999755859375,8.0
1641427200,1787.0999755859375,1791.300048828125,1787.0999755859375,1788.699951171875,30.0
1641513600,1791.800048828125,1797.0,1784.4000244140625,1797.0,17.0
1641772800,1794.9000244140625,1798.699951171875,1790.4000244140625,1798.4000244140625,534.0
1641859200,1803.9000244140625,1822.5,1803.0,1818.5999755859375,743.0
1641945600,1819.0,1827.199951171875,1816.9000244140625,1827.199951171875,1547.0
1642032000,1819.800048828125,1823.0,1815.4000244140625,1821.199951171875,40.0
1642118400,1821.5,1822.0,1816.5,1816.5,816.0
1642464000,1816.800048828125,1820.0999755859375,1812.300048828125,1812.300048828125,900.0
1642550400,1817.4000244140625,1843.0999755859375,1817.4000244140625,1843.0999755859375,4.0
1642636800,1840.5999755859375,1843.0,1838.199951171875,1842.5,20.0
1642723200,1838.0,1842.4000244140625,1828.9000244140625,1831.800048828125,19.0
1642982400,1837.9000244140625,1842.0999755859375,1837.9000244140625,1841.699951171875,8.0
1643068800,1843.0,1852.699951171875,1842.0,1852.699951171875,11.0
1643155200,1829.9000244140625,1829.9000244140625,1829.9000244140625,1829.9000244140625,55.0
1643241600,1793.300048828125,1793.300048828125,1793.300048828125,1793.300048828125,196036.0
1643328000,1797.5,1798.4000244140625,1778.800048828125,1784.9000244140625,28521.0
1643587200,1788.5,1798.5,1785.0999755859375,1795.0,1735.0
1643673600,1797.199951171875,1806.0999755859375,1797.0999755859375,1800.300048828125,223.0
1643760000,1797.800048828125,1810.0999755859375,1795.0999755859375,1809.199951171875,1690.0
1643846400,1805.800048828125,1808.0999755859375,1787.9000244140625,1803.0,466.0
1643932800,1806.0,1813.699951171875,1792.5,1806.5999755859375,571.0
1644192000,1812.199951171875,1821.300048828125,1809.0999755859375,1820.5999755859375,601.0
1644278400,1818.9000244140625,1827.5999755859375,1815.0,1826.5999755859375,108.0
1644364800,1825.4000244140625,1835.199951171875,1825.300048828125,1835.199951171875,683.0
1644451200,1833.300048828125,1842.0999755859375,1820.800048828125,1836.199951171875,365.0
1644537600,1822.0,1864.800048828125,1822.0,1840.800048828125,181.0
1644796800,1861.800048828125,1870.5999755859375,1854.5999755859375,1868.0,79.0
1644883200,1872.5999755859375,1879.699951171875,1847.4000244140625,1854.800048828125,86.0
1644969600,1858.699951171875,1870.199951171875,1856.300048828125,1870.199951171875,34.0
1645056000,1876.300048828125,1900.699951171875,1876.199951171875,1900.699951171875,393.0
1645142400,1899.4000244140625,1899.4000244140625,1890.699951171875,1898.5999755859375,51.0
1645488000,1908.0999755859375,1912.0,1890.800048828125,1906.0999755859375,173.0
1645574400,1896.5999755859375,1910.5999755859375,1895.699951171875,1909.199951171875,73.0
1645660800,1911.9000244140625,1972.5,1911.699951171875,1925.0999755859375,2706.0
1645747200,1906.9000244140625,1920.0,1883.5999755859375,1886.5,586.0
1646006400,1928.300048828125,1928.4000244140625,1894.199951171875,1899.4000244140625,390.0
1646092800,1908.300048828125,1942.4000244140625,1903.800048828125,1942.4000244140625,547.0
1646179200,1945.5999755859375,1948.199951171875,1919.800048828125,1920.9000244140625,109.0
1646265600,1930.5,1940.300048828125,1924.800048828125,1934.4000244140625,122.0
1646352000,1937.0,1970.9000244140625,1935.5999755859375,1965.0999755859375,47.0
1646611200,1989.0,2001.0999755859375,1963.0,1993.9000244140625,2516.0
1646697600,1999.4000244140625,2072.0,1998.0,2040.0999755859375,1813.0
1646784000,2053.60009765625,2063.0,1980.800048828125,1985.9000244140625,1022.0
1646870400,1978.0999755859375,2010.5,1978.0999755859375,1998.0999755859375,670.0
1646956800,1985.0,1996.0,1959.9000244140625,1982.699951171875,865.0
1647216000,1976.5,1977.699951171875,1959.5999755859375,1959.5999755859375,145.0
1647302400,1939.800048828125,1939.9000244140625,1910.699951171875,1928.5,71.0
1647388800,1922.4000244140625,1922.4000244140625,1907.199951171875,1908.0,104.0
1647475200,1933.9000244140625,1947.199951171875,1933.9000244140625,1942.0999755859375,39.0
1647561600,1934.5,1939.300048828125,1928.199951171875,1928.199951171875,28.0
1647820800,1925.4000244140625,1928.5999755859375,1925.0,1928.5999755859375,5.0
1647907200,1920.699951171875,1920.699951171875,1920.699951171875,1920.699951171875,26.0
1647993600,1936.5999755859375,1936.5999755859375,1936.5999755859375,1936.5999755859375,204.0
1648080000,1963.5999755859375,1964.0,1961.5999755859375,1961.5999755859375,8.0
1648166400,1953.800048828125,1953.800048828125,1953.800048828125,1953.800048828125,83.0
1648425600,1932.5999755859375,1939.5999755859375,1932.5999755859375,1939.5999755859375,7.0
1648512000,1893.5,1912.0,1893.5,1912.0,128051.0
1648598400,1918.4000244140625,1937.0,1914.5,1933.5,17765.0
1648684800,1933.5,1949.9000244140625,1919.0999755859375,1949.199951171875,3617.0
1648771200,1935.0,1938.0,1917.0,1919.0999755859375,1016.0
1649030400,1921.199951171875,1936.0999755859375,1915.5999755859375,1929.199951171875,371.0
1649116800,1927.0999755859375,1943.5,1918.4000244140625,1922.9000244140625,412.0
1649203200,1916.699951171875,1931.800048828125,1916.699951171875,1918.4000244140625,138.0
1649289600,1919.5,1934.800048828125,1919.5,1933.800048828125,311.0
1649376000,1928.800048828125,1947.699951171875,1928.800048828125,1941.5999755859375,153.0
1649635200,1946.5999755859375,1968.4000244140625,1941.800048828125,1944.300048828125,163.0
1649721600,1952.5,1977.0999755859375,1950.5999755859375,1972.0999755859375,246.0
1649808000,1969.5,1981.0,1969.5,1981.0,204.0
1649894400,1977.199951171875,1978.699951171875,1963.0,1970.9000244140625,101.0
1650240000,1973.4000244140625,1997.0999755859375,1972.800048828125,1982.9000244140625,196.0
1650326400,1973.800048828125,1978.300048828125,1945.699951171875,1955.699951171875,130.0
1650412800,1945.5,1953.5999755859375,1945.5,1952.300048828125,621.0
1650499200,1942.5,1944.9000244140625,1942.5,1944.9000244140625,4.0
1650585600,1949.5999755859375,1950.4000244140625,1930.199951171875,1931.0,178.0
1650844800,1925.0,1925.0,1889.300048828125,1893.199951171875,748.0
1650931200,1900.5,1909.0999755859375,1894.0,1901.4000244140625,302.0
1651017600,1897.800048828125,1900.5999755859375,1882.199951171875,1885.9000244140625,1786.0
1651104000,1883.800048828125,1893.0,1872.9000244140625,1888.699951171875,513.0
1651190400,1902.699951171875,1918.199951171875,1902.4000244140625,1909.300048828125,132.0
1651449600,1896.699951171875,1896.800048828125,1853.0,1861.800048828125,385.0
1651536000,1868.800048828125,1868.800048828125,1868.800048828125,1868.800048828125,466.0
1651622400,1867.0,1867.0,1867.0,1867.0,1.0
1651708800,1897.0,1904.300048828125,1874.0,1874.0,80.0
1651795200,1874.699951171875,1890.300048828125,1871.5,1881.199951171875,214.0
1652054400,1866.5999755859375,1867.5,1854.0,1857.0999755859375,304.0
1652140800,1839.9000244140625,1839.9000244140625,1839.9000244140625,1839.9000244140625,1540.0
1652227200,1841.5,1852.5999755859375,1841.0,1852.5999755859375,892.0
1652313600,1849.800048828125,1851.9000244140625,1822.199951171875,1823.800048828125,153.0
1652400000,1825.0,1825.0,1807.4000244140625,1807.4000244140625,335.0
1652659200,1790.5,1813.5,1787.0,1813.5,34.0
1652745600,1824.9000244140625,1828.5999755859375,1816.699951171875,1818.199951171875,121.0
1652832000,1815.0,1819.699951171875,1805.0,1815.9000244140625,311.0
1652918400,1810.9000244140625,1841.199951171875,1810.699951171875,1841.199951171875,138.0
1653004800,1839.0999755859375,1841.800048828125,1836.300048828125,1841.800048828125,110.0
1653264000,1846.300048828125,1863.0,1845.800048828125,1847.800048828125,216.0
1653350400,1852.5,1867.0,1852.5,1865.0999755859375,33.0
1653436800,1846.199951171875,1846.199951171875,1846.199951171875,1846.199951171875,0.0
1653523200,1840.4000244140625,1847.4000244140625,1840.4000244140625,1847.4000244140625,123355.0
1653609600,1848.300048828125,1860.699951171875,1845.9000244140625,1851.300048828125,30091.0
1653955200,1850.300048828125,1862.0999755859375,1832.800048828125,1842.699951171875,4073.0
1654041600,1831.0,1847.9000244140625,1825.300048828125,1843.300048828125,1623.0
1654128000,1845.4000244140625,1868.699951171875,1842.0999755859375,1866.5,551.0
1654214400,1867.5999755859375,1871.800048828125,1845.4000244140625,1845.4000244140625,53.0
1654473600,1849.0,1854.0999755859375,1839.199951171875,1839.199951171875,142.0
1654560000,1836.9000244140625,1851.5999755859375,1835.0,1847.5,1168.0
1654646400,1844.800048828125,1855.0,1844.4000244140625,1851.9000244140625,218.0
1654732800,1846.0999755859375,1850.0999755859375,1837.9000244140625,1848.800048828125,159.0
1654819200,1842.699951171875,1875.5999755859375,1823.9000244140625,1871.5,1490.0
1655078400,1873.800048828125,1873.800048828125,1818.699951171875,1828.0,127.0
1655164800,1825.0,1825.5,1805.300048828125,1809.5,536.0
1655251200,1814.0999755859375,1839.0,1810.800048828125,1815.300048828125,108.0
1655337600,1819.199951171875,1850.5999755859375,1814.9000244140625,1845.699951171875,136.0
1655424000,1853.699951171875,1853.699951171875,1833.5999755859375,1835.5999755859375,170.0
1655769600,1835.300048828125,1838.5999755859375,1830.0999755859375,1834.5999755859375,216.0
1655856000,1829.5,1842.699951171875,1821.5999755859375,1834.300048828125,115.0
1655942400,1835.5,1841.199951171875,1825.699951171875,1825.699951171875,9.0
1656028800,1820.5,1826.5,1815.800048828125,1826.5,61.0
1656288000,1830.5,1830.699951171875,1819.9000244140625,1820.9000244140625,77.0
1656374400,1824.199951171875,1826.0,1817.5,1817.5,391.0
1656460800,1818.300048828125,1830.300048828125,1812.800048828125,1813.699951171875,173.0
1656547200,1809.5999755859375,1817.300048828125,1801.0,1804.0999755859375,328.0
1656633600,1795.5,1806.0999755859375,1791.5999755859375,1798.9000244140625,77.0
1656979200,1805.4000244140625,1805.4000244140625,1761.800048828125,1761.800048828125,64.0
1657065600,1762.5,1768.0,1734.0,1734.9000244140625,1729.0
1657152000,1745.199951171875,1745.199951171875,1737.0,1737.9000244140625,1869.0
1657238400,1738.0999755859375,1749.300048828125,1732.0999755859375,1740.5999755859375,370.0
1657497600,1732.5,1736.699951171875,1730.0,1730.0,75.0
1657584000,1734.199951171875,1735.5,1723.300048828125,1723.300048828125,451.0
1657670400,1710.0,1734.199951171875,1710.0,1734.199951171875,368.0
1657756800,1710.300048828125,1710.5,1704.5,1704.5,1289.0
1657843200,1705.4000244140625,1709.699951171875,1701.0999755859375,1702.4000244140625,721.0
1658102400,1712.199951171875,1712.4000244140625,1709.199951171875,1709.199951171875,264.0
1658188800,1712.300048828125,1714.4000244140625,1706.0999755859375,1710.0,1684.0
1658275200,1707.0999755859375,1708.5,1699.5,1699.5,130.0
1658361600,1687.0,1715.5,1679.800048828125,1712.699951171875,183.0
1658448000,1713.300048828125,1735.0,1713.0,1727.0999755859375,61.0
1658707200,1727.0,1732.0,1719.0,1719.0,67.0
1658793600,1718.0,1718.0,1717.699951171875,1717.699951171875,1.0
1658880000,1719.0999755859375,1719.0999755859375,1719.0999755859375,1719.0999755859375,144865.0
1658966400,1732.300048828125,1755.0,1732.0,1750.300048828125,37236.0
1659052800,1754.0,1765.699951171875,1750.0,1762.9000244140625,3485.0
1659312000,1763.9000244140625,1772.5,1756.0999755859375,1769.0,705.0
1659398400,1772.0999755859375,1786.5999755859375,1759.4000244140625,1771.0999755859375,1078.0
1659484800,1756.699951171875,1770.5,1753.0,1758.0,399.0
1659571200,1769.4000244140625,1792.0999755859375,1767.699951171875,1788.5,285.0
1659657600,1791.199951171875,1791.4000244140625,1764.199951171875,1772.9000244140625,645.0
1659916800,1771.800048828125,1786.800048828125,1771.800048828125,1786.800048828125,127.0
1660003200,1790.0,1796.0999755859375,1789.0,1794.0,249.0
1660089600,1804.4000244140625,1804.9000244140625,1787.800048828125,1795.5999755859375,601.0
1660176000,1794.300048828125,1794.300048828125,1785.699951171875,1789.699951171875,1235.0
1660262400,1786.300048828125,1800.4000244140625,1784.300048828125,1798.5999755859375,187.0
1660521600,1799.0,1799.0,1774.699951171875,1781.4000244140625,64.0
1660608000,1777.4000244140625,1777.4000244140625,1771.4000244140625,1773.199951171875,308.0
1660694400,1769.699951171875,1769.699951171875,1760.0,1760.300048828125,23.0
1660780800,1762.9000244140625,1762.9000244140625,1753.4000244140625,1755.300048828125,321.0
1660867200,1753.699951171875,1754.300048828125,1747.5,1747.5999755859375,49.0
1661126400,1740.5,1740.5,1726.5,1734.0,347.0
1661212800,1738.0,1748.9000244140625,1731.9000244140625,1746.800048828125,509.0
1661299200,1745.0,1751.800048828125,1743.5999755859375,1747.800048828125,187.0
1661385600,1761.5999755859375,1761.800048828125,1755.0,1757.699951171875,172.0
1661472000,1754.0,1755.0,1736.0999755859375,1736.0999755859375,202.0
1661731200,1732.4000244140625,1741.199951171875,1732.0999755859375,1736.5999755859375,950.0
1661817600,1736.4000244140625,1739.0,1720.699951171875,1723.199951171875,385.0
1661904000,1718.300048828125,1720.9000244140625,1708.5,1712.800048828125,2133.0
1661990400,1707.9000244140625,1707.9000244140625,1693.9000244140625,1696.5999755859375,683.0
1662076800,1703.4000244140625,1715.699951171875,1703.0999755859375,1709.800048828125,182.0
1662422400,1709.699951171875,1717.4000244140625,1699.699951171875,1700.4000244140625,697.0
1662508800,1694.800048828125,1715.300048828125,1694.699951171875,1715.300048828125,651.0
1662595200,1718.199951171875,1718.199951171875,1705.300048828125,1708.0,1193.0
1662681600,1719.199951171875,1720.0,1712.800048828125,1716.199951171875,635.0
1662940800,1727.4000244140625,1728.0999755859375,1727.4000244140625,1728.0999755859375,68.0
1663027200,1720.5,1720.5,1697.300048828125,1705.0,432.0
1663113600,1698.699951171875,1701.800048828125,1696.5,1696.5,532.0
1663200000,1685.5,1686.0,1662.300048828125,1665.4000244140625,1125.0
1663286400,1660.4000244140625,1674.9000244140625,1651.699951171875,1671.699951171875,464.0
1663545600,1661.800048828125,1669.4000244140625,1658.5,1666.199951171875,580.0
1663632000,1659.699951171875,1659.699951171875,1659.699951171875,1659.699951171875,2830.0
1663718400,1665.5,1680.0999755859375,1664.5999755859375,1664.5999755859375,2337.0
1663804800,1668.300048828125,1670.800048828125,1668.300048828125,1670.800048828125,973.0
1663891200,1667.0,1667.0,1645.300048828125,1645.300048828125,1224.0
1664150400,1623.300048828125,1623.300048828125,1623.300048828125,1623.300048828125,1205.0
1664236800,1632.199951171875,1636.5999755859375,1626.699951171875,1626.699951171875,888.0
1664323200,1620.4000244140625,1660.4000244140625,1620.4000244140625,1660.4000244140625,18311.0
1664409600,1657.0,1662.5999755859375,1640.0,1658.5,6028.0
1664496000,1661.699951171875,1672.699951171875,1658.0,1662.4000244140625,548.0
1664755200,1667.199951171875,1700.0,1661.9000244140625,1692.9000244140625,410.0
1664841600,1701.199951171875,1728.0,1696.0,1721.0999755859375,291.0
1664928000,1724.0999755859375,1726.5999755859375,1703.0,1711.4000244140625,418.0
1665014400,1721.0,1723.300048828125,1709.0999755859375,1711.699951171875,133.0
1665100800,1710.0999755859375,1710.0999755859375,1693.699951171875,1700.5,179.0
1665360000,1693.4000244140625,1693.4000244140625,1667.0,1667.300048828125,195.0
1665446400,1661.800048828125,1678.699951171875,1661.0,1678.699951171875,167.0
1665532800,1668.0,1672.699951171875,1668.0,1670.300048828125,149.0
1665619200,1675.199951171875,1675.300048828125,1641.5,1670.0,729.0
1665705600,1665.300048828125,1667.0,1640.0,1641.699951171875,82.0
1665964800,1650.199951171875,1657.0,1646.800048828125,1657.0,238.0
1666051200,1651.4000244140625,1655.199951171875,1649.0,1649.0,597.0
1666137600,1637.5,1637.5,1627.5,1627.5,84.0
1666224000,1622.800048828125,1641.4000244140625,1622.800048828125,1630.800048828125,477.0
1666310400,1634.0999755859375,1653.9000244140625,1634.0999755859375,1651.0,224.0
1666569600,1662.699951171875,1662.699951171875,1648.699951171875,1648.699951171875,29.0
1666656000,1648.199951171875,1652.800048828125,1637.300048828125,1652.800048828125,880.0
1666742400,1649.800048828125,1667.0,1649.800048828125,1664.0,89.0
1666828800,1660.699951171875,1660.699951171875,1660.699951171875,1660.699951171875,2298.0
1666915200,1661.0,1661.0,1638.699951171875,1639.5999755859375,626.0
1667174400,1641.800048828125,1641.800048828125,1633.4000244140625,1635.9000244140625,522.0
1667260800,1630.800048828125,1653.699951171875,1630.800048828125,1645.0,985.0
1667347200,1650.800048828125,1664.699951171875,1634.0,1645.699951171875,612.0
1667433600,1629.199951171875,1629.199951171875,1615.0999755859375,1627.300048828125,1427.0
1667520000,1630.199951171875,1674.5,1629.0,1672.5,159.0
1667779200,1676.9000244140625,1677.9000244140625,1672.9000244140625,1676.5,42.0
1667865600,1703.199951171875,1712.0999755859375,1703.199951171875,1712.0999755859375,23.0
1667952000,1707.4000244140625,1720.199951171875,1706.0,1710.0999755859375,497.0
1668038400,1708.199951171875,1750.300048828125,1708.199951171875,1750.300048828125,325.0
1668124800,1763.800048828125,1766.0,1757.5999755859375,1766.0,257.0
1668384000,1762.0,1773.5999755859375,1761.5999755859375,1773.5999755859375,358.0
1668470400,1770.800048828125,1773.800048828125,1769.9000244140625,1773.800048828125,57.0
1668556800,1776.5999755859375,1778.9000244140625,1773.0,1773.0,303.0
1668643200,1763.0,1763.0,1756.0,1760.800048828125,18.0
1668729600,1763.300048828125,1763.300048828125,1747.5999755859375,1751.9000244140625,414.0
1668988800,1739.0,1744.9000244140625,1736.0999755859375,1737.4000244140625,544.0
1669075200,1741.699951171875,1741.699951171875,1738.300048828125,1738.300048828125,15.0
1669161600,1736.5,1750.9000244140625,1736.5,1744.9000244140625,39.0
1669334400,1753.0,1757.9000244140625,1749.199951171875,1753.300048828125,216.0
1669593600,1741.300048828125,1741.300048828125,1740.0999755859375,1740.0999755859375,132767.0
1669680000,1739.5,1758.199951171875,1737.9000244140625,1748.4000244140625,19416.0
1669766400,1748.0999755859375,1769.4000244140625,1745.0999755859375,1746.0,3339.0
1669852800,1768.699951171875,1803.699951171875,1768.699951171875,1801.0999755859375,1053.0
1669939200,1802.0,1802.300048828125,1779.4000244140625,1795.9000244140625,1725.0
1670198400,1795.699951171875,1808.0,1764.300048828125,1767.4000244140625,1713.0
1670284800,1768.5999755859375,1779.4000244140625,1767.9000244140625,1769.300048828125,105.0
1670371200,1769.300048828125,1790.300048828125,1769.300048828125,1785.5,422.0
1670457600,1782.0,1790.9000244140625,1782.0,1788.699951171875,713.0
1670544000,1794.9000244140625,1804.300048828125,1791.0999755859375,1798.0999755859375,125.0
1670803200,1787.300048828125,1793.9000244140625,1777.699951171875,1780.5,85.0
1670889600,1780.699951171875,1819.800048828125,1780.5,1813.9000244140625,205.0
1670976000,1810.800048828125,1812.800048828125,1797.9000244140625,1807.5,1074.0
1671062400,1801.0,1801.0,1774.800048828125,1777.199951171875,421.0
1671148800,1777.9000244140625,1791.4000244140625,1777.9000244140625,1790.0,206.0
1671408000,1791.5999755859375,1796.300048828125,1785.5999755859375,1787.699951171875,79.0
1671494400,1786.5,1821.4000244140625,1786.5,1815.9000244140625,51.0
1671580800,1817.4000244140625,1821.4000244140625,1814.4000244140625,1815.9000244140625,35.0
1671667200,1818.0999755859375,1818.0999755859375,1785.0,1787.0,411.0
1671753600,1794.300048828125,1802.800048828125,1794.0999755859375,1795.9000244140625,49.0
1672099200,1803.4000244140625,1826.300048828125,1803.4000244140625,1814.800048828125,69.0
1672185600,1803.199951171875,1807.9000244140625,1803.0999755859375,1807.9000244140625,434.0
1672272000,1805.800048828125,1819.5,1805.800048828125,1819.5,277.0
1672358400,1817.0,1822.300048828125,1816.800048828125,1819.699951171875,95.0
1672704000,1836.199951171875,1839.699951171875,1836.199951171875,1839.699951171875,29.0
1672790400,1845.5999755859375,1859.0999755859375,1845.5999755859375,1852.800048828125,25.0
1672876800,1855.199951171875,1855.199951171875,1834.800048828125,1834.800048828125,24.0
1672963200,1838.4000244140625,1868.199951171875,1835.300048828125,1864.199951171875,26.0
1673222400,1867.0,1880.0,1867.0,1872.699951171875,62.0
1673308800,1877.800048828125,1878.0999755859375,1871.5999755859375,1871.5999755859375,101.0
1673395200,1873.0999755859375,1877.800048828125,1873.0999755859375,1874.5999755859375,1236.0
1673481600,1877.199951171875,1897.4000244140625,1877.199951171875,1895.5,59.0
1673568000,1899.0,1920.9000244140625,1898.300048828125,1918.4000244140625,512.0
1673913600,1920.0999755859375,1920.0999755859375,1905.199951171875,1907.199951171875,706.0
1674000000,1911.0999755859375,1911.0999755859375,1903.0999755859375,1904.4000244140625,1027.0
1674086400,1922.0999755859375,1931.800048828125,1922.0999755859375,1922.0999755859375,371.0
1674172800,1922.0999755859375,1928.5,1921.4000244140625,1926.4000244140625,1346.0
1674432000,1926.5,1927.0999755859375,1915.0,1927.0999755859375,218.0
1674518400,1931.800048828125,1936.800048828125,1931.800048828125,1933.9000244140625,201.0
1674604800,1941.199951171875,1941.199951171875,1939.800048828125,1941.199951171875,7.0
1674691200,1936.5999755859375,1937.0999755859375,1927.0999755859375,1929.0999755859375,131.0
1674777600,1928.5999755859375,1928.5999755859375,1928.5999755859375,1928.5999755859375,150902.0
1675036800,1928.300048828125,1933.5999755859375,1920.300048828125,1922.9000244140625,27220.0
1675123200,1923.0,1930.4000244140625,1900.5999755859375,1929.5,1910.0
1675209600,1927.199951171875,1955.0,1922.0,1927.800048828125,2290.0
1675296000,1952.300048828125,1959.0999755859375,1911.300048828125,1916.300048828125,748.0
1675382400,1912.4000244140625,1917.0,1861.5,1862.9000244140625,992.0
1675641600,1865.5999755859375,1880.0,1863.4000244140625,1866.199951171875,424.0
1675728000,1870.0,1875.699951171875,1868.0,1871.699951171875,297.0
1675814400,1872.0999755859375,1880.4000244140625,1872.0999755859375,1877.4000244140625,230.0
1675900800,1875.300048828125,1884.5999755859375,1859.800048828125,1866.199951171875,223.0
1675987200,1861.5999755859375,1863.5,1852.4000244140625,1862.800048828125,27.0
1676246400,1859.0,1861.0,1850.0,1851.9000244140625,569.0
1676332800,1854.0999755859375,1862.0,1846.199951171875,1854.0,656.0
1676419200,1842.0,1842.0,1828.199951171875,1834.199951171875,368.0
1676505600,1838.5999755859375,1843.699951171875,1827.199951171875,1842.0,222.0
1676592000,1827.4000244140625,1842.199951171875,1818.4000244140625,1840.4000244140625,35.0
1676937600,1842.5999755859375,1843.0,1833.0,1833.0,862.0
1677024000,1835.699951171875,1836.199951171875,1825.0999755859375,1832.0,278.0
1677110400,1826.4000244140625,1827.5,1818.0,1818.0,291.0
1677196800,1808.800048828125,1808.800048828125,1808.800048828125,1808.800048828125,404.0
1677456000,1811.5999755859375,1817.5,1808.9000244140625,1817.0,829.0
1677542400,1808.0999755859375,1830.0,1808.0999755859375,1828.9000244140625,618.0
1677628800,1827.0999755859375,1841.699951171875,1827.0999755859375,1837.699951171875,211.0
1677715200,1830.0,1836.300048828125,1830.0,1833.5,154.0
1677801600,1837.300048828125,1855.4000244140625,1837.300048828125,1847.699951171875,61.0
1678060800,1853.300048828125,1853.800048828125,1844.199951171875,1847.9000244140625,5.0
1678147200,1840.9000244140625,1840.9000244140625,1813.9000244140625,1813.9000244140625,450.0
1678233600,1811.5999755859375,1812.9000244140625,1811.5,1812.699951171875,75.0
1678320000,1816.4000244140625,1829.300048828125,1815.5999755859375,1829.300048828125,332.0
1678406400,1852.300048828125,1868.5,1852.0,1862.0,248.0
1678665600,1890.800048828125,1913.0999755859375,1875.0999755859375,1911.699951171875,503.0
1678752000,1912.199951171875,1912.199951171875,1901.0999755859375,1906.199951171875,107.0
1678838400,1903.9000244140625,1926.5999755859375,1898.5,1926.5999755859375,564.0
1678924800,1909.9000244140625,1931.699951171875,1909.9000244140625,1919.0,394.0
1679011200,1946.0,1985.0999755859375,1946.0,1969.800048828125,82.0
1679270400,1988.300048828125,2003.9000244140625,1968.9000244140625,1979.199951171875,389.0
1679356800,1973.800048828125,1973.800048828125,1938.0,1938.0,47.0
1679443200,1946.800048828125,1974.0,1946.800048828125,1946.800048828125,50.0
1679529600,1990.5,1994.5999755859375,1990.5,1993.800048828125,33.0
1679616000,1991.699951171875,1995.4000244140625,1982.0999755859375,1982.0999755859375,19.0
1679875200,1957.199951171875,1957.199951171875,1952.4000244140625,1952.4000244140625,877.0
1679961600,1972.4000244140625,1972.4000244140625,1972.4000244140625,1972.4000244140625,21.0
1680048000,1966.0999755859375,1966.0999755859375,1966.0999755859375,1966.0999755859375,88563.0
1680134400,1965.9000244140625,1984.4000244140625,1954.9000244140625,1980.300048828125,10119.0
1680220800,1981.300048828125,1986.800048828125,1968.0,1969.0,957.0
1680480000,1968.0999755859375,1991.699951171875,1950.0,1983.9000244140625,737.0
1680566400,1984.5999755859375,2027.0999755859375,1979.0,2022.199951171875,811.0
1680652800,2022.0999755859375,2033.800048828125,2013.5999755859375,2020.9000244140625,525.0
1680739200,2022.199951171875,2023.300048828125,2005.0,2011.9000244140625,0.0
1681084800,2000.0,2006.5999755859375,1984.0,1989.0999755859375,652.0
1681171200,1991.4000244140625,2006.5,1991.4000244140625,2004.800048828125,68.0
1681257600,2005.199951171875,2025.699951171875,2005.199951171875,2010.9000244140625,172.0
1681344000,2015.5999755859375,2048.60009765625,2015.5999755859375,2041.300048828125,1043.0
1681430400,2041.0,2047.800048828125,1995.0,2002.199951171875,718.0
1681689600,2002.699951171875,2007.5999755859375,1983.199951171875,1994.199951171875,554.0
1681776000,1996.9000244140625,2007.4000244140625,1996.9000244140625,2007.4000244140625,72.0
1681862400,2005.699951171875,2006.4000244140625,1969.800048828125,1995.199951171875,61.0
1681948800,1998.0,2007.5999755859375,1998.0,2007.5999755859375,164.0
1682035200,1996.199951171875,1996.199951171875,1974.0999755859375,1979.5,132.0
1682294400,1981.300048828125,1989.800048828125,1977.4000244140625,1989.0999755859375,145.0
1682380800,1995.699951171875,1999.0999755859375,1982.300048828125,1994.0,306.0
1682467200,1997.800048828125,1998.800048828125,1985.5999755859375,1985.699951171875,615.0
1682553600,1990.5999755859375,2002.300048828125,1979.9000244140625,1989.9000244140625,355.0
1682640000,1986.9000244140625,1990.0999755859375,1977.699951171875,1990.0999755859375,152.0
1682899200,1980.0999755859375,2005.0,1976.9000244140625,1983.4000244140625,210.0
1682985600,1994.699951171875,2018.0,1994.699951171875,2014.300048828125,1896.0
1683072000,2017.0999755859375,2035.0999755859375,2015.199951171875,2028.5999755859375,1349.0
1683158400,2045.0,2072.0,2040.0,2048.0,930.0
1683244800,2046.4000244140625,2046.4000244140625,2004.300048828125,2017.4000244140625,59.0
1683504000,2022.5,2026.300048828125,2022.5,2026.300048828125,3.0
1683590400,2026.5999755859375,2037.300048828125,2025.9000244140625,2036.199951171875,241.0
1683676800,2032.300048828125,2044.300048828125,2029.5,2030.5,248.0
1683763200,2034.0999755859375,2038.300048828125,2014.0,2014.699951171875,90.0
1683849600,2014.5,2014.5,2014.5,2014.5,115.0
1684108800,2013.800048828125,2018.0,2013.800048828125,2018.0,3.0
1684195200,1988.4000244140625,1988.4000244140625,1988.4000244140625,1988.4000244140625,49.0
1684281600,1983.5999755859375,1983.5999755859375,1980.699951171875,1980.699951171875,13.0
1684368000,1956.5,1956.800048828125,1956.5,1956.5,23.0
1684454400,1960.0,1978.699951171875,1960.0,1978.699951171875,106.0
1684713600,1980.5,1980.5,1974.800048828125,1974.800048828125,8.0
1684800000,1972.4000244140625,1972.4000244140625,1972.4000244140625,1972.4000244140625,1.0
1684886400,1975.4000244140625,1975.4000244140625,1962.800048828125,1962.800048828125,189.0
1684972800,1943.0999755859375,1943.0999755859375,1943.0999755859375,1943.0999755859375,1.0
1685059200,1948.199951171875,1948.4000244140625,1944.0999755859375,1944.0999755859375,166036.0
1685404800,1942.699951171875,1962.5999755859375,1931.0,1958.0,37838.0
1685491200,1958.199951171875,1973.0,1953.0,1963.9000244140625,5959.0
1685577600,1963.199951171875,1983.0,1954.300048828125,1978.0,750.0
1685664000,1977.0999755859375,1982.5,1947.4000244140625,1952.4000244140625,356.0
1685923200,1947.5,1961.9000244140625,1937.800048828125,1958.0,713.0
1686009600,1960.800048828125,1965.5,1958.800048828125,1965.5,164.0
1686096000,1959.0,1968.4000244140625,1940.699951171875,1942.699951171875,139.0
1686182400,1943.199951171875,1969.0,1943.0999755859375,1963.5999755859375,433.0
1686268800,1965.0999755859375,1969.800048828125,1960.300048828125,1962.199951171875,49.0
1686528000,1959.699951171875,1963.5,1951.4000244140625,1955.300048828125,212.0
1686614400,1960.5999755859375,1967.5,1940.300048828125,1944.5999755859375,343.0
1686700800,1946.199951171875,1958.199951171875,1940.300048828125,1955.300048828125,202.0
1686787200,1941.699951171875,1958.800048828125,1926.0,1957.800048828125,329.0
1686873600,1961.4000244140625,1962.9000244140625,1953.5,1958.4000244140625,119.0
1687219200,1958.5999755859375,1958.5999755859375,1931.300048828125,1935.5,193.0
1687305600,1935.5999755859375,1936.800048828125,1920.0,1933.300048828125,557.0
1687392000,1920.0,1921.0,1912.0999755859375,1912.699951171875,237.0
1687478400,1918.699951171875,1932.5,1918.699951171875,1919.0999755859375,105.0
1687737600,1922.9000244140625,1928.5,1922.5,1923.699951171875,71.0
1687824000,1927.0,1929.4000244140625,1914.0,1914.0,49.0
1687910400,1912.300048828125,1912.300048828125,1912.300048828125,1912.300048828125,628.0
1687996800,1909.9000244140625,1909.9000244140625,1892.5,1909.199951171875,289.0
1688083200,1908.5999755859375,1921.0999755859375,1900.5999755859375,1921.0999755859375,445.0
1688342400,1917.9000244140625,1929.5,1917.9000244140625,1921.699951171875,41.0
1688515200,1923.5,1933.9000244140625,1914.699951171875,1919.5999755859375,193.0
1688601600,1909.300048828125,1910.199951171875,1903.199951171875,1908.699951171875,81.0
1688688000,1913.4000244140625,1934.0999755859375,1913.4000244140625,1926.199951171875,61.0
1688947200,1923.5999755859375,1926.0999755859375,1912.300048828125,1925.0,269.0
1689033600,1925.0,1937.0,1924.199951171875,1931.300048828125,142.0
1689120000,1932.300048828125,1958.0,1932.199951171875,1956.199951171875,132.0
1689206400,1961.0999755859375,1961.0999755859375,1953.0,1959.199951171875,121.0
1689292800,1958.4000244140625,1960.5999755859375,1952.699951171875,1960.0999755859375,94.0
1689552000,1954.0,1956.5,1946.5999755859375,1952.4000244140625,29.0
1689638400,1968.800048828125,1978.4000244140625,1963.4000244140625,1977.199951171875,83.0
1689724800,1977.0,1977.5,1973.0,1977.5,35.0
1689811200,1973.699951171875,1973.699951171875,1965.5999755859375,1968.300048828125,638.0
1689897600,1961.800048828125,1964.300048828125,1961.800048828125,1964.300048828125,50.0
1690156800,1965.300048828125,1965.5,1960.300048828125,1960.300048828125,2.0
1690243200,1953.0,1962.5,1953.0,1962.0999755859375,19.0
1690329600,1966.199951171875,1972.0,1966.199951171875,1968.9000244140625,51.0
1690416000,1945.4000244140625,1945.4000244140625,1945.4000244140625,1945.4000244140625,194253.0
1690502400,1945.5,1962.199951171875,1944.199951171875,1960.4000244140625,23155.0
1690761600,1959.199951171875,1971.5999755859375,1950.0,1970.5,1025.0
1690848000,1964.9000244140625,1965.4000244140625,1940.699951171875,1940.699951171875,688.0
1690934400,1948.4000244140625,1953.5999755859375,1933.199951171875,1937.4000244140625,652.0
1691020800,1934.199951171875,1936.5,1928.0,1932.0,773.0
1691107200,1934.9000244140625,1945.0,1920.0,1939.5999755859375,290.0
1691366400,1941.0,1941.0,1929.800048828125,1933.5,376.0
1691452800,1931.699951171875,1933.199951171875,1923.0,1924.0999755859375,555.0
1691539200,1925.4000244140625,1928.800048828125,1913.699951171875,1915.4000244140625,451.0
1691625600,1921.0999755859375,1927.800048828125,1911.4000244140625,1914.4000244140625,178.0
1691712000,1913.0,1916.5999755859375,1911.800048828125,1912.9000244140625,57.0
1691971200,1909.300048828125,1912.5999755859375,1903.300048828125,1910.5999755859375,46.0
1692057600,1906.0,1907.699951171875,1895.0,1902.5,73.0
1692144000,1904.5,1904.5,1890.300048828125,1896.0999755859375,22.0
1692230400,1893.699951171875,1902.4000244140625,1884.0,1884.0999755859375,245.0
1692316800,1891.800048828125,1891.800048828125,1886.0999755859375,1886.0999755859375,19.0
1692576000,1893.5999755859375,1893.5999755859375,1893.300048828125,1893.300048828125,876.0
1692662400,1894.5999755859375,1896.800048828125,1892.800048828125,1896.4000244140625,46.0
1692748800,1909.5999755859375,1918.5,1909.5999755859375,1918.5,547.0
1692835200,1920.0,1920.800048828125,1918.199951171875,1918.199951171875,337.0
1692921600,1919.800048828125,1919.800048828125,1911.0999755859375,1911.0999755859375,195.0
1693180800,1915.5,1921.5,1915.5,1917.9000244140625,99.0
1693267200,1917.9000244140625,1936.5,1916.9000244140625,1936.5,1674.0
1693353600,1936.0,1946.4000244140625,1934.5999755859375,1944.300048828125,396.0
1693440000,1944.4000244140625,1944.4000244140625,1938.199951171875,1938.199951171875,491.0
1693526400,1950.0,1950.0,1936.5999755859375,1939.800048828125,167.0
1693872000,1934.4000244140625,1934.4000244140625,1924.699951171875,1926.199951171875,113.0
1693958400,1924.0999755859375,1925.300048828125,1916.300048828125,1918.0999755859375,24.0
1694044800,1917.5999755859375,1921.5,1917.5,1917.5,41.0
1694131200,1924.0,1924.699951171875,1918.4000244140625,1918.4000244140625,105.0
1694390400,1923.0,1928.300048828125,1921.800048828125,1923.300048828125,50.0
1694476800,1920.800048828125,1920.800048828125,1911.300048828125,1911.300048828125,365.0
1694563200,1910.300048828125,1914.5999755859375,1908.9000244140625,1909.0999755859375,15.0
1694649600,1903.0,1910.0,1903.0,1910.0,169.0
1694736000,1923.5,1927.300048828125,1923.5,1923.699951171875,8.0
1694995200,1928.199951171875,1931.5,1926.4000244140625,1931.5,19.0
1695081600,1934.0,1934.0,1932.0,1932.0,6.0
1695168000,1945.5999755859375,1945.5999755859375,1929.199951171875,1945.5999755859375,119.0
1695254400,1924.0,1924.0,1919.199951171875,1919.199951171875,9.0
1695340800,1925.4000244140625,1925.4000244140625,1925.4000244140625,1925.4000244140625,1.0
1695600000,1916.5999755859375,1916.5999755859375,1916.5999755859375,1916.5999755859375,114.0
1695686400,1905.0,1905.0999755859375,1900.4000244140625,1900.4000244140625,161.0
1695772800,1871.5999755859375,1871.5999755859375,1871.5999755859375,1871.5999755859375,12251.0
1695859200,1875.5,1878.199951171875,1856.699951171875,1860.4000244140625,4654.0
1695945600,1864.300048828125,1872.300048828125,1846.0,1848.0999755859375,1605.0
1696204800,1844.0999755859375,1845.9000244140625,1826.699951171875,1830.0,2309.0
1696291200,1825.0,1830.9000244140625,1816.800048828125,1824.5999755859375,310.0
1696377600,1821.800048828125,1828.199951171875,1816.4000244140625,1818.5,357.0
1696464000,1826.300048828125,1826.300048828125,1815.5999755859375,1816.5999755859375,393.0
1696550400,1819.0,1831.800048828125,1809.4000244140625,1830.199951171875,390.0
1696809600,1842.5,1861.5,1842.5,1849.5,232.0
1696896000,1857.0,1861.4000244140625,1852.800048828125,1861.0,236.0
1696982400,1869.5,1874.5999755859375,1869.0999755859375,1872.800048828125,65.0
1697068800,1874.699951171875,1881.199951171875,1867.0,1869.300048828125,46.0
1697155200,1877.5,1930.0999755859375,1877.5,1927.4000244140625,43.0
1697414400,1910.4000244140625,1921.0999755859375,1910.300048828125,1921.0999755859375,53.0
1697500800,1914.300048828125,1925.800048828125,1914.300048828125,1922.699951171875,103.0
1697587200,1935.0,1957.9000244140625,1935.0,1955.300048828125,67.0
1697673600,1950.0999755859375,1977.699951171875,1945.699951171875,1968.4000244140625,1945.0
1697760000,1981.0999755859375,1988.5999755859375,1980.4000244140625,1982.5,557.0
1698019200,1976.199951171875,1978.9000244140625,1972.9000244140625,1976.300048828125,127.0
1698105600,1970.300048828125,1975.0,1970.300048828125,1975.0,10.0
1698192000,1971.199951171875,1985.300048828125,1971.199951171875,1984.0999755859375,97.0
1698278400,1988.199951171875,1988.199951171875,1980.4000244140625,1987.199951171875,521.0
1698364800,1988.5999755859375,1988.5999755859375,1988.5999755859375,1988.5999755859375,372.0
1698624000,2004.0999755859375,2004.0999755859375,1992.5,1996.199951171875,157.0
1698710400,1996.5,2001.0,1983.699951171875,1985.199951171875,84.0
1698796800,1990.5,1990.5,1977.800048828125,1978.800048828125,41.0
1698883200,1989.0999755859375,1990.300048828125,1979.5,1985.5999755859375,39.0
1698969600,1989.0,1991.5,1989.0,1991.5,12.0
1699228800,1981.5999755859375,1981.5999755859375,1977.4000244140625,1981.5999755859375,130.0
1699315200,1966.5,1966.800048828125,1960.699951171875,1966.800048828125,20.0
1699401600,1967.800048828125,1967.800048828125,1947.699951171875,1951.5,43.0
1699488000,1951.699951171875,1964.199951171875,1945.300048828125,1964.199951171875,10.0
1699574400,1959.5999755859375,1959.5999755859375,1932.5999755859375,1932.5999755859375,375.0
1699833600,1939.9000244140625,1947.199951171875,1934.0,1945.5,191.0
1699920000,1965.800048828125,1965.800048828125,1961.800048828125,1961.800048828125,2.0
1700006400,1962.800048828125,1962.800048828125,1960.0,1960.0999755859375,6.0
1700092800,1965.300048828125,1983.9000244140625,1964.5999755859375,1983.9000244140625,39.0
1700179200,1982.5,1984.0,1979.800048828125,1981.5999755859375,32.0
1700438400,1978.699951171875,1979.4000244140625,1969.699951171875,1977.699951171875,182.0
1700524800,1990.699951171875,2005.5,1988.5,1999.300048828125,16.0
1700611200,1999.0999755859375,1999.4000244140625,1991.0,1991.4000244140625,6075.0
1700784000,1991.9000244140625,2002.199951171875,1991.5,2002.199951171875,63.0
1701043200,2011.699951171875,2011.800048828125,2011.699951171875,2011.800048828125,228.0
1701129600,2040.5999755859375,2042.699951171875,2039.699951171875,2039.699951171875,174665.0
1701216000,2041.699951171875,2052.10009765625,2036.0,2047.0999755859375,15290.0
1701302400,2046.0999755859375,2047.0999755859375,2033.0999755859375,2038.0999755859375,2506.0
1701388800,2038.300048828125,2073.199951171875,2036.0,2071.0,614.0
1701648000,2075.300048828125,2130.199951171875,2021.0,2024.0999755859375,1071.0
1701734400,2035.0999755859375,2037.0,2010.199951171875,2018.5,289.0
1701820800,2019.9000244140625,2035.800048828125,2019.0,2030.5,417.0
1701907200,2029.199951171875,2034.9000244140625,2024.0,2029.9000244140625,67.0
1701993600,2031.699951171875,2033.0999755859375,1995.0,1998.300048828125,449.0
1702252800,2004.0999755859375,2004.199951171875,1977.199951171875,1978.0,651.0
1702339200,1984.199951171875,1994.199951171875,1977.800048828125,1977.800048828125,95.0
1702425600,1978.5,2024.800048828125,1975.0,1982.300048828125,2252.0
1702512000,2024.699951171875,2040.0999755859375,2024.300048828125,2030.199951171875,236.0
1702598400,2032.5999755859375,2043.4000244140625,2018.300048828125,2021.0999755859375,261.0
1702857600,2024.300048828125,2032.800048828125,2024.0,2026.300048828125,100.0
1702944000,2025.199951171875,2042.699951171875,2025.199951171875,2038.4000244140625,498.0
1703030400,2037.0999755859375,2037.0999755859375,2030.300048828125,2034.5,258.0
1703116800,2035.800048828125,2044.5,2033.0,2039.0999755859375,228.0
1703203200,2055.699951171875,2068.699951171875,2052.199951171875,2057.10009765625,202.0
1703548800,2060.0,2060.800048828125,2054.199951171875,2058.199951171875,64.0
1703635200,2067.300048828125,2081.89990234375,2064.800048828125,2081.89990234375,586.0
1703721600,2081.60009765625,2087.300048828125,2066.5,2073.89990234375,338.0
1703808000,2068.0,2068.89990234375,2062.10009765625,2062.39990234375,47.0
1704153600,2063.5,2073.699951171875,2057.10009765625,2064.39990234375,61.0
1704240000,2034.199951171875,2044.0,2034.199951171875,2034.199951171875,54.0
1704326400,2041.5999755859375,2044.5,2038.0,2042.300048828125,88.0
1704412800,2044.5,2048.10009765625,2042.4000244140625,2042.4000244140625,12.0
1704672000,2019.0999755859375,2033.699951171875,2019.0999755859375,2026.5999755859375,10.0
1704758400,2035.800048828125,2035.800048828125,2026.4000244140625,2026.4000244140625,27.0
1704844800,2029.0,2035.5999755859375,2021.699951171875,2021.699951171875,538.0
1704931200,2025.0999755859375,2025.0999755859375,2014.300048828125,2014.300048828125,97.0
1705017600,2031.0999755859375,2057.0,2031.0999755859375,2046.699951171875,390.0
1705363200,2051.699951171875,2054.800048828125,2026.0,2026.0,46.0
1705449600,2026.5,2026.5,2002.5999755859375,2002.5999755859375,764.0
1705536000,2012.800048828125,2018.5999755859375,2009.5,2018.5999755859375,1474.0
1705622400,2023.199951171875,2036.0,2019.5,2026.5,50.0
1705881600,2021.300048828125,2021.300048828125,2019.800048828125,2019.800048828125,12.0
1705968000,2030.300048828125,2030.300048828125,2022.5,2023.699951171875,15.0
1706054400,2023.199951171875,2033.199951171875,2013.9000244140625,2013.9000244140625,253.0
1706140800,2012.0999755859375,2022.4000244140625,2012.0999755859375,2016.9000244140625,548.0
1706227200,2021.699951171875,2022.4000244140625,2016.800048828125,2016.800048828125,49.0
1706486400,2025.199951171875,2025.199951171875,2025.199951171875,2025.199951171875,150708.0
1706572800,2032.5,2048.5,2028.0999755859375,2031.5,26907.0
1706659200,2035.4000244140625,2055.0,2030.0,2048.39990234375,2007.0
1706745600,2040.199951171875,2064.5,2029.0,2053.0,947.0
1706832000,2054.800048828125,2055.89990234375,2027.699951171875,2036.0999755859375,888.0
1707091200,2038.9000244140625,2040.800048828125,2013.800048828125,2025.699951171875,412.0
1707177600,2025.9000244140625,2037.300048828125,2025.9000244140625,2034.5,249.0
1707264000,2032.800048828125,2039.5,2032.699951171875,2035.199951171875,71.0
1707350400,2028.0,2036.699951171875,2020.300048828125,2032.199951171875,341.0
1707436800,2032.0,2032.0,2020.0,2023.300048828125,62.0
1707696000,2025.5,2025.5,2011.5999755859375,2018.199951171875,317.0
1707782400,2025.0999755859375,2025.800048828125,1990.0,1992.9000244140625,198.0
1707868800,1990.300048828125,1993.5,1984.800048828125,1990.300048828125,1916.0
1707955200,1993.5999755859375,2007.199951171875,1993.5999755859375,2002.0999755859375,286.0
1708041600,2005.0,2011.5,1996.5,2011.5,32.0
1708387200,2015.5999755859375,2029.0,2015.5999755859375,2027.5,1326.0
1708473600,2028.199951171875,2028.199951171875,2022.300048828125,2022.300048828125,15.0
1708560000,2033.199951171875,2033.199951171875,2019.699951171875,2019.699951171875,964.0
1708646400,2026.0,2038.5999755859375,2014.9000244140625,2038.5999755859375,22.0
1708905600,2034.0999755859375,2035.4000244140625,2024.800048828125,2028.5,143.0
1708992000,2035.9000244140625,2035.9000244140625,2034.0,2034.0,964.0
1709078400,2029.5,2037.0,2024.800048828125,2033.0,581.0
1709164800,2034.300048828125,2049.800048828125,2034.300048828125,2045.699951171875,706.0
1709251200,2043.0999755859375,2086.89990234375,2041.800048828125,2086.89990234375,1210.0
1709510400,2083.60009765625,2119.800048828125,2080.699951171875,2117.699951171875,805.0
1709596800,2114.89990234375,2133.5,2111.39990234375,2133.5,1287.0
1709683200,2125.5,2150.300048828125,2125.5,2150.300048828125,443.0
1709769600,2147.0,2163.0,2147.0,2158.0,152.0
1709856000,2167.300048828125,2194.89990234375,2166.300048828125,2178.60009765625,259.0
1710115200,2181.0,2184.0,2177.199951171875,2182.5,738.0
1710201600,2182.5,2182.699951171875,2160.39990234375,2160.39990234375,550.0
1710288000,2162.5,2175.39990234375,2162.5,2175.39990234375,20.0
1710374400,2163.0,2163.0,2162.300048828125,2163.0,515.0
1710460800,2161.699951171875,2161.699951171875,2157.300048828125,2157.300048828125,100.0
1710720000,2146.199951171875,2160.699951171875,2146.199951171875,2160.699951171875,21.0
1710806400,2156.10009765625,2156.300048828125,2156.10009765625,2156.300048828125,12.0
1710892800,2157.300048828125,2185.89990234375,2150.89990234375,2157.89990234375,17.0
1710979200,2207.0,2211.60009765625,2182.39990234375,2182.39990234375,63.0
1711065600,2179.199951171875,2179.60009765625,2157.5,2158.10009765625,19.0
1711324800,2166.199951171875,2179.39990234375,2166.199951171875,2174.800048828125,79.0
1711411200,2182.699951171875,2182.699951171875,2175.60009765625,2175.60009765625,202373.0
1711497600,2179.39990234375,2196.199951171875,2172.10009765625,2190.60009765625,31200.0
1711584000,2193.60009765625,2234.10009765625,2187.10009765625,2217.39990234375,2040.0
1711929600,2235.699951171875,2264.199951171875,2230.0,2236.5,400.0
1712016000,2252.0,2279.199951171875,2247.60009765625,2261.0,435.0
1712102400,2281.699951171875,2298.800048828125,2267.89990234375,2294.39990234375,285.0
1712188800,2301.699951171875,2302.89990234375,2280.0,2288.800048828125,251.0
1712275200,2289.199951171875,2328.39990234375,2267.39990234375,2325.699951171875,344.0
1712534400,2325.60009765625,2341.800048828125,2319.0,2331.699951171875,202.0
1712620800,2337.800048828125,2364.699951171875,2337.800048828125,2343.5,211.0
1712707200,2346.60009765625,2358.10009765625,2327.699951171875,2329.60009765625,377.0
1712793600,2341.5,2376.300048828125,2330.60009765625,2354.800048828125,283.0
1712880000,2377.300048828125,2429.0,2334.300048828125,2356.199951171875,584.0
1713139200,2362.10009765625,2384.699951171875,2326.0,2365.800048828125,1801.0
1713225600,2384.0,2390.800048828125,2371.39990234375,2390.800048828125,41.0
1713312000,2384.199951171875,2391.39990234375,2369.300048828125,2371.699951171875,37.0
1713398400,2368.39990234375,2384.39990234375,2368.39990234375,2382.300048828125,128.0
1713484800,2379.300048828125,2399.800048828125,2377.300048828125,2398.39990234375,160.0
1713744000,2383.300048828125,2383.300048828125,2326.89990234375,2332.199951171875,53.0
1713830400,2327.699951171875,2330.800048828125,2294.199951171875,2327.699951171875,171.0
1713916800,2321.300048828125,2328.699951171875,2314.60009765625,2324.5,95.0
1714003200,2315.0,2329.800048828125,2305.0,2329.800048828125,1024.0
1714089600,2347.89990234375,2347.89990234375,2332.800048828125,2334.800048828125,717.0
1714348800,2334.800048828125,2345.5,2327.89990234375,2345.39990234375,405.0
1714435200,2322.5,2322.5,2291.39990234375,2291.39990234375,113.0
1714521600,2287.699951171875,2327.300048828125,2283.800048828125,2299.89990234375,42.0
1714608000,2321.699951171875,2324.699951171875,2292.300048828125,2299.199951171875,56.0
1714694400,2300.0,2301.0,2277.60009765625,2299.0,194.0
1714953600,2322.800048828125,2325.5,2314.199951171875,2321.60009765625,9.0
1715040000,2324.300048828125,2324.300048828125,2315.199951171875,2315.199951171875,25.0
1715126400,2313.60009765625,2313.60009765625,2313.60009765625,2313.60009765625,4.0
1715212800,2310.699951171875,2339.5,2310.699951171875,2332.10009765625,5.0
1715299200,2367.300048828125,2367.300048828125,2367.300048828125,2367.300048828125,126.0
1715558400,2358.300048828125,2358.300048828125,2336.10009765625,2336.10009765625,14.0
1715644800,2336.0,2358.0,2336.0,2353.39990234375,6.0
1715731200,2361.60009765625,2388.699951171875,2356.0,2388.699951171875,29.0
1715817600,2389.5,2392.199951171875,2380.0,2380.0,7.0
1715904000,2380.699951171875,2415.800048828125,2380.699951171875,2412.199951171875,213.0
1716163200,2415.800048828125,2435.800048828125,2409.699951171875,2433.89990234375,40.0
1716249600,2429.5,2429.5,2421.0,2421.699951171875,6.0
1716336000,2417.5,2417.60009765625,2375.800048828125,2389.199951171875,180.0
1716422400,2371.199951171875,2371.199951171875,2335.0,2335.0,365.0
1716508800,2342.60009765625,2345.39990234375,2332.5,2332.5,25.0
1716854400,2336.89990234375,2359.699951171875,2336.89990234375,2355.199951171875,26.0
1716940800,2340.300048828125,2340.300048828125,2340.300048828125,2340.300048828125,119317.0
1717027200,2336.89990234375,2349.5,2320.800048828125,2342.89990234375,32587.0
1717113600,2344.10009765625,2354.0,2319.0,2322.89990234375,941.0
1717372800,2322.60009765625,2347.5,2312.0,2346.60009765625,781.0
1717459200,2347.5,2347.699951171875,2313.89990234375,2325.5,890.0
1717545600,2326.39990234375,2354.300048828125,2326.199951171875,2354.10009765625,295.0
1717632000,2355.0,2375.800048828125,2355.0,2370.300048828125,179.0
1717718400,2379.89990234375,2385.10009765625,2285.39990234375,2305.199951171875,269.0
1717977600,2290.60009765625,2309.300048828125,2290.5,2307.699951171875,69.0
1718064000,2300.0,2314.10009765625,2300.0,2307.5,871.0
1718150400,2314.89990234375,2338.699951171875,2310.300048828125,2336.0,132.0
1718236800,2309.39990234375,2317.699951171875,2296.199951171875,2300.199951171875,298.0
1718323200,2307.0,2331.39990234375,2305.800048828125,2331.39990234375,948.0
1718582400,2320.199951171875,2320.199951171875,2309.60009765625,2312.39990234375,110.0
1718668800,2311.800048828125,2330.39990234375,2311.800048828125,2330.39990234375,43.0
1718841600,2328.89990234375,2354.0,2328.300048828125,2353.800048828125,183.0
1718928000,2331.199951171875,2331.199951171875,2316.39990234375,2316.39990234375,76.0
1719187200,2323.300048828125,2332.89990234375,2322.699951171875,2330.0,99.0
1719273600,2324.39990234375,2333.0,2316.60009765625,2316.60009765625,105.0
1719360000,2307.89990234375,2314.39990234375,2298.0,2299.199951171875,986.0
1719446400,2296.800048828125,2329.0,2295.0,2324.5,1532.0
1719532800,2325.39990234375,2338.300048828125,2319.0,2327.699951171875,92.0
1719792000,2323.800048828125,2329.699951171875,2321.699951171875,2327.60009765625,237.0
1719878400,2330.699951171875,2334.60009765625,2323.0,2323.0,30.0
1719964800,2330.89990234375,2361.60009765625,2330.89990234375,2359.800048828125,59.0
1720137600,2354.89990234375,2388.5,2354.89990234375,2388.5,72.0
1720396800,2381.699951171875,2383.800048828125,2352.800048828125,2355.199951171875,64.0
1720483200,2363.10009765625,2363.699951171875,2360.10009765625,2360.10009765625,9.0
1720569600,2366.300048828125,2377.0,2365.800048828125,2372.199951171875,19.0
1720656000,2378.699951171875,2416.699951171875,2378.699951171875,2415.0,72.0
1720742400,2399.800048828125,2414.0,2391.300048828125,2414.0,355.0
1721001600,2430.0,2436.0,2422.89990234375,2422.89990234375,540.0
1721088000,2427.39990234375,2462.39990234375,2427.39990234375,2462.39990234375,93.0
1721174400,2472.89990234375,2473.10009765625,2454.800048828125,2454.800048828125,10.0
1721260800,2466.0,2466.0,2451.800048828125,2451.800048828125,2.0
1721347200,2418.800048828125,2419.199951171875,2395.5,2395.5,15.0
1721606400,2402.10009765625,2402.10009765625,2392.0,2392.0,18.0
1721692800,2395.800048828125,2404.60009765625,2388.699951171875,2404.60009765625,41.0
1721779200,2421.0,2421.0,2411.60009765625,2413.300048828125,6.0
1721865600,2365.5,2365.5,2351.89990234375,2351.89990234375,31.0
1721952000,2368.699951171875,2386.89990234375,2368.699951171875,2380.0,95.0
1722211200,2377.300048828125,2377.300048828125,2377.300048828125,2377.300048828125,126409.0
1722297600,2380.89990234375,2409.300048828125,2373.800048828125,2405.0,25944.0
1722384000,2407.10009765625,2447.60009765625,2402.800048828125,2426.5,1313.0
1722470400,2446.699951171875,2455.10009765625,2430.39990234375,2435.0,690.0
1722556800,2444.0,2477.0,2416.0,2425.699951171875,550.0
1722816000,2442.0,2449.800048828125,2367.39990234375,2401.699951171875,334.0
1722902400,2414.5,2421.800048828125,2380.0,2389.10009765625,163.0
1722988800,2392.199951171875,2401.0,2384.5,2390.5,130.0
1723075200,2384.300048828125,2422.800048828125,2384.300048828125,2422.199951171875,201.0
1723161600,2422.300048828125,2432.10009765625,2418.5,2432.10009765625,611.0
1723420800,2432.699951171875,2469.800048828125,2432.0,2462.39990234375,566.0
1723507200,2461.0,2470.0,2456.5,2466.699951171875,510.0
1723593600,2468.0,2472.10009765625,2439.39990234375,2439.39990234375,274.0
1723680000,2451.800048828125,2467.699951171875,2431.199951171875,2453.10009765625,285.0
1723766400,2453.5,2508.0,2451.39990234375,2498.60009765625,197.0
1724025600,2508.5,2508.5,2487.199951171875,2501.800048828125,88.0
1724112000,2503.5,2527.300048828125,2500.699951171875,2511.300048828125,187.0
1724198400,2511.0,2515.39990234375,2503.89990234375,2508.39990234375,96.0
1724284800,2504.10009765625,2504.10009765625,2471.10009765625,2478.89990234375,210.0
1724371200,2486.5,2508.39990234375,2486.5,2508.39990234375,94.0
1724630400,2509.89990234375,2523.10009765625,2509.10009765625,2517.699951171875,290.0
1724716800,2515.199951171875,2523.10009765625,2506.89990234375,2516.0,100.0
1724803200,2501.0,2501.0,2501.0,2501.0,2353.0
1724889600,2504.10009765625,2525.699951171875,2503.89990234375,2525.699951171875,3966.0
1724976000,2519.5,2525.39990234375,2493.800048828125,2493.800048828125,208.0
1725321600,2501.60009765625,2501.800048828125,2476.300048828125,2489.89990234375,206.0
1725408000,2490.89990234375,2493.39990234375,2483.5,2493.39990234375,470.0
1725494400,2493.699951171875,2513.300048828125,2493.39990234375,2511.39990234375,54.0
1725580800,2510.300048828125,2517.89990234375,2483.699951171875,2493.5,96.0
1725840000,2491.300048828125,2504.699951171875,2491.300048828125,2501.800048828125,96.0
1725926400,2512.300048828125,2512.300048828125,2512.300048828125,2512.300048828125,5.0
1726012800,2525.800048828125,2525.800048828125,2502.300048828125,2512.10009765625,90.0
1726099200,2529.10009765625,2557.0,2523.39990234375,2551.199951171875,132.0
1726185600,2568.800048828125,2581.800048828125,2565.0,2581.300048828125,31.0
1726444800,2580.39990234375,2580.39990234375,2580.39990234375,2580.39990234375,28.0
1726531200,2581.199951171875,2581.800048828125,2564.300048828125,2564.300048828125,22.0
1726617600,2570.699951171875,2570.699951171875,2549.199951171875,2570.699951171875,25.0
1726704000,2566.0,2588.0,2566.0,2588.0,99.0
1726790400,2590.39990234375,2621.800048828125,2590.39990234375,2619.89990234375,17.0
1727049600,2626.5,2626.5,2626.5,2626.5,9.0
1727136000,2636.800048828125,2662.300048828125,2625.5,2651.199951171875,35.0
1727222400,2656.300048828125,2664.199951171875,2649.300048828125,2659.199951171875,175.0
1727308800,2662.300048828125,2669.89990234375,2660.800048828125,2669.89990234375,17216.0
1727395200,2670.0,2672.10009765625,2641.699951171875,2644.300048828125,4228.0
1727654400,2660.89990234375,2662.10009765625,2623.199951171875,2636.10009765625,973.0
1727740800,2631.39990234375,2670.89990234375,2631.39990234375,2667.300048828125,153.0
1727827200,2650.60009765625,2657.199951171875,2640.0,2647.10009765625,72.0
1727913600,2642.800048828125,2657.10009765625,2640.0,2657.10009765625,354.0
1728000000,2656.0,2667.0,2639.0,2645.800048828125,114.0
1728259200,2648.699951171875,2657.39990234375,2639.0,2644.800048828125,284.0
1728345600,2639.0,2639.0,2609.300048828125,2615.0,687.0
1728432000,2603.0,2607.699951171875,2603.0,2606.0,152.0
1728518400,2602.5,2628.300048828125,2602.5,2620.60009765625,320.0
1728604800,2638.300048828125,2658.10009765625,2638.199951171875,2657.60009765625,12.0
1728864000,2655.0,2655.300048828125,2647.800048828125,2647.800048828125,40.0
1728950400,2661.39990234375,2661.39990234375,2661.39990234375,2661.39990234375,39.0
1729036800,2674.0,2674.0,2674.0,2674.0,6.0
1729123200,2677.39990234375,2691.699951171875,2677.199951171875,2691.0,30.0
1729209600,2713.699951171875,2719.60009765625,2713.699951171875,2713.699951171875,29.0
1729468800,2721.89990234375,2738.39990234375,2719.5,2723.10009765625,52.0
1729555200,2731.699951171875,2746.0,2728.60009765625,2744.199951171875,93.0
1729641600,2742.5,2742.5,2714.199951171875,2714.39990234375,18.0
1729728000,2729.0,2736.10009765625,2729.0,2734.89990234375,27.0
1729814400,2725.5,2742.39990234375,2725.5,2740.89990234375,29.0
1730073600,2736.10009765625,2742.89990234375,2729.5,2742.89990234375,56.0
1730160000,2768.39990234375,2768.39990234375,2768.39990234375,2768.39990234375,848.0
1730246400,2774.60009765625,2789.0,2774.60009765625,2788.5,231.0
1730332800,2787.39990234375,2787.5,2733.5,2738.300048828125,849.0
1730419200,2745.5,2756.0,2734.199951171875,2738.60009765625,109.0
1730678400,2736.5,2737.10009765625,2736.10009765625,2736.10009765625,16.0
1730764800,2743.0,2743.89990234375,2740.300048828125,2740.300048828125,23.0
1730851200,2734.5,2734.5,2659.39990234375,2667.60009765625,427.0
1730937600,2662.5,2699.10009765625,2662.5,2698.39990234375,676.0
1731024000,2688.5,2694.60009765625,2682.89990234375,2687.5,1038.0
1731283200,2671.699951171875,2671.699951171875,2611.199951171875,2611.199951171875,20.0
1731369600,2605.5,2605.5,2592.800048828125,2600.0,118.0
1731456000,2611.10009765625,2611.800048828125,2580.800048828125,2580.800048828125,53.0
1731542400,2555.10009765625,2576.199951171875,2554.199951171875,2568.199951171875,27.0
1731628800,2565.699951171875,2565.699951171875,2565.699951171875,2565.699951171875,20.0
1731888000,2591.699951171875,2610.699951171875,2589.39990234375,2610.60009765625,136.0
1731974400,2621.89990234375,2627.699951171875,2619.300048828125,2627.10009765625,87.0
1732060800,2638.5,2648.199951171875,2638.5,2648.199951171875,27.0
1732147200,2659.300048828125,2672.10009765625,2655.699951171875,2672.10009765625,33.0
1732233600,2687.5,2710.5,2685.60009765625,2709.89990234375,41.0
1732492800,2689.39990234375,2689.39990234375,2616.800048828125,2616.800048828125,94.0
1732579200,2625.60009765625,2625.60009765625,2620.300048828125,2620.300048828125,177858.0
1732665600,2633.5,2657.89990234375,2627.199951171875,2639.89990234375,61653.0
1732838400,2636.39990234375,2664.300048828125,2620.699951171875,2657.0,3861.0
1733097600,2649.0,2649.800048828125,2621.699951171875,2634.89990234375,695.0
1733184000,2639.0,2654.699951171875,2636.0,2644.699951171875,1062.0
1733270400,2639.199951171875,2658.300048828125,2637.0,2653.800048828125,249.0
1733356800,2652.39990234375,2655.0,2625.699951171875,2626.60009765625,573.0
1733443200,2620.199951171875,2643.10009765625,2617.5,2638.60009765625,571.0
1733702400,2632.10009765625,2677.10009765625,2630.800048828125,2664.89990234375,935.0
1733788800,2662.300048828125,2698.199951171875,2661.0,2697.60009765625,437.0
1733875200,2701.800048828125,2733.800048828125,2693.10009765625,2733.800048828125,3387.0
1733961600,2725.10009765625,2725.10009765625,2677.39990234375,2687.5,2365.0
1734048000,2688.199951171875,2689.300048828125,2647.89990234375,2656.0,1125.0
1734307200,2658.300048828125,2663.300048828125,2651.0,2651.39990234375,877.0
1734393600,2651.800048828125,2652.300048828125,2632.5,2644.39990234375,705.0
1734480000,2644.300048828125,2647.10009765625,2590.199951171875,2636.5,566.0
1734566400,2582.10009765625,2610.300048828125,2582.10009765625,2592.199951171875,238.0
1734652800,2605.300048828125,2631.60009765625,2604.89990234375,2628.699951171875,592.0
1734912000,2620.0,2627.699951171875,2611.10009765625,2612.300048828125,451.0
1734998400,2613.0,2620.0,2609.5,2620.0,35.0
1735171200,2628.5,2638.800048828125,2627.89990234375,2638.800048828125,84.0
1735257600,2617.699951171875,2617.699951171875,2616.39990234375,2617.199951171875,642.0
1735516800,2620.699951171875,2626.89990234375,2597.0,2606.10009765625,794.0
1735603200,2608.39990234375,2629.199951171875,2604.89990234375,2629.199951171875,401.0
1735776000,2633.0,2663.10009765625,2633.0,2658.89990234375,1728.0
1735862400,2658.699951171875,2658.699951171875,2641.800048828125,2645.0,591.0
1736121600,2645.5,2647.0,2617.300048828125,2638.39990234375,960.0
1736208000,2653.39990234375,2657.5,2653.0,2656.699951171875,643.0
1736294400,2655.5,2676.89990234375,2653.5,2664.5,999.0
1736380800,2669.699951171875,2686.300048828125,2667.89990234375,2683.800048828125,1139.0
1736467200,2686.10009765625,2720.10009765625,2683.699951171875,2708.5,403.0
1736726400,2711.10009765625,2711.199951171875,2673.5,2673.5,765.0
1736812800,2673.60009765625,2688.300048828125,2670.800048828125,2677.5,794.0
1736899200,2690.800048828125,2712.5,2690.800048828125,2712.5,930.0
1736985600,2731.699951171875,2749.800048828125,2731.699951171875,2746.39990234375,1721.0
1737072000,2736.0,2751.60009765625,2725.5,2744.300048828125,1214.0
1737417600,2746.0,2755.0,2724.800048828125,2755.0,1439.0
1737504000,2754.5,2768.800048828125,2753.5,2767.60009765625,2079.0
1737590400,2760.0,2765.0,2745.39990234375,2763.10009765625,2201.0
1737676800,2759.800048828125,2792.0,2759.800048828125,2777.300048828125,1593.0
1737936000,2761.10009765625,2762.199951171875,2737.5,2737.5,984.0
1738022400,2738.0,2766.800048828125,2738.0,2766.800048828125,2307.0
1738108800,2769.10009765625,2769.10009765625,2769.10009765625,2769.10009765625,125692.0
1738195200,2772.5,2829.5,2770.0,2823.0,40141.0
1738281600,2829.0,2838.0,2804.0,2812.5,3443.0
1738540800,2818.199951171875,2848.39990234375,2780.89990234375,2833.89990234375,2649.0
1738627200,2827.60009765625,2853.300048828125,2816.10009765625,2853.300048828125,2187.0
1738713600,2850.0,2880.5,2848.0,2871.60009765625,4519.0
1738800000,2865.199951171875,2871.699951171875,2836.300048828125,2856.0,3116.0
1738886400,2859.89990234375,2889.5,2857.800048828125,2867.300048828125,1822.0
1739145600,2864.199951171875,2916.10009765625,2863.800048828125,2914.300048828125,2237.0
1739232000,2925.5,2945.39990234375,2890.0,2912.5,2554.0
1739318400,2902.0,2912.300048828125,2868.60009765625,2909.0,2504.0
1739404800,2911.300048828125,2937.699951171875,2910.60009765625,2925.89990234375,4670.0
1739491200,2937.300048828125,2944.39990234375,2874.800048828125,2883.60009765625,1992.0
1739836800,2879.199951171875,2936.39990234375,2873.800048828125,2931.60009765625,4010.0
1739923200,2938.699951171875,2946.0,2917.10009765625,2919.39990234375,2630.0
1740009600,2949.10009765625,2955.800048828125,2924.199951171875,2940.0,656.0
1740096000,2938.800048828125,2940.0,2917.300048828125,2937.60009765625,570.0
1740355200,2933.10009765625,2957.89990234375,2933.10009765625,2947.89990234375,415.0
1740441600,2938.699951171875,2943.199951171875,2890.0,2904.5,1854.0
1740528000,2913.5,2917.0,2913.0,2916.800048828125,2050.0
1740614400,2918.5,2922.800048828125,2870.39990234375,2883.199951171875,3215.0
1740700800,2877.10009765625,2877.10009765625,2834.10009765625,2836.800048828125,990.0
1740960000,2872.699951171875,2891.800048828125,2863.39990234375,2890.199951171875,423.0
1741046400,2886.10009765625,2927.89990234375,2886.10009765625,2909.60009765625,885.0
1741132800,2916.699951171875,2922.0,2893.0,2915.300048828125,551.0
1741219200,2904.0,2918.60009765625,2903.800048828125,2916.60009765625,870.0
1741305600,2900.89990234375,2927.300048828125,2900.5,2904.699951171875,531.0
1741564800,2910.10009765625,2915.10009765625,2880.199951171875,2891.0,55.0
1741651200,2884.39990234375,2916.699951171875,2880.39990234375,2912.89990234375,197.0
1741737600,2912.0,2939.10009765625,2910.0,2939.10009765625,213.0
1741824000,2937.10009765625,2988.0,2935.199951171875,2984.300048828125,2366.0
1741910400,2994.39990234375,3004.800048828125,2986.0,2994.5,1800.0
1742169600,2991.0,3001.5,2989.0,3000.0,214.0
1742256000,3006.39990234375,3039.199951171875,3004.39990234375,3035.10009765625,428.0
1742342400,3035.199951171875,3050.89990234375,3030.89990234375,3035.89990234375,175.0
1742428800,3047.300048828125,3047.300048828125,3034.39990234375,3040.0,185.0
1742515200,3034.5,3037.5,3000.89990234375,3018.199951171875,151.0
1742774400,3024.300048828125,3024.300048828125,3006.0,3013.10009765625,137.0
1742860800,3026.39990234375,3028.800048828125,3023.699951171875,3023.699951171875,74.0
1742947200,3033.199951171875,3033.199951171875,3019.5,3020.89990234375,83.0
1743033600,3025.5,3065.0,3025.5,3060.199951171875,124359.0
1743120000,3069.699951171875,3094.89990234375,3066.800048828125,3086.5,31206.0
1743379200,3091.0,3132.5,3086.0,3122.800048828125,3438.0
1743465600,3129.699951171875,3149.5,3104.0,3118.89990234375,1721.0
1743552000,3120.699951171875,3168.60009765625,3117.39990234375,3139.89990234375,5946.0
1743638400,3150.0,3166.89990234375,3052.0,3097.0,5516.0
1743724800,3110.5,3127.699951171875,3011.0,3012.0,3247.0
1743984000,3016.39990234375,3050.800048828125,2949.699951171875,2951.300048828125,4424.0
1744070400,2994.0,3014.5,2968.39990234375,2968.39990234375,3213.0
1744156800,2965.800048828125,3090.39990234375,2965.800048828125,3056.5,2175.0
1744243200,3073.89990234375,3167.0,3072.10009765625,3155.199951171875,3456.0
1744329600,3182.10009765625,3235.0,3182.10009765625,3222.199951171875,862.0
1744588800,3215.5,3228.800048828125,3194.5,3204.800048828125,263.0
1744675200,3216.0,3218.699951171875,3214.0,3218.699951171875,390.0
1744761600,3238.300048828125,3334.89990234375,3238.300048828125,3326.60009765625,1874.0
1744848000,3345.0,3345.0,3287.800048828125,3308.699951171875,824.0
1745193600,3342.199951171875,3418.5,3342.199951171875,3406.199951171875,78.0
1745280000,3422.199951171875,3485.60009765625,3361.699951171875,3400.800048828125,785.0
1745366400,3321.199951171875,3370.300048828125,3256.199951171875,3276.300048828125,331.0
1745452800,3305.39990234375,3353.89990234375,3304.89990234375,3332.0,560.0
1745539200,3355.5,3355.5,3266.10009765625,3282.39990234375,162.0
1745798400,3284.5,3332.5,3284.5,3332.5,1300.0
1745884800,3340.0,3340.0,3299.89990234375,3318.800048828125,1278.0
1745971200,3318.699951171875,3318.699951171875,3268.0,3305.0,207.0
1746057600,3272.89990234375,3275.0,3198.60009765625,3210.0,2131.0
1746144000,3239.89990234375,3257.0,3225.0,3231.89990234375,1349.0
1746403200,3242.699951171875,3315.699951171875,3239.699951171875,3311.300048828125,244.0
1746489600,3365.5,3430.89990234375,3356.800048828125,3411.39990234375,2357.0
1746576000,3418.699951171875,3418.699951171875,3364.699951171875,3381.39990234375,1080.0
1746662400,3390.0,3390.0,3288.699951171875,3296.60009765625,200.0
1746748800,3299.0,3335.5,3299.0,3335.39990234375,216.0
1747008000,3300.699951171875,3300.699951171875,3205.0,3220.0,886.0
1747094400,3232.0,3251.39990234375,3223.5,3240.300048828125,2424.0
1747180800,3233.0,3233.0,3171.699951171875,3181.39990234375,3518.0
1747267200,3151.0,3228.10009765625,3125.0,3220.699951171875,652.0
1747353600,3227.699951171875,3228.10009765625,3173.89990234375,3182.0,199.0
1747612800,3234.39990234375,3241.0,3228.300048828125,3228.89990234375,266.0
1747699200,3219.0,3293.199951171875,3207.5,3280.300048828125,356.0
1747785600,3293.39990234375,3317.5,3290.199951171875,3309.300048828125,979.0
1747872000,3327.300048828125,3328.0,3282.699951171875,3292.300048828125,1210.0
1747958400,3328.0,3363.60009765625,3323.5,3363.60009765625,47.0
1748304000,3332.5,3341.0,3296.300048828125,3299.10009765625,189.0
1748390400,3293.60009765625,3293.60009765625,3293.60009765625,3293.60009765625,127758.0
1748476800,3283.699951171875,3328.800048828125,3242.39990234375,3317.10009765625,24370.0
1748563200,3315.10009765625,3318.0,3270.89990234375,3288.89990234375,2213.0
1748822400,3296.89990234375,3380.800048828125,3296.89990234375,3370.60009765625,976.0
1748908800,3385.10009765625,3390.0,3331.300048828125,3350.199951171875,6410.0
1748995200,3355.0,3380.0,3344.0,3373.5,207.0
1749081600,3371.5,3400.0,3343.699951171875,3350.699951171875,731.0
1749168000,3364.300048828125,3364.300048828125,3306.0,3322.699951171875,81.0
1749427200,3315.60009765625,3334.60009765625,3290.0,3332.10009765625,1887.0
1749513600,3302.0,3344.300048828125,3302.0,3320.89990234375,65.0
1749600000,3328.0,3356.0,3321.300048828125,3321.300048828125,2106.0
1749686400,3363.0,3395.89990234375,3353.39990234375,3380.89990234375,1818.0
1749772800,3407.300048828125,3444.0,3407.300048828125,3431.199951171875,499.0
1750032000,3442.0,3442.0,3385.39990234375,3396.39990234375,480.0
1750118400,3398.300048828125,3398.300048828125,3376.10009765625,3386.60009765625,1477.0
1750204800,3385.300048828125,3391.89990234375,3365.10009765625,3389.800048828125,0.0
1750377600,3350.0,3372.89990234375,3341.0,3368.10009765625,709.0
1750636800,3365.89990234375,3387.89990234375,3350.0,3377.699951171875,30.0
1750723200,3358.0,3358.0,3301.0,3317.39990234375,538.0
1750809600,3321.60009765625,3331.199951171875,3310.60009765625,3327.10009765625,373.0
1750896000,3332.39990234375,3333.5,3332.39990234375,3333.5,2058.0
1750982400,3318.699951171875,3318.699951171875,3253.800048828125,3273.699951171875,284.0
1751241600,3265.89990234375,3306.89990234375,3262.0,3294.39990234375,1242.0
1751328000,3310.10009765625,3354.10009765625,3310.10009765625,3336.699951171875,371.0
1751414400,3329.0,3357.5,3329.0,3348.0,39.0
1751500800,3362.0,3362.0,3322.300048828125,3331.60009765625,0.0
1751587200,3342.0,3342.0,3332.5,3332.5,0.0
1751846400,3305.5,3333.300048828125,3299.199951171875,3332.199951171875,254.0
1751932800,3330.39990234375,3334.5,3287.60009765625,3307.0,909.0
1752019200,3289.39990234375,3314.0,3282.0,3311.60009765625,114.0
1752105600,3323.60009765625,3330.5,3311.60009765625,3317.39990234375,209.0
1752192000,3330.5,3370.0,3330.5,3356.0,776.0
1752451200,3367.0,3375.5,3350.0,3351.5,583.0
1752537600,3341.0,3341.0,3329.800048828125,3329.800048828125,210.0
1752624000,3341.199951171875,3352.89990234375,3329.5,3352.5,10.0
1752710400,3313.800048828125,3340.800048828125,3313.800048828125,3340.10009765625,667.0
1752796800,3338.199951171875,3353.0,3338.199951171875,3353.0,602.0
1753056000,3350.300048828125,3411.699951171875,3350.300048828125,3401.89990234375,53.0
1753142400,3411.0,3441.0,3395.60009765625,3439.199951171875,39.0
1753228800,3430.300048828125,3433.89990234375,3388.10009765625,3394.10009765625,63.0
1753315200,3367.0,3371.0,3367.0,3371.0,1175.0
1753401600,3344.0,3345.0,3326.5,3334.0,67.0
1753660800,3326.60009765625,3326.800048828125,3309.10009765625,3309.10009765625,533.0
1753747200,3323.39990234375,3323.39990234375,3323.39990234375,3323.39990234375,113144.0
1753833600,3325.800048828125,3331.800048828125,3263.89990234375,3295.800048828125,19252.0
1753920000,3272.89990234375,3312.0,3272.89990234375,3293.199951171875,3704.0
1754006400,3286.199951171875,3360.60009765625,3281.0,3347.699951171875,3420.0
1754265600,3367.60009765625,3386.5,3347.39990234375,3374.39990234375,351.0
1754352000,3378.5,3387.199951171875,3351.199951171875,3381.89990234375,915.0
1754438400,3380.699951171875,3383.300048828125,3361.300048828125,3380.0,1492.0
1754524800,3384.89990234375,3422.89990234375,3384.89990234375,3400.300048828125,5464.0
1754611200,3438.800048828125,3477.0,3402.5,3439.10009765625,7657.0
1754870400,3383.89990234375,3383.89990234375,3349.199951171875,3353.10009765625,1488.0
1754956800,3356.199951171875,3356.199951171875,3330.10009765625,3348.89990234375,1611.0
1755043200,3358.800048828125,3363.39990234375,3358.699951171875,3358.699951171875,1011.0
1755129600,3346.800048828125,3356.0,3328.89990234375,3335.199951171875,592.0
1755216000,3346.800048828125,3346.800048828125,3335.89990234375,3336.0,1185.0
1755475200,3333.5,3347.800048828125,3331.699951171875,3331.699951171875,646.0
1755561600,3330.199951171875,3343.5,3313.39990234375,3313.39990234375,1655.0
1755648000,3310.60009765625,3343.5,3310.10009765625,3343.39990234375,1213.0
1755734400,3349.39990234375,3349.39990234375,3326.5,3336.89990234375,142.0
1755820800,3349.39990234375,3377.699951171875,3349.39990234375,3374.39990234375,1240.0
1756080000,3366.0,3378.0,3366.0,3373.800048828125,1044.0
1756166400,3378.89990234375,3396.5,3371.10009765625,3388.60009765625,905.0
1756252800,3397.0,3404.60009765625,3382.0,3404.60009765625,3222.0
1756339200,3409.0,3434.60009765625,3400.0,3431.800048828125,1035.0
1756425600,3432.5,3475.60009765625,3426.60009765625,3473.699951171875,0.0
1756771200,3485.699951171875,3559.199951171875,3485.699951171875,3549.39990234375,658.0
1756857600,3554.800048828125,3593.699951171875,3553.199951171875,3593.199951171875,72.0
1756944000,3549.89990234375,3573.60009765625,3549.89990234375,3565.800048828125,237.0
1757030400,3567.800048828125,3613.199951171875,3567.800048828125,3613.199951171875,925.0
1757289600,3594.5,3641.0,3590.0,3638.10009765625,97.0
1757376000,3647.10009765625,3670.39990234375,3627.800048828125,3643.300048828125,535.0
1757462400,3625.0,3655.39990234375,3620.800048828125,3643.60009765625,136.0
1757548800,3632.89990234375,3636.89990234375,3618.39990234375,3636.89990234375,307.0
1757635200,3655.5,3656.800048828125,3643.0,3649.39990234375,1300.0
1757894400,3640.0,3686.39990234375,3635.10009765625,3682.199951171875,210.0
1757980800,3681.39990234375,3698.60009765625,3681.39990234375,3688.89990234375,373.0
1758067200,3669.0,3685.199951171875,3661.60009765625,3681.800048828125,183.0
1758153600,3654.60009765625,3667.39990234375,3637.0,3643.699951171875,80.0
1758240000,3659.0,3685.89990234375,3658.199951171875,3671.5,211.0
1758499200,3688.199951171875,3748.199951171875,3688.0,3740.699951171875,410.0
1758585600,3747.0,3786.0,3740.0,3780.60009765625,627.0
1758672000,3769.800048828125,3772.5,3732.10009765625,3732.10009765625,588.0
1758758400,3742.800048828125,3756.0,3724.699951171875,3736.89990234375,1899.0
1758844800,3775.300048828125,3775.300048828125,3775.300048828125,3775.300048828125,19308.0
1759104000,3754.800048828125,3827.60009765625,3754.800048828125,3820.89990234375,8860.0
1759190400,3827.5,3865.5,3793.39990234375,3840.800048828125,1611.0
1759276800,3863.5,3891.89990234375,3853.300048828125,3867.5,1778.0
1759363200,3856.199951171875,3888.60009765625,3823.699951171875,3839.699951171875,3418.0
1759449600,3855.199951171875,3886.800048828125,3853.699951171875,3880.800048828125,392.0
1759708800,3931.300048828125,3960.0,3926.800048828125,3948.5,1267.0
1759795200,3959.39990234375,3981.5,3940.0,3976.60009765625,2903.0
1759881600,3987.199951171875,4049.199951171875,3987.199951171875,4043.300048828125,2179.0
1759968000,4011.199951171875,4046.199951171875,3940.0,3946.300048828125,3130.0
1760054400,3957.0,4012.0,3945.5,3975.89990234375,1697.0
1760313600,4016.0,4111.0,4016.0,4108.60009765625,1697.0
1760400000,4131.7001953125,4160.10009765625,4085.800048828125,4138.7001953125,2424.0
1760486400,4145.0,4210.60009765625,4145.0,4176.89990234375,3287.0
1760572800,4198.7998046875,4307.0,4196.60009765625,4280.2001953125,4705.0
1760659200,4354.7001953125,4358.0,4182.2001953125,4189.89990234375,4060.0
1760918400,4244.10009765625,4356.60009765625,4214.60009765625,4336.39990234375,1750.0
1761004800,4332.7001953125,4332.7001953125,4087.699951171875,4087.699951171875,2943.0
1761091200,4109.7001953125,4148.5,4006.0,4044.39990234375,1237.0
1761177600,4078.39990234375,4136.7998046875,4070.699951171875,4125.5,354.0
1761264000,4117.5,4120.60009765625,4074.89990234375,4118.39990234375,123.0
1761523200,4060.0,4078.60009765625,3971.300048828125,4001.89990234375,220.0
1761609600,3929.699951171875,3966.199951171875,3923.60009765625,3966.199951171875,219.0
1761696000,3983.699951171875,3983.699951171875,3983.699951171875,3983.699951171875,1344.0
1761782400,3960.0,4027.199951171875,3913.699951171875,4001.300048828125,935.0
1761868800,4034.5,4034.5,3976.60009765625,3982.199951171875,559.0
1762128000,3976.199951171875,4020.0,3959.0,4000.300048828125,0.0
1762214400,3994.199951171875,3995.39990234375,3927.39990234375,3947.699951171875,657.0
1762300800,3929.89990234375,3983.5,3929.89990234375,3980.300048828125,559.0
1762387200,4004.0,4007.5,3979.89990234375,3979.89990234375,650.0
1762473600,3980.800048828125,3999.39990234375,3980.800048828125,3999.39990234375,245.0
1762732800,4060.0,4111.7998046875,4060.0,4111.7998046875,189.0
1762819200,4140.10009765625,4140.10009765625,4106.7998046875,4106.7998046875,569.0
1762905600,4115.60009765625,4204.39990234375,4102.89990234375,4204.39990234375,396.0
1762992000,4228.7001953125,4228.7001953125,4163.7001953125,4186.89990234375,167.0
1763078400,4197.7001953125,4197.89990234375,4047.0,4087.60009765625,483.0
1763337600,4070.0,4099.5,4019.39990234375,4068.300048828125,1552.0
1763424000,4037.39990234375,4063.39990234375,4035.60009765625,4061.300048828125,1375.0
1763510400,4086.10009765625,4122.7001953125,4072.0,4077.699951171875,486.0
1763596800,4045.0,4090.39990234375,4040.199951171875,4056.5,202.0
1763683200,4031.800048828125,4085.199951171875,4031.800048828125,4076.699951171875,171.0
1763942400,4060.5,4091.89990234375,4060.5,4091.89990234375,591.0
1764028800,4139.2001953125,4139.2001953125,4139.2001953125,4139.2001953125,132704.0
1764115200,4128.60009765625,4171.0,4127.5,4165.2001953125,25088.0
1764288000,4163.39990234375,4223.89990234375,4140.0,4218.2998046875,3615.0
1764547200,4218.5,4262.10009765625,4214.89990234375,4239.2998046875,913.0
1764633600,4230.5,4230.5,4167.0,4186.60009765625,366.0
1764720000,4215.7001953125,4234.10009765625,4195.7001953125,4199.2998046875,1897.0
1764806400,4211.0,4211.7998046875,4175.0,4211.7998046875,616.0
1764892800,4204.10009765625,4255.7001953125,4194.5,4212.89990234375,533.0
1765152000,4205.5,4215.7998046875,4175.5,4187.2001953125,318.0
1765238400,4190.7001953125,4219.7001953125,4177.7001953125,4206.7001953125,660.0
1765324800,4209.0,4234.5,4183.60009765625,4196.39990234375,692.0
1765411200,4224.0,4286.89990234375,4214.2998046875,4285.5,528.0
1765497600,4276.39990234375,4355.0,4260.0,4300.10009765625,1531.0
1765756800,4308.2998046875,4349.2001953125,4292.89990234375,4306.7001953125,854.0
1765843200,4270.5,4321.39990234375,4270.5,4304.5,1796.0
1765929600,4308.5,4351.39990234375,4308.5,4347.5,2169.0
1766016000,4331.0,4348.10009765625,4328.2001953125,4339.5,705.0
1766102400,4350.10009765625,4361.39990234375,4350.10009765625,4361.39990234375,1065.0
1766361600,4371.10009765625,4447.60009765625,4371.10009765625,4444.60009765625,449.0
1766448000,4503.2998046875,4503.7998046875,4450.39990234375,4482.7998046875,694.0
1766534400,4500.7001953125,4503.39990234375,4468.39990234375,4480.60009765625,500.0
1766707200,4512.0,4556.2998046875,4502.0,4529.10009765625,263.0
1766966400,4371.5,4379.0,4325.10009765625,4325.10009765625,2044.0
1767052800,4346.39990234375,4403.60009765625,4338.0,4370.10009765625,1837.0
1767139200,4333.5,4363.7998046875,4285.0,4325.60009765625,785.0
1767312000,4350.60009765625,4350.60009765625,4314.39990234375,4314.39990234375,589.0
1767571200,4386.7001953125,4443.5,4384.7998046875,4436.89990234375,618.0
1767657600,4449.7001953125,4482.2001953125,4449.0,4482.2001953125,459.0
1767744000,4450.0,4450.0,4449.2998046875,4449.2998046875,972.0
1767830400,4460.2001953125,4461.2998046875,4418.0,4449.7001953125,2423.0
1767916800,4473.0,4490.2998046875,4473.0,4490.2998046875,237.0
1768176000,4579.10009765625,4620.0,4577.7998046875,4604.2998046875,156.0
1768262400,4578.60009765625,4617.10009765625,4578.60009765625,4589.2001953125,239.0
1768348800,4610.2998046875,4635.0,4608.2001953125,4626.2998046875,1313.0
1768435200,4612.89990234375,4616.2998046875,4612.89990234375,4616.2998046875,4358.0
1768521600,4608.0,4608.0,4588.39990234375,4588.39990234375,352.0
1768867200,4662.2001953125,4764.0,4661.7998046875,4759.60009765625,175.0
1768953600,4863.5,4872.2998046875,4771.5,4831.7998046875,1706.0
1769040000,4791.89990234375,4908.7998046875,4791.89990234375,4908.7998046875,1175.0
1769126400,4949.60009765625,4976.2001953125,4936.0,4976.2001953125,169.0
1769385600,5081.5,5095.60009765625,5052.2001953125,5079.7001953125,180.0
1769472000,5079.89990234375,5079.89990234375,5079.89990234375,5079.89990234375,34.0
1769558400,5301.60009765625,5301.60009765625,5301.60009765625,5301.60009765625,112054.0
1769644800,5415.7001953125,5586.2001953125,5097.5,5318.39990234375,23709.0
1769731200,5376.39990234375,5440.5,4700.0,4713.89990234375,8374.0
1769990400,4807.7001953125,4855.7998046875,4400.0,4622.5,3588.0
1770076800,4680.0,4984.60009765625,4674.2998046875,4903.7001953125,1213.0
1770163200,4923.2998046875,5082.2001953125,4897.89990234375,4920.39990234375,3886.0
1770249600,5008.7001953125,5012.2998046875,4786.0,4861.39990234375,793.0
1770336000,4762.0,4958.5,4655.0,4951.2001953125,1386.0
1770595200,5017.39990234375,5065.7001953125,4979.10009765625,5050.89990234375,170.0
1770681600,5013.5,5029.0,5002.7001953125,5003.7998046875,281.0
1770768000,5049.89990234375,5111.2998046875,5041.2998046875,5071.60009765625,2681.0
1770854400,5060.39990234375,5078.10009765625,4892.0,4923.7001953125,484.0
1770940800,4953.0,5043.89990234375,4946.2001953125,5022.0,232.0
1771286400,5020.0,5020.0,4847.7998046875,4882.89990234375,540.0
1771372800,4872.2001953125,4987.0,4869.5,4986.5,544.0
1771459200,5014.7001953125,5014.7001953125,4975.89990234375,4975.89990234375,37.0
1771545600,5039.5,5072.7001953125,5039.5,5059.2998046875,134.0
1771804800,5120.2998046875,5211.60009765625,5120.2998046875,5204.7001953125,779.0
1771891200,5158.7998046875,5159.0,5112.7001953125,5155.7998046875,88.0
1771977600,5166.0,5206.39990234375,5166.0,5206.39990234375,1772.0
1772064000,5177.2001953125,5199.2001953125,5143.89990234375,5176.5,1520.0
1772150400,5186.7001953125,5280.0,5176.7001953125,5230.5,354.0
1772409600,5346.60009765625,5405.0,5266.2998046875,5294.39990234375,72.0
1772496000,5298.7001953125,5303.7998046875,5023.0,5107.39990234375,1776.0
1772582400,5130.7001953125,5180.2001953125,5117.2001953125,5120.2001953125,679.0
1772668800,5169.5,5169.5,5054.7001953125,5065.2998046875,1701.0
1772755200,5121.0,5146.10009765625,5076.10009765625,5146.10009765625,148.0
1773014400,5155.0,5160.60009765625,5077.7001953125,5091.5,639.0
1773100800,5138.2001953125,5229.7001953125,5137.60009765625,5229.7001953125,4300.0
1773187200,5190.7998046875,5191.2998046875,5167.39990234375,5167.39990234375,633.0
1773273600,5137.2001953125,5137.2001953125,5115.7998046875,5115.7998046875,410.0
1773360000,5089.60009765625,5117.0,5009.5,5052.5,479.0
1773619200,5001.60009765625,5010.60009765625,4994.0,4994.0,130.0
1773705600,5017.60009765625,5017.60009765625,4994.2001953125,5001.0,239.0
1773792000,4949.60009765625,4949.60009765625,4821.7001953125,4889.89990234375,1461.0
1773878400,4830.2998046875,4830.2998046875,4554.0,4600.7001953125,627.0
1773964800,4686.89990234375,4686.89990234375,4570.39990234375,4570.39990234375,235.0
1774224000,4353.0,4480.39990234375,4100.7998046875,4404.10009765625,544.0
1774310400,4338.7001953125,4399.2998046875,4325.2001953125,4399.2998046875,378.0
1774396800,4549.0,4551.89990234375,4541.7998046875,4549.7998046875,388.0
1774483200,4441.5,4443.10009765625,4375.5,4375.5,1070.0
1774569600,4492.0,4492.0,4492.0,4492.0,74348.0
1774828800,4482.7998046875,4579.10009765625,4413.39990234375,4526.0,10816.0
1774915200,4510.0,4684.10009765625,4508.60009765625,4647.60009765625,4264.0
1775001600,4668.39990234375,4789.10009765625,4668.0,4783.2001953125,1637.0
1775088000,4764.89990234375,4784.39990234375,4558.89990234375,4651.5,0.0
1775433600,4656.10009765625,4689.60009765625,4605.0,4656.7998046875,148.0
1775520000,4624.89990234375,4676.2998046875,4608.0,4657.10009765625,327.0
1775606400,4760.0,4851.0,4738.7998046875,4749.5,405.0
1775692800,4711.0,4799.10009765625,4711.0,4792.2001953125,1277.0
1775779200,4745.89990234375,4791.0,4744.89990234375,4761.89990234375,812.0
1776038400,4704.0,4742.39990234375,4704.0,4742.39990234375,32.0
1776124800,4770.10009765625,4841.60009765625,4770.10009765625,4825.0,288.0
1776211200,4843.60009765625,4843.60009765625,4798.0,4800.0,182.0
1776297600,4810.89990234375,4810.89990234375,4785.39990234375,4785.39990234375,805.0
1776384000,4771.60009765625,4879.7001953125,4767.2001953125,4857.60009765625,1902.0
1776643200,4793.89990234375,4811.0,4770.0,4806.60009765625,724.0
1776729600,4698.39990234375,4705.0,4676.39990234375,4698.39990234375,1197.0
1776816000,4754.2001953125,4754.2001953125,4732.5,4732.5,765.0
1776902400,4711.5,4732.39990234375,4705.10009765625,4705.10009765625,292.0
1776988800,4695.0,4722.2998046875,4657.5,4722.2998046875,45.0
1777248000,4707.60009765625,4711.10009765625,4675.39990234375,4675.39990234375,538.0
1777334400,4680.89990234375,4680.89990234375,4591.5,4591.5,2660.0
1777420800,4598.60009765625,4601.60009765625,4515.7001953125,4545.2001953125,507.0
1777507200,4561.89990234375,4636.7001953125,4561.89990234375,4614.7001953125,77.0
1777593600,4636.7001953125,4636.7001953125,4581.7001953125,4629.89990234375,113.0
1777852800,4581.2001953125,4581.2001953125,4512.7001953125,4519.5,20.0
1777939200,4547.60009765625,4580.5,4547.60009765625,4555.7998046875,426.0
1778025600,4663.60009765625,4712.60009765625,4663.60009765625,4681.89990234375,212.0
1778112000,4704.7998046875,4736.2001953125,4699.7998046875,4699.7998046875,254.0
1778198400,4714.39990234375,4724.7998046875,4713.60009765625,4720.39990234375,120.0
1778457600,4729.5,4729.5,4718.7001953125,4718.7001953125,36.0
1778544000,4762.2001953125,4765.2001953125,4677.60009765625,4677.60009765625,93.0
1778630400,4722.7001953125,4722.7001953125,4679.5,4697.7001953125,228.0
1778716800,4678.10009765625,4678.10009765625,4650.2998046875,4678.10009765625,5.0
1778803200,4615.2001953125,4615.2001953125,4524.2998046875,4555.7998046875,607.0
1779062400,4563.0,4570.2998046875,4538.7001953125,4552.5,38.0
1779148800,4551.7001953125,4552.60009765625,4506.2001953125,4506.2998046875,875.0
1779235200,4502.60009765625,4531.2998046875,4465.10009765625,4531.2998046875,981.0
1779321600,4507.2001953125,4539.7998046875,4503.7998046875,4539.7998046875,426.0
1779408000,4519.5,4530.2998046875,4519.10009765625,4521.0,40.0
1779753600,4572.7998046875,4572.7998046875,4500.39990234375,4500.39990234375,1261.0
1779840000,4439.7001953125,4447.5,4439.7001953125,4447.5,81062.0
1779926400,4453.60009765625,4512.60009765625,4363.5,4499.2998046875,16427.0
1780012800,4494.0,4591.7998046875,4487.89990234375,4560.5,1883.0
1780272000,4523.5,4541.39990234375,4449.7001953125,4475.2001953125,835.0
1780358400,4488.0,4529.5,4474.2001953125,4489.10009765625,456.0
1780444800,4471.2001953125,4471.7001953125,4427.2001953125,4436.7001953125,2913.0
1780531200,4447.39990234375,4509.89990234375,4447.39990234375,4475.7998046875,480.0
1780617600,4472.2998046875,4472.2998046875,4319.10009765625,4337.10009765625,4062.0
1780876800,4324.2001953125,4340.89990234375,4284.60009765625,4335.89990234375,357.0
1780963200,4332.7998046875,4344.5,4240.2001953125,4260.0,1292.0
1781049600,4200.0,4206.7001953125,4100.0,4108.2001953125,525.0
1781136000,4042.89990234375,4209.7998046875,4031.0,4090.300048828125,1938.0
1781222400,4208.2998046875,4225.2998046875,4173.2001953125,4215.0,1167.0
1781481600,4271.2001953125,4362.0,4269.10009765625,4328.0,1666.0
1781568000,4309.5,4345.7998046875,4309.5,4330.89990234375,158.0
1781654400,4339.0,4377.0,4296.0,4358.89990234375,1961.0
1781740800,4279.7998046875,4323.2001953125,4223.7001953125,4224.10009765625,738.0
1782086400,4138.7998046875,4216.39990234375,4134.7998046875,4181.89990234375,1197.0
1782172800,4127.10009765625,4135.2001953125,4118.5,4129.89990234375,252.0
1782259200,4104.39990234375,4104.7001953125,3963.300048828125,3990.300048828125,353.0
1782345600,3988.39990234375,4030.5,3986.699951171875,4030.5,2724.0
1782432000,4078.699951171875,4078.699951171875,4078.699951171875,4078.699951171875,1431.0
1782691200,4057.5,4070.0,4003.199951171875,4022.300048828125,785.0
1782777600,4002.60009765625,4049.699951171875,3962.5,4022.89990234375,1108.0
1782864000,4013.10009765625,4100.0,3963.0,4068.300048828125,770.0
1782950400,4067.5,4140.10009765625,4062.0,4112.7001953125,228.0
1783036800,4138.0,4208.2998046875,4133.7998046875,4187.2998046875,54673.0
