time,open,high,low,close,volume
946857600,102.06999969482422,103.33000183105469,101.30999755859375,101.69000244140625,0.0
946944000,101.63999938964844,103.31999969482422,101.47000122070312,103.13999938964844,0.0
947030400,103.12999725341797,104.4800033569336,102.75,104.08999633789062,0.0
947116800,104.08999633789062,105.55999755859375,103.9000015258789,105.2300033569336,0.0
947203200,105.26000213623047,105.87999725341797,104.83000183105469,105.33000183105469,0.0
947462400,105.0999984741211,105.8499984741211,104.27999877929688,105.16000366210938,0.0
947548800,105.1500015258789,106.30999755859375,105.05000305175781,106.0199966430664,0.0
947635200,106.01000213623047,107.30999755859375,105.4800033569336,105.70999908447266,0.0
947721600,105.72000122070312,106.2300033569336,105.38999938964844,106.0199966430664,0.0
947808000,106.08000183105469,106.58000183105469,105.41000366210938,105.87999725341797,0.0
948067200,105.83999633789062,105.86000061035156,104.25,104.88999938964844,0.0
948153600,104.9000015258789,107.4000015258789,104.7300033569336,105.66000366210938,0.0
948240000,105.62999725341797,106.08999633789062,105.11000061035156,105.26000213623047,0.0
948326400,105.27999877929688,105.70999908447266,105.0,105.30999755859375,0.0
948412800,105.3499984741211,105.37999725341797,104.37999725341797,104.72000122070312,0.0
948672000,105.0,105.83999633789062,104.72000122070312,105.6500015258789,0.0
948758400,105.55999755859375,106.05999755859375,104.8499984741211,105.87000274658203,0.0
948844800,105.91999816894531,106.30000305175781,105.25,105.58000183105469,0.0
948931200,105.58999633789062,105.9000015258789,104.0999984741211,104.98999786376953,0.0
949017600,104.9800033569336,107.25,104.5,107.05999755859375,0.0
949276800,106.80000305175781,107.51000213623047,106.54000091552734,107.19999694824219,0.0
949363200,107.19000244140625,107.91999816894531,107.0,107.73999786376953,0.0
949449600,107.80000305175781,109.04000091552734,107.52999877929688,108.0999984741211,0.0
949536000,108.05000305175781,108.7699966430664,107.11000061035156,107.44999694824219,0.0
949622400,107.4000015258789,108.02999877929688,107.0,107.18000030517578,0.0
949881600,107.22000122070312,108.95999908447266,107.0999984741211,108.91000366210938,0.0
949968000,108.94000244140625,109.68000030517578,108.69000244140625,109.4000015258789,0.0
950054400,109.4000015258789,109.6500015258789,108.51000213623047,108.76000213623047,0.0
950140800,108.75,109.30000305175781,108.25,109.11000061035156,0.0
950227200,109.12000274658203,109.75,108.52999877929688,108.80000305175781,0.0
950486400,108.93000030517578,109.05000305175781,107.97000122070312,108.83000183105469,0.0
950572800,108.83000183105469,109.31999969482422,107.98999786376953,109.06999969482422,0.0
950659200,109.05000305175781,109.6500015258789,108.69000244140625,109.3499984741211,0.0
950745600,109.3499984741211,110.66000366210938,109.08000183105469,110.41000366210938,0.0
950832000,110.44000244140625,111.2300033569336,110.27999877929688,110.8499984741211,0.0
951091200,110.6500015258789,111.44000244140625,110.3499984741211,111.25,0.0
951177600,111.3499984741211,111.7300033569336,110.5,110.68000030517578,0.0
951264000,110.61000061035156,111.33999633789062,110.05999755859375,111.25,0.0
951350400,111.25,111.4800033569336,110.0,111.30000305175781,0.0
951436800,111.30000305175781,111.31999969482422,110.08000183105469,110.1500015258789,0.0
951696000,109.66999816894531,109.7300033569336,108.37000274658203,109.69999694824219,0.0
951782400,109.70999908447266,110.41999816894531,109.08000183105469,110.19000244140625,0.0
951868800,110.06999969482422,110.06999969482422,106.54000091552734,106.94000244140625,0.0
951955200,107.0,107.97000122070312,106.54000091552734,107.80000305175781,0.0
952041600,107.73999786376953,107.95999908447266,106.77999877929688,107.68000030517578,0.0
952300800,107.66999816894531,107.76000213623047,106.69000244140625,107.41999816894531,0.0
952387200,107.45999908447266,108.0999984741211,105.76000213623047,106.18000030517578,0.0
952473600,106.19000244140625,107.4800033569336,106.08000183105469,107.16999816894531,0.0
952560000,106.91999816894531,107.8499984741211,106.1500015258789,106.51000213623047,0.0
952646400,106.5,106.62999725341797,106.01000213623047,106.22000122070312,0.0
952905600,106.44999694824219,106.44999694824219,104.76000213623047,105.69000244140625,0.0
952992000,105.70999908447266,105.8499984741211,104.55999755859375,105.11000061035156,0.0
953078400,105.12000274658203,106.19999694824219,104.7300033569336,105.62000274658203,0.0
953164800,105.62999725341797,105.80000305175781,105.06999969482422,105.63999938964844,0.0
953251200,105.5999984741211,106.79000091552734,105.55000305175781,106.66000366210938,0.0
953510400,106.83000183105469,107.08000183105469,106.19999694824219,106.36000061035156,0.0
953596800,106.37999725341797,107.19000244140625,106.30000305175781,106.69999694824219,0.0
953683200,106.69000244140625,107.16000366210938,106.4800033569336,107.06999969482422,0.0
953769600,107.12000274658203,107.79000091552734,107.0999984741211,107.27999877929688,0.0
953856000,107.25,107.6500015258789,106.66999816894531,106.98999786376953,0.0
954115200,106.73999786376953,107.1500015258789,106.56999969482422,106.69999694824219,0.0
954201600,106.6500015258789,106.7300033569336,105.63999938964844,105.81999969482422,0.0
954288000,105.83000183105469,106.29000091552734,104.97000122070312,105.70999908447266,0.0
954374400,105.66999816894531,105.88999938964844,104.80000305175781,105.63999938964844,0.0
954460800,105.63999938964844,106.06999969482422,102.01000213623047,102.95999908447266,0.0
954720000,103.22000122070312,105.5999984741211,102.79000091552734,104.98999786376953,0.0
954806400,105.0,105.75,104.11000061035156,105.20999908447266,0.0
954892800,105.19999694824219,105.5199966430664,104.70999908447266,104.81999969482422,0.0
954979200,104.83999633789062,105.11000061035156,104.52999877929688,104.69000244140625,0.0
955065600,104.69999694824219,105.5,104.6500015258789,105.44999694824219,0.0
955324800,105.31999969482422,106.83999633789062,105.27999877929688,106.45999908447266,0.0
955411200,106.5199966430664,107.13999938964844,106.27999877929688,106.80000305175781,0.0
955497600,106.80000305175781,106.94999694824219,105.20999908447266,105.75,0.0
955584000,105.7300033569336,106.0999984741211,105.55999755859375,105.79000091552734,0.0
955670400,105.77999877929688,106.1500015258789,104.69999694824219,104.76000213623047,0.0
955929600,104.41000366210938,105.25,103.18000030517578,104.58999633789062,0.0
956016000,104.5199966430664,104.93000030517578,104.0,104.66000366210938,0.0
956102400,104.62999725341797,105.02999877929688,104.18000030517578,104.8499984741211,0.0
956188800,104.75,105.80000305175781,104.47000122070312,105.70999908447266,0.0
956275200,105.70999908447266,105.87999725341797,105.4000015258789,105.80000305175781,0.0
956534400,105.81999969482422,105.9800033569336,105.02999877929688,105.69000244140625,0.0
956620800,105.66999816894531,106.33000183105469,105.18000030517578,106.12999725341797,0.0
956707200,106.05999755859375,106.7699966430664,105.5,106.13999938964844,0.0
956793600,106.13999938964844,106.5999984741211,104.69000244140625,106.37999725341797,0.0
956880000,106.37000274658203,108.30999755859375,106.31999969482422,108.1500015258789,0.0
957139200,108.12000274658203,109.05999755859375,107.7300033569336,108.62999725341797,0.0
957225600,108.68000030517578,108.97000122070312,108.19999694824219,108.44999694824219,0.0
957312000,108.37999725341797,109.47000122070312,108.29000091552734,108.97000122070312,0.0
957398400,108.97000122070312,109.62000274658203,107.62000274658203,108.0,0.0
957484800,108.05000305175781,108.72000122070312,107.20999908447266,108.58000183105469,0.0
957744000,108.80000305175781,109.1500015258789,108.2699966430664,109.1500015258789,0.0
957830400,109.13999938964844,109.6500015258789,108.55000305175781,109.11000061035156,0.0
957916800,109.16999816894531,109.58000183105469,108.58000183105469,109.3499984741211,0.0
958003200,109.43000030517578,110.02999877929688,108.04000091552734,108.37999725341797,0.0
958089600,108.41999816894531,109.05000305175781,107.66000366210938,108.31999969482422,0.0
958348800,108.58999633789062,109.58000183105469,108.55000305175781,109.16000366210938,0.0
958435200,109.19000244140625,109.9000015258789,108.73999786376953,109.7300033569336,0.0
958521600,109.58000183105469,110.0199966430664,108.77999877929688,108.91000366210938,0.0
958608000,108.9000015258789,109.44999694824219,108.29000091552734,108.44999694824219,0.0
958694400,108.43000030517578,108.8499984741211,106.33999633789062,106.91000366210938,0.0
958953600,106.9800033569336,107.41999816894531,106.70999908447266,107.18000030517578,0.0
959040000,107.16999816894531,107.2699966430664,106.30999755859375,106.45999908447266,0.0
959126400,106.44999694824219,107.94000244140625,106.3499984741211,107.66000366210938,0.0
959212800,107.6500015258789,107.94999694824219,107.23999786376953,107.37999725341797,0.0
959299200,107.4000015258789,107.81999969482422,106.52999877929688,107.11000061035156,0.0
959558400,106.91999816894531,107.36000061035156,106.66999816894531,106.91000366210938,0.0
959644800,106.88999938964844,107.01000213623047,106.01000213623047,106.4800033569336,0.0
959731200,106.52999877929688,107.91999816894531,106.1500015258789,107.62999725341797,0.0
959817600,107.62000274658203,108.97000122070312,107.55999755859375,108.5,0.0
959904000,108.55000305175781,109.0,107.63999938964844,107.94999694824219,0.0
960163200,107.9000015258789,108.2699966430664,107.2300033569336,107.41000366210938,0.0
960249600,107.4000015258789,107.5999984741211,105.18000030517578,105.8499984741211,0.0
960336000,105.81999969482422,106.18000030517578,104.98999786376953,105.58000183105469,0.0
960422400,105.55000305175781,106.25,105.47000122070312,105.9000015258789,0.0
960508800,105.91999816894531,107.06999969482422,105.83000183105469,106.8499984741211,0.0
960768000,106.80000305175781,107.1500015258789,106.31999969482422,106.9000015258789,0.0
960854400,106.88999938964844,106.9800033569336,106.16000366210938,106.80000305175781,0.0
960940800,106.86000061035156,107.0999984741211,106.25,106.56999969482422,0.0
961027200,106.5,106.7300033569336,105.83000183105469,106.41000366210938,0.0
961113600,106.4800033569336,106.58999633789062,105.97000122070312,106.3499984741211,0.0
961372800,106.31999969482422,106.48999786376953,105.55999755859375,105.8499984741211,0.0
961459200,105.77999877929688,105.8499984741211,105.1500015258789,105.4000015258789,0.0
961545600,105.41999816894531,105.63999938964844,105.12999725341797,105.56999969482422,0.0
961632000,105.55999755859375,105.6500015258789,104.08000183105469,104.52999877929688,0.0
961718400,104.5199966430664,104.9000015258789,103.88999938964844,104.61000061035156,0.0
961977600,104.68000030517578,105.76000213623047,104.2300033569336,105.55000305175781,0.0
962064000,105.55999755859375,105.80000305175781,105.19000244140625,105.37000274658203,0.0
962150400,105.30000305175781,105.79000091552734,105.22000122070312,105.37999725341797,0.0
962236800,105.3499984741211,105.41000366210938,104.33000183105469,105.20999908447266,0.0
962323200,105.19000244140625,106.37000274658203,104.70999908447266,106.01000213623047,0.0
962582400,106.05000305175781,106.44999694824219,105.5199966430664,105.77999877929688,0.0
962668800,105.68000030517578,106.5,105.25,106.0999984741211,0.0
962755200,106.0999984741211,107.18000030517578,105.77999877929688,106.93000030517578,0.0
962841600,106.95999908447266,107.47000122070312,106.77999877929688,107.33000183105469,0.0
962928000,107.29000091552734,107.94000244140625,107.16000366210938,107.87999725341797,0.0
963187200,107.87000274658203,107.87000274658203,106.54000091552734,106.91999816894531,0.0
963273600,106.94999694824219,107.16000366210938,106.56999969482422,107.06999969482422,0.0
963360000,107.0,108.45999908447266,107.0,108.12999725341797,0.0
963446400,108.12000274658203,108.37000274658203,106.91999816894531,108.05000305175781,0.0
963532800,108.01000213623047,108.4000015258789,107.54000091552734,107.80999755859375,0.0
963792000,108.08999633789062,108.77999877929688,107.7699966430664,107.95999908447266,0.0
963878400,107.94000244140625,108.4000015258789,107.58000183105469,108.22000122070312,0.0
963964800,108.19999694824219,108.36000061035156,107.69000244140625,108.1500015258789,0.0
964051200,108.0999984741211,108.26000213623047,107.2699966430664,107.5,0.0
964137600,107.47000122070312,109.18000030517578,107.37999725341797,108.97000122070312,0.0
964396800,108.9000015258789,109.12999725341797,108.44999694824219,108.56999969482422,0.0
964483200,108.55999755859375,109.30000305175781,108.5199966430664,109.12000274658203,0.0
964569600,109.11000061035156,109.37999725341797,108.87999725341797,109.11000061035156,0.0
964656000,109.05000305175781,109.33000183105469,108.68000030517578,109.19999694824219,0.0
964742400,109.22000122070312,109.77999877929688,108.5,109.62999725341797,0.0
965001600,109.56999969482422,109.79000091552734,109.0999984741211,109.33000183105469,0.0
965088000,109.2699966430664,109.76000213623047,108.87999725341797,109.2300033569336,0.0
965174400,109.29000091552734,109.29000091552734,108.3499984741211,108.68000030517578,0.0
965260800,108.66999816894531,109.12000274658203,107.87999725341797,108.33000183105469,0.0
965347200,108.33999633789062,108.63999938964844,108.05000305175781,108.58000183105469,0.0
965606400,108.58000183105469,109.1500015258789,108.5199966430664,109.01000213623047,0.0
965692800,109.0199966430664,109.2300033569336,108.29000091552734,108.56999969482422,0.0
965779200,108.55999755859375,108.68000030517578,107.7300033569336,107.91999816894531,0.0
965865600,107.87999725341797,108.08000183105469,107.44999694824219,107.69999694824219,0.0
965952000,108.66999816894531,108.91999816894531,108.2699966430664,108.45999908447266,0.0
966211200,108.62000274658203,109.6500015258789,108.54000091552734,109.43000030517578,0.0
966297600,109.44000244140625,109.62000274658203,108.83000183105469,109.02999877929688,0.0
966384000,109.05999755859375,109.31999969482422,108.2699966430664,108.4000015258789,0.0
966470400,108.66000366210938,108.66000366210938,108.19999694824219,108.54000091552734,0.0
966556800,108.5999984741211,109.05999755859375,108.06999969482422,108.2699966430664,0.0
966816000,108.19000244140625,108.75,107.77999877929688,108.63999938964844,0.0
966902400,108.4800033569336,108.63999938964844,108.08000183105469,108.30000305175781,0.0
966988800,108.29000091552734,108.30000305175781,106.79000091552734,106.9800033569336,0.0
967075200,106.94999694824219,107.37000274658203,106.5999984741211,106.98999786376953,0.0
967161600,106.86000061035156,107.27999877929688,106.61000061035156,106.80000305175781,0.0
967420800,106.91999816894531,106.91999816894531,106.02999877929688,106.58999633789062,0.0
967507200,106.56999969482422,106.69999694824219,105.9000015258789,106.12999725341797,0.0
967593600,106.12000274658203,106.70999908447266,105.83000183105469,106.61000061035156,0.0
967680000,106.5999984741211,106.81999969482422,106.2300033569336,106.66999816894531,0.0
967766400,106.66000366210938,106.72000122070312,105.52999877929688,105.94999694824219,0.0
968025600,105.75,106.37999725341797,105.55000305175781,106.20999908447266,0.0
968112000,106.20999908447266,106.5,105.72000122070312,105.86000061035156,0.0
968198400,105.87000274658203,106.11000061035156,105.52999877929688,105.93000030517578,0.0
968284800,105.93000030517578,106.44999694824219,104.7699966430664,105.13999938964844,0.0
968371200,105.1500015258789,106.26000213623047,105.05000305175781,106.11000061035156,0.0
968630400,106.0,106.5,105.87000274658203,106.08999633789062,0.0
968716800,106.20999908447266,107.02999877929688,106.05999755859375,106.91999816894531,0.0
968803200,106.77999877929688,107.33000183105469,106.6500015258789,107.05999755859375,0.0
968889600,107.05000305175781,107.7300033569336,106.83000183105469,107.41000366210938,0.0
968976000,107.54000091552734,107.7300033569336,107.05000305175781,107.26000213623047,0.0
969235200,107.11000061035156,107.26000213623047,106.63999938964844,106.88999938964844,0.0
969321600,106.88999938964844,107.12999725341797,106.66000366210938,106.94999694824219,0.0
969408000,107.0199966430664,107.37999725341797,106.36000061035156,106.5999984741211,0.0
969494400,106.55000305175781,106.7699966430664,106.26000213623047,106.63999938964844,0.0
969580800,106.45999908447266,108.12999725341797,106.38999938964844,108.0,0.0
969840000,107.93000030517578,108.12000274658203,107.30000305175781,107.6500015258789,0.0
969926400,107.76000213623047,107.76000213623047,107.12000274658203,107.47000122070312,0.0
970012800,107.48999786376953,107.87999725341797,107.12000274658203,107.2300033569336,0.0
970099200,107.20999908447266,107.79000091552734,107.16999816894531,107.6500015258789,0.0
970185600,107.63999938964844,108.47000122070312,107.47000122070312,108.12999725341797,0.0
970444800,108.13999938964844,108.93000030517578,108.04000091552734,108.7300033569336,0.0
970531200,108.72000122070312,108.9800033569336,108.43000030517578,108.88999938964844,0.0
970617600,108.77999877929688,109.44999694824219,108.55000305175781,109.19000244140625,0.0
970704000,109.19999694824219,109.58000183105469,109.0,109.08000183105469,0.0
970790400,109.06999969482422,109.12000274658203,108.62000274658203,108.7300033569336,0.0
971049600,108.80999755859375,109.11000061035156,108.66000366210938,108.76000213623047,0.0
971136000,108.7300033569336,108.87000274658203,107.5999984741211,107.72000122070312,0.0
971222400,107.79000091552734,108.13999938964844,107.43000030517578,107.73999786376953,0.0
971308800,107.69000244140625,108.16000366210938,107.30000305175781,107.75,0.0
971395200,107.76000213623047,107.94999694824219,107.43000030517578,107.69999694824219,0.0
971654400,107.6500015258789,108.33000183105469,107.4800033569336,108.05999755859375,0.0
971740800,108.05999755859375,108.30000305175781,107.81999969482422,107.91000366210938,0.0
971827200,107.93000030517578,108.30000305175781,107.4000015258789,107.66000366210938,0.0
971913600,107.72000122070312,108.56999969482422,107.52999877929688,108.33000183105469,0.0
972000000,108.33999633789062,109.1500015258789,108.19999694824219,108.83000183105469,0.0
972259200,108.97000122070312,109.04000091552734,108.12999725341797,108.30999755859375,0.0
972345600,108.30000305175781,108.47000122070312,107.5999984741211,107.94000244140625,0.0
972432000,107.91000366210938,108.25,107.73999786376953,108.20999908447266,0.0
972518400,108.22000122070312,108.62000274658203,107.88999938964844,108.23999786376953,0.0
972604800,108.22000122070312,108.81999969482422,108.1500015258789,108.52999877929688,0.0
972864000,108.73999786376953,109.06999969482422,108.38999938964844,108.95999908447266,0.0
972950400,108.95999908447266,109.2699966430664,108.62999725341797,108.79000091552734,0.0
973036800,108.77999877929688,109.02999877929688,108.08000183105469,108.25,0.0
973123200,108.2699966430664,108.43000030517578,107.93000030517578,108.1500015258789,0.0
973209600,108.12999725341797,108.30000305175781,106.76000213623047,106.94999694824219,0.0
973468800,107.22000122070312,107.5999984741211,106.83999633789062,107.36000061035156,0.0
973555200,107.37000274658203,107.4800033569336,106.8499984741211,107.05999755859375,0.0
973641600,107.12000274658203,107.81999969482422,106.88999938964844,107.2300033569336,0.0
973728000,107.2300033569336,107.77999877929688,107.05000305175781,107.58000183105469,0.0
973814400,107.55999755859375,107.9800033569336,107.31999969482422,107.83000183105469,0.0
974073600,107.97000122070312,108.02999877929688,107.3499984741211,107.54000091552734,0.0
974160000,107.52999877929688,108.25,107.51000213623047,108.16000366210938,0.0
974246400,108.1500015258789,108.91999816894531,107.9000015258789,108.76000213623047,0.0
974332800,108.7699966430664,109.08999633789062,108.61000061035156,108.83999633789062,0.0
974419200,108.83000183105469,108.94999694824219,108.58000183105469,108.77999877929688,0.0
974678400,108.87999725341797,110.30999755859375,108.7699966430664,109.69000244140625,0.0
974764800,109.69000244140625,110.41999816894531,109.61000061035156,109.91999816894531,0.0
974851200,109.94000244140625,110.27999877929688,109.41999816894531,110.16000366210938,0.0
974937600,110.13999938964844,110.37999725341797,109.98999786376953,110.3499984741211,0.0
975024000,110.37000274658203,111.38999938964844,110.33000183105469,111.2300033569336,0.0
975283200,111.41000366210938,111.5,110.2699966430664,110.56999969482422,0.0
975369600,110.58999633789062,110.80000305175781,109.98999786376953,110.16999816894531,0.0
975456000,110.16000366210938,111.33999633789062,109.7699966430664,111.31999969482422,0.0
975542400,111.30999755859375,111.33000183105469,110.26000213623047,110.37000274658203,0.0
975628800,110.37999725341797,112.01000213623047,110.27999877929688,111.19000244140625,0.0
975888000,111.08999633789062,111.33999633789062,110.37000274658203,111.05999755859375,0.0
975974400,111.05999755859375,111.16000366210938,110.3499984741211,110.73999786376953,0.0
976060800,110.72000122070312,111.02999877929688,110.11000061035156,110.16000366210938,0.0
976147200,110.26000213623047,110.81999969482422,110.13999938964844,110.54000091552734,0.0
976233600,110.55999755859375,111.43000030517578,110.37999725341797,110.9000015258789,0.0
976492800,111.22000122070312,111.26000213623047,110.5,110.72000122070312,0.0
976579200,110.75,111.70999908447266,110.72000122070312,111.56999969482422,0.0
976665600,111.62999725341797,112.72000122070312,111.4000015258789,112.36000061035156,0.0
976752000,112.37000274658203,112.80999755859375,111.81999969482422,112.12999725341797,0.0
976838400,112.12000274658203,112.69999694824219,112.08999633789062,112.41999816894531,0.0
977097600,112.52999877929688,112.7300033569336,111.86000061035156,112.12000274658203,0.0
977184000,112.18000030517578,112.6500015258789,111.76000213623047,112.6500015258789,0.0
977270400,112.66999816894531,113.01000213623047,112.36000061035156,112.88999938964844,0.0
977356800,112.87999725341797,113.1500015258789,111.83999633789062,112.11000061035156,0.0
977443200,112.13999938964844,112.98999786376953,112.0199966430664,112.80000305175781,0.0
977702400,112.91000366210938,113.06999969482422,112.68000030517578,113.0199966430664,0.0
977788800,112.9800033569336,113.73999786376953,112.80000305175781,113.7300033569336,0.0
977875200,113.73999786376953,114.44999694824219,113.66000366210938,114.26000213623047,0.0
977961600,114.22000122070312,114.91999816894531,114.08000183105469,114.58999633789062,0.0
978048000,114.56999969482422,115.08000183105469,114.13999938964844,114.37999725341797,0.0
978307200,114.61000061035156,114.62999725341797,114.2699966430664,114.56999969482422,0.0
978393600,114.61000061035156,115.05000305175781,114.20999908447266,114.4000015258789,0.0
978480000,114.4000015258789,114.66999816894531,113.5,113.83999633789062,0.0
978566400,113.80999755859375,116.11000061035156,113.58000183105469,116.08999633789062,0.0
978652800,116.06999969482422,116.87000274658203,115.94000244140625,116.44999694824219,0.0
978912000,116.51000213623047,116.55999755859375,115.62000274658203,116.0999984741211,0.0
978998400,116.0199966430664,117.06999969482422,115.61000061035156,117.06999969482422,0.0
979084800,117.08999633789062,117.1500015258789,115.73999786376953,116.44999694824219,0.0
979171200,116.48999786376953,118.0199966430664,116.38999938964844,117.91000366210938,0.0
979257600,117.91999816894531,118.55999755859375,117.36000061035156,118.47000122070312,0.0
979516800,118.7300033569336,119.36000061035156,118.51000213623047,119.11000061035156,0.0
979603200,119.11000061035156,119.12999725341797,117.05999755859375,117.70999908447266,0.0
979689600,117.68000030517578,119.26000213623047,116.87999725341797,119.16999816894531,0.0
979776000,119.16000366210938,119.8499984741211,117.61000061035156,117.9000015258789,0.0
979862400,117.81999969482422,118.27999877929688,116.94000244140625,117.12999725341797,0.0
980121600,116.69000244140625,117.05999755859375,116.12999725341797,116.45999908447266,0.0
980208000,116.44000244140625,117.4000015258789,116.38999938964844,116.61000061035156,0.0
980294400,116.62000274658203,118.44999694824219,116.55000305175781,117.9000015258789,0.0
980380800,117.88999938964844,117.9800033569336,116.33000183105469,116.62000274658203,0.0
980467200,116.63999938964844,117.55000305175781,116.30999755859375,117.31999969482422,0.0
980726400,117.66999816894531,117.66999816894531,116.11000061035156,116.73999786376953,0.0
980812800,116.69000244140625,116.91999816894531,115.58000183105469,115.6500015258789,0.0
980899200,115.68000030517578,116.7300033569336,115.66999816894531,116.68000030517578,0.0
980985600,116.58999633789062,116.69999694824219,115.16999816894531,115.41999816894531,0.0
981072000,115.4000015258789,116.22000122070312,114.9000015258789,115.62999725341797,0.0
981331200,115.80000305175781,116.04000091552734,114.55999755859375,114.70999908447266,0.0
981417600,114.72000122070312,115.26000213623047,114.30000305175781,114.73999786376953,0.0
981504000,114.76000213623047,116.3499984741211,114.69999694824219,116.16000366210938,0.0
981590400,116.29000091552734,116.80000305175781,115.80999755859375,116.70999908447266,0.0
981676800,116.7300033569336,117.75,116.29000091552734,117.5,0.0
981936000,117.44000244140625,117.93000030517578,117.29000091552734,117.30999755859375,0.0
982022400,117.33000183105469,117.5999984741211,116.5,116.5999984741211,0.0
982108800,116.5999984741211,116.87000274658203,116.02999877929688,116.19000244140625,0.0
982195200,116.18000030517578,116.43000030517578,115.31999969482422,115.62000274658203,0.0
982281600,115.61000061035156,115.9000015258789,114.5,115.72000122070312,0.0
982540800,116.16999816894531,116.16999816894531,115.58999633789062,116.08000183105469,0.0
982627200,116.08999633789062,116.19999694824219,115.16999816894531,115.63999938964844,0.0
982713600,115.66000366210938,116.8499984741211,115.29000091552734,116.37000274658203,0.0
982800000,116.44999694824219,117.18000030517578,115.80000305175781,117.01000213623047,0.0
982886400,117.0,117.0,115.56999969482422,115.75,0.0
983145600,115.87999725341797,116.7699966430664,115.7699966430664,116.4800033569336,0.0
983232000,116.47000122070312,116.56999969482422,115.9000015258789,116.36000061035156,0.0
983318400,116.37000274658203,117.5199966430664,115.81999969482422,117.38999938964844,0.0
983404800,117.2699966430664,117.55999755859375,116.9800033569336,117.5,0.0
983491200,117.48999786376953,119.29000091552734,117.26000213623047,119.05000305175781,0.0
983750400,119.26000213623047,119.75,118.5999984741211,118.91999816894531,0.0
983836800,118.94999694824219,119.01000213623047,118.19999694824219,118.69999694824219,0.0
983923200,118.70999908447266,120.22000122070312,118.54000091552734,119.5199966430664,0.0
984009600,119.5,120.37999725341797,119.25,119.81999969482422,0.0
984096000,119.80999755859375,119.83999633789062,119.04000091552734,119.54000091552734,0.0
984355200,119.5999984741211,120.69999694824219,119.44000244140625,120.47000122070312,0.0
984441600,120.44999694824219,120.56999969482422,119.55000305175781,119.61000061035156,0.0
984528000,119.6500015258789,121.19999694824219,119.2699966430664,120.81999969482422,0.0
984614400,120.83000183105469,122.5199966430664,120.4800033569336,121.98999786376953,0.0
984700800,122.01000213623047,123.16000366210938,121.81999969482422,122.91999816894531,0.0
984960000,123.18000030517578,123.61000061035156,121.9800033569336,122.80000305175781,0.0
985046400,122.77999877929688,122.9800033569336,121.94999694824219,122.19999694824219,0.0
985132800,122.11000061035156,123.91999816894531,122.05999755859375,123.0199966430664,0.0
985219200,123.02999877929688,124.30000305175781,123.0,123.76000213623047,0.0
985305600,123.75,123.75,122.47000122070312,122.83000183105469,0.0
985564800,123.0199966430664,123.80000305175781,122.38999938964844,122.66000366210938,0.0
985651200,122.66999816894531,123.30999755859375,121.68000030517578,122.16000366210938,0.0
985737600,122.12999725341797,122.7300033569336,121.37000274658203,122.2699966430664,0.0
985824000,122.27999877929688,123.76000213623047,122.12000274658203,123.68000030517578,0.0
985910400,123.69000244140625,126.31999969482422,123.19000244140625,126.2300033569336,0.0
986169600,126.12999725341797,126.81999969482422,125.62999725341797,126.63999938964844,0.0
986256000,126.61000061035156,126.75,125.19000244140625,125.52999877929688,0.0
986342400,125.56999969482422,126.2699966430664,124.79000091552734,125.47000122070312,0.0
986428800,125.45999908447266,125.4800033569336,123.5,124.26000213623047,0.0
986515200,124.2699966430664,125.5199966430664,123.62999725341797,123.7300033569336,0.0
986774400,124.19000244140625,125.47000122070312,124.13999938964844,125.27999877929688,0.0
986860800,125.29000091552734,125.37999725341797,124.1500015258789,124.41999816894531,0.0
986947200,124.4000015258789,124.98999786376953,123.83999633789062,124.73999786376953,0.0
987033600,124.75,124.94999694824219,122.91999816894531,123.5,0.0
987120000,123.66999816894531,124.44000244140625,123.5,123.5,0.0
987379200,124.2699966430664,124.91999816894531,124.18000030517578,124.5999984741211,0.0
987465600,124.58999633789062,124.69999694824219,123.05000305175781,123.37999725341797,0.0
987552000,123.3499984741211,123.6500015258789,121.94999694824219,122.0,0.0
987638400,122.0199966430664,122.37000274658203,120.8499984741211,121.23999786376953,0.0
987724800,121.23999786376953,122.69999694824219,121.16999816894531,122.33000183105469,0.0
987984000,121.6500015258789,122.52999877929688,121.05000305175781,121.18000030517578,0.0
988070400,121.12999725341797,122.31999969482422,121.05999755859375,122.30000305175781,0.0
988156800,122.29000091552734,122.66000366210938,121.91999816894531,122.08999633789062,0.0
988243200,122.08999633789062,123.54000091552734,121.7699966430664,123.16999816894531,0.0
988329600,123.25,124.31999969482422,123.12000274658203,124.0199966430664,0.0
988588800,124.16000366210938,124.16999816894531,123.13999938964844,123.37999725341797,0.0
988675200,123.38999938964844,123.5199966430664,121.80999755859375,122.11000061035156,0.0
988761600,122.12000274658203,122.52999877929688,121.20999908447266,121.52999877929688,0.0
988848000,121.5199966430664,121.80999755859375,120.7300033569336,121.33000183105469,0.0
988934400,121.37999725341797,121.48999786376953,120.4800033569336,121.27999877929688,0.0
989193600,121.38999938964844,121.80999755859375,120.8499984741211,120.87000274658203,0.0
989280000,120.91999816894531,122.12000274658203,120.7300033569336,121.27999877929688,0.0
989366400,121.31999969482422,122.41000366210938,121.16999816894531,122.30999755859375,0.0
989452800,122.33000183105469,122.73999786376953,121.97000122070312,122.5199966430664,0.0
989539200,122.48999786376953,122.81999969482422,122.0199966430664,122.37000274658203,0.0
989798400,122.63999938964844,123.36000061035156,122.38999938964844,123.19999694824219,0.0
989884800,123.19000244140625,123.6500015258789,123.01000213623047,123.19999694824219,0.0
989971200,123.23999786376953,124.02999877929688,123.04000091552734,123.2300033569336,0.0
990057600,123.27999877929688,123.37999725341797,122.38999938964844,122.5999984741211,0.0
990144000,122.61000061035156,123.80000305175781,122.51000213623047,123.51000213623047,0.0
990403200,123.62000274658203,123.72000122070312,122.47000122070312,122.66999816894531,0.0
990489600,122.66000366210938,123.30999755859375,122.41000366210938,122.72000122070312,0.0
990576000,122.7300033569336,122.80999755859375,119.3499984741211,120.19999694824219,0.0
990662400,120.20999908447266,120.4000015258789,118.83000183105469,119.97000122070312,0.0
990748800,120.08000183105469,120.7699966430664,119.83999633789062,120.58999633789062,0.0
991008000,120.5,121.26000213623047,120.44000244140625,121.26000213623047,0.0
991094400,121.2300033569336,121.36000061035156,119.91999816894531,120.05999755859375,0.0
991180800,120.12000274658203,120.58000183105469,119.9000015258789,120.44000244140625,0.0
991267200,120.44999694824219,120.51000213623047,118.44000244140625,119.2300033569336,0.0
991353600,119.20999908447266,119.29000091552734,118.26000213623047,119.20999908447266,0.0
991612800,119.13999938964844,119.8499984741211,118.8499984741211,119.19999694824219,0.0
991699200,119.20999908447266,120.41999816894531,118.72000122070312,120.18000030517578,0.0
991785600,120.19999694824219,120.81999969482422,119.97000122070312,120.0,0.0
991872000,120.04000091552734,120.36000061035156,119.5999984741211,120.33000183105469,0.0
991958400,120.30999755859375,120.9800033569336,120.02999877929688,120.8499984741211,0.0
992217600,120.86000061035156,122.05000305175781,120.8499984741211,121.83000183105469,0.0
992304000,121.81999969482422,122.05999755859375,121.51000213623047,121.58000183105469,0.0
992390400,121.55000305175781,122.43000030517578,121.5,122.0199966430664,0.0
992476800,122.04000091552734,122.26000213623047,121.16999816894531,121.30000305175781,0.0
992563200,121.31999969482422,123.23999786376953,120.81999969482422,122.87000274658203,0.0
992822400,122.97000122070312,123.47000122070312,122.68000030517578,123.41999816894531,0.0
992908800,123.12000274658203,123.7300033569336,122.63999938964844,122.80000305175781,0.0
992995200,122.87999725341797,124.01000213623047,122.51000213623047,123.87000274658203,0.0
993081600,123.87999725341797,124.66999816894531,123.6500015258789,124.56999969482422,0.0
993168000,124.55999755859375,124.69999694824219,123.80999755859375,124.45999908447266,0.0
993427200,124.30000305175781,124.45999908447266,123.66999816894531,123.9000015258789,0.0
993513600,123.91000366210938,124.01000213623047,123.2300033569336,123.77999877929688,0.0
993600000,123.7699966430664,124.43000030517578,123.66000366210938,124.22000122070312,0.0
993686400,124.2300033569336,124.97000122070312,124.20999908447266,124.8499984741211,0.0
993772800,124.83000183105469,124.87000274658203,123.75,124.5,0.0
994032000,124.75,124.9800033569336,123.94999694824219,123.97000122070312,0.0
994118400,124.0,124.58000183105469,123.58000183105469,124.3499984741211,0.0
994204800,124.41999816894531,125.02999877929688,124.19000244140625,124.43000030517578,0.0
994291200,124.43000030517578,125.7699966430664,124.38999938964844,125.55999755859375,0.0
994377600,125.55000305175781,126.12999725341797,125.44000244140625,125.81999969482422,0.0
994636800,125.81999969482422,125.95999908447266,125.18000030517578,125.26000213623047,0.0
994723200,125.2699966430664,125.87000274658203,125.16000366210938,125.2699966430664,0.0
994809600,125.27999877929688,125.75,123.81999969482422,124.2699966430664,0.0
994896000,124.30999755859375,124.48999786376953,123.44999694824219,123.93000030517578,0.0
994982400,123.91999816894531,125.0,123.86000061035156,124.86000061035156,0.0
995241600,124.73999786376953,125.52999877929688,124.69999694824219,125.5,0.0
995328000,125.4800033569336,125.66000366210938,124.69999694824219,124.80000305175781,0.0
995414400,124.80999755859375,125.44000244140625,123.7300033569336,124.08000183105469,0.0
995500800,123.97000122070312,124.1500015258789,123.18000030517578,123.37999725341797,0.0
995587200,123.38999938964844,123.7699966430664,122.66000366210938,122.86000061035156,0.0
995846400,123.16999816894531,124.45999908447266,123.16999816894531,124.37999725341797,0.0
995932800,124.4000015258789,124.47000122070312,123.80000305175781,124.19999694824219,0.0
996019200,124.20999908447266,124.44000244140625,123.3499984741211,123.56999969482422,0.0
996105600,123.56999969482422,124.06999969482422,123.12000274658203,123.72000122070312,0.0
996192000,123.7300033569336,124.12000274658203,123.19000244140625,123.45999908447266,0.0
996451200,123.30000305175781,125.36000061035156,123.19999694824219,125.16999816894531,0.0
996537600,125.16000366210938,125.25,124.5999984741211,125.01000213623047,0.0
996624000,125.0,125.19999694824219,124.30999755859375,124.38999938964844,0.0
996710400,124.37999725341797,124.69999694824219,123.5,123.72000122070312,0.0
996796800,123.69999694824219,123.98999786376953,123.2699966430664,123.5999984741211,0.0
997056000,123.7300033569336,124.25,123.68000030517578,123.80000305175781,0.0
997142400,123.8499984741211,124.1500015258789,123.36000061035156,123.55999755859375,0.0
997228800,123.55000305175781,123.70999908447266,122.7699966430664,123.55999755859375,0.0
997315200,123.55000305175781,123.94999694824219,121.33999633789062,121.95999908447266,0.0
997401600,121.97000122070312,122.5999984741211,121.69999694824219,121.94999694824219,0.0
997660800,121.91000366210938,122.52999877929688,121.37000274658203,122.37999725341797,0.0
997747200,122.41999816894531,123.1500015258789,121.16999816894531,121.83000183105469,0.0
997833600,121.83000183105469,121.88999938964844,119.05999755859375,119.88999938964844,0.0
997920000,119.87000274658203,120.43000030517578,119.22000122070312,120.25,0.0
998006400,120.2300033569336,120.7699966430664,120.0199966430664,120.19000244140625,0.0
998265600,120.33000183105469,120.86000061035156,120.06999969482422,120.73999786376953,0.0
998352000,120.69000244140625,120.94000244140625,119.45999908447266,119.7699966430664,0.0
998438400,119.69999694824219,120.55999755859375,119.30999755859375,120.41999816894531,0.0
998524800,120.41000366210938,120.66999816894531,119.58000183105469,119.88999938964844,0.0
998611200,119.9000015258789,120.36000061035156,119.5199966430664,119.9800033569336,0.0
998870400,120.16999816894531,120.5,119.7699966430664,119.88999938964844,0.0
998956800,119.8499984741211,120.80000305175781,119.6500015258789,120.0199966430664,0.0
999043200,120.02999877929688,120.29000091552734,119.04000091552734,120.16000366210938,0.0
999129600,120.1500015258789,120.22000122070312,119.19999694824219,119.43000030517578,0.0
999216000,119.47000122070312,119.5199966430664,118.43000030517578,118.75,0.0
999475200,118.83000183105469,119.0999984741211,118.55999755859375,118.70999908447266,0.0
999561600,118.72000122070312,119.63999938964844,118.56999969482422,119.4000015258789,0.0
999648000,119.41999816894531,120.87999725341797,119.2699966430664,120.73999786376953,0.0
999734400,120.75,121.5199966430664,120.62000274658203,120.94000244140625,0.0
999820800,120.94000244140625,121.41000366210938,119.72000122070312,120.0,0.0
1000080000,120.23999786376953,121.13999938964844,119.7300033569336,121.0999984741211,0.0
1000166400,121.06999969482422,122.05000305175781,118.33000183105469,119.58000183105469,0.0
1000252800,119.56999969482422,119.80000305175781,118.55000305175781,119.61000061035156,0.0
1000339200,119.52999877929688,119.7300033569336,118.55000305175781,118.80999755859375,0.0
1000425600,118.80000305175781,119.19000244140625,116.86000061035156,117.31999969482422,0.0
1000684800,117.66000366210938,118.3499984741211,116.6500015258789,117.86000061035156,0.0
1000771200,117.87000274658203,118.19999694824219,117.05000305175781,117.26000213623047,0.0
1000857600,117.19000244140625,118.0999984741211,117.08000183105469,117.5,0.0
1000944000,117.51000213623047,117.6500015258789,115.76000213623047,116.43000030517578,0.0
1001030400,116.44000244140625,117.4800033569336,115.9800033569336,116.58999633789062,0.0
1001289600,116.83000183105469,117.62000274658203,116.2699966430664,117.55000305175781,0.0
1001376000,117.54000091552734,117.77999877929688,116.95999908447266,117.51000213623047,0.0
1001462400,117.5199966430664,118.08000183105469,117.05000305175781,117.87999725341797,0.0
1001548800,117.87999725341797,120.01000213623047,117.62000274658203,119.66000366210938,0.0
1001635200,119.66999816894531,119.75,118.6500015258789,119.4800033569336,0.0
1001894400,119.5,120.43000030517578,119.43000030517578,120.30000305175781,0.0
1001980800,120.30999755859375,121.11000061035156,120.05999755859375,120.61000061035156,0.0
1002067200,120.55000305175781,121.44999694824219,120.41999816894531,120.58000183105469,0.0
1002153600,120.5999984741211,120.83000183105469,120.16999816894531,120.47000122070312,0.0
1002240000,120.5,120.66000366210938,119.91000366210938,120.47000122070312,0.0
1002499200,120.11000061035156,120.19999694824219,119.58000183105469,119.72000122070312,0.0
1002585600,119.75,120.33000183105469,119.69999694824219,120.19999694824219,0.0
1002672000,120.19999694824219,120.58000183105469,119.7300033569336,120.26000213623047,0.0
1002758400,120.20999908447266,121.66000366210938,120.06999969482422,121.4000015258789,0.0
1002844800,121.37000274658203,121.76000213623047,120.69000244140625,121.22000122070312,0.0
1003104000,120.9000015258789,121.13999938964844,120.44999694824219,120.80000305175781,0.0
1003190400,120.81999969482422,121.88999938964844,120.58000183105469,121.2699966430664,0.0
1003276800,121.27999877929688,121.79000091552734,120.7300033569336,121.22000122070312,0.0
1003363200,121.22000122070312,121.45999908447266,120.7300033569336,121.13999938964844,0.0
1003449600,121.0999984741211,121.3499984741211,120.79000091552734,121.16999816894531,0.0
1003708800,121.27999877929688,122.56999969482422,121.25,122.37999725341797,0.0
1003795200,122.33999633789062,123.0199966430664,122.19999694824219,122.51000213623047,0.0
1003881600,122.54000091552734,122.95999908447266,122.27999877929688,122.80999755859375,0.0
1003968000,122.80000305175781,123.3499984741211,122.41000366210938,122.87999725341797,0.0
1004054400,122.86000061035156,123.25,122.37999725341797,122.6500015258789,0.0
1004313600,122.76000213623047,122.76000213623047,121.81999969482422,121.88999938964844,0.0
1004400000,121.91000366210938,122.19000244140625,121.54000091552734,122.12000274658203,0.0
1004486400,122.12000274658203,122.62999725341797,121.61000061035156,122.4000015258789,0.0
1004572800,122.4000015258789,122.41000366210938,121.31999969482422,121.97000122070312,0.0
1004659200,121.97000122070312,122.01000213623047,121.38999938964844,121.62000274658203,0.0
1004918400,121.66999816894531,122.12000274658203,121.48999786376953,121.55999755859375,0.0
1005004800,121.55000305175781,121.68000030517578,120.93000030517578,121.16999816894531,0.0
1005091200,121.16000366210938,121.2300033569336,120.68000030517578,121.16000366210938,0.0
1005177600,121.1500015258789,121.36000061035156,119.75,120.12000274658203,0.0
1005264000,120.12999725341797,120.51000213623047,120.0199966430664,120.22000122070312,0.0
1005523200,120.33000183105469,120.83000183105469,119.69000244140625,120.56999969482422,0.0
1005609600,120.58000183105469,121.7699966430664,120.4800033569336,121.41999816894531,0.0
1005696000,121.38999938964844,122.0,121.36000061035156,121.52999877929688,0.0
1005782400,121.52999877929688,122.4800033569336,121.4800033569336,122.44999694824219,0.0
1005868800,122.44999694824219,122.93000030517578,121.97000122070312,122.87000274658203,0.0
1006128000,122.88999938964844,123.5,122.75,123.08000183105469,0.0
1006214400,123.12999725341797,123.20999908447266,122.45999908447266,122.56999969482422,0.0
1006300800,122.62999725341797,123.38999938964844,122.5,123.1500015258789,0.0
1006387200,123.12000274658203,124.0,122.94000244140625,123.94999694824219,0.0
1006473600,123.95999908447266,124.45999908447266,123.62999725341797,124.27999877929688,0.0
1006732800,124.36000061035156,124.38999938964844,123.77999877929688,124.05000305175781,0.0
1006819200,124.05999755859375,124.56999969482422,123.66000366210938,123.97000122070312,0.0
1006905600,123.87999725341797,123.98999786376953,122.97000122070312,123.1500015258789,0.0
1006992000,123.12000274658203,123.94000244140625,122.80999755859375,123.94000244140625,0.0
1007078400,123.94999694824219,124.1500015258789,122.77999877929688,123.44999694824219,0.0
1007337600,123.30999755859375,124.27999877929688,123.2300033569336,124.27999877929688,0.0
1007424000,124.29000091552734,124.37000274658203,123.5999984741211,124.13999938964844,0.0
1007510400,124.13999938964844,124.51000213623047,123.94000244140625,124.16000366210938,0.0
1007596800,124.16999816894531,124.93000030517578,123.73999786376953,124.55000305175781,0.0
1007683200,124.56999969482422,125.73999786376953,124.45999908447266,125.48999786376953,0.0
1007942400,125.69000244140625,126.37999725341797,125.51000213623047,125.94999694824219,0.0
1008028800,125.95999908447266,126.30000305175781,125.63999938964844,125.83000183105469,0.0
1008115200,125.83999633789062,126.55999755859375,125.44999694824219,125.91000366210938,0.0
1008201600,125.91000366210938,126.63999938964844,125.8499984741211,126.12000274658203,0.0
1008288000,126.11000061035156,127.93000030517578,126.06999969482422,127.37000274658203,0.0
1008547200,127.26000213623047,128.0,127.11000061035156,127.63999938964844,0.0
1008633600,127.66000366210938,128.42999267578125,127.52999877929688,128.25999450683594,0.0
1008720000,128.3000030517578,128.38999938964844,127.55999755859375,128.3699951171875,0.0
1008806400,128.3800048828125,129.3000030517578,127.87000274658203,129.1999969482422,0.0
1008892800,129.19000244140625,129.72000122070312,129.07000732421875,129.5,0.0
1009152000,129.61000061035156,130.00999450683594,129.3000030517578,129.85000610351562,0.0
1009238400,129.85000610351562,130.9499969482422,129.72999572753906,130.85000610351562,0.0
1009324800,130.83999633789062,131.30999755859375,130.35000610351562,131.27999877929688,0.0
1009411200,131.27000427246094,132.0500030517578,131.0,131.80999755859375,0.0
1009497600,131.8000030517578,131.8699951171875,130.75999450683594,131.0500030517578,0.0
1009756800,131.3300018310547,131.67999267578125,130.60000610351562,131.6699981689453,0.0
1009843200,131.6699981689453,132.0,131.24000549316406,131.92999267578125,0.0
1009929600,131.94000244140625,132.27000427246094,131.24000549316406,132.13999938964844,0.0
1010016000,132.13999938964844,132.14999389648438,131.32000732421875,131.6999969482422,0.0
1010102400,131.7100067138672,131.72000122070312,130.63999938964844,131.02000427246094,0.0
1010361600,130.6999969482422,131.60000610351562,130.36000061035156,131.25,0.0
1010448000,131.27000427246094,132.97000122070312,131.25,132.9199981689453,0.0
1010534400,132.92999267578125,133.35000610351562,132.17999267578125,132.94000244140625,0.0
1010620800,132.9499969482422,132.97000122070312,131.97999572753906,132.1300048828125,0.0
1010707200,132.14999389648438,132.5399932861328,131.5399932861328,132.14999389648438,0.0
1010966400,131.85000610351562,132.1199951171875,131.42999267578125,131.6300048828125,0.0
1011052800,131.6199951171875,131.80999755859375,130.86000061035156,131.22000122070312,0.0
1011139200,131.22000122070312,132.32000732421875,131.19000244140625,132.19000244140625,0.0
1011225600,132.2100067138672,132.6199951171875,131.77999877929688,132.4499969482422,0.0
1011312000,132.39999389648438,133.00999450683594,132.3699951171875,132.6199951171875,0.0
1011571200,132.4199981689453,132.99000549316406,131.9499969482422,132.9499969482422,0.0
1011657600,132.83999633789062,133.80999755859375,132.83999633789062,133.66000366210938,0.0
1011744000,133.6199951171875,134.6199951171875,133.5800018310547,134.52999877929688,0.0
1011830400,134.5399932861328,134.92999267578125,134.05999755859375,134.85000610351562,0.0
1011916800,134.8699951171875,134.9199981689453,134.05999755859375,134.5500030517578,0.0
1012176000,134.8000030517578,134.8300018310547,133.14999389648438,133.55999755859375,0.0
1012262400,133.5399932861328,133.7100067138672,132.9199981689453,133.44000244140625,0.0
1012348800,133.4499969482422,133.63999938964844,132.3000030517578,132.8699951171875,0.0
1012435200,132.88999938964844,135.16000366210938,132.55999755859375,134.8699951171875,0.0
1012521600,134.88999938964844,134.9199981689453,132.8800048828125,133.10000610351562,0.0
1012780800,132.88999938964844,133.47000122070312,131.92999267578125,132.02999877929688,0.0
1012867200,132.02999877929688,134.25999450683594,131.9600067138672,133.8000030517578,0.0
1012953600,133.77000427246094,134.36000061035156,133.32000732421875,133.63999938964844,0.0
1013040000,133.6300048828125,134.1300048828125,133.33999633789062,133.9499969482422,0.0
1013126400,133.92999267578125,135.0,133.47999572753906,134.6699981689453,0.0
1013385600,134.9499969482422,134.97999572753906,133.13999938964844,133.3699951171875,0.0
1013472000,133.30999755859375,133.7100067138672,132.42999267578125,132.72000122070312,0.0
1013558400,132.72000122070312,133.4199981689453,132.1300048828125,133.0,0.0
1013644800,132.97999572753906,132.97999572753906,131.94000244140625,132.0500030517578,0.0
1013731200,132.8000030517578,133.0500030517578,132.35000610351562,132.58999633789062,0.0
1013990400,132.64999389648438,132.85000610351562,132.41000366210938,132.66000366210938,0.0
1014076800,132.66000366210938,134.0,132.5800018310547,133.4199981689453,0.0
1014163200,133.41000366210938,133.92999267578125,132.97999572753906,133.77000427246094,0.0
1014249600,133.77000427246094,134.47000122070312,133.35000610351562,134.1999969482422,0.0
1014336000,134.1699981689453,134.5,133.49000549316406,134.11000061035156,0.0
1014595200,134.02000427246094,134.10000610351562,133.60000610351562,133.83999633789062,0.0
1014681600,133.85000610351562,134.69000244140625,133.58999633789062,134.52000427246094,0.0
1014768000,134.5500030517578,134.99000549316406,134.05999755859375,134.22000122070312,0.0
1014854400,134.2100067138672,134.38999938964844,133.14999389648438,133.4600067138672,0.0
1014940800,133.42999267578125,133.86000061035156,133.02999877929688,133.32000732421875,0.0
1015200000,133.44000244140625,133.47000122070312,131.85000610351562,131.9499969482422,0.0
1015286400,131.97000122070312,132.5800018310547,131.5399932861328,132.22000122070312,0.0
1015372800,132.25,132.47000122070312,130.50999450683594,130.74000549316406,0.0
1015459200,130.80999755859375,130.8800048828125,126.47000122070312,127.62000274658203,0.0
1015545600,127.66999816894531,128.75,127.26000213623047,128.6199951171875,0.0
1015804800,128.22000122070312,129.17999267578125,127.73999786376953,128.02000427246094,0.0
1015891200,128.05999755859375,129.27999877929688,128.05999755859375,129.02999877929688,0.0
1015977600,129.02999877929688,129.6199951171875,128.9600067138672,129.36000061035156,0.0
1016064000,129.35000610351562,129.4199981689453,128.17999267578125,129.25,0.0
1016150400,129.27000427246094,129.44000244140625,128.82000732421875,129.00999450683594,0.0
1016409600,129.83999633789062,131.52999877929688,129.6699981689453,131.16000366210938,0.0
1016496000,131.14999389648438,132.4499969482422,130.83999633789062,132.1999969482422,0.0
1016582400,132.22000122070312,132.39999389648438,131.22999572753906,131.35000610351562,0.0
1016668800,131.36000061035156,132.22999572753906,131.22999572753906,132.11000061035156,0.0
1016755200,132.11000061035156,132.92999267578125,131.94000244140625,132.89999389648438,0.0
1017014400,132.80999755859375,133.4499969482422,132.63999938964844,133.3000030517578,0.0
1017100800,133.30999755859375,133.44000244140625,132.22999572753906,133.0800018310547,0.0
1017187200,133.05999755859375,133.07000732421875,132.27999877929688,132.72999572753906,0.0
1017273600,132.6999969482422,132.85000610351562,132.16000366210938,132.75,0.0
1017360000,132.77000427246094,133.1999969482422,132.22999572753906,132.6999969482422,0.0
1017619200,132.9499969482422,133.82000732421875,132.83999633789062,133.30999755859375,0.0
1017705600,133.32000732421875,133.60000610351562,132.82000732421875,133.1300048828125,0.0
1017792000,133.1300048828125,133.27000427246094,132.3300018310547,132.7100067138672,0.0
1017878400,132.69000244140625,133.11000061035156,131.55999755859375,132.3300018310547,0.0
1017964800,132.33999633789062,132.42999267578125,131.25999450683594,131.5500030517578,0.0
1018224000,131.64999389648438,131.75999450683594,131.08999633789062,131.52000427246094,0.0
1018310400,131.52000427246094,131.89999389648438,130.5399932861328,130.64999389648438,0.0
1018396800,130.64999389648438,130.85000610351562,130.16000366210938,130.74000549316406,0.0
1018483200,130.72999572753906,131.8300018310547,130.67999267578125,131.52999877929688,0.0
1018569600,131.52000427246094,132.25,131.1999969482422,131.9199981689453,0.0
1018828800,132.0399932861328,132.3800048828125,131.3000030517578,132.05999755859375,0.0
1018915200,132.0500030517578,132.1300048828125,130.85000610351562,131.1699981689453,0.0
1019001600,131.1699981689453,131.27999877929688,130.41000366210938,130.6999969482422,0.0
1019088000,130.6999969482422,130.75999450683594,129.57000732421875,129.97000122070312,0.0
1019174400,129.9600067138672,130.63999938964844,129.82000732421875,130.30999755859375,0.0
1019433600,130.4600067138672,130.60000610351562,129.60000610351562,130.11000061035156,0.0
1019520000,130.0500030517578,130.3000030517578,129.69000244140625,130.22999572753906,0.0
1019606400,130.24000549316406,130.44000244140625,129.44000244140625,129.6199951171875,0.0
1019692800,129.6199951171875,129.64999389648438,128.14999389648438,128.67999267578125,0.0
1019779200,128.72000122070312,128.89999389648438,127.75,127.81999969482422,0.0
1020038400,127.76000213623047,128.25999450683594,127.62000274658203,128.1199951171875,0.0
1020124800,128.1300048828125,128.63999938964844,127.73999786376953,128.52999877929688,0.0
1020211200,128.50999450683594,128.66000366210938,127.12999725341797,127.23999786376953,0.0
1020297600,127.22000122070312,128.13999938964844,126.91999816894531,127.80999755859375,0.0
1020384000,127.8499984741211,128.0,126.80999755859375,126.9000015258789,0.0
1020643200,127.0,127.5199966430664,126.88999938964844,127.1500015258789,0.0
1020729600,127.11000061035156,128.33999633789062,126.73999786376953,128.14999389648438,0.0
1020816000,128.16000366210938,128.97999572753906,127.80000305175781,128.82000732421875,0.0
1020902400,128.83999633789062,129.0800018310547,128.10000610351562,128.4199981689453,0.0
1020988800,128.4499969482422,128.69000244140625,127.48999786376953,127.56999969482422,0.0
1021248000,127.61000061035156,127.91999816894531,127.16000366210938,127.7699966430664,0.0
1021334400,127.76000213623047,128.77999877929688,127.68000030517578,128.50999450683594,0.0
1021420800,128.52000427246094,128.64999389648438,127.55000305175781,127.6500015258789,0.0
1021507200,127.6500015258789,128.41000366210938,127.27999877929688,128.02999877929688,0.0
1021593600,128.02000427246094,128.11000061035156,125.51000213623047,125.93000030517578,0.0
1021852800,125.9000015258789,126.19999694824219,125.16999816894531,125.38999938964844,0.0
1021939200,125.38999938964844,126.05000305175781,123.62000274658203,124.30000305175781,0.0
1022025600,124.29000091552734,125.05999755859375,123.45999908447266,124.3499984741211,0.0
1022112000,124.33000183105469,125.31999969482422,123.8499984741211,125.02999877929688,0.0
1022198400,125.02999877929688,125.26000213623047,124.58999633789062,124.69999694824219,0.0
1022457600,124.70999908447266,125.05999755859375,124.6500015258789,124.75,0.0
1022544000,124.79000091552734,124.9000015258789,124.29000091552734,124.48999786376953,0.0
1022630400,124.44000244140625,124.68000030517578,124.13999938964844,124.3499984741211,0.0
1022716800,124.3499984741211,124.3499984741211,122.77999877929688,123.41999816894531,0.0
1022803200,123.45999908447266,124.58999633789062,122.91999816894531,124.05999755859375,0.0
1023062400,124.23999786376953,124.45999908447266,123.5199966430664,123.62000274658203,0.0
1023148800,123.62999725341797,124.36000061035156,123.23999786376953,124.16999816894531,0.0
1023235200,124.19000244140625,124.72000122070312,123.7300033569336,124.12999725341797,0.0
1023321600,124.1500015258789,125.05000305175781,124.0,124.12000274658203,0.0
1023408000,124.12999725341797,124.66000366210938,124.01000213623047,124.30999755859375,0.0
1023667200,124.44999694824219,124.93000030517578,124.30000305175781,124.73999786376953,0.0
1023753600,124.75,125.7699966430664,124.38999938964844,125.27999877929688,0.0
1023840000,125.26000213623047,125.87000274658203,125.1500015258789,125.58000183105469,0.0
1023926400,125.56999969482422,125.95999908447266,124.7699966430664,124.98999786376953,0.0
1024012800,124.9800033569336,125.08999633789062,123.8499984741211,124.12999725341797,0.0
1024272000,124.30000305175781,124.5199966430664,123.98999786376953,124.26000213623047,0.0
1024358400,124.27999877929688,124.81999969482422,124.19999694824219,124.26000213623047,0.0
1024444800,124.26000213623047,124.36000061035156,123.5999984741211,123.86000061035156,0.0
1024531200,123.8499984741211,124.19999694824219,123.20999908447266,123.44999694824219,0.0
1024617600,123.4800033569336,123.87000274658203,120.79000091552734,121.08999633789062,0.0
1024876800,121.36000061035156,121.88999938964844,121.04000091552734,121.5999984741211,0.0
1024963200,121.5999984741211,121.98999786376953,121.08999633789062,121.1500015258789,0.0
1025049600,121.12000274658203,121.5,118.9000015258789,119.91999816894531,0.0
1025136000,119.94999694824219,120.29000091552734,119.12999725341797,119.54000091552734,0.0
1025222400,119.55000305175781,120.3499984741211,118.31999969482422,119.5199966430664,0.0
1025481600,119.61000061035156,120.19999694824219,119.22000122070312,119.7699966430664,0.0
1025568000,119.76000213623047,120.80000305175781,119.61000061035156,120.0,0.0
1025654400,120.0,120.55999755859375,119.58000183105469,119.9000015258789,0.0
1025740800,119.88999938964844,120.43000030517578,119.81999969482422,120.16999816894531,0.0
1025827200,120.1500015258789,120.62999725341797,119.80999755859375,120.4000015258789,0.0
1026086400,120.1500015258789,120.16000366210938,118.29000091552734,118.56999969482422,0.0
1026172800,118.55999755859375,118.94000244140625,117.69999694824219,118.05999755859375,0.0
1026259200,118.05999755859375,118.31999969482422,117.3499984741211,117.76000213623047,0.0
1026345600,117.75,117.91999816894531,116.45999908447266,117.02999877929688,0.0
1026432000,117.04000091552734,117.22000122070312,116.44000244140625,116.8499984741211,0.0
1026691200,116.91999816894531,116.93000030517578,115.61000061035156,116.22000122070312,0.0
1026777600,116.2300033569336,116.43000030517578,115.43000030517578,115.97000122070312,0.0
1026864000,115.91999816894531,116.7300033569336,115.56999969482422,116.33000183105469,0.0
1026950400,116.33000183105469,117.30999755859375,116.22000122070312,116.52999877929688,0.0
1027036800,116.52999877929688,116.62000274658203,115.5199966430664,115.9000015258789,0.0
1027296000,116.12000274658203,116.66000366210938,115.7300033569336,116.37000274658203,0.0
1027382400,116.36000061035156,117.9000015258789,116.23999786376953,117.37000274658203,0.0
1027468800,117.36000061035156,117.58000183105469,115.86000061035156,116.68000030517578,0.0
1027555200,116.66000366210938,117.02999877929688,116.16000366210938,116.62999725341797,0.0
1027641600,116.61000061035156,119.04000091552734,116.4000015258789,118.7699966430664,0.0
1027900800,118.77999877929688,119.98999786376953,118.4800033569336,119.6500015258789,0.0
1027987200,119.66000366210938,120.27999877929688,119.20999908447266,120.22000122070312,0.0
1028073600,120.23999786376953,120.38999938964844,119.36000061035156,119.77999877929688,0.0
1028160000,119.7699966430664,120.33000183105469,119.01000213623047,119.20999908447266,0.0
1028246400,119.19000244140625,119.36000061035156,118.69999694824219,118.7699966430664,0.0
1028505600,118.8499984741211,119.77999877929688,118.61000061035156,119.61000061035156,0.0
1028592000,119.61000061035156,121.20999908447266,119.44999694824219,120.95999908447266,0.0
1028678400,120.97000122070312,121.08999633789062,120.0,120.26000213623047,0.0
1028764800,120.2699966430664,121.1500015258789,119.94000244140625,121.0999984741211,0.0
1028851200,121.11000061035156,121.33000183105469,120.25,120.44999694824219,0.0
1029110400,119.83000183105469,119.8499984741211,118.73999786376953,119.01000213623047,0.0
1029196800,119.0199966430664,119.23999786376953,118.0999984741211,118.2300033569336,0.0
1029283200,118.19999694824219,118.3499984741211,116.26000213623047,117.19000244140625,0.0
1029369600,117.19000244140625,117.83000183105469,116.8499984741211,117.33999633789062,0.0
1029456000,117.3499984741211,117.87000274658203,117.08000183105469,117.55999755859375,0.0
1029715200,117.5199966430664,118.72000122070312,117.41000366210938,118.44000244140625,0.0
1029801600,118.44999694824219,119.23999786376953,118.41999816894531,118.62999725341797,0.0
1029888000,118.63999938964844,118.72000122070312,117.69999694824219,118.45999908447266,0.0
1029974400,118.45999908447266,119.95999908447266,118.45999908447266,119.79000091552734,0.0
1030060800,119.80000305175781,120.26000213623047,119.44000244140625,119.58999633789062,0.0
1030320000,119.55999755859375,119.87999725341797,119.30999755859375,119.70999908447266,0.0
1030406400,119.70999908447266,119.88999938964844,117.94000244140625,118.1500015258789,0.0
1030492800,118.16000366210938,119.05999755859375,117.8499984741211,118.94999694824219,0.0
1030579200,118.95999908447266,119.0199966430664,117.37000274658203,118.19000244140625,0.0
1030665600,118.19999694824219,118.75,117.69000244140625,118.43000030517578,0.0
1030924800,118.54000091552734,118.80000305175781,117.88999938964844,117.98999786376953,0.0
1031011200,117.98999786376953,118.12000274658203,116.80999755859375,117.1500015258789,0.0
1031097600,117.1500015258789,118.3499984741211,116.9800033569336,117.87000274658203,0.0
1031184000,117.87000274658203,118.5,117.25,118.36000061035156,0.0
1031270400,118.30000305175781,118.86000061035156,117.91000366210938,118.41000366210938,0.0
1031529600,118.5199966430664,119.29000091552734,118.16000366210938,118.87000274658203,0.0
1031616000,118.87000274658203,119.16000366210938,118.30999755859375,119.01000213623047,0.0
1031702400,119.83000183105469,120.69000244140625,119.69000244140625,120.2699966430664,0.0
1031788800,120.27999877929688,120.66999816894531,119.7300033569336,120.08000183105469,0.0
1031875200,120.05000305175781,122.25,119.4000015258789,121.62999725341797,0.0
1032134400,121.72000122070312,122.45999908447266,121.66000366210938,122.30000305175781,0.0
1032220800,122.29000091552734,123.51000213623047,121.9000015258789,122.08000183105469,0.0
1032307200,122.08000183105469,123.06999969482422,121.31999969482422,121.44999694824219,0.0
1032393600,121.44000244140625,121.91999816894531,120.86000061035156,121.45999908447266,0.0
1032480000,121.45999908447266,123.70999908447266,121.4000015258789,123.30000305175781,0.0
1032739200,123.41000366210938,124.19999694824219,122.79000091552734,123.88999938964844,0.0
1032825600,123.9000015258789,124.02999877929688,122.91000366210938,123.37000274658203,0.0
1032912000,123.37999725341797,123.4000015258789,121.98999786376953,122.69999694824219,0.0
1032998400,122.70999908447266,123.05000305175781,121.83000183105469,122.12000274658203,0.0
1033084800,122.12999725341797,123.19000244140625,122.0,122.52999877929688,0.0
1033344000,122.72000122070312,122.77999877929688,121.05000305175781,121.83000183105469,0.0
1033430400,121.83000183105469,122.80000305175781,121.63999938964844,122.5999984741211,0.0
1033516800,122.58000183105469,123.30999755859375,122.55000305175781,122.76000213623047,0.0
1033603200,122.76000213623047,123.08999633789062,122.36000061035156,122.4000015258789,0.0
1033689600,122.4000015258789,123.30000305175781,122.27999877929688,123.19999694824219,0.0
1033948800,123.16999816894531,124.44000244140625,123.01000213623047,124.30000305175781,0.0
1034035200,124.30000305175781,124.5999984741211,123.9000015258789,124.08000183105469,0.0
1034121600,124.06999969482422,124.4000015258789,123.01000213623047,123.01000213623047,0.0
1034208000,122.9800033569336,123.73999786376953,122.9800033569336,123.58999633789062,0.0
1034294400,123.58999633789062,124.4800033569336,123.3499984741211,124.0199966430664,0.0
1034553600,123.97000122070312,124.37000274658203,123.7699966430664,124.33999633789062,0.0
1034640000,124.33999633789062,124.97000122070312,124.16000366210938,124.62999725341797,0.0
1034726400,124.66000366210938,125.05000305175781,123.87000274658203,124.51000213623047,0.0
1034812800,124.51000213623047,125.16999816894531,124.0,125.0999984741211,0.0
1034899200,125.12999725341797,125.55999755859375,124.94000244140625,125.44999694824219,0.0
1035158400,125.52999877929688,125.63999938964844,124.43000030517578,124.86000061035156,0.0
1035244800,124.87000274658203,125.5,124.7300033569336,125.13999938964844,0.0
1035331200,125.13999938964844,125.2300033569336,123.79000091552734,124.5199966430664,0.0
1035417600,124.52999877929688,124.8499984741211,123.86000061035156,124.63999938964844,0.0
1035504000,124.63999938964844,124.6500015258789,123.58000183105469,124.16999816894531,0.0
1035763200,124.1500015258789,124.98999786376953,123.16999816894531,123.44999694824219,0.0
1035849600,123.44000244140625,123.75,122.27999877929688,122.93000030517578,0.0
1035936000,122.91000366210938,123.2300033569336,122.48999786376953,122.88999938964844,0.0
1036022400,122.86000061035156,123.20999908447266,122.27999877929688,122.44999694824219,0.0
1036108800,122.45999908447266,122.83000183105469,121.58000183105469,122.1500015258789,0.0
1036368000,122.19000244140625,122.58000183105469,122.0999984741211,122.20999908447266,0.0
1036454400,122.20999908447266,122.27999877929688,121.33999633789062,122.11000061035156,0.0
1036540800,122.11000061035156,122.63999938964844,121.5,121.6500015258789,0.0
1036627200,121.62999725341797,121.94999694824219,121.08999633789062,121.1500015258789,0.0
1036713600,121.1500015258789,121.33999633789062,119.5,119.77999877929688,0.0
1036972800,119.94000244140625,120.06999969482422,119.05999755859375,119.69999694824219,0.0
1037059200,119.68000030517578,119.86000061035156,119.25,119.63999938964844,0.0
1037145600,119.63999938964844,120.30999755859375,119.52999877929688,120.08000183105469,0.0
1037232000,120.08000183105469,120.66999816894531,119.62000274658203,120.58999633789062,0.0
1037318400,120.58000183105469,120.9000015258789,120.22000122070312,120.45999908447266,0.0
1037577600,121.05999755859375,121.25,120.88999938964844,120.94000244140625,0.0
1037664000,120.94999694824219,122.4800033569336,120.79000091552734,122.16999816894531,0.0
1037750400,122.2300033569336,122.7699966430664,122.12000274658203,122.7300033569336,0.0
1037836800,122.75,122.94999694824219,121.87000274658203,122.6500015258789,0.0
1037923200,122.66000366210938,122.98999786376953,122.41000366210938,122.94999694824219,0.0
1038182400,123.08000183105469,123.18000030517578,121.70999908447266,122.05999755859375,0.0
1038268800,122.01000213623047,122.16999816894531,121.5,121.5199966430664,0.0
1038355200,121.55000305175781,122.41999816894531,121.30000305175781,122.36000061035156,0.0
1038441600,122.37000274658203,122.4000015258789,121.91999816894531,122.18000030517578,0.0
1038528000,122.16000366210938,122.75,122.13999938964844,122.47000122070312,0.0
1038787200,122.80999755859375,125.0,122.69000244140625,124.37000274658203,0.0
1038873600,124.3499984741211,124.80999755859375,124.12999725341797,124.19000244140625,0.0
1038960000,124.18000030517578,124.98999786376953,124.18000030517578,124.44999694824219,0.0
1039046400,124.44000244140625,125.72000122070312,124.38999938964844,124.70999908447266,0.0
1039132800,124.68000030517578,125.48999786376953,122.1500015258789,123.5199966430664,0.0
1039392000,123.30999755859375,123.5199966430664,122.37999725341797,123.36000061035156,0.0
1039478400,123.3499984741211,123.94999694824219,123.04000091552734,123.91999816894531,0.0
1039564800,123.91999816894531,124.05000305175781,123.06999969482422,123.72000122070312,0.0
1039651200,123.69999694824219,123.86000061035156,122.44000244140625,122.4800033569336,0.0
1039737600,122.5,122.8499984741211,120.30000305175781,120.43000030517578,0.0
1039996800,120.7300033569336,121.44999694824219,120.37999725341797,121.33000183105469,0.0
1040083200,121.36000061035156,121.68000030517578,120.19999694824219,121.62000274658203,0.0
1040169600,121.6500015258789,121.69000244140625,120.66000366210938,120.69000244140625,0.0
1040256000,120.68000030517578,121.25,120.33999633789062,120.52999877929688,0.0
1040342400,120.55999755859375,120.97000122070312,120.30000305175781,120.36000061035156,0.0
1040601600,120.44999694824219,120.7699966430664,119.7699966430664,120.38999938964844,0.0
1040688000,120.4000015258789,120.48999786376953,119.94999694824219,120.26000213623047,0.0
1040774400,120.25,120.47000122070312,120.19000244140625,120.33000183105469,0.0
1040860800,120.3499984741211,120.3499984741211,119.87999725341797,120.02999877929688,0.0
1040947200,120.06999969482422,120.16999816894531,119.79000091552734,119.86000061035156,0.0
1041206400,120.0,120.0,118.2699966430664,118.5,0.0
1041292800,118.48999786376953,118.81999969482422,118.37999725341797,118.69999694824219,0.0
1041379200,118.75,118.79000091552734,118.5999984741211,118.70999908447266,0.0
1041465600,118.73999786376953,120.25,118.58000183105469,120.20999908447266,0.0
1041552000,120.20999908447266,120.2699966430664,119.5199966430664,119.66999816894531,0.0
1041811200,119.73999786376953,119.87000274658203,118.51000213623047,119.36000061035156,0.0
1041897600,119.33000183105469,120.56999969482422,119.22000122070312,120.22000122070312,0.0
1041984000,120.20999908447266,120.41999816894531,118.62999725341797,119.11000061035156,0.0
1042070400,119.11000061035156,119.58000183105469,118.69000244140625,119.37999725341797,0.0
1042156800,119.4000015258789,120.02999877929688,119.0199966430664,119.30000305175781,0.0
1042416000,119.12000274658203,119.33000183105469,119.0199966430664,119.23999786376953,0.0
1042502400,118.9000015258789,119.16000366210938,117.5199966430664,118.0,0.0
1042588800,118.01000213623047,118.44000244140625,117.7300033569336,118.11000061035156,0.0
1042675200,118.12999725341797,118.31999969482422,117.62999725341797,117.81999969482422,0.0
1042761600,117.79000091552734,118.16999816894531,117.37999725341797,117.77999877929688,0.0
1043020800,117.94000244140625,118.31999969482422,117.83999633789062,118.01000213623047,0.0
1043107200,118.0199966430664,119.13999938964844,117.9800033569336,118.16000366210938,0.0
1043193600,118.13999938964844,118.5199966430664,117.91999816894531,118.33999633789062,0.0
1043280000,118.33000183105469,118.81999969482422,117.62000274658203,118.12000274658203,0.0
1043366400,118.12000274658203,118.18000030517578,117.51000213623047,117.80999755859375,0.0
1043625600,117.79000091552734,119.26000213623047,117.5,118.55000305175781,0.0
1043712000,118.55999755859375,118.94000244140625,118.30999755859375,118.68000030517578,0.0
1043798400,118.66999816894531,118.68000030517578,117.83000183105469,118.62999725341797,0.0
1043884800,118.62000274658203,119.47000122070312,118.41999816894531,119.04000091552734,0.0
1043971200,119.01000213623047,120.05999755859375,118.83000183105469,119.91000366210938,0.0
1044230400,119.87999725341797,120.87999725341797,119.7699966430664,120.30000305175781,0.0
1044316800,120.30999755859375,120.5,119.58000183105469,119.83999633789062,0.0
1044403200,119.83000183105469,120.31999969482422,119.0199966430664,120.13999938964844,0.0
1044489600,120.12999725341797,120.26000213623047,119.54000091552734,119.88999938964844,0.0
1044576000,119.91000366210938,120.41000366210938,119.56999969482422,120.22000122070312,0.0
1044835200,120.44000244140625,121.37999725341797,120.25,121.20999908447266,0.0
1044921600,121.19999694824219,121.76000213623047,120.9000015258789,120.94999694824219,0.0
1045008000,120.94999694824219,121.45999908447266,120.41999816894531,121.31999969482422,0.0
1045094400,121.30000305175781,121.33000183105469,120.19999694824219,120.33000183105469,0.0
1045180800,120.30999755859375,120.81999969482422,120.08999633789062,120.30000305175781,0.0
1045440000,120.51000213623047,120.77999877929688,119.95999908447266,120.20999908447266,0.0
1045526400,120.16999816894531,120.23999786376953,118.6500015258789,119.04000091552734,0.0
1045612800,119.04000091552734,119.19000244140625,118.54000091552734,118.68000030517578,0.0
1045699200,118.66999816894531,119.06999969482422,118.06999969482422,118.30000305175781,0.0
1045785600,118.31999969482422,118.88999938964844,118.18000030517578,118.61000061035156,0.0
1046044800,118.76000213623047,118.77999877929688,117.55999755859375,118.1500015258789,0.0
1046131200,118.1500015258789,118.2300033569336,116.95999908447266,117.45999908447266,0.0
1046217600,117.47000122070312,117.62000274658203,117.0199966430664,117.08999633789062,0.0
1046304000,117.05000305175781,117.77999877929688,116.77999877929688,117.70999908447266,0.0
1046390400,117.69999694824219,118.2699966430664,117.55000305175781,118.08999633789062,0.0
1046649600,118.25,118.27999877929688,117.06999969482422,117.6500015258789,0.0
1046736000,117.66000366210938,118.06999969482422,117.08999633789062,117.13999938964844,0.0
1046822400,117.16000366210938,117.58999633789062,117.0,117.29000091552734,0.0
1046908800,117.27999877929688,117.58000183105469,117.12000274658203,117.30000305175781,0.0
1046995200,117.30000305175781,117.47000122070312,116.33000183105469,117.05000305175781,0.0
1047254400,117.04000091552734,117.08000183105469,116.37999725341797,116.8499984741211,0.0
1047340800,116.83999633789062,117.29000091552734,116.62000274658203,117.12000274658203,0.0
1047427200,117.12999725341797,117.55000305175781,117.02999877929688,117.48999786376953,0.0
1047513600,117.48999786376953,118.73999786376953,117.47000122070312,118.66000366210938,0.0
1047600000,118.63999938964844,118.69000244140625,118.0,118.30000305175781,0.0
1047859200,117.69999694824219,118.94999694824219,117.54000091552734,118.80999755859375,0.0
1047945600,118.80999755859375,119.18000030517578,118.43000030517578,118.5999984741211,0.0
1048032000,118.58000183105469,120.62000274658203,118.54000091552734,120.05999755859375,0.0
1048118400,120.06999969482422,120.4800033569336,119.70999908447266,120.30000305175781,0.0
1048204800,120.30999755859375,121.86000061035156,120.20999908447266,121.45999908447266,0.0
1048464000,120.94999694824219,121.30000305175781,120.31999969482422,120.68000030517578,0.0
1048550400,120.70999908447266,120.73999786376953,119.41000366210938,119.91000366210938,0.0
1048636800,119.91000366210938,120.47000122070312,119.80999755859375,119.9800033569336,0.0
1048723200,119.9800033569336,120.02999877929688,119.55999755859375,119.97000122070312,0.0
1048809600,119.98999786376953,120.41000366210938,119.43000030517578,119.72000122070312,0.0
1049068800,119.79000091552734,120.1500015258789,117.81999969482422,118.01000213623047,0.0
1049155200,118.0,118.4800033569336,117.7699966430664,117.79000091552734,0.0
1049241600,117.7699966430664,119.23999786376953,117.5999984741211,119.13999938964844,0.0
1049328000,119.04000091552734,119.12999725341797,118.4800033569336,118.7300033569336,0.0
1049414400,119.31999969482422,120.19000244140625,119.12999725341797,119.94999694824219,0.0
1049673600,120.29000091552734,120.88999938964844,119.62999725341797,119.88999938964844,0.0
1049760000,119.86000061035156,120.1500015258789,119.4000015258789,119.70999908447266,0.0
1049846400,119.72000122070312,120.66000366210938,119.61000061035156,120.08000183105469,0.0
1049932800,120.08000183105469,120.27999877929688,119.11000061035156,119.54000091552734,0.0
1050019200,119.54000091552734,120.8499984741211,119.48999786376953,120.5199966430664,0.0
1050278400,120.62999725341797,120.80999755859375,119.91999816894531,120.29000091552734,0.0
1050364800,120.29000091552734,120.69000244140625,119.97000122070312,120.30999755859375,0.0
1050451200,120.30999755859375,120.56999969482422,119.26000213623047,119.55999755859375,0.0
1050537600,119.55000305175781,119.75,118.9000015258789,119.6500015258789,0.0
1050624000,119.66000366210938,119.80999755859375,119.56999969482422,119.80999755859375,0.0
1050883200,119.6500015258789,120.66000366210938,119.55000305175781,120.52999877929688,0.0
1050969600,120.5199966430664,120.73999786376953,119.31999969482422,119.87000274658203,0.0
1051056000,119.87999725341797,120.62000274658203,119.76000213623047,120.47000122070312,0.0
1051142400,120.45999908447266,120.68000030517578,119.47000122070312,119.76000213623047,0.0
1051228800,119.7699966430664,121.11000061035156,119.66999816894531,120.16000366210938,0.0
1051488000,120.27999877929688,120.48999786376953,119.8499984741211,120.4800033569336,0.0
1051574400,120.48999786376953,120.68000030517578,119.5999984741211,119.86000061035156,0.0
1051660800,119.88999938964844,119.94999694824219,118.56999969482422,118.81999969482422,0.0
1051747200,118.83000183105469,118.97000122070312,118.12000274658203,118.44999694824219,0.0
1051833600,118.47000122070312,119.26000213623047,118.37000274658203,119.02999877929688,0.0
1052092800,119.04000091552734,119.05999755859375,118.44000244140625,118.44999694824219,0.0
1052179200,118.47000122070312,118.7300033569336,117.2699966430664,117.58999633789062,0.0
1052265600,117.5999984741211,117.80999755859375,116.04000091552734,116.41999816894531,0.0
1052352000,116.44999694824219,117.19000244140625,115.97000122070312,117.08000183105469,0.0
1052438400,117.08999633789062,117.61000061035156,117.05000305175781,117.3499984741211,0.0
1052697600,117.08000183105469,117.11000061035156,116.27999877929688,117.0,0.0
1052784000,117.01000213623047,117.5199966430664,116.33000183105469,116.7699966430664,0.0
1052870400,116.7699966430664,116.8499984741211,115.55000305175781,116.20999908447266,0.0
1052956800,116.12999725341797,116.62000274658203,115.26000213623047,116.43000030517578,0.0
1053043200,116.44000244140625,116.5999984741211,115.83000183105469,116.01000213623047,0.0
1053302400,115.62999725341797,117.4800033569336,115.02999877929688,117.08000183105469,0.0
1053388800,117.05999755859375,117.38999938964844,116.56999969482422,116.63999938964844,0.0
1053475200,116.62999725341797,117.76000213623047,116.5,117.5999984741211,0.0
1053561600,117.58999633789062,117.77999877929688,116.87999725341797,117.25,0.0
1053648000,117.2699966430664,117.41000366210938,116.70999908447266,116.94999694824219,0.0
1053907200,116.95999908447266,117.38999938964844,116.63999938964844,116.86000061035156,0.0
1053993600,116.8499984741211,117.30999755859375,116.18000030517578,117.2699966430664,0.0
1054080000,117.2699966430664,118.91000366210938,116.93000030517578,118.55000305175781,0.0
1054166400,118.52999877929688,119.13999938964844,117.91000366210938,118.16999816894531,0.0
1054252800,118.1500015258789,119.62999725341797,118.08999633789062,119.30000305175781,0.0
1054512000,119.5,119.5199966430664,118.29000091552734,118.6500015258789,0.0
1054598400,118.63999938964844,119.33000183105469,118.2699966430664,119.13999938964844,0.0
1054684800,119.1500015258789,119.36000061035156,118.30999755859375,118.83000183105469,0.0
1054771200,118.8499984741211,118.91000366210938,117.30999755859375,117.72000122070312,0.0
1054857600,117.72000122070312,118.91000366210938,117.58000183105469,118.62999725341797,0.0
1055116800,118.41999816894531,118.54000091552734,117.69999694824219,118.18000030517578,0.0
1055203200,118.16999816894531,118.37000274658203,117.51000213623047,117.66999816894531,0.0
1055289600,117.69999694824219,118.12999725341797,117.41000366210938,117.69000244140625,0.0
1055376000,117.79000091552734,117.9800033569336,117.45999908447266,117.62000274658203,0.0
1055462400,117.62000274658203,117.87999725341797,117.13999938964844,117.38999938964844,0.0
1055721600,117.30000305175781,117.79000091552734,117.11000061035156,117.63999938964844,0.0
1055808000,117.62999725341797,118.41000366210938,117.4000015258789,118.08999633789062,0.0
1055894400,118.12000274658203,118.70999908447266,117.69999694824219,117.94000244140625,0.0
1055980800,117.91999816894531,119.0999984741211,117.91999816894531,118.44999694824219,0.0
1056067200,118.45999908447266,118.62000274658203,117.95999908447266,118.33000183105469,0.0
1056326400,118.48999786376953,118.5999984741211,117.44000244140625,117.70999908447266,0.0
1056412800,117.68000030517578,118.08999633789062,117.52999877929688,117.91999816894531,0.0
1056499200,117.93000030517578,118.13999938964844,117.29000091552734,117.93000030517578,0.0
1056585600,117.91999816894531,119.3499984741211,117.88999938964844,119.26000213623047,0.0
1056672000,119.76000213623047,119.94999694824219,119.26000213623047,119.52999877929688,0.0
1056931200,119.72000122070312,120.2300033569336,119.58999633789062,119.66999816894531,0.0
1057017600,119.66000366210938,119.94999694824219,118.97000122070312,119.23999786376953,0.0
1057104000,119.23999786376953,119.47000122070312,117.88999938964844,118.1500015258789,0.0
1057190400,118.16000366210938,118.5999984741211,117.83999633789062,118.16999816894531,0.0
1057276800,118.16999816894531,118.45999908447266,118.0999984741211,118.33000183105469,0.0
1057536000,118.0999984741211,118.31999969482422,117.80999755859375,118.08999633789062,0.0
1057622400,118.11000061035156,118.69000244140625,117.58999633789062,118.25,0.0
1057708800,118.29000091552734,118.44000244140625,117.5999984741211,117.80999755859375,0.0
1057795200,117.79000091552734,118.0199966430664,117.33999633789062,117.66999816894531,0.0
1057881600,117.6500015258789,118.0,117.5199966430664,117.91000366210938,0.0
1058140800,117.6500015258789,117.81999969482422,117.30000305175781,117.72000122070312,0.0
1058227200,117.69999694824219,118.0199966430664,116.62000274658203,117.86000061035156,0.0
1058313600,117.8499984741211,118.69000244140625,117.80000305175781,118.0199966430664,0.0
1058400000,118.01000213623047,118.91999816894531,117.81999969482422,118.81999969482422,0.0
1058486400,118.80000305175781,119.26000213623047,118.19999694824219,118.41999816894531,0.0
1058745600,118.70999908447266,118.77999877929688,118.20999908447266,118.55000305175781,0.0
1058832000,119.20999908447266,119.37999725341797,118.87999725341797,119.0199966430664,0.0
1058918400,119.0,119.11000061035156,118.58000183105469,118.72000122070312,0.0
1059004800,118.73999786376953,119.29000091552734,118.55000305175781,118.94999694824219,0.0
1059091200,119.05000305175781,119.27999877929688,118.54000091552734,118.76000213623047,0.0
1059350400,118.9000015258789,119.58000183105469,118.88999938964844,119.41000366210938,0.0
1059436800,119.41999816894531,119.93000030517578,119.0999984741211,119.81999969482422,0.0
1059523200,119.8499984741211,120.72000122070312,119.58999633789062,120.27999877929688,0.0
1059609600,120.26000213623047,120.5999984741211,119.72000122070312,120.55999755859375,0.0
1059696000,120.54000091552734,120.66000366210938,119.79000091552734,120.12999725341797,0.0
1059955200,120.11000061035156,120.58999633789062,119.69000244140625,120.30999755859375,0.0
1060041600,120.31999969482422,120.62999725341797,119.69999694824219,119.9000015258789,0.0
1060128000,119.87000274658203,120.43000030517578,119.69999694824219,120.19999694824219,0.0
1060214400,120.19999694824219,120.19999694824219,118.79000091552734,119.11000061035156,0.0
1060300800,119.12000274658203,119.2300033569336,118.80999755859375,119.02999877929688,0.0
1060560000,119.08999633789062,119.13999938964844,118.16999816894531,118.5,0.0
1060646400,118.48999786376953,118.80999755859375,118.30000305175781,118.5999984741211,0.0
1060732800,118.58000183105469,119.43000030517578,118.48999786376953,119.19999694824219,0.0
1060819200,119.1500015258789,119.66000366210938,118.80000305175781,118.97000122070312,0.0
1060905600,118.9800033569336,119.29000091552734,118.75,119.12999725341797,0.0
1061164800,119.12000274658203,119.73999786376953,119.02999877929688,119.4000015258789,0.0
1061251200,119.37999725341797,119.79000091552734,118.2300033569336,118.56999969482422,0.0
1061337600,118.58000183105469,118.73999786376953,117.77999877929688,118.05999755859375,0.0
1061424000,118.05999755859375,118.19999694824219,117.5199966430664,117.83000183105469,0.0
1061510400,117.83000183105469,118.06999969482422,117.30000305175781,117.48999786376953,0.0
1061769600,117.4800033569336,117.66999816894531,117.13999938964844,117.2300033569336,0.0
1061856000,117.25,117.7699966430664,117.19999694824219,117.30000305175781,0.0
1061942400,117.30999755859375,117.9800033569336,117.20999908447266,117.4800033569336,0.0
1062028800,117.48999786376953,117.5999984741211,117.19999694824219,117.31999969482422,0.0
1062115200,117.33999633789062,117.3499984741211,116.12999725341797,116.88999938964844,0.0
1062374400,116.66000366210938,116.77999877929688,116.33000183105469,116.5,0.0
1062460800,116.51000213623047,117.22000122070312,115.80999755859375,116.44000244140625,0.0
1062547200,116.44999694824219,116.55999755859375,115.83000183105469,115.91000366210938,0.0
1062633600,115.88999938964844,117.06999969482422,115.7300033569336,116.8499984741211,0.0
1062720000,116.83000183105469,117.1500015258789,116.43000030517578,116.79000091552734,0.0
1062979200,117.55000305175781,117.69000244140625,116.33000183105469,116.61000061035156,0.0
1063065600,116.62000274658203,116.95999908447266,116.0999984741211,116.80999755859375,0.0
1063152000,116.80999755859375,117.2300033569336,116.62000274658203,117.06999969482422,0.0
1063238400,117.08999633789062,117.30000305175781,116.66000366210938,117.08000183105469,0.0
1063324800,117.08999633789062,117.48999786376953,116.7300033569336,117.2699966430664,0.0
1063584000,117.2300033569336,117.6500015258789,117.22000122070312,117.41000366210938,0.0
1063670400,117.41999816894531,117.43000030517578,116.0,116.19000244140625,0.0
1063756800,116.19999694824219,116.4800033569336,115.8499984741211,116.11000061035156,0.0
1063843200,116.11000061035156,116.16000366210938,114.75,115.2300033569336,0.0
1063929600,115.22000122070312,115.48999786376953,113.56999969482422,113.91000366210938,0.0
1064188800,111.68000030517578,112.7300033569336,111.38999938964844,112.06999969482422,0.0
1064275200,112.12000274658203,112.36000061035156,110.9000015258789,112.2699966430664,0.0
1064361600,112.2699966430664,112.31999969482422,111.25,111.88999938964844,0.0
1064448000,111.87999725341797,112.31999969482422,111.44999694824219,112.0999984741211,0.0
1064534400,112.0999984741211,112.26000213623047,111.56999969482422,111.69000244140625,0.0
1064793600,111.51000213623047,111.7300033569336,110.61000061035156,110.81999969482422,0.0
1064880000,110.77999877929688,112.05999755859375,110.12000274658203,111.29000091552734,0.0
1064966400,111.27999877929688,111.41000366210938,110.5,111.2300033569336,0.0
1065052800,111.2699966430664,111.2699966430664,110.52999877929688,110.87000274658203,0.0
1065139200,110.91000366210938,111.01000213623047,110.23999786376953,110.80999755859375,0.0
1065398400,110.94000244140625,111.33000183105469,110.77999877929688,110.93000030517578,0.0
1065484800,110.93000030517578,111.1500015258789,109.33999633789062,109.91000366210938,0.0
1065571200,109.91000366210938,109.93000030517578,109.36000061035156,109.5199966430664,0.0
1065657600,109.51000213623047,109.58999633789062,108.91999816894531,109.0999984741211,0.0
1065744000,109.11000061035156,109.29000091552734,108.19999694824219,108.55999755859375,0.0
1066003200,108.44000244140625,109.0199966430664,108.2699966430664,108.9800033569336,0.0
1066089600,108.94999694824219,110.18000030517578,108.61000061035156,108.79000091552734,0.0
1066176000,108.77999877929688,109.76000213623047,108.76000213623047,109.51000213623047,0.0
1066262400,109.5199966430664,110.2699966430664,109.20999908447266,109.7699966430664,0.0
1066348800,109.73999786376953,109.98999786376953,109.23999786376953,109.30000305175781,0.0
1066608000,108.87000274658203,110.55999755859375,108.80000305175781,110.18000030517578,0.0
1066694400,110.19999694824219,110.30999755859375,109.4000015258789,109.55999755859375,0.0
1066780800,109.55999755859375,109.68000030517578,108.79000091552734,108.95999908447266,0.0
1066867200,108.95999908447266,109.80000305175781,108.83000183105469,109.41999816894531,0.0
1066953600,109.44999694824219,109.87999725341797,109.01000213623047,109.2300033569336,0.0
1067212800,108.62999725341797,108.75,108.29000091552734,108.43000030517578,0.0
1067299200,108.45999908447266,108.62000274658203,108.0999984741211,108.1500015258789,0.0
1067385600,108.1500015258789,108.3499984741211,107.83000183105469,108.22000122070312,0.0
1067472000,108.20999908447266,108.83000183105469,107.95999908447266,108.5999984741211,0.0
1067558400,108.62999725341797,110.19000244140625,108.61000061035156,110.0,0.0
1067817600,109.73999786376953,111.47000122070312,109.7300033569336,110.80000305175781,0.0
1067904000,110.77999877929688,110.80000305175781,109.41000366210938,109.55000305175781,0.0
1067990400,109.56999969482422,110.04000091552734,109.41999816894531,109.86000061035156,0.0
1068076800,109.87999725341797,110.30000305175781,109.80999755859375,110.16999816894531,0.0
1068163200,110.11000061035156,110.38999938964844,109.04000091552734,109.33000183105469,0.0
1068422400,109.54000091552734,109.62999725341797,107.83999633789062,108.7300033569336,0.0
1068508800,108.75,109.13999938964844,108.48999786376953,108.7699966430664,0.0
1068595200,108.75,109.12000274658203,108.44000244140625,108.68000030517578,0.0
1068681600,108.68000030517578,108.68000030517578,107.98999786376953,108.02999877929688,0.0
1068768000,108.05000305175781,108.52999877929688,107.9000015258789,108.30000305175781,0.0
1069027200,108.23999786376953,109.69000244140625,108.23999786376953,109.01000213623047,0.0
1069113600,109.0,109.11000061035156,107.91999816894531,108.05999755859375,0.0
1069200000,108.12999725341797,109.43000030517578,107.62000274658203,109.11000061035156,0.0
1069286400,109.08000183105469,109.16000366210938,108.6500015258789,109.0,0.0
1069372800,109.04000091552734,109.37999725341797,108.55000305175781,108.75,0.0
1069632000,108.83999633789062,109.47000122070312,108.77999877929688,109.37999725341797,0.0
1069718400,109.37000274658203,110.0199966430664,109.27999877929688,109.4000015258789,0.0
1069804800,109.37999725341797,109.76000213623047,108.88999938964844,109.05000305175781,0.0
1069891200,109.06999969482422,109.30000305175781,108.87000274658203,109.27999877929688,0.0
1069977600,109.26000213623047,109.63999938964844,109.12999725341797,109.62000274658203,0.0
1070236800,109.83000183105469,109.98999786376953,109.05000305175781,109.16999816894531,0.0
1070323200,109.18000030517578,109.77999877929688,108.4800033569336,108.7300033569336,0.0
1070409600,108.7300033569336,108.79000091552734,108.04000091552734,108.30000305175781,0.0
1070496000,108.30000305175781,108.45999908447266,107.9000015258789,108.2699966430664,0.0
1070582400,108.25,108.41999816894531,107.48999786376953,107.62000274658203,0.0
1070841600,107.54000091552734,107.76000213623047,107.08999633789062,107.41000366210938,0.0
1070928000,107.41999816894531,107.4800033569336,106.80999755859375,107.08999633789062,0.0
1071014400,107.08999633789062,108.66000366210938,107.05000305175781,108.37999725341797,0.0
1071100800,108.37999725341797,108.41999816894531,107.93000030517578,107.9800033569336,0.0
1071187200,107.9800033569336,108.02999877929688,107.61000061035156,107.68000030517578,0.0
1071446400,108.08999633789062,108.16000366210938,107.4000015258789,107.73999786376953,0.0
1071532800,107.7300033569336,107.81999969482422,107.37999725341797,107.51000213623047,0.0
1071619200,107.52999877929688,107.79000091552734,107.16999816894531,107.37999725341797,0.0
1071705600,107.37000274658203,108.05999755859375,107.25,107.6500015258789,0.0
1071792000,107.63999938964844,107.98999786376953,107.4800033569336,107.70999908447266,0.0
1072051200,107.88999938964844,107.91999816894531,107.27999877929688,107.48999786376953,0.0
1072137600,107.45999908447266,107.55000305175781,107.2300033569336,107.43000030517578,0.0
1072224000,107.41000366210938,107.52999877929688,107.11000061035156,107.26000213623047,0.0
1072310400,107.2699966430664,107.3499984741211,107.08999633789062,107.23999786376953,0.0
1072396800,107.22000122070312,107.51000213623047,106.91000366210938,107.44999694824219,0.0
1072656000,107.31999969482422,107.3499984741211,106.83000183105469,107.05000305175781,0.0
1072742400,107.06999969482422,107.16000366210938,106.86000061035156,106.95999908447266,0.0
1072828800,106.95999908447266,107.68000030517578,106.76000213623047,107.4000015258789,0.0
1072915200,106.94999694824219,107.47000122070312,106.94999694824219,107.30000305175781,0.0
1073001600,107.31999969482422,107.48999786376953,106.7300033569336,106.91000366210938,0.0
1073260800,106.93000030517578,107.31999969482422,106.01000213623047,106.23999786376953,0.0
1073347200,106.23999786376953,106.38999938964844,105.9800033569336,106.2300033569336,0.0
1073433600,106.22000122070312,106.41000366210938,105.95999908447266,106.18000030517578,0.0
1073520000,106.19000244140625,106.25,106.04000091552734,106.16999816894531,0.0
1073606400,106.18000030517578,108.20999908447266,106.11000061035156,106.58000183105469,0.0
1073865600,106.61000061035156,106.73999786376953,106.29000091552734,106.5999984741211,0.0
1073952000,106.5999984741211,106.5999984741211,106.12999725341797,106.23999786376953,0.0
1074038400,106.23999786376953,106.31999969482422,105.94999694824219,106.23999786376953,0.0
1074124800,106.19999694824219,106.44999694824219,105.9800033569336,106.2699966430664,0.0
1074211200,106.31999969482422,106.97000122070312,105.73999786376953,106.75,0.0
1074470400,106.63999938964844,107.44000244140625,106.44000244140625,107.2300033569336,0.0
1074556800,107.23999786376953,107.88999938964844,106.80999755859375,107.0,0.0
1074643200,107.04000091552734,107.25,106.62999725341797,106.80999755859375,0.0
1074729600,106.83999633789062,106.98999786376953,105.94000244140625,106.12999725341797,0.0
1074816000,106.16999816894531,106.81999969482422,105.7300033569336,106.75,0.0
1075075200,106.62999725341797,106.63999938964844,105.80000305175781,106.3499984741211,0.0
1075161600,106.37000274658203,106.37999725341797,105.44999694824219,105.62999725341797,0.0
1075248000,105.62999725341797,106.51000213623047,105.45999908447266,106.12999725341797,0.0
1075334400,106.12999725341797,106.20999908447266,105.63999938964844,105.91000366210938,0.0
1075420800,105.94000244140625,106.08999633789062,105.61000061035156,105.72000122070312,0.0
1075680000,105.63999938964844,105.73999786376953,105.37000274658203,105.5199966430664,0.0
1075766400,105.55000305175781,105.81999969482422,105.20999908447266,105.47000122070312,0.0
1075852800,105.48999786376953,105.62999725341797,105.2699966430664,105.44999694824219,0.0
1075939200,105.4800033569336,106.01000213623047,105.3499984741211,105.63999938964844,0.0
1076025600,105.58999633789062,106.7699966430664,105.31999969482422,105.44999694824219,0.0
1076284800,105.63999938964844,105.87000274658203,105.48999786376953,105.81999969482422,0.0
1076371200,105.80999755859375,105.87000274658203,105.25,105.58000183105469,0.0
1076457600,105.61000061035156,105.69000244140625,105.18000030517578,105.33999633789062,0.0
1076544000,105.33999633789062,105.5199966430664,105.2300033569336,105.30000305175781,0.0
1076630400,105.30999755859375,105.58999633789062,105.19000244140625,105.19999694824219,0.0
1076889600,105.44000244140625,105.55999755859375,105.29000091552734,105.44999694824219,0.0
1076976000,105.44999694824219,105.97000122070312,105.41999816894531,105.61000061035156,0.0
1077062400,105.58000183105469,107.11000061035156,105.5,106.33999633789062,0.0
1077148800,106.3499984741211,107.41000366210938,106.33000183105469,106.91000366210938,0.0
1077235200,106.94000244140625,109.25,106.9000015258789,108.94999694824219,0.0
1077494400,108.7699966430664,109.36000061035156,108.05999755859375,108.30000305175781,0.0
1077580800,108.27999877929688,108.7300033569336,107.9800033569336,108.19999694824219,0.0
1077667200,108.19999694824219,109.0999984741211,108.02999877929688,108.97000122070312,0.0
1077753600,108.95999908447266,109.80000305175781,108.76000213623047,109.4800033569336,0.0
1077840000,109.54000091552734,109.66999816894531,108.9000015258789,109.25,0.0
1078099200,109.08999633789062,109.4000015258789,108.86000061035156,108.91000366210938,0.0
1078185600,108.91999816894531,110.38999938964844,108.87000274658203,110.1500015258789,0.0
1078272000,110.13999938964844,110.48999786376953,109.97000122070312,110.11000061035156,0.0
1078358400,110.12000274658203,111.2699966430664,110.02999877929688,111.25,0.0
1078444800,111.23999786376953,112.23999786376953,110.91000366210938,112.0,0.0
1078704000,112.06999969482422,112.26000213623047,111.0999984741211,111.29000091552734,0.0
1078790400,111.33000183105469,111.58999633789062,110.30999755859375,111.45999908447266,0.0
1078876800,111.44999694824219,111.47000122070312,110.69000244140625,110.88999938964844,0.0
1078963200,110.91000366210938,111.06999969482422,110.43000030517578,110.83000183105469,0.0
1079049600,110.81999969482422,111.37000274658203,110.5999984741211,110.6500015258789,0.0
1079308800,110.77999877929688,111.04000091552734,109.36000061035156,110.30999755859375,0.0
1079395200,110.33999633789062,110.33999633789062,108.5999984741211,108.70999908447266,0.0
1079481600,108.66999816894531,108.94999694824219,107.95999908447266,108.26000213623047,0.0
1079568000,108.2699966430664,108.33999633789062,106.43000030517578,106.79000091552734,0.0
1079654400,106.79000091552734,107.29000091552734,106.56999969482422,106.66000366210938,0.0
1079913600,106.91000366210938,107.63999938964844,106.69999694824219,106.76000213623047,0.0
1080000000,106.73999786376953,106.94000244140625,106.47000122070312,106.76000213623047,0.0
1080086400,106.72000122070312,106.91000366210938,106.02999877929688,106.4000015258789,0.0
1080172800,106.41999816894531,106.41999816894531,105.76000213623047,106.12999725341797,0.0
1080259200,106.12999725341797,106.19000244140625,105.54000091552734,106.18000030517578,0.0
1080518400,105.2699966430664,105.91000366210938,105.2699966430664,105.45999908447266,0.0
1080604800,105.45999908447266,106.16000366210938,105.41999816894531,105.83999633789062,0.0
1080691200,105.83000183105469,105.88999938964844,103.54000091552734,104.20999908447266,0.0
1080777600,104.19999694824219,104.44999694824219,103.30000305175781,103.73999786376953,0.0
1080864000,103.72000122070312,104.66999816894531,103.68000030517578,104.61000061035156,0.0
1081123200,104.13999938964844,105.41999816894531,104.13999938964844,105.08999633789062,0.0
1081209600,105.06999969482422,106.97000122070312,104.94999694824219,105.76000213623047,0.0
1081296000,105.73999786376953,106.12000274658203,104.9800033569336,105.22000122070312,0.0
1081382400,105.2300033569336,106.43000030517578,105.13999938964844,106.41999816894531,0.0
1081468800,106.41999816894531,106.73999786376953,105.98999786376953,106.4000015258789,0.0
1081728000,106.2699966430664,106.41999816894531,105.16999816894531,105.3499984741211,0.0
1081814400,105.3499984741211,106.97000122070312,105.05000305175781,106.81999969482422,0.0
1081900800,106.81999969482422,108.95999908447266,106.72000122070312,108.66999816894531,0.0
1081987200,108.6500015258789,109.12000274658203,108.05000305175781,108.20999908447266,0.0
1082073600,108.19000244140625,108.8499984741211,107.56999969482422,107.80000305175781,0.0
1082332800,107.7699966430664,108.6500015258789,107.62999725341797,108.38999938964844,0.0
1082419200,108.19000244140625,109.06999969482422,107.70999908447266,108.95999908447266,0.0
1082505600,108.93000030517578,109.75,108.58000183105469,109.3499984741211,0.0
1082592000,109.33999633789062,109.86000061035156,109.13999938964844,109.37999725341797,0.0
1082678400,109.41999816894531,109.7699966430664,108.62999725341797,109.16000366210938,0.0
1082937600,109.16000366210938,109.31999969482422,108.30000305175781,108.62999725341797,0.0
1083024000,108.5999984741211,109.80000305175781,108.36000061035156,109.5199966430664,0.0
1083110400,109.55000305175781,110.16999816894531,108.76000213623047,110.0199966430664,0.0
1083196800,110.04000091552734,110.86000061035156,109.63999938964844,109.93000030517578,0.0
1083283200,109.94000244140625,110.5999984741211,109.83999633789062,110.37000274658203,0.0
1083542400,110.38999938964844,110.66999816894531,109.80000305175781,110.16000366210938,0.0
1083628800,110.18000030517578,110.55999755859375,109.23999786376953,109.55000305175781,0.0
1083715200,109.51000213623047,109.55999755859375,108.30999755859375,108.81999969482422,0.0
1083801600,108.83999633789062,109.86000061035156,108.63999938964844,109.73999786376953,0.0
1083888000,109.76000213623047,112.44000244140625,109.69999694824219,112.30999755859375,0.0
1084147200,112.23999786376953,114.08999633789062,112.23999786376953,113.7300033569336,0.0
1084233600,113.7300033569336,113.83000183105469,112.87000274658203,112.94000244140625,0.0
1084320000,112.93000030517578,113.44000244140625,112.43000030517578,112.97000122070312,0.0
1084406400,113.0,114.6500015258789,112.8499984741211,114.58999633789062,0.0
1084492800,114.58999633789062,114.83999633789062,114.0199966430664,114.11000061035156,0.0
1084752000,114.37000274658203,114.58000183105469,113.05999755859375,114.43000030517578,0.0
1084838400,114.43000030517578,114.66999816894531,113.38999938964844,114.08999633789062,0.0
1084924800,114.08000183105469,114.0999984741211,112.43000030517578,112.8499984741211,0.0
1085011200,112.86000061035156,113.8499984741211,112.58999633789062,112.7300033569336,0.0
1085097600,112.70999908447266,113.0199966430664,111.75,112.33999633789062,0.0
1085356800,112.36000061035156,113.2300033569336,112.08999633789062,113.12000274658203,0.0
1085443200,113.11000061035156,113.29000091552734,111.66999816894531,111.80999755859375,0.0
1085529600,111.80000305175781,111.97000122070312,111.23999786376953,111.86000061035156,0.0
1085616000,111.87999725341797,112.06999969482422,110.69000244140625,111.06999969482422,0.0
1085702400,111.05000305175781,111.05000305175781,109.97000122070312,109.97000122070312,0.0
1085961600,110.29000091552734,110.4000015258789,109.05000305175781,109.5199966430664,0.0
1086048000,109.5,110.70999908447266,109.2300033569336,110.41999816894531,0.0
1086134400,110.4000015258789,110.87999725341797,109.79000091552734,109.8499984741211,0.0
1086220800,109.83000183105469,111.44000244140625,109.80000305175781,111.16000366210938,0.0
1086307200,111.12999725341797,111.51000213623047,110.56999969482422,111.26000213623047,0.0
1086566400,110.94999694824219,110.9800033569336,109.4800033569336,109.62000274658203,0.0
1086652800,109.63999938964844,110.08999633789062,109.45999908447266,109.52999877929688,0.0
1086739200,109.52999877929688,110.54000091552734,108.63999938964844,110.38999938964844,0.0
1086825600,110.38999938964844,110.51000213623047,109.13999938964844,109.2699966430664,0.0
1086912000,109.26000213623047,110.44000244140625,109.26000213623047,110.12999725341797,0.0
1087171200,110.26000213623047,111.43000030517578,110.06999969482422,110.98999786376953,0.0
1087257600,110.98999786376953,111.3499984741211,109.30999755859375,109.41000366210938,0.0
1087344000,109.41000366210938,110.22000122070312,109.2300033569336,110.08999633789062,0.0
1087430400,110.0999984741211,110.18000030517578,108.94000244140625,109.58000183105469,0.0
1087516800,109.61000061035156,109.69999694824219,108.52999877929688,108.72000122070312,0.0
1087776000,108.68000030517578,108.94999694824219,108.23999786376953,108.68000030517578,0.0
1087862400,108.66000366210938,109.37000274658203,108.37999725341797,109.19000244140625,0.0
1087948800,109.18000030517578,109.18000030517578,108.1500015258789,108.20999908447266,0.0
1088035200,108.25,108.41999816894531,107.0,107.19000244140625,0.0
1088121600,107.19000244140625,107.97000122070312,107.11000061035156,107.5999984741211,0.0
1088380800,107.5,108.29000091552734,107.44000244140625,107.98999786376953,0.0
1088467200,108.0,108.72000122070312,107.81999969482422,108.19000244140625,0.0
1088553600,108.19000244140625,109.5199966430664,108.19000244140625,108.87000274658203,0.0
1088640000,108.8499984741211,108.87000274658203,107.87000274658203,108.47000122070312,0.0
1088726400,108.45999908447266,109.29000091552734,108.06999969482422,108.26000213623047,0.0
1088985600,108.25,109.19000244140625,108.25,109.01000213623047,0.0
1089072000,109.0199966430664,109.68000030517578,108.9000015258789,109.41000366210938,0.0
1089158400,109.41999816894531,109.47000122070312,108.19000244140625,108.5199966430664,0.0
1089244800,108.51000213623047,109.11000061035156,108.37999725341797,108.8499984741211,0.0
1089331200,108.87000274658203,108.93000030517578,107.93000030517578,108.18000030517578,0.0
1089590400,107.68000030517578,108.38999938964844,107.56999969482422,108.30999755859375,0.0
1089676800,108.33000183105469,109.36000061035156,108.18000030517578,108.41999816894531,0.0
1089763200,108.4000015258789,109.4000015258789,108.4000015258789,109.1500015258789,0.0
1089849600,109.16000366210938,109.94999694824219,109.0,109.76000213623047,0.0
1089936000,109.76000213623047,109.97000122070312,108.55999755859375,108.7300033569336,0.0
1090195200,108.77999877929688,108.80000305175781,108.08000183105469,108.2699966430664,0.0
1090281600,108.26000213623047,108.7699966430664,108.0999984741211,108.48999786376953,0.0
1090368000,108.5,110.26000213623047,108.3499984741211,109.87000274658203,0.0
1090454400,109.86000061035156,109.91000366210938,109.2699966430664,109.76000213623047,0.0
1090540800,109.75,110.2300033569336,109.62000274658203,110.1500015258789,0.0
1090800000,110.12000274658203,110.12999725341797,109.44000244140625,109.87000274658203,0.0
1090886400,109.86000061035156,111.16000366210938,109.5999984741211,110.87999725341797,0.0
1090972800,110.9000015258789,111.87999725341797,110.80000305175781,111.75,0.0
1091059200,111.75,112.47000122070312,111.48999786376953,112.11000061035156,0.0
1091145600,112.0999984741211,112.16000366210938,111.11000061035156,111.36000061035156,0.0
1091404800,111.19999694824219,111.38999938964844,110.61000061035156,110.8499984741211,0.0
1091491200,110.83000183105469,111.12999725341797,110.44000244140625,110.6500015258789,0.0
1091577600,110.6500015258789,111.69000244140625,110.5199966430664,111.0,0.0
1091664000,110.94000244140625,111.81999969482422,110.81999969482422,111.75,0.0
1091750400,111.75,111.87000274658203,109.86000061035156,110.51000213623047,0.0
1092009600,110.54000091552734,110.9000015258789,110.12000274658203,110.6500015258789,0.0
1092096000,110.6500015258789,111.43000030517578,110.41000366210938,111.22000122070312,0.0
1092182400,111.22000122070312,111.41999816894531,110.62999725341797,110.76000213623047,0.0
1092268800,110.7699966430664,111.22000122070312,110.44999694824219,110.87999725341797,0.0
1092355200,110.87999725341797,111.97000122070312,110.5,110.69999694824219,0.0
1092614400,110.5,110.95999908447266,110.3499984741211,110.38999938964844,0.0
1092700800,110.4000015258789,110.58999633789062,109.80000305175781,109.94999694824219,0.0
1092787200,109.97000122070312,110.13999938964844,109.27999877929688,109.43000030517578,0.0
1092873600,109.43000030517578,109.58999633789062,109.05999755859375,109.36000061035156,0.0
1092960000,109.37000274658203,109.69000244140625,108.9800033569336,109.11000061035156,0.0
1093219200,109.27999877929688,109.88999938964844,109.12000274658203,109.73999786376953,0.0
1093305600,109.73999786376953,110.0199966430664,109.41999816894531,109.69000244140625,0.0
1093392000,109.69000244140625,110.44000244140625,109.43000030517578,110.0999984741211,0.0
1093478400,110.06999969482422,110.25,109.3499984741211,109.62000274658203,0.0
1093564800,109.63999938964844,109.73999786376953,109.08000183105469,109.66000366210938,0.0
1093824000,109.7300033569336,110.37000274658203,109.54000091552734,109.91999816894531,0.0
1093910400,109.94000244140625,110.19000244140625,108.76000213623047,109.16999816894531,0.0
1093996800,109.16000366210938,109.66000366210938,108.94999694824219,109.36000061035156,0.0
1094083200,109.37000274658203,109.5999984741211,109.2300033569336,109.5,0.0
1094169600,109.5,110.69000244140625,109.12000274658203,110.41000366210938,0.0
1094428800,110.55000305175781,110.55000305175781,109.94000244140625,110.1500015258789,0.0
1094515200,110.18000030517578,110.18000030517578,109.23999786376953,109.37000274658203,0.0
1094601600,109.37999725341797,109.7699966430664,109.08000183105469,109.20999908447266,0.0
1094688000,109.19000244140625,110.0,109.13999938964844,109.38999938964844,0.0
1094774400,109.4000015258789,110.27999877929688,109.19999694824219,109.58000183105469,0.0
1095033600,109.3499984741211,110.30999755859375,109.30000305175781,110.05000305175781,0.0
1095120000,110.02999877929688,110.0999984741211,109.36000061035156,109.54000091552734,0.0
1095206400,109.52999877929688,110.37999725341797,109.30000305175781,110.0199966430664,0.0
1095292800,110.05000305175781,110.05999755859375,109.4800033569336,109.61000061035156,0.0
1095379200,109.58000183105469,110.22000122070312,109.36000061035156,109.69999694824219,0.0
1095638400,109.9800033569336,110.13999938964844,109.69000244140625,109.91000366210938,0.0
1095724800,109.91000366210938,110.16000366210938,109.58999633789062,109.77999877929688,0.0
1095811200,109.76000213623047,110.70999908447266,109.5999984741211,110.5999984741211,0.0
1095897600,110.58999633789062,110.87000274658203,110.26000213623047,110.73999786376953,0.0
1095984000,110.70999908447266,110.8499984741211,110.33000183105469,110.54000091552734,0.0
1096243200,110.62999725341797,111.3499984741211,110.4800033569336,111.16999816894531,0.0
1096329600,111.18000030517578,111.68000030517578,111.13999938964844,111.30999755859375,0.0
1096416000,111.30999755859375,111.37999725341797,110.66999816894531,111.0199966430664,0.0
1096502400,111.02999877929688,111.2300033569336,109.81999969482422,110.08000183105469,0.0
1096588800,110.06999969482422,110.55999755859375,109.83999633789062,110.4800033569336,0.0
1096848000,110.66000366210938,111.19000244140625,110.5,110.8499984741211,0.0
1096934400,110.87000274658203,111.33000183105469,110.68000030517578,111.05999755859375,0.0
1097020800,111.05000305175781,111.44000244140625,110.98999786376953,111.33999633789062,0.0
1097107200,111.31999969482422,111.41000366210938,110.97000122070312,111.11000061035156,0.0
1097193600,111.12999725341797,111.25,109.30999755859375,109.5,0.0
1097452800,109.48999786376953,109.56999969482422,109.12999725341797,109.37000274658203,0.0
1097539200,109.4000015258789,110.04000091552734,109.33999633789062,109.66999816894531,0.0
1097625600,109.6500015258789,110.16000366210938,109.41000366210938,109.66999816894531,0.0
1097712000,109.69000244140625,109.81999969482422,109.18000030517578,109.6500015258789,0.0
1097798400,109.62999725341797,109.6500015258789,108.80000305175781,109.37000274658203,0.0
1098057600,109.22000122070312,109.55999755859375,109.13999938964844,109.3499984741211,0.0
1098144000,109.3499984741211,109.43000030517578,108.23999786376953,108.3499984741211,0.0
1098230400,108.33999633789062,108.66000366210938,108.11000061035156,108.30000305175781,0.0
1098316800,108.26000213623047,108.37999725341797,107.33000183105469,107.41000366210938,0.0
1098403200,107.43000030517578,107.7300033569336,107.1500015258789,107.5199966430664,0.0
1098662400,107.20999908447266,107.2300033569336,106.20999908447266,106.5999984741211,0.0
1098748800,106.5999984741211,106.97000122070312,106.43000030517578,106.68000030517578,0.0
1098835200,106.68000030517578,107.11000061035156,106.25,106.6500015258789,0.0
1099008000,106.62000274658203,106.83999633789062,105.69999694824219,105.72000122070312,0.0
1099267200,105.80000305175781,106.5999984741211,105.77999877929688,106.44999694824219,0.0
1099353600,106.44000244140625,106.70999908447266,105.9800033569336,106.06999969482422,0.0
1099440000,106.06999969482422,106.87999725341797,105.97000122070312,106.12000274658203,0.0
1099526400,106.12999725341797,106.47000122070312,105.73999786376953,106.08000183105469,0.0
1099612800,106.13999938964844,106.5,105.48999786376953,105.48999786376953,0.0
1099872000,105.54000091552734,105.76000213623047,105.29000091552734,105.62000274658203,0.0
1099958400,105.62999725341797,105.87999725341797,105.5,105.75,0.0
1100044800,105.75,107.27999877929688,105.69999694824219,106.97000122070312,0.0
1100131200,106.94999694824219,107.04000091552734,106.41000366210938,106.68000030517578,0.0
1100217600,106.70999908447266,106.73999786376953,105.30999755859375,105.6500015258789,0.0
1100476800,105.43000030517578,105.58000183105469,105.13999938964844,105.41000366210938,0.0
1100563200,105.38999938964844,105.61000061035156,105.19000244140625,105.41999816894531,0.0
1100649600,105.41999816894531,105.47000122070312,103.80000305175781,104.05000305175781,0.0
1100736000,104.05999755859375,104.41000366210938,103.62999725341797,104.30000305175781,0.0
1100822400,104.31999969482422,104.3499984741211,102.72000122070312,103.08000183105469,0.0
1101081600,103.16000366210938,103.37000274658203,102.9800033569336,103.16000366210938,0.0
1101168000,103.13999938964844,103.6500015258789,102.91000366210938,103.33000183105469,0.0
1101254400,103.30999755859375,103.66999816894531,102.55999755859375,102.83999633789062,0.0
1101340800,102.83000183105469,102.98999786376953,102.36000061035156,102.5199966430664,0.0
1101427200,102.51000213623047,103.29000091552734,102.16999816894531,102.52999877929688,0.0
1101686400,102.75,103.0999984741211,102.5,103.02999877929688,0.0
1101772800,103.02999877929688,103.33999633789062,102.47000122070312,102.9000015258789,0.0
1101859200,102.88999938964844,102.98999786376953,102.48999786376953,102.51000213623047,0.0
1101945600,102.5,103.30000305175781,101.9000015258789,103.0999984741211,0.0
1102032000,103.08999633789062,103.58000183105469,102.0199966430664,102.08999633789062,0.0
1102291200,102.04000091552734,103.3499984741211,102.04000091552734,103.12999725341797,0.0
1102377600,103.12999725341797,103.1500015258789,102.41000366210938,102.86000061035156,0.0
1102464000,102.8499984741211,104.77999877929688,102.8499984741211,104.02999877929688,0.0
1102550400,104.01000213623047,104.95999908447266,103.87000274658203,104.68000030517578,0.0
1102636800,104.69000244140625,106.16000366210938,104.68000030517578,105.0199966430664,0.0
1102896000,105.41999816894531,105.41999816894531,104.5199966430664,104.69000244140625,0.0
1102982400,104.63999938964844,105.75,104.62999725341797,105.19999694824219,0.0
1103068800,105.19000244140625,105.68000030517578,103.98999786376953,104.25,0.0
1103155200,104.26000213623047,104.95999908447266,103.45999908447266,104.58000183105469,0.0
1103241600,104.58999633789062,104.69999694824219,104.06999969482422,104.1500015258789,0.0
1103500800,104.18000030517578,104.47000122070312,103.87000274658203,104.1500015258789,0.0
1103587200,104.12999725341797,104.62999725341797,103.7300033569336,104.30000305175781,0.0
1103673600,104.30999755859375,104.44000244140625,103.9000015258789,104.16000366210938,0.0
1103760000,104.13999938964844,104.1500015258789,103.52999877929688,103.55000305175781,0.0
1103846400,103.54000091552734,103.77999877929688,103.44000244140625,103.6500015258789,0.0
1104105600,103.72000122070312,104.05999755859375,102.70999908447266,102.88999938964844,0.0
1104192000,102.88999938964844,103.30999755859375,102.88999938964844,103.19000244140625,0.0
1104278400,103.16999816894531,104.2300033569336,103.13999938964844,103.94000244140625,0.0
1104364800,103.91999816894531,104.19999694824219,102.86000061035156,102.91000366210938,0.0
1104451200,102.9000015258789,102.94999694824219,102.30999755859375,102.51000213623047,0.0
1104710400,102.5199966430664,103.43000030517578,102.3499984741211,102.73999786376953,0.0
1104796800,102.7300033569336,104.73999786376953,102.45999908447266,104.33999633789062,0.0
1104883200,104.33000183105469,104.97000122070312,103.7699966430664,103.93000030517578,0.0
1104969600,103.95999908447266,105.12999725341797,103.95999908447266,104.88999938964844,0.0
1105056000,104.87000274658203,105.11000061035156,103.88999938964844,104.88999938964844,0.0
1105315200,104.68000030517578,104.80000305175781,104.06999969482422,104.16999816894531,0.0
1105401600,104.18000030517578,104.26000213623047,103.12000274658203,103.41999816894531,0.0
1105488000,103.41999816894531,103.52999877929688,102.18000030517578,102.44000244140625,0.0
1105574400,102.44999694824219,102.75,102.2300033569336,102.45999908447266,0.0
1105660800,102.45999908447266,103.11000061035156,101.80000305175781,101.9800033569336,0.0
1105920000,102.0199966430664,102.30000305175781,101.66000366210938,102.26000213623047,0.0
1106006400,102.26000213623047,102.97000122070312,102.1500015258789,102.26000213623047,0.0
1106092800,102.23999786376953,102.95999908447266,102.01000213623047,102.91000366210938,0.0
1106179200,102.87999725341797,103.54000091552734,102.4800033569336,103.37000274658203,0.0
1106265600,103.3499984741211,103.91000366210938,102.58999633789062,102.61000061035156,0.0
1106524800,102.80999755859375,102.9800033569336,102.48999786376953,102.58000183105469,0.0
1106611200,102.55999755859375,104.29000091552734,102.55999755859375,104.0199966430664,0.0
1106697600,104.01000213623047,104.0199966430664,102.76000213623047,103.06999969482422,0.0
1106784000,103.08000183105469,103.48999786376953,102.37999725341797,102.8499984741211,0.0
1106870400,102.86000061035156,103.61000061035156,102.83000183105469,102.7300033569336,0.0
1107129600,103.58999633789062,103.77999877929688,103.3499984741211,103.5999984741211,0.0
1107216000,103.61000061035156,104.06999969482422,103.48999786376953,103.63999938964844,0.0
1107302400,103.63999938964844,104.05999755859375,103.3499984741211,103.66000366210938,0.0
1107388800,103.6500015258789,104.69000244140625,103.63999938964844,104.45999908447266,0.0
1107475200,104.47000122070312,104.58999633789062,103.51000213623047,104.04000091552734,0.0
1107734400,104.30999755859375,105.0,104.05999755859375,104.81999969482422,0.0
1107820800,104.81999969482422,105.93000030517578,104.79000091552734,105.70999908447266,0.0
1107907200,105.68000030517578,105.94999694824219,105.33000183105469,105.58999633789062,0.0
1107993600,105.61000061035156,106.69000244140625,105.37999725341797,105.81999969482422,0.0
1108080000,105.81999969482422,105.86000061035156,105.48999786376953,105.75,0.0
1108339200,105.44999694824219,105.44999694824219,104.63999938964844,105.0999984741211,0.0
1108425600,105.0999984741211,105.36000061035156,104.29000091552734,104.55000305175781,0.0
1108512000,104.55000305175781,105.66999816894531,104.55000305175781,105.4800033569336,0.0
1108598400,105.5,105.7699966430664,105.18000030517578,105.4800033569336,0.0
1108684800,105.48999786376953,105.86000061035156,105.19999694824219,105.62999725341797,0.0
1108944000,105.61000061035156,105.77999877929688,105.4000015258789,105.44000244140625,0.0
1109030400,105.44000244140625,105.58999633789062,103.81999969482422,104.2300033569336,0.0
1109116800,104.22000122070312,105.08000183105469,104.16000366210938,105.05000305175781,0.0
1109203200,105.04000091552734,105.55999755859375,104.5999984741211,105.5,0.0
1109289600,105.43000030517578,105.4800033569336,105.02999877929688,105.23999786376953,0.0
1109548800,104.83000183105469,104.8499984741211,104.08999633789062,104.52999877929688,0.0
1109635200,104.55000305175781,104.73999786376953,104.18000030517578,104.44999694824219,0.0
1109721600,104.47000122070312,105.08000183105469,104.41999816894531,104.7699966430664,0.0
1109808000,104.76000213623047,105.36000061035156,104.7300033569336,105.29000091552734,0.0
1109894400,105.30999755859375,105.51000213623047,104.33000183105469,104.79000091552734,0.0
1110153600,104.58999633789062,105.3499984741211,104.5199966430664,105.08999633789062,0.0
1110240000,105.08000183105469,105.16000366210938,104.33000183105469,104.56999969482422,0.0
1110326400,104.55000305175781,104.7300033569336,103.6500015258789,104.01000213623047,0.0
1110412800,104.01000213623047,104.2699966430664,103.70999908447266,103.93000030517578,0.0
1110499200,103.93000030517578,104.27999877929688,103.72000122070312,104.08000183105469,0.0
1110758400,103.80999755859375,105.16999816894531,103.80000305175781,104.93000030517578,0.0
1110844800,104.91999816894531,104.97000122070312,104.13999938964844,104.54000091552734,0.0
1110931200,104.54000091552734,104.66999816894531,103.9000015258789,104.19000244140625,0.0
1111017600,104.19999694824219,104.83999633789062,104.12000274658203,104.52999877929688,0.0
1111104000,104.54000091552734,105.0,104.54000091552734,104.70999908447266,0.0
1111363200,104.66000366210938,105.4800033569336,104.63999938964844,105.20999908447266,0.0
1111449600,105.19999694824219,105.66000366210938,104.8499984741211,105.5999984741211,0.0
1111536000,105.5999984741211,106.1500015258789,105.25,105.91000366210938,0.0
1111622400,105.91999816894531,106.54000091552734,105.9000015258789,106.41999816894531,0.0
1111708800,106.41999816894531,106.48999786376953,106.26000213623047,106.36000061035156,0.0
1111968000,106.3499984741211,107.31999969482422,106.3499984741211,107.23999786376953,0.0
1112054400,107.2300033569336,107.58999633789062,106.97000122070312,107.33000183105469,0.0
1112140800,107.33999633789062,107.62999725341797,107.11000061035156,107.52999877929688,0.0
1112227200,107.5199966430664,107.55000305175781,106.62999725341797,107.13999938964844,0.0
1112313600,107.1500015258789,107.75,106.7699966430664,107.66000366210938,0.0
1112572800,107.6500015258789,108.37999725341797,107.58000183105469,108.27999877929688,0.0
1112659200,108.29000091552734,108.83000183105469,108.05999755859375,108.2699966430664,0.0
1112745600,108.25,108.76000213623047,107.83999633789062,108.68000030517578,0.0
1112832000,108.66999816894531,108.7699966430664,108.08999633789062,108.58999633789062,0.0
1112918400,108.61000061035156,108.86000061035156,108.13999938964844,108.16000366210938,0.0
1113177600,108.3499984741211,108.5,107.62000274658203,107.7300033569336,0.0
1113264000,107.7300033569336,108.44999694824219,107.51000213623047,107.80000305175781,0.0
1113350400,107.79000091552734,107.81999969482422,107.12999725341797,107.31999969482422,0.0
1113436800,107.31999969482422,108.4000015258789,107.26000213623047,108.30000305175781,0.0
1113523200,108.29000091552734,108.4800033569336,107.43000030517578,107.70999908447266,0.0
1113782400,107.66999816894531,108.0199966430664,107.26000213623047,107.43000030517578,0.0
1113868800,107.41999816894531,107.5,106.69999694824219,106.86000061035156,0.0
1113955200,106.87999725341797,107.4800033569336,106.5999984741211,106.8499984741211,0.0
1114041600,106.86000061035156,107.4000015258789,106.68000030517578,106.7699966430664,0.0
1114128000,106.7699966430664,106.94000244140625,105.73999786376953,105.94999694824219,0.0
1114387200,105.56999969482422,106.04000091552734,105.52999877929688,105.70999908447266,0.0
1114473600,105.69999694824219,106.13999938964844,105.56999969482422,106.12000274658203,0.0
1114560000,106.08999633789062,106.3499984741211,105.68000030517578,105.93000030517578,0.0
1114646400,105.93000030517578,106.26000213623047,105.6500015258789,106.04000091552734,0.0
1114732800,106.04000091552734,106.0999984741211,104.5999984741211,104.6500015258789,0.0
1114992000,105.12000274658203,105.41000366210938,104.9000015258789,105.0999984741211,0.0
1115078400,105.08999633789062,105.31999969482422,104.83999633789062,104.87000274658203,0.0
1115164800,104.8499984741211,104.98999786376953,104.19999694824219,104.5199966430664,0.0
1115251200,104.51000213623047,104.66999816894531,104.25,104.51000213623047,0.0
1115337600,104.51000213623047,105.06999969482422,104.5,105.06999969482422,0.0
1115596800,105.2300033569336,105.72000122070312,105.16000366210938,105.70999908447266,0.0
1115683200,105.73999786376953,105.94999694824219,105.36000061035156,105.45999908447266,0.0
1115769600,105.47000122070312,105.91000366210938,105.01000213623047,105.75,0.0
1115856000,105.76000213623047,106.9000015258789,105.68000030517578,106.81999969482422,0.0
1115942400,106.80999755859375,107.41000366210938,106.66000366210938,107.30999755859375,0.0
1116201600,107.38999938964844,107.76000213623047,106.69999694824219,106.8499984741211,0.0
1116288000,106.83999633789062,107.54000091552734,106.55000305175781,107.43000030517578,0.0
1116374400,107.43000030517578,107.76000213623047,106.75,107.01000213623047,0.0
1116460800,107.02999877929688,107.66999816894531,106.94000244140625,107.5999984741211,0.0
1116547200,107.58000183105469,108.27999877929688,107.33999633789062,108.1500015258789,0.0
1116806400,108.12000274658203,108.2699966430664,107.52999877929688,107.76000213623047,0.0
1116892800,107.75,107.77999877929688,107.22000122070312,107.58999633789062,0.0
1116979200,107.5999984741211,107.86000061035156,107.26000213623047,107.68000030517578,0.0
1117065600,107.69000244140625,108.25,107.62999725341797,108.02999877929688,0.0
1117152000,108.0199966430664,108.06999969482422,107.7300033569336,107.9800033569336,0.0
1117411200,108.06999969482422,108.13999938964844,107.7300033569336,107.95999908447266,0.0
1117497600,107.94999694824219,108.55999755859375,107.69999694824219,108.4000015258789,0.0
1117584000,108.41000366210938,108.83000183105469,108.12999725341797,108.66000366210938,0.0
1117670400,108.6500015258789,108.68000030517578,108.0999984741211,108.20999908447266,0.0
1117756800,108.20999908447266,108.2699966430664,107.48999786376953,107.63999938964844,0.0
1118016000,107.75,107.81999969482422,106.69999694824219,106.87000274658203,0.0
1118102400,106.87000274658203,107.0199966430664,106.48999786376953,106.62999725341797,0.0
1118188800,106.63999938964844,107.37000274658203,106.52999877929688,107.22000122070312,0.0
1118275200,107.22000122070312,107.70999908447266,107.06999969482422,107.4800033569336,0.0
1118361600,107.44000244140625,108.69000244140625,107.30999755859375,108.6500015258789,0.0
1118620800,108.58999633789062,109.66000366210938,108.43000030517578,109.44999694824219,0.0
1118707200,109.44999694824219,109.58000183105469,109.06999969482422,109.4000015258789,0.0
1118793600,109.41999816894531,109.69000244140625,109.12000274658203,109.16999816894531,0.0
1118880000,109.16999816894531,109.37999725341797,108.72000122070312,108.95999908447266,0.0
1118966400,108.95999908447266,109.05000305175781,108.5,108.52999877929688,0.0
1119225600,108.8499984741211,109.55999755859375,108.61000061035156,109.3499984741211,0.0
1119312000,109.36000061035156,109.47000122070312,108.13999938964844,108.41000366210938,0.0
1119398400,108.4000015258789,109.11000061035156,108.36000061035156,108.76000213623047,0.0
1119484800,108.7699966430664,108.9800033569336,108.4000015258789,108.91999816894531,0.0
1119571200,108.94000244140625,109.36000061035156,108.87000274658203,108.97000122070312,0.0
1119830400,109.18000030517578,109.41999816894531,109.12999725341797,109.27999877929688,0.0
1119916800,109.61000061035156,110.05000305175781,109.54000091552734,109.7699966430664,0.0
1120003200,110.08999633789062,110.5999984741211,109.94999694824219,110.44000244140625,0.0
1120089600,110.22000122070312,110.97000122070312,110.06999969482422,110.86000061035156,0.0
1120176000,110.87999725341797,111.77999877929688,110.63999938964844,111.73999786376953,0.0
1120435200,111.62000274658203,111.66999816894531,111.33000183105469,111.55999755859375,0.0
1120521600,111.55000305175781,112.0999984741211,111.44999694824219,111.55000305175781,0.0
1120608000,111.55000305175781,112.26000213623047,111.44999694824219,112.25,0.0
1120694400,112.2300033569336,112.30999755859375,111.52999877929688,112.0,0.0
1120780800,112.0,112.51000213623047,111.81999969482422,112.26000213623047,0.0
1121040000,112.1500015258789,112.22000122070312,111.63999938964844,111.69999694824219,0.0
1121126400,111.69999694824219,111.77999877929688,110.76000213623047,110.95999908447266,0.0
1121212800,110.94999694824219,112.20999908447266,110.91999816894531,112.01000213623047,0.0
1121299200,112.01000213623047,112.36000061035156,111.62999725341797,112.27999877929688,0.0
1121385600,112.25,112.36000061035156,111.7300033569336,112.20999908447266,0.0
1121644800,112.23999786376953,112.3499984741211,111.4800033569336,111.88999938964844,0.0
1121731200,111.91000366210938,112.97000122070312,111.83999633789062,112.9000015258789,0.0
1121817600,112.88999938964844,113.63999938964844,112.55999755859375,112.7300033569336,0.0
1121904000,112.73999786376953,112.81999969482422,109.91000366210938,110.43000030517578,0.0
1121990400,110.41999816894531,111.41999816894531,110.37999725341797,111.30000305175781,0.0
1122249600,111.62000274658203,111.94999694824219,111.30000305175781,111.63999938964844,0.0
1122336000,111.62999725341797,112.5999984741211,111.5199966430664,112.51000213623047,0.0
1122422400,112.51000213623047,112.77999877929688,112.12999725341797,112.44999694824219,0.0
1122508800,112.45999908447266,112.83999633789062,111.9800033569336,112.2699966430664,0.0
1122595200,112.29000091552734,112.52999877929688,111.97000122070312,112.44000244140625,0.0
1122854400,112.69999694824219,112.76000213623047,111.72000122070312,112.22000122070312,0.0
1122940800,112.19999694824219,112.25,111.12999725341797,111.38999938964844,0.0
1123027200,111.41000366210938,111.9000015258789,110.9800033569336,111.0999984741211,0.0
1123113600,111.0999984741211,111.55999755859375,110.7699966430664,111.2300033569336,0.0
1123200000,111.20999908447266,112.18000030517578,111.18000030517578,111.80000305175781,0.0
1123459200,112.27999877929688,112.5199966430664,111.52999877929688,112.08000183105469,0.0
1123545600,112.05000305175781,112.19999694824219,111.66000366210938,111.77999877929688,0.0
1123632000,111.80000305175781,111.81999969482422,110.41000366210938,110.6500015258789,0.0
1123718400,110.6500015258789,110.66000366210938,109.55999755859375,109.69999694824219,0.0
1123804800,109.70999908447266,109.91000366210938,109.30999755859375,109.33999633789062,0.0
1124064000,109.33999633789062,109.76000213623047,109.19000244140625,109.33000183105469,0.0
1124150400,109.31999969482422,109.66999816894531,109.02999877929688,109.5999984741211,0.0
1124236800,109.62000274658203,110.05999755859375,109.38999938964844,109.8499984741211,0.0
1124323200,109.83999633789062,110.6500015258789,109.83000183105469,110.45999908447266,0.0
1124409600,110.45999908447266,110.79000091552734,110.30999755859375,110.44000244140625,0.0
1124668800,110.5,110.5199966430664,109.4000015258789,109.69000244140625,0.0
1124755200,109.69999694824219,110.16000366210938,109.5999984741211,109.86000061035156,0.0
1124841600,109.86000061035156,110.70999908447266,109.86000061035156,110.2300033569336,0.0
1124928000,110.23999786376953,110.41999816894531,109.75,110.06999969482422,0.0
1125014400,110.0999984741211,110.36000061035156,109.4000015258789,110.16000366210938,0.0
1125273600,109.93000030517578,110.77999877929688,109.83000183105469,110.66999816894531,0.0
1125360000,110.66999816894531,111.58000183105469,110.47000122070312,111.3499984741211,0.0
1125446400,111.37000274658203,111.7300033569336,110.41999816894531,110.6500015258789,0.0
1125532800,110.62999725341797,110.88999938964844,109.6500015258789,109.88999938964844,0.0
1125619200,109.9000015258789,110.04000091552734,109.2300033569336,109.80000305175781,0.0
1125878400,109.7300033569336,109.7699966430664,108.79000091552734,109.31999969482422,0.0
1125964800,109.33999633789062,109.77999877929688,109.12999725341797,109.61000061035156,0.0
1126051200,109.62999725341797,110.26000213623047,109.41000366210938,110.02999877929688,0.0
1126137600,110.02999877929688,110.5999984741211,109.98999786376953,110.51000213623047,0.0
1126224000,110.48999786376953,110.73999786376953,109.48999786376953,109.62000274658203,0.0
1126483200,109.29000091552734,110.37000274658203,109.16000366210938,110.25,0.0
1126569600,110.25,110.97000122070312,110.12000274658203,110.70999908447266,0.0
1126656000,110.69999694824219,110.80000305175781,109.87000274658203,110.47000122070312,0.0
1126742400,110.47000122070312,110.69999694824219,110.16000366210938,110.5999984741211,0.0
1126828800,110.61000061035156,111.44999694824219,110.45999908447266,111.31999969482422,0.0
1127088000,111.4000015258789,111.6500015258789,111.1500015258789,111.47000122070312,0.0
1127174400,111.45999908447266,112.01000213623047,111.12999725341797,111.95999908447266,0.0
1127347200,111.83999633789062,111.86000061035156,110.98999786376953,111.62999725341797,0.0
1127433600,111.62000274658203,112.62000274658203,111.19999694824219,112.4800033569336,0.0
1127692800,112.41999816894531,112.56999969482422,112.08000183105469,112.31999969482422,0.0
1127779200,112.30000305175781,113.4800033569336,112.27999877929688,113.25,0.0
1127865600,113.25,113.44000244140625,112.87999725341797,112.91000366210938,0.0
1127952000,112.94999694824219,113.26000213623047,112.63999938964844,113.19999694824219,0.0
1128038400,113.20999908447266,113.68000030517578,112.91000366210938,113.45999908447266,0.0
1128297600,113.63999938964844,114.33999633789062,113.5,114.25,0.0
1128384000,114.26000213623047,114.37999725341797,114.01000213623047,114.3499984741211,0.0
1128470400,114.33000183105469,114.37999725341797,113.55999755859375,114.0999984741211,0.0
1128556800,114.08999633789062,114.13999938964844,113.02999877929688,113.33999633789062,0.0
1128643200,113.33999633789062,113.98999786376953,113.23999786376953,113.77999877929688,0.0
1128902400,113.73999786376953,114.27999877929688,113.52999877929688,114.22000122070312,0.0
1128988800,114.23999786376953,114.61000061035156,113.80999755859375,114.55000305175781,0.0
1129075200,114.55999755859375,114.72000122070312,114.19999694824219,114.37000274658203,0.0
1129161600,114.36000061035156,115.05999755859375,114.27999877929688,114.4800033569336,0.0
1129248000,114.4800033569336,114.87000274658203,113.83999633789062,114.05000305175781,0.0
1129507200,114.25,115.12999725341797,113.7699966430664,115.0999984741211,0.0
1129593600,115.08999633789062,115.91999816894531,115.06999969482422,115.79000091552734,0.0
1129680000,115.7699966430664,115.97000122070312,115.23999786376953,115.5199966430664,0.0
1129766400,115.5199966430664,115.73999786376953,115.25,115.30999755859375,0.0
1129852800,115.30999755859375,115.95999908447266,114.98999786376953,115.9000015258789,0.0
1130112000,115.83999633789062,115.93000030517578,115.04000091552734,115.47000122070312,0.0
1130198400,115.44999694824219,115.70999908447266,114.5999984741211,115.11000061035156,0.0
1130284800,115.12000274658203,115.91999816894531,114.88999938964844,115.91000366210938,0.0
1130371200,115.91000366210938,116.18000030517578,114.8499984741211,115.36000061035156,0.0
1130457600,115.31999969482422,115.69999694824219,115.08999633789062,115.56999969482422,0.0
1130716800,115.7300033569336,116.6500015258789,115.52999877929688,116.44000244140625,0.0
1130803200,116.44000244140625,116.81999969482422,116.4000015258789,116.76000213623047,0.0
1130889600,116.7699966430664,116.97000122070312,116.55000305175781,116.80000305175781,0.0
1130976000,116.80000305175781,117.37999725341797,116.79000091552734,117.22000122070312,0.0
1131062400,117.26000213623047,118.36000061035156,117.23999786376953,118.30999755859375,0.0
1131321600,118.2300033569336,118.23999786376953,117.45999908447266,117.62000274658203,0.0
1131408000,117.62000274658203,117.94999694824219,117.08000183105469,117.4000015258789,0.0
1131494400,117.37000274658203,117.76000213623047,116.83999633789062,117.73999786376953,0.0
1131580800,117.76000213623047,118.25,117.47000122070312,117.95999908447266,0.0
1131667200,117.98999786376953,118.18000030517578,117.5999984741211,118.04000091552734,0.0
1131926400,117.91999816894531,118.88999938964844,117.83999633789062,118.79000091552734,0.0
1132012800,118.80000305175781,119.38999938964844,118.72000122070312,118.8499984741211,0.0
1132099200,118.86000061035156,119.54000091552734,118.83000183105469,119.0999984741211,0.0
1132185600,119.0999984741211,119.13999938964844,118.47000122070312,118.80999755859375,0.0
1132272000,118.80999755859375,119.36000061035156,118.7300033569336,119.08999633789062,0.0
1132531200,119.18000030517578,119.41000366210938,118.52999877929688,119.08000183105469,0.0
1132617600,119.08000183105469,119.47000122070312,118.63999938964844,118.86000061035156,0.0
1132704000,118.87999725341797,118.9800033569336,118.2300033569336,118.76000213623047,0.0
1132790400,118.75,119.13999938964844,118.55999755859375,119.11000061035156,0.0
1132876800,119.13999938964844,119.68000030517578,119.12000274658203,119.63999938964844,0.0
1133136000,119.72000122070312,119.91999816894531,118.38999938964844,118.9000015258789,0.0
1133222400,118.88999938964844,119.7699966430664,118.77999877929688,119.75,0.0
1133308800,119.76000213623047,119.83000183105469,119.23999786376953,119.72000122070312,0.0
1133395200,119.69999694824219,120.69000244140625,119.66999816894531,120.41000366210938,0.0
1133481600,120.41999816894531,121.16000366210938,120.16000366210938,120.44999694824219,0.0
1133740800,121.02999877929688,121.37000274658203,120.69999694824219,120.83999633789062,0.0
1133827200,120.8499984741211,121.23999786376953,120.58000183105469,120.68000030517578,0.0
1133913600,120.66999816894531,121.13999938964844,120.66999816894531,121.02999877929688,0.0
1134000000,121.02999877929688,121.02999877929688,119.9800033569336,120.38999938964844,0.0
1134086400,120.4000015258789,120.70999908447266,120.30999755859375,120.63999938964844,0.0
1134345600,120.81999969482422,121.01000213623047,119.5199966430664,119.9000015258789,0.0
1134432000,119.93000030517578,120.41999816894531,119.68000030517578,120.04000091552734,0.0
1134518400,120.04000091552734,120.06999969482422,116.70999908447266,117.55000305175781,0.0
1134604800,117.52999877929688,117.6500015258789,115.83999633789062,116.31999969482422,0.0
1134691200,116.30999755859375,116.4800033569336,115.56999969482422,115.63999938964844,0.0
1134950400,115.56999969482422,116.52999877929688,115.51000213623047,116.05000305175781,0.0
1135036800,116.05999755859375,117.30999755859375,115.95999908447266,117.23999786376953,0.0
1135123200,117.25,117.4800033569336,116.77999877929688,117.4800033569336,0.0
1135209600,117.4800033569336,117.62999725341797,116.41999816894531,116.66999816894531,0.0
1135296000,116.68000030517578,116.8499984741211,116.12999725341797,116.36000061035156,0.0
1135555200,116.25,116.55000305175781,116.05000305175781,116.5999984741211,0.0
1135641600,116.62000274658203,117.45999908447266,116.62000274658203,117.31999969482422,0.0
1135728000,117.33999633789062,117.93000030517578,116.98999786376953,117.72000122070312,0.0
1135814400,117.72000122070312,117.97000122070312,117.69000244140625,117.80999755859375,0.0
1135900800,117.81999969482422,118.16000366210938,117.0999984741211,117.9800033569336,0.0
1136160000,117.87000274658203,118.01000213623047,117.54000091552734,117.80000305175781,0.0
1136246400,117.80000305175781,117.86000061035156,115.83999633789062,115.9800033569336,0.0
1136332800,116.01000213623047,116.43000030517578,115.61000061035156,116.22000122070312,0.0
1136419200,116.19999694824219,116.44000244140625,115.76000213623047,116.0,0.0
1136505600,116.0,116.2699966430664,114.2300033569336,114.38999938964844,0.0
1136764800,114.48999786376953,114.72000122070312,113.76000213623047,114.54000091552734,0.0
1136851200,114.52999877929688,114.76000213623047,114.11000061035156,114.44999694824219,0.0
1136937600,114.44999694824219,114.86000061035156,113.91999816894531,114.27999877929688,0.0
1137024000,114.26000213623047,114.66999816894531,113.48999786376953,114.62999725341797,0.0
1137110400,114.6500015258789,114.75,114.13999938964844,114.22000122070312,0.0
1137369600,113.9000015258789,115.19000244140625,113.83999633789062,115.12000274658203,0.0
1137456000,115.12000274658203,115.9000015258789,114.61000061035156,115.58499908447266,0.0
1137542400,115.6050033569336,115.87999725341797,114.81999969482422,115.26000213623047,0.0
1137628800,115.23999786376953,115.55999755859375,114.91999816894531,115.5,0.0
1137715200,115.5,115.6500015258789,114.97000122070312,115.2699966430664,0.0
1137974400,115.16999816894531,115.26000213623047,114.1500015258789,114.47000122070312,0.0
1138060800,114.44000244140625,115.12000274658203,114.37000274658203,115.04000091552734,0.0
1138147200,115.05000305175781,115.87999725341797,114.62999725341797,115.7699966430664,0.0
1138233600,115.76000213623047,116.55000305175781,115.48999786376953,116.29000091552734,0.0
1138320000,116.31500244140625,117.4000015258789,116.11000061035156,117.4000015258789,0.0
1138579200,117.02999877929688,117.80000305175781,117.0199966430664,117.62000274658203,0.0
1138665600,117.6500015258789,117.7699966430664,116.69000244140625,117.30999755859375,0.0
1138752000,117.31999969482422,118.1449966430664,117.06999969482422,117.97000122070312,0.0
1138838400,117.95500183105469,118.62999725341797,117.8499984741211,118.51499938964844,0.0
1138924800,118.4800033569336,119.3499984741211,118.30999755859375,118.88999938964844,0.0
1139184000,118.83000183105469,119.12000274658203,118.48999786376953,119.06999969482422,0.0
1139270400,119.08499908447266,119.15499877929688,117.54000091552734,117.7300033569336,0.0
1139356800,117.73999786376953,118.76000213623047,117.62999725341797,118.48999786376953,0.0
1139443200,118.4800033569336,118.9000015258789,118.31999969482422,118.70999908447266,0.0
1139529600,118.70999908447266,118.88500213623047,116.91000366210938,117.83000183105469,0.0
1139788800,117.68000030517578,118.23999786376953,117.41000366210938,117.52999877929688,0.0
1139875200,117.51000213623047,117.68000030517578,117.12000274658203,117.5999984741211,0.0
1139961600,117.55999755859375,118.05999755859375,116.80000305175781,117.94000244140625,0.0
1140048000,117.94000244140625,118.2300033569336,117.36000061035156,117.45999908447266,0.0
1140134400,117.4800033569336,118.8499984741211,117.46499633789062,118.13999938964844,0.0
1140393600,118.05999755859375,118.33999633789062,117.91999816894531,118.36000061035156,0.0
1140480000,118.3499984741211,118.97000122070312,118.3499984741211,118.78500366210938,0.0
1140566400,118.80999755859375,118.87999725341797,118.27999877929688,118.41000366210938,0.0
1140652800,118.41999816894531,118.47000122070312,116.83000183105469,117.06999969482422,0.0
1140739200,117.08000183105469,117.08000183105469,116.4800033569336,116.83999633789062,0.0
1140998400,117.02999877929688,117.04000091552734,115.80999755859375,116.20999908447266,0.0
1141084800,116.20999908447266,116.44999694824219,115.4800033569336,115.79000091552734,0.0
1141171200,115.77999877929688,116.30999755859375,115.61000061035156,116.05999755859375,0.0
1141257600,116.05000305175781,116.37999725341797,115.62000274658203,115.83999633789062,0.0
1141344000,115.83999633789062,116.69999694824219,115.80999755859375,116.41000366210938,0.0
1141603200,116.09500122070312,117.66500091552734,116.08000183105469,117.58999633789062,0.0
1141689600,117.55999755859375,117.97000122070312,117.3499984741211,117.7699966430664,0.0
1141776000,117.7699966430664,118.0,117.31999969482422,117.81999969482422,0.0
1141862400,117.80000305175781,118.33000183105469,117.0999984741211,118.19999694824219,0.0
1141948800,118.19999694824219,119.12000274658203,118.0199966430664,119.0,0.0
1142208000,118.9800033569336,119.18000030517578,118.56999969482422,118.66000366210938,0.0
1142294400,118.66999816894531,118.73999786376953,117.23999786376953,117.68000030517578,0.0
1142380800,117.66999816894531,117.7699966430664,117.16000366210938,117.5199966430664,0.0
1142467200,117.52999877929688,117.88500213623047,116.7699966430664,116.87999725341797,0.0
1142553600,116.87999725341797,116.87999725341797,115.73999786376953,115.91000366210938,0.0
1142812800,116.08999633789062,116.47000122070312,115.5199966430664,116.37000274658203,0.0
1142899200,116.36000061035156,117.31999969482422,116.25,117.22000122070312,0.0
1142985600,117.25,117.37999725341797,116.58000183105469,116.87000274658203,0.0
1143072000,116.87999725341797,117.94000244140625,116.75,117.83000183105469,0.0
1143158400,117.83000183105469,118.47000122070312,117.38999938964844,117.44999694824219,0.0
1143417600,117.58000183105469,117.61000061035156,116.38999938964844,116.7300033569336,0.0
1143504000,116.73999786376953,118.02999877929688,116.27999877929688,117.76000213623047,0.0
1143590400,117.79000091552734,118.19000244140625,117.5,117.7699966430664,0.0
1143676800,117.76000213623047,117.91999816894531,117.16000366210938,117.30999755859375,0.0
1143763200,117.30999755859375,118.12000274658203,117.23999786376953,117.76000213623047,0.0
1144022400,117.68000030517578,118.76000213623047,117.62000274658203,117.80000305175781,0.0
1144108800,117.79000091552734,117.93000030517578,117.2300033569336,117.44000244140625,0.0
1144195200,117.41999816894531,117.73999786376953,116.69000244140625,117.44000244140625,0.0
1144281600,117.45999908447266,117.94000244140625,117.27999877929688,117.77999877929688,0.0
1144368000,117.80000305175781,118.38999938964844,117.47000122070312,118.23999786376953,0.0
1144627200,118.12000274658203,118.68499755859375,117.90499877929688,118.41000366210938,0.0
1144713600,118.41999816894531,118.87000274658203,118.16000366210938,118.20999908447266,0.0
1144800000,118.22000122070312,118.58000183105469,117.80999755859375,118.41000366210938,0.0
1144886400,118.41999816894531,118.80999755859375,118.30999755859375,118.54000091552734,0.0
1144972800,118.55000305175781,118.72000122070312,118.52999877929688,118.68000030517578,0.0
1145232000,118.48999786376953,118.5,117.54000091552734,117.80999755859375,0.0
1145318400,117.81999969482422,118.16999816894531,116.83999633789062,116.87999725341797,0.0
1145404800,116.87000274658203,117.91000366210938,116.73999786376953,117.36000061035156,0.0
1145491200,117.33999633789062,117.7750015258789,117.30000305175781,117.41000366210938,0.0
1145577600,117.43000030517578,117.7300033569336,116.51000213623047,116.58000183105469,0.0
1145836800,115.72000122070312,115.91999816894531,114.2300033569336,114.5999984741211,0.0
1145923200,114.5999984741211,114.9800033569336,114.30999755859375,114.91000366210938,0.0
1146009600,114.9000015258789,115.30999755859375,114.62000274658203,114.76000213623047,0.0
1146096000,114.76000213623047,115.0199966430664,113.80999755859375,114.18000030517578,0.0
1146182400,114.19000244140625,114.43000030517578,113.63999938964844,113.81999969482422,0.0
1146441600,113.69999694824219,113.80500030517578,112.41000366210938,113.55000305175781,0.0
1146528000,113.56500244140625,113.97000122070312,113.0999984741211,113.36000061035156,0.0
1146614400,113.36000061035156,113.80000305175781,112.87999725341797,113.79000091552734,0.0
1146700800,113.79000091552734,114.15499877929688,113.25,113.58499908447266,0.0
1146787200,113.55999755859375,113.98500061035156,112.2699966430664,112.55999755859375,0.0
1147046400,112.06999969482422,112.18000030517578,110.98999786376953,111.68000030517578,0.0
1147132800,111.68499755859375,111.9000015258789,110.91999816894531,111.01000213623047,0.0
1147219200,111.01000213623047,111.22000122070312,110.08999633789062,110.83000183105469,0.0
1147305600,110.83999633789062,111.47000122070312,110.11000061035156,110.41999816894531,0.0
1147392000,110.41999816894531,110.55000305175781,109.33000183105469,109.97000122070312,0.0
1147651200,109.48999786376953,110.72000122070312,109.33999633789062,110.69999694824219,0.0
1147737600,110.68000030517578,110.83999633789062,109.61000061035156,109.76000213623047,0.0
1147824000,109.7699966430664,111.23999786376953,109.0,110.91000366210938,0.0
1147910400,110.91999816894531,111.22000122070312,110.36000061035156,110.9000015258789,0.0
1147996800,110.91000366210938,112.16000366210938,110.44000244140625,111.66000366210938,0.0
1148256000,111.5999984741211,112.91999816894531,111.29000091552734,111.45999908447266,0.0
1148342400,111.45999908447266,112.37999725341797,110.9800033569336,112.13999938964844,0.0
1148428800,112.12999725341797,112.94000244140625,111.63999938964844,112.73999786376953,0.0
1148515200,112.73999786376953,112.83999633789062,111.62999725341797,111.76000213623047,0.0
1148601600,111.75,112.75,111.4800033569336,112.6500015258789,0.0
1148860800,112.41000366210938,112.66999816894531,112.12999725341797,112.55999755859375,0.0
1148947200,112.55000305175781,112.76000213623047,111.62999725341797,112.1500015258789,0.0
1149033600,112.1449966430664,112.66000366210938,111.55000305175781,112.52999877929688,0.0
1149120000,112.55000305175781,113.33000183105469,112.37000274658203,112.4800033569336,0.0
1149206400,112.47000122070312,112.91000366210938,111.33999633789062,111.7300033569336,0.0
1149465600,111.62999725341797,112.33999633789062,111.5,112.33999633789062,0.0
1149552000,112.3499984741211,113.51000213623047,112.06999969482422,113.21499633789062,0.0
1149638400,113.20999908447266,113.67500305175781,112.91000366210938,113.43000030517578,0.0
1149724800,113.41000366210938,114.63999938964844,113.36000061035156,113.93499755859375,0.0
1149811200,113.94000244140625,114.27999877929688,113.5999984741211,113.95999908447266,0.0
1150070400,114.19999694824219,114.48999786376953,113.94999694824219,114.37999725341797,0.0
1150156800,114.38999938964844,115.41000366210938,114.26000213623047,115.23999786376953,0.0
1150243200,115.23999786376953,115.36000061035156,114.4800033569336,114.86000061035156,0.0
1150329600,114.86499786376953,115.12999725341797,114.6500015258789,114.71499633789062,0.0
1150416000,114.70999908447266,115.18000030517578,114.55000305175781,115.13999938964844,0.0
1150675200,115.3499984741211,115.73999786376953,115.1500015258789,115.37999725341797,0.0
1150761600,115.38999938964844,115.5999984741211,114.5999984741211,114.9000015258789,0.0
1150848000,114.91000366210938,115.19000244140625,114.41999816894531,114.83499908447266,0.0
1150934400,114.8499984741211,116.2699966430664,114.66999816894531,116.08000183105469,0.0
1151020800,116.05000305175781,116.58000183105469,115.75,116.54000091552734,0.0
1151280000,116.43000030517578,116.54000091552734,116.08999633789062,116.22000122070312,0.0
1151366400,116.22000122070312,116.68499755859375,115.87000274658203,116.31999969482422,0.0
1151452800,116.30999755859375,116.4800033569336,116.05999755859375,116.4000015258789,0.0
1151539200,116.41000366210938,116.61000061035156,114.81999969482422,115.1500015258789,0.0
1151625600,115.1500015258789,115.19000244140625,114.18000030517578,114.48999786376953,0.0
1151884800,114.30000305175781,114.93000030517578,114.0999984741211,114.75,0.0
1151971200,114.73999786376953,115.16000366210938,114.38999938964844,115.09500122070312,0.0
1152057600,115.08000183105469,115.7699966430664,114.5999984741211,115.56999969482422,0.0
1152144000,115.56999969482422,115.66500091552734,114.9000015258789,115.26000213623047,0.0
1152230400,115.25,115.27999877929688,113.81999969482422,113.95999908447266,0.0
1152489600,114.0,114.30999755859375,113.44999694824219,114.30000305175781,0.0
1152576000,114.31999969482422,114.58999633789062,113.91999816894531,114.30000305175781,0.0
1152662400,114.2699966430664,115.70999908447266,114.16999816894531,115.30999755859375,0.0
1152748800,115.30000305175781,115.48999786376953,115.0,115.33999633789062,0.0
1152835200,115.33999633789062,116.37999725341797,115.33000183105469,116.08000183105469,0.0
1153094400,116.25,117.26499938964844,116.13999938964844,117.08000183105469,0.0
1153180800,117.08000183105469,117.55999755859375,116.70999908447266,117.33000183105469,0.0
1153267200,117.31999969482422,117.8499984741211,116.63999938964844,116.83000183105469,0.0
1153353600,116.81999969482422,117.11000061035156,116.56500244140625,116.95999908447266,0.0
1153440000,116.95999908447266,117.0,115.80000305175781,116.12000274658203,0.0
1153699200,116.19999694824219,116.9000015258789,116.19000244140625,116.75,0.0
1153785600,116.73999786376953,117.37999725341797,116.54000091552734,117.1500015258789,0.0
1153872000,117.13999938964844,117.16999816894531,116.19000244140625,116.3499984741211,0.0
1153958400,116.36000061035156,116.37999725341797,115.29000091552734,115.75,0.0
1154044800,115.76000213623047,115.97000122070312,114.58999633789062,114.73999786376953,0.0
1154304000,114.80000305175781,114.83000183105469,114.1500015258789,114.51000213623047,0.0
1154390400,114.51000213623047,115.3499984741211,114.4800033569336,114.55999755859375,0.0
1154476800,114.56999969482422,114.83999633789062,114.20999908447266,114.55999755859375,0.0
1154563200,114.56999969482422,115.29000091552734,114.54000091552734,115.04000091552734,0.0
1154649600,115.05000305175781,115.5199966430664,114.00499725341797,114.4800033569336,0.0
1154908800,114.29000091552734,115.20999908447266,114.16000366210938,115.11000061035156,0.0
1154995200,115.11000061035156,115.70999908447266,114.5999984741211,115.69000244140625,0.0
1155081600,115.69999694824219,115.72000122070312,114.81999969482422,115.36000061035156,0.0
1155168000,115.36499786376953,115.5999984741211,114.68000030517578,115.16000366210938,0.0
1155254400,115.16000366210938,116.41000366210938,115.16000366210938,116.27999877929688,0.0
1155513600,116.19999694824219,116.7300033569336,116.16000366210938,116.5999984741211,0.0
1155600000,116.58000183105469,116.69499969482422,115.83999633789062,115.94000244140625,0.0
1155686400,115.97000122070312,116.3499984741211,115.63999938964844,115.875,0.0
1155772800,115.87999725341797,116.13999938964844,115.18000030517578,115.9000015258789,0.0
1155859200,115.91999816894531,116.06999969482422,115.44999694824219,115.7699966430664,0.0
1156118400,115.69999694824219,116.05999755859375,115.41000366210938,115.97000122070312,0.0
1156204800,115.97000122070312,116.83000183105469,115.9000015258789,116.47000122070312,0.0
1156291200,116.4800033569336,116.62000274658203,116.08999633789062,116.38999938964844,0.0
1156377600,116.3499984741211,116.58000183105469,116.22000122070312,116.45999908447266,0.0
1156464000,116.44499969482422,117.38999938964844,116.43000030517578,117.26000213623047,0.0
1156723200,117.2699966430664,117.31999969482422,116.86000061035156,117.16999816894531,0.0
1156809600,117.16999816894531,117.19999694824219,116.5199966430664,116.70500183105469,0.0
1156896000,116.69999694824219,117.2699966430664,116.6500015258789,117.0199966430664,0.0
1156982400,117.01000213623047,117.47000122070312,116.94999694824219,117.36000061035156,0.0
1157068800,117.36000061035156,117.47000122070312,116.93000030517578,117.05999755859375,0.0
1157328000,116.91999816894531,116.97000122070312,115.86000061035156,116.16999816894531,0.0
1157414400,116.16000366210938,116.19000244140625,115.58000183105469,116.16999816894531,0.0
1157500800,116.18000030517578,116.87000274658203,115.97000122070312,116.55999755859375,0.0
1157587200,116.54000091552734,117.01000213623047,115.9800033569336,116.44000244140625,0.0
1157673600,116.44000244140625,116.98999786376953,116.0999984741211,116.94999694824219,0.0
1157932800,116.95999908447266,117.76000213623047,116.5999984741211,117.55000305175781,0.0
1158019200,117.55000305175781,118.0999984741211,117.43000030517578,117.81999969482422,0.0
1158105600,117.83999633789062,118.0,117.37000274658203,117.44999694824219,0.0
1158192000,117.48999786376953,117.76000213623047,117.31999969482422,117.56999969482422,0.0
1158278400,117.56999969482422,118.08999633789062,117.37000274658203,117.47000122070312,0.0
1158537600,117.7300033569336,118.2699966430664,117.68000030517578,117.88999938964844,0.0
1158624000,117.87999725341797,118.06999969482422,116.98999786376953,117.5999984741211,0.0
1158710400,117.5999984741211,117.63999938964844,116.97000122070312,117.45999908447266,0.0
1158796800,117.44000244140625,117.45999908447266,116.2300033569336,116.36000061035156,0.0
1158883200,116.36000061035156,116.69999694824219,116.08000183105469,116.69999694824219,0.0
1159142400,116.5199966430664,116.7249984741211,116.11000061035156,116.4749984741211,0.0
1159228800,116.46499633789062,117.22000122070312,116.2699966430664,117.13999938964844,0.0
1159315200,117.13999938964844,117.62999725341797,116.88999938964844,117.44000244140625,0.0
1159401600,117.44000244140625,117.91999816894531,117.31999969482422,117.7300033569336,0.0
1159488000,117.73999786376953,118.18000030517578,117.55000305175781,117.95999908447266,0.0
1159747200,118.08000183105469,118.37000274658203,117.5199966430664,117.66000366210938,0.0
1159833600,117.66999816894531,118.1500015258789,117.37999725341797,118.05000305175781,0.0
1159920000,118.05000305175781,118.25,117.76000213623047,117.81999969482422,0.0
1160006400,117.80999755859375,117.86000061035156,117.41999816894531,117.8499984741211,0.0
1160092800,117.8550033569336,119.06999969482422,117.76000213623047,119.01000213623047,0.0
1160352000,118.95999908447266,119.27999877929688,118.80999755859375,118.98999786376953,0.0
1160438400,118.98999786376953,119.75499725341797,118.88999938964844,119.66999816894531,0.0
1160524800,119.66999816894531,119.80000305175781,119.33000183105469,119.73999786376953,0.0
1160611200,119.7300033569336,119.7699966430664,119.26000213623047,119.37999725341797,0.0
1160697600,119.37000274658203,119.86000061035156,119.08999633789062,119.5999984741211,0.0
1160956800,119.73999786376953,119.77999877929688,118.97000122070312,118.95999908447266,0.0
1161043200,118.95999908447266,119.12000274658203,118.36000061035156,118.58999633789062,0.0
1161129600,118.61000061035156,119.16000366210938,118.30999755859375,118.91999816894531,0.0
1161216000,118.94000244140625,119.0,118.04000091552734,118.27999877929688,0.0
1161302400,118.27999877929688,118.77999877929688,118.16000366210938,118.72000122070312,0.0
1161561600,118.62000274658203,119.37999725341797,118.56999969482422,119.30000305175781,0.0
1161648000,119.31999969482422,119.62999725341797,119.11499786376953,119.33999633789062,0.0
1161734400,119.4000015258789,119.4000015258789,118.91000366210938,118.94000244140625,0.0
1161820800,118.97000122070312,118.98999786376953,118.2699966430664,118.37999725341797,0.0
1161907200,118.37000274658203,118.69999694824219,117.25499725341797,117.58000183105469,0.0
1162166400,117.5199966430664,117.62999725341797,117.20500183105469,117.61000061035156,0.0
1162252800,117.61000061035156,118.02999877929688,116.62999725341797,116.79000091552734,0.0
1162339200,116.80000305175781,117.26000213623047,116.61000061035156,117.22000122070312,0.0
1162425600,117.20999908447266,117.3499984741211,116.69000244140625,117.0999984741211,0.0
1162512000,117.12000274658203,118.18000030517578,116.98999786376953,117.9800033569336,0.0
1162771200,117.8949966430664,118.44999694824219,117.8499984741211,118.16999816894531,0.0
1162857600,118.18000030517578,118.23999786376953,117.2699966430664,117.58999633789062,0.0
1162944000,117.58000183105469,117.9800033569336,117.37999725341797,117.83000183105469,0.0
1163030400,117.80999755859375,118.58999633789062,117.70999908447266,117.79000091552734,0.0
1163116800,117.79499816894531,117.86000061035156,117.25,117.5199966430664,0.0
1163376000,117.54000091552734,118.26000213623047,117.13999938964844,117.62999725341797,0.0
1163462400,117.62999725341797,117.91999816894531,117.26000213623047,117.62999725341797,0.0
1163548800,117.63999938964844,118.16999816894531,117.55000305175781,117.87999725341797,0.0
1163635200,117.9000015258789,118.26000213623047,117.73999786376953,118.22000122070312,0.0
1163721600,118.23999786376953,118.44000244140625,117.5199966430664,117.54000091552734,0.0
1163980800,117.875,118.18000030517578,117.76000213623047,118.04000091552734,0.0
1164067200,118.06999969482422,118.22000122070312,117.7300033569336,117.86000061035156,0.0
1164153600,117.83999633789062,117.87000274658203,116.33999633789062,116.76000213623047,0.0
1164240000,117.83999633789062,117.87000274658203,116.04000091552734,116.27999877929688,0.0
1164326400,116.2699966430664,116.47000122070312,115.58999633789062,115.88999938964844,0.0
1164585600,115.48999786376953,116.33999633789062,115.4800033569336,116.11000061035156,0.0
1164672000,116.06999969482422,116.37999725341797,115.9000015258789,116.05000305175781,0.0
1164758400,116.02999877929688,116.43000030517578,115.58999633789062,116.43000030517578,0.0
1164844800,116.4000015258789,116.5,115.51000213623047,115.68000030517578,0.0
1164931200,115.6500015258789,116.36499786376953,114.9800033569336,115.2300033569336,0.0
1165190400,115.2300033569336,115.76000213623047,115.19000244140625,115.37000274658203,0.0
1165276800,115.36000061035156,115.41999816894531,114.45999908447266,114.94999694824219,0.0
1165363200,114.94499969482422,115.3499984741211,114.51000213623047,115.31999969482422,0.0
1165449600,115.31999969482422,115.33999633789062,114.7699966430664,115.13999938964844,0.0
1165536000,115.17500305175781,116.47000122070312,114.91999816894531,116.29000091552734,0.0
1165795200,116.27999877929688,117.22000122070312,116.26000213623047,116.76000213623047,0.0
1165881600,116.77999877929688,117.18000030517578,116.66000366210938,116.69999694824219,0.0
1165968000,116.69999694824219,117.63999938964844,116.69999694824219,117.4000015258789,0.0
1166054400,117.41000366210938,117.86000061035156,117.2699966430664,117.76000213623047,0.0
1166140800,117.81500244140625,118.29499816894531,117.48999786376953,118.1500015258789,0.0
1166400000,118.03500366210938,118.26000213623047,117.69000244140625,118.05000305175781,0.0
1166486400,118.05999755859375,118.2699966430664,117.81999969482422,118.01000213623047,0.0
1166572800,118.01000213623047,118.48999786376953,117.94000244140625,118.33999633789062,0.0
1166659200,118.32499694824219,118.4800033569336,117.94999694824219,118.29000091552734,0.0
1166745600,118.27999877929688,118.98999786376953,118.20999908447266,118.98999786376953,0.0
1167004800,118.75,118.94999694824219,118.68000030517578,118.83999633789062,0.0
1167091200,118.83999633789062,119.19999694824219,118.80999755859375,119.12000274658203,0.0
1167177600,119.11000061035156,119.12999725341797,118.29000091552734,118.7699966430664,0.0
1167264000,118.77999877929688,119.01000213623047,118.51000213623047,118.8949966430664,0.0
1167350400,118.9000015258789,119.13999938964844,118.73999786376953,118.9800033569336,0.0
1167609600,119.04000091552734,119.08000183105469,118.8499984741211,118.87999725341797,0.0
1167696000,118.91000366210938,118.91999816894531,118.48999786376953,118.83000183105469,0.0
1167782400,118.83999633789062,119.66000366210938,118.66000366210938,119.33999633789062,0.0
1167868800,119.33999633789062,119.48999786376953,118.73999786376953,118.83000183105469,0.0
1167955200,118.80999755859375,119.0,117.99500274658203,118.69000244140625,0.0
1168214400,118.58000183105469,118.81999969482422,118.12999725341797,118.69000244140625,0.0
1168300800,118.69999694824219,119.5199966430664,118.69499969482422,119.30000305175781,0.0
1168387200,119.30000305175781,119.7699966430664,119.13999938964844,119.51000213623047,0.0
1168473600,119.52999877929688,120.62000274658203,119.48999786376953,120.30000305175781,0.0
1168560000,120.32499694824219,120.69000244140625,120.19000244140625,120.30000305175781,0.0
1168819200,120.26000213623047,120.58999633789062,120.05999755859375,120.41999816894531,0.0
1168905600,120.44000244140625,120.83000183105469,120.22000122070312,120.79000091552734,0.0
1168992000,120.79000091552734,120.86000061035156,120.3499984741211,120.62000274658203,0.0
1169078400,120.61499786376953,121.55999755859375,120.47000122070312,121.26000213623047,0.0
1169164800,121.2699966430664,121.46499633789062,121.06999969482422,121.20999908447266,0.0
1169424000,121.31999969482422,121.77999877929688,121.2699966430664,121.62000274658203,0.0
1169510400,121.62000274658203,121.73500061035156,121.0999984741211,121.68000030517578,0.0
1169596800,121.66000366210938,121.7699966430664,120.66000366210938,120.87999725341797,0.0
1169683200,120.87999725341797,121.62000274658203,120.2750015258789,121.62000274658203,0.0
1169769600,121.58999633789062,121.62999725341797,121.25,121.41000366210938,0.0
1170028800,121.48999786376953,122.08999633789062,121.48999786376953,121.7300033569336,0.0
1170115200,121.69999694824219,121.9800033569336,121.45999908447266,121.68000030517578,0.0
1170201600,121.66999816894531,121.71499633789062,120.62999725341797,120.73999786376953,0.0
1170288000,120.76000213623047,120.87999725341797,120.1500015258789,120.80000305175781,0.0
1170374400,120.80999755859375,121.30999755859375,120.6500015258789,121.12999725341797,0.0
1170633600,120.99500274658203,121.04000091552734,120.0999984741211,120.19000244140625,0.0
1170720000,120.18000030517578,120.5199966430664,119.98999786376953,120.05000305175781,0.0
1170806400,120.0,120.80000305175781,120.0,120.58499908447266,0.0
1170892800,120.58999633789062,121.41999816894531,120.56999969482422,121.12999725341797,0.0
1170979200,121.1500015258789,122.55000305175781,121.05000305175781,121.70999908447266,0.0
1171238400,121.83999633789062,122.04000091552734,121.58000183105469,121.7699966430664,0.0
1171324800,121.7750015258789,121.7750015258789,121.05999755859375,121.2699966430664,0.0
1171411200,121.2699966430664,121.3499984741211,120.25,120.30999755859375,0.0
1171497600,120.31999969482422,120.36000061035156,119.1500015258789,119.38999938964844,0.0
1171584000,119.37000274658203,119.54000091552734,118.98999786376953,119.41000366210938,0.0
1171843200,119.3499984741211,119.70999908447266,119.31999969482422,119.69000244140625,0.0
1171929600,119.69000244140625,120.33499908447266,119.58000183105469,120.01499938964844,0.0
1172016000,120.0199966430664,121.16000366210938,119.75,120.94000244140625,0.0
1172102400,120.94999694824219,121.62000274658203,120.91999816894531,121.48999786376953,0.0
1172188800,121.47000122070312,121.62000274658203,120.91999816894531,121.08999633789062,0.0
1172448000,120.95999908447266,120.98999786376953,120.3499984741211,120.63999938964844,0.0
1172534400,120.62000274658203,120.63500213623047,117.62000274658203,118.08999633789062,0.0
1172620800,118.0999984741211,118.79000091552734,117.9800033569336,118.7300033569336,0.0
1172707200,118.75,118.8499984741211,117.04000091552734,117.72000122070312,0.0
1172793600,117.69999694824219,117.80500030517578,116.41999816894531,117.19000244140625,0.0
1173052800,116.05999755859375,116.2300033569336,115.1500015258789,115.58999633789062,0.0
1173139200,115.59500122070312,116.87999725341797,115.59500122070312,116.77999877929688,0.0
1173225600,116.7750015258789,116.80999755859375,115.55000305175781,115.69000244140625,0.0
1173312000,115.68000030517578,117.44999694824219,115.62000274658203,117.1500015258789,0.0
1173398400,117.16000366210938,118.33000183105469,117.16000366210938,118.31999969482422,0.0
1173657600,118.19499969482422,118.4800033569336,117.20999908447266,117.56999969482422,0.0
1173744000,117.56999969482422,117.73999786376953,115.88999938964844,116.0199966430664,0.0
1173830400,116.01499938964844,117.41000366210938,115.76000213623047,117.26000213623047,0.0
1173916800,117.25499725341797,117.76000213623047,117.02999877929688,117.1500015258789,0.0
1174003200,117.12000274658203,117.22000122070312,115.4800033569336,116.73999786376953,0.0
1174262400,116.38999938964844,117.73999786376953,116.38999938964844,117.61000061035156,0.0
1174348800,117.61000061035156,117.96499633789062,116.9800033569336,117.25,0.0
1174435200,117.23500061035156,117.94000244140625,117.18000030517578,117.41000366210938,0.0
1174521600,117.38999938964844,118.29000091552734,117.26000213623047,118.08999633789062,0.0
1174608000,118.08999633789062,118.2300033569336,117.4000015258789,118.05000305175781,0.0
1174867200,118.05599975585938,118.41100311279297,117.6500015258789,118.12000274658203,0.0
1174953600,118.11000061035156,118.37000274658203,117.68000030517578,117.75,0.0
1175040000,117.73999786376953,117.9800033569336,116.37999725341797,116.87000274658203,0.0
1175126400,116.83000183105469,118.08999633789062,116.7300033569336,117.9800033569336,0.0
1175212800,117.9800033569336,118.37999725341797,117.2699966430664,117.80999755859375,0.0
1175472000,117.7300033569336,118.0199966430664,117.51000213623047,117.76000213623047,0.0
1175558400,117.76000213623047,118.97000122070312,117.72000122070312,118.87000274658203,0.0
1175644800,118.86100006103516,119.06999969482422,118.55999755859375,118.7699966430664,0.0
1175731200,118.7699966430664,118.95999908447266,118.4800033569336,118.69200134277344,0.0
1175817600,118.68000030517578,119.37999725341797,118.66000366210938,119.06999969482422,0.0
1176076800,119.3290023803711,119.37999725341797,119.18000030517578,119.22000122070312,0.0
1176163200,119.22000122070312,119.30000305175781,118.78500366210938,119.12000274658203,0.0
1176249600,119.13700103759766,119.48999786376953,118.87999725341797,119.29000091552734,0.0
1176336000,119.30000305175781,119.47000122070312,118.81800079345703,119.0,0.0
1176422400,119.01000213623047,119.44300079345703,118.20999908447266,119.2300033569336,0.0
1176681600,119.5,119.86000061035156,119.01000213623047,119.76000213623047,0.0
1176768000,119.79000091552734,119.80999755859375,118.80999755859375,118.94999694824219,0.0
1176854400,118.9800033569336,119.0,118.12999725341797,118.44999694824219,0.0
1176940800,118.44999694824219,118.54000091552734,117.66000366210938,118.25,0.0
1177027200,118.26000213623047,118.94400024414062,118.25,118.66000366210938,0.0
1177286400,118.76000213623047,118.9800033569336,118.23999786376953,118.56999969482422,0.0
1177372800,118.56999969482422,118.91100311279297,118.23999786376953,118.4800033569336,0.0
1177459200,118.4800033569336,118.8270034790039,118.29000091552734,118.68000030517578,0.0
1177545600,118.66000366210938,119.62999725341797,118.5199966430664,119.52999877929688,0.0
1177632000,119.54000091552734,119.73999786376953,118.96900177001953,119.4800033569336,0.0
1177891200,119.3499984741211,119.7300033569336,119.29000091552734,119.36000061035156,0.0
1177977600,119.36000061035156,119.875,119.10299682617188,119.80000305175781,0.0
1178064000,119.77999877929688,120.23999786376953,119.66000366210938,120.16000366210938,0.0
1178150400,120.16999816894531,120.44000244140625,119.97000122070312,120.36000061035156,0.0
1178236800,120.37000274658203,120.43000030517578,119.93000030517578,120.2699966430664,0.0
1178496000,120.0250015258789,120.125,119.77999877929688,120.05000305175781,0.0
1178582400,120.05000305175781,120.12999725341797,119.52999877929688,119.98999786376953,0.0
1178668800,119.9800033569336,120.12100219726562,119.63999938964844,120.11000061035156,0.0
1178755200,120.12999725341797,120.51000213623047,119.70999908447266,119.83999633789062,0.0
1178841600,119.8499984741211,120.26000213623047,119.52999877929688,120.19000244140625,0.0
1179100800,120.16000366210938,120.44000244140625,120.04000091552734,120.31999969482422,0.0
1179187200,120.33999633789062,120.55999755859375,120.12000274658203,120.22000122070312,0.0
1179273600,120.23500061035156,120.83000183105469,120.16000366210938,120.72000122070312,0.0
1179360000,120.73999786376953,121.33999633789062,120.66999816894531,121.29100036621094,0.0
1179446400,121.29000091552734,121.37000274658203,120.73999786376953,121.05999755859375,0.0
1179705600,121.11000061035156,121.61399841308594,121.08999633789062,121.47000122070312,0.0
1179792000,121.4800033569336,121.61499786376953,121.22000122070312,121.63999938964844,0.0
1179878400,121.62999725341797,121.8499984741211,121.34500122070312,121.5199966430664,0.0
1179964800,121.52999877929688,121.66500091552734,121.26000213623047,121.35800170898438,0.0
1180051200,121.3550033569336,121.8499984741211,120.87999725341797,121.76000213623047,0.0
1180310400,121.76000213623047,121.80500030517578,121.61000061035156,121.69999694824219,0.0
1180396800,121.70999908447266,121.80000305175781,121.18000030517578,121.58999633789062,0.0
1180483200,121.5999984741211,121.76000213623047,121.33000183105469,121.58999633789062,0.0
1180569600,121.5999984741211,121.95999908447266,121.44999694824219,121.75,0.0
1180656000,121.75499725341797,122.1500015258789,121.66999816894531,122.12999725341797,0.0
1180915200,122.05000305175781,122.08999633789062,121.55000305175781,121.72000122070312,0.0
1181001600,121.7300033569336,121.91000366210938,121.12000274658203,121.33999633789062,0.0
1181088000,121.34700012207031,121.4800033569336,120.88999938964844,121.01000213623047,0.0
1181174400,121.01000213623047,121.5199966430664,120.77999877929688,120.87999725341797,0.0
1181260800,120.87000274658203,121.81999969482422,120.77999877929688,121.70999908447266,0.0
1181520000,121.66999816894531,121.83000183105469,121.51000213623047,121.76000213623047,0.0
1181606400,121.73999786376953,121.83999633789062,121.58999633789062,121.62000274658203,0.0
1181692800,121.62000274658203,122.75,121.48999786376953,122.56999969482422,0.0
1181779200,122.58000183105469,123.0999984741211,122.52999877929688,122.95500183105469,0.0
1181865600,122.9520034790039,123.65499877929688,122.91000366210938,123.4000015258789,0.0
1182124800,123.51000213623047,123.7300033569336,123.30999755859375,123.68000030517578,0.0
1182211200,123.68000030517578,123.71800231933594,123.31999969482422,123.41999816894531,0.0
1182297600,123.41000366210938,123.66999816894531,123.0999984741211,123.47000122070312,0.0
1182384000,123.45999908447266,123.73999786376953,123.44000244140625,123.73999786376953,0.0
1182470400,123.73999786376953,124.12000274658203,123.69000244140625,123.69000244140625,0.0
1182729600,123.87999725341797,123.93000030517578,123.30999755859375,123.58000183105469,0.0
1182816000,123.56999969482422,123.5999984741211,122.79000091552734,123.04000091552734,0.0
1182902400,123.05000305175781,123.19999694824219,122.2300033569336,123.1500015258789,0.0
1182988800,123.18000030517578,123.3219985961914,122.80999755859375,123.16000366210938,0.0
1183075200,123.16000366210938,123.51399993896484,122.94999694824219,123.16000366210938,0.0
1183334400,123.0999984741211,123.2699966430664,122.0999984741211,122.2300033569336,0.0
1183420800,122.2300033569336,122.66000366210938,122.13999938964844,122.47000122070312,0.0
1183507200,122.47000122070312,122.7300033569336,122.23300170898438,122.66000366210938,0.0
1183593600,122.6500015258789,123.0,122.33999633789062,122.94999694824219,0.0
1183680000,122.94999694824219,123.5199966430664,122.8499984741211,123.36000061035156,0.0
1183939200,123.44000244140625,123.66000366210938,123.2249984741211,123.37000274658203,0.0
1184025600,123.37999725341797,123.44000244140625,120.98999786376953,121.29000091552734,0.0
1184112000,121.30999755859375,122.5,121.08599853515625,122.2699966430664,0.0
1184198400,122.27999877929688,122.54000091552734,121.83000183105469,122.4000015258789,0.0
1184284800,122.38999938964844,122.58000183105469,121.9000015258789,121.9000015258789,0.0
1184544000,122.09700012207031,122.18000030517578,121.55000305175781,121.80000305175781,0.0
1184630400,121.80000305175781,122.4000015258789,121.70999908447266,122.0,0.0
1184716800,122.01000213623047,122.26000213623047,121.5999984741211,121.9000015258789,0.0
1184803200,121.91000366210938,122.1500015258789,121.77999877929688,122.10900115966797,0.0
1184889600,122.12000274658203,122.41000366210938,121.00399780273438,121.2699966430664,0.0
1185148800,121.33999633789062,121.41999816894531,120.80999755859375,121.05000305175781,0.0
1185235200,121.06999969482422,121.06999969482422,119.98999786376953,120.11000061035156,0.0
1185321600,120.22000122070312,120.62999725341797,119.83999633789062,120.45999908447266,0.0
1185408000,120.44000244140625,120.69000244140625,118.08000183105469,118.45999908447266,0.0
1185494400,118.4800033569336,119.25,118.41000366210938,118.95999908447266,0.0
1185753600,118.33000183105469,119.23999786376953,118.08999633789062,119.1500015258789,0.0
1185840000,119.1500015258789,119.4800033569336,118.33999633789062,118.41999816894531,0.0
1185926400,118.44000244140625,119.11000061035156,117.63999938964844,118.9800033569336,0.0
1186012800,119.01000213623047,119.33000183105469,118.33999633789062,119.13999938964844,0.0
1186099200,119.13999938964844,119.30000305175781,117.83999633789062,118.04000091552734,0.0
1186358400,117.56999969482422,119.08000183105469,117.4000015258789,118.81999969482422,0.0
1186444800,118.80500030517578,118.93000030517578,118.0199966430664,118.80000305175781,0.0
1186531200,118.79000091552734,119.80999755859375,118.7300033569336,119.69000244140625,0.0
1186617600,119.68000030517578,119.76000213623047,118.11000061035156,118.29000091552734,0.0
1186704000,118.2760009765625,118.58999633789062,117.04000091552734,118.51000213623047,0.0
1186963200,118.36000061035156,118.48999786376953,117.7699966430664,118.20999908447266,0.0
1187049600,118.19000244140625,118.48999786376953,117.37999725341797,117.41999816894531,0.0
1187136000,117.43000030517578,117.61000061035156,116.2300033569336,116.31999969482422,0.0
1187222400,116.33000183105469,116.6500015258789,112.0,114.05999755859375,0.0
1187308800,114.04000091552734,114.86000061035156,111.80000305175781,114.25,0.0
1187568000,113.81999969482422,115.44000244140625,113.66000366210938,114.83999633789062,0.0
1187654400,114.8499984741211,115.19000244140625,113.9800033569336,114.1500015258789,0.0
1187740800,114.12999725341797,115.62999725341797,114.12000274658203,115.62000274658203,0.0
1187827200,115.62000274658203,117.06999969482422,115.5999984741211,116.0199966430664,0.0
1187913600,116.01499938964844,116.44999694824219,115.52999877929688,116.37999725341797,0.0
1188172800,116.69000244140625,116.7300033569336,115.38999938964844,115.55000305175781,0.0
1188259200,115.56999969482422,115.73500061035156,114.12000274658203,114.33999633789062,0.0
1188345600,114.31999969482422,116.20999908447266,113.9000015258789,115.83999633789062,0.0
1188432000,115.83000183105469,116.01000213623047,115.2300033569336,115.94000244140625,0.0
1188518400,115.94000244140625,116.55999755859375,115.52999877929688,115.7699966430664,0.0
1188777600,115.87999725341797,116.08999633789062,115.6500015258789,115.77999877929688,0.0
1188864000,115.80000305175781,116.37999725341797,115.33000183105469,116.23999786376953,0.0
1188950400,116.2300033569336,116.44999694824219,115.0199966430664,115.12000274658203,0.0
1189036800,115.12999725341797,115.5199966430664,114.80999755859375,115.38999938964844,0.0
1189123200,115.41000366210938,115.55999755859375,113.1500015258789,113.38999938964844,0.0
1189468800,113.52999877929688,114.36000061035156,113.4000015258789,114.26000213623047,0.0
1189555200,114.22000122070312,114.37000274658203,113.77999877929688,114.12000274658203,0.0
1189641600,114.12000274658203,115.45999908447266,114.12000274658203,114.58999633789062,0.0
1189728000,114.61000061035156,115.37000274658203,114.4000015258789,115.26000213623047,0.0
1189987200,115.18000030517578,115.36000061035156,114.6500015258789,115.02999877929688,0.0
1190073600,115.0199966430664,116.30000305175781,114.77999877929688,115.91000366210938,0.0
1190160000,115.9000015258789,116.27999877929688,115.69999694824219,116.01000213623047,0.0
1190246400,116.0,116.01000213623047,114.08000183105469,114.63999938964844,0.0
1190332800,114.66000366210938,115.8270034790039,114.63999938964844,115.4800033569336,0.0
1190592000,115.31900024414062,115.33000183105469,114.66999816894531,114.86000061035156,0.0
1190678400,114.87999725341797,114.94999694824219,114.04000091552734,114.66000366210938,0.0
1190764800,114.69599914550781,115.70600128173828,114.54000091552734,115.44000244140625,0.0
1190851200,115.43000030517578,115.83999633789062,115.12000274658203,115.55000305175781,0.0
1190937600,115.54000091552734,115.59500122070312,114.69000244140625,114.73999786376953,0.0
1191196800,114.81999969482422,115.98100280761719,114.76000213623047,115.80000305175781,0.0
1191283200,115.80000305175781,115.97000122070312,115.29000091552734,115.70999908447266,0.0
1191369600,115.69999694824219,116.7699966430664,115.55999755859375,116.55999755859375,0.0
1191456000,116.55999755859375,116.75,116.2699966430664,116.41000366210938,0.0
1191542400,116.41000366210938,117.11499786376953,116.36000061035156,116.87999725341797,0.0
1191801600,116.94999694824219,117.56999969482422,116.94000244140625,117.31999969482422,0.0
1191888000,117.30999755859375,117.44000244140625,116.7699966430664,117.19000244140625,0.0
1191974400,117.16999816894531,117.5199966430664,116.98600006103516,117.14800262451172,0.0
1192060800,117.1500015258789,117.76000213623047,117.0,117.37000274658203,0.0
1192147200,117.33999633789062,117.66999816894531,117.13999938964844,117.58999633789062,0.0
1192406400,117.56999969482422,117.91999816894531,117.11000061035156,117.31999969482422,0.0
1192492800,117.31999969482422,117.44999694824219,116.4800033569336,116.94000244140625,0.0
1192579200,116.95500183105469,117.1500015258789,116.19999694824219,116.48999786376953,0.0
1192665600,116.48999786376953,116.62100219726562,115.33000183105469,115.45999908447266,0.0
1192752000,115.45999908447266,115.67900085449219,114.45999908447266,114.55999755859375,0.0
1193011200,113.70999908447266,114.62999725341797,113.26499938964844,114.44200134277344,0.0
1193097600,114.43000030517578,114.98999786376953,114.2300033569336,114.86000061035156,0.0
1193184000,114.86000061035156,114.93000030517578,113.80999755859375,114.18000030517578,0.0
1193270400,114.16000366210938,114.55000305175781,113.77999877929688,113.96299743652344,0.0
1193356800,114.01000213623047,114.51699829101562,113.94000244140625,114.20999908447266,0.0
1193616000,114.19999694824219,114.87000274658203,114.05000305175781,114.69999694824219,0.0
1193702400,114.6989974975586,114.91000366210938,114.37999725341797,114.77999877929688,0.0
1193788800,114.75,115.47000122070312,114.55000305175781,115.38999938964844,0.0
1193875200,115.4000015258789,115.91000366210938,114.36000061035156,114.45999908447266,0.0
1193961600,114.4800033569336,115.33000183105469,114.43000030517578,114.72000122070312,0.0
1194220800,114.56999969482422,114.79000091552734,114.04000091552734,114.30000305175781,0.0
1194307200,114.30999755859375,114.76000213623047,114.27999877929688,114.70999908447266,0.0
1194393600,114.69999694824219,114.76000213623047,112.2300033569336,112.61000061035156,0.0
1194480000,112.66000366210938,113.33999633789062,112.22000122070312,112.70999908447266,0.0
1194566400,112.70999908447266,112.86000061035156,110.5199966430664,110.66000366210938,0.0
1194825600,110.62000274658203,110.76399993896484,109.16000366210938,109.62000274658203,0.0
1194912000,109.6500015258789,111.20999908447266,109.58999633789062,111.13999938964844,0.0
1194998400,111.0999984741211,111.7239990234375,110.8499984741211,111.2699966430664,0.0
1195084800,111.2699966430664,111.62000274658203,110.19999694824219,110.4800033569336,0.0
1195171200,110.45999908447266,111.2699966430664,109.8499984741211,110.9800033569336,0.0
1195430400,110.83999633789062,111.05000305175781,109.5999984741211,109.7699966430664,0.0
1195516800,109.7300033569336,110.5199966430664,109.55000305175781,109.72000122070312,0.0
1195603200,109.72000122070312,109.78900146484375,108.2699966430664,108.3499984741211,0.0
1195689600,108.31999969482422,109.12000274658203,108.31999969482422,108.48999786376953,0.0
1195776000,108.4800033569336,108.58999633789062,107.52999877929688,108.12000274658203,0.0
1196121600,107.41999816894531,109.12000274658203,107.30999755859375,108.80000305175781,0.0
1196208000,108.81500244140625,110.41999816894531,108.29000091552734,109.95999908447266,0.0
1196294400,109.95999908447266,110.27899932861328,109.48999786376953,109.76000213623047,0.0
1196380800,109.76000213623047,111.23999786376953,109.73999786376953,111.76000213623047,0.0
1196640000,110.91999816894531,111.01000213623047,110.13999938964844,110.44000244140625,0.0
1196726400,110.4800033569336,110.48999786376953,109.55999755859375,109.86000061035156,0.0
1196812800,109.85399627685547,110.95999908447266,109.76000213623047,110.91000366210938,0.0
1196899200,110.86000061035156,111.43800354003906,110.66000366210938,111.36000061035156,0.0
1196985600,111.36000061035156,111.79000091552734,111.16000366210938,111.66000366210938,0.0
1197244800,111.58999633789062,111.88999938964844,111.47000122070312,111.79000091552734,0.0
1197331200,111.79000091552734,112.12000274658203,110.5199966430664,110.87999725341797,0.0
1197417600,110.86000061035156,112.41000366210938,110.79000091552734,111.98999786376953,0.0
1197504000,112.00399780273438,112.44000244140625,111.44000244140625,112.30999755859375,0.0
1197590400,112.30000305175781,113.56999969482422,112.27999877929688,113.26000213623047,0.0
1197849600,113.3499984741211,113.47000122070312,112.75,112.8499984741211,0.0
1198022400,113.30000305175781,113.44999694824219,112.73999786376953,113.29000091552734,0.0
1198108800,113.27999877929688,113.3499984741211,112.80999755859375,113.16000366210938,0.0
1198195200,113.16999816894531,114.19000244140625,112.95999908447266,114.05000305175781,0.0
1198454400,114.11000061035156,114.47000122070312,114.0,114.16000366210938,0.0
1198540800,114.19000244140625,114.36000061035156,113.94999694824219,114.19999694824219,0.0
1198627200,114.19000244140625,114.33999633789062,113.94999694824219,114.22000122070312,0.0
1198713600,114.22000122070312,114.62000274658203,113.56999969482422,113.83999633789062,0.0
1198800000,113.83999633789062,113.98999786376953,112.26000213623047,112.37000274658203,0.0
1199059200,112.27999877929688,112.29000091552734,111.31999969482422,111.6500015258789,0.0
1199145600,111.19999694824219,111.96800231933594,111.19999694824219,111.81999969482422,0.0
1199232000,111.81999969482422,111.87999725341797,109.2300033569336,109.26300048828125,0.0
1199318400,109.26399993896484,109.72599792480469,108.25,109.51000213623047,0.0
1199404800,109.5,109.52999877929688,107.98999786376953,108.62999725341797,0.0
1199664000,108.58000183105469,109.69999694824219,108.58000183105469,109.2300033569336,0.0
1199750400,107.81800079345703,107.9000015258789,107.2699966430664,107.66000366210938,0.0
1199836800,108.98999786376953,110.08999633789062,108.83999633789062,109.87999725341797,0.0
1199923200,109.87699890136719,110.05400085449219,109.12999725341797,109.62000274658203,0.0
1200009600,109.63999938964844,109.68599700927734,108.68000030517578,108.95999908447266,0.0
1200268800,108.88500213623047,108.91999816894531,107.37000274658203,108.25,0.0
1200355200,108.24099731445312,108.24099731445312,106.5999984741211,106.7699966430664,0.0
1200441600,106.74500274658203,107.9000015258789,105.93000030517578,107.34500122070312,0.0
1200528000,107.33000183105469,107.80000305175781,106.38999938964844,106.4000015258789,0.0
1200614400,106.4000015258789,107.5199966430664,106.4000015258789,106.83000183105469,0.0
1200873600,106.89199829101562,106.93000030517578,105.62999725341797,105.62000274658203,0.0
1200960000,105.63999938964844,107.16999816894531,105.63999938964844,107.05999755859375,0.0
1201046400,107.05999755859375,107.33000183105469,105.04000091552734,106.75,0.0
1201132800,106.73400115966797,107.20999908447266,105.94999694824219,107.1500015258789,0.0
1201219200,107.12999725341797,107.87000274658203,106.61000061035156,106.80000305175781,0.0
1201478400,106.75,107.11000061035156,105.98999786376953,106.97000122070312,0.0
1201564800,106.98999786376953,107.13999938964844,106.41999816894531,107.04000091552734,0.0
1201651200,107.052001953125,107.43000030517578,106.02999877929688,106.2300033569336,0.0
1201737600,106.2300033569336,106.85600280761719,105.7300033569336,106.2509994506836,0.0
1201824000,106.30000305175781,106.69000244140625,105.79000091552734,106.51000213623047,0.0
1202083200,106.55999755859375,107.06999969482422,106.55000305175781,106.69000244140625,0.0
1202169600,106.70999908447266,107.71600341796875,106.41999816894531,106.53099822998047,0.0
1202256000,106.5199966430664,106.7699966430664,106.19000244140625,106.37999725341797,0.0
1202342400,106.37999725341797,107.80000305175781,105.94000244140625,107.30999755859375,0.0
1202428800,107.73999786376953,107.73999786376953,107.73999786376953,107.73999786376953,0.0
1202688000,107.45999908447266,107.45999908447266,106.37000274658203,106.83000183105469,0.0
1202774400,106.86000061035156,107.5,106.79000091552734,107.33999633789062,0.0
1202860800,107.33999633789062,108.3499984741211,106.9800033569336,108.28199768066406,0.0
1202947200,108.26000213623047,108.55999755859375,107.70999908447266,107.79000091552734,0.0
1203033600,107.79000091552734,108.29499816894531,107.30000305175781,107.80000305175781,0.0
1203292800,107.80000305175781,108.27999877929688,107.76000213623047,108.16000366210938,0.0
1203379200,108.16000366210938,108.27999877929688,107.23999786376953,107.91999816894531,0.0
1203465600,107.93000030517578,108.33000183105469,107.4800033569336,108.05000305175781,0.0
1203552000,108.05000305175781,108.30000305175781,107.13999938964844,107.41000366210938,0.0
1203638400,107.4000015258789,107.52999877929688,106.76000213623047,107.19000244140625,0.0
1203897600,107.30999755859375,108.19000244140625,107.22000122070312,108.02999877929688,0.0
1203984000,108.04299926757812,108.0999984741211,107.13999938964844,107.3499984741211,0.0
1204070400,107.36000061035156,107.37000274658203,106.05000305175781,106.37000274658203,0.0
1204156800,106.38999938964844,106.5999984741211,104.76000213623047,104.94999694824219,0.0
1204243200,104.97000122070312,104.98999786376953,103.62000274658203,103.7699966430664,0.0
1204502400,103.04000091552734,103.63200378417969,102.62000274658203,103.5199966430664,0.0
1204588800,103.52799987792969,103.54199981689453,102.63999938964844,103.37000274658203,0.0
1204675200,103.4000015258789,104.16000366210938,103.30999755859375,103.91000366210938,0.0
1204761600,103.91000366210938,103.9800033569336,102.4800033569336,102.58000183105469,0.0
1204848000,102.58999633789062,103.20999908447266,101.56999969482422,102.69999694824219,0.0
1205107200,102.29000091552734,102.43000030517578,101.44000244140625,101.41999816894531,0.0
1205193600,101.43000030517578,103.55000305175781,101.41999816894531,103.2699966430664,0.0
1205280000,103.2699966430664,103.30999755859375,101.125,101.4800033569336,0.0
1205366400,101.5,101.66999816894531,99.91000366210938,100.68000030517578,0.0
1205452800,100.69999694824219,101.08999633789062,98.88999938964844,99.02999877929688,0.0
1205712000,98.13999938964844,98.16000366210938,95.83999633789062,97.0999984741211,0.0
1205798400,97.06999969482422,100.43000030517578,96.9000015258789,99.81999969482422,0.0
1205884800,99.76000213623047,100.05000305175781,97.80000305175781,98.62000274658203,0.0
1205971200,98.6500015258789,100.16500091552734,98.48999786376953,99.37999725341797,0.0
1206057600,99.37999725341797,99.7249984741211,99.29000091552734,99.56999969482422,0.0
1206316800,99.61000061035156,100.87999725341797,99.58999633789062,100.73999786376953,0.0
1206403200,100.72000122070312,100.99500274658203,99.64700317382812,100.08000183105469,0.0
1206489600,100.06199645996094,100.29000091552734,98.80000305175781,99.16000366210938,0.0
1206576000,99.13999938964844,100.0999984741211,98.58000183105469,99.52999877929688,0.0
1206662400,99.55000305175781,100.31999969482422,99.08999633789062,99.12000274658203,0.0
1206921600,98.94000244140625,100.0999984741211,98.94000244140625,99.8499984741211,0.0
1207094400,101.66000366210938,102.80000305175781,101.55999755859375,102.29000091552734,0.0
1207180800,102.30000305175781,102.93000030517578,102.0999984741211,102.29000091552734,0.0
1207267200,102.28399658203125,102.6500015258789,101.43000030517578,101.5199966430664,0.0
1207526400,101.61000061035156,102.80000305175781,101.55999755859375,102.44000244140625,0.0
1207612800,107.51000213623047,108.27999877929688,107.44000244140625,108.18000030517578,0.0
1207699200,102.77999877929688,102.80000305175781,101.48999786376953,101.8219985961914,0.0
1207785600,101.81999969482422,102.0999984741211,100.08000183105469,102.05999755859375,0.0
1207872000,102.0999984741211,102.21199798583984,100.66000366210938,100.94999694824219,0.0
1208131200,101.25,101.44000244140625,100.33000183105469,101.16000366210938,0.0
1208217600,101.1500015258789,101.91000366210938,100.80000305175781,101.81999969482422,0.0
1208304000,101.81999969482422,101.87000274658203,100.83000183105469,101.80000305175781,0.0
1208390400,101.82499694824219,102.69999694824219,101.70999908447266,102.4800033569336,0.0
1208476800,102.44999694824219,104.61000061035156,102.27999877929688,103.75,0.0
1208736000,104.0,104.04000091552734,103.02999877929688,103.3030014038086,0.0
1208822400,103.31999969482422,103.4800033569336,102.67900085449219,102.87000274658203,0.0
1208908800,102.87999725341797,103.73999786376953,102.80000305175781,103.4520034790039,0.0
1208995200,103.45999908447266,104.50199890136719,103.30999755859375,104.24700164794922,0.0
1209081600,104.23999786376953,104.80999755859375,103.91999816894531,104.4000015258789,0.0
1209340800,104.44000244140625,104.77999877929688,104.05999755859375,104.20999908447266,0.0
1209427200,104.19999694824219,104.3479995727539,103.2300033569336,104.0,0.0
1209513600,104.00199890136719,104.76000213623047,103.70999908447266,103.94300079345703,0.0
1209686400,104.4000015258789,105.62999725341797,104.33000183105469,105.30000305175781,0.0
1209945600,105.30000305175781,105.58000183105469,104.73999786376953,104.91000366210938,0.0
1210032000,104.91999816894531,105.07599639892578,104.02999877929688,104.68399810791016,0.0
1210118400,104.72200012207031,105.55000305175781,104.5999984741211,104.77899932861328,0.0
1210204800,108.16999816894531,108.41000366210938,107.6500015258789,108.2699966430664,0.0
1210291200,103.88999938964844,103.91999816894531,102.61799621582031,102.80000305175781,0.0
1210550400,102.88999938964844,104.01000213623047,102.58000183105469,103.7699966430664,0.0
1210636800,103.7699966430664,104.9000015258789,103.43099975585938,104.62000274658203,0.0
1210723200,104.64299774169922,105.43000030517578,104.56999969482422,105.05000305175781,0.0
1210809600,105.05999755859375,105.29000091552734,104.45999908447266,104.80000305175781,0.0
1210896000,104.79000091552734,105.06999969482422,103.58999633789062,104.0199966430664,0.0
1211155200,104.12200164794922,104.66999816894531,103.6500015258789,104.39099884033203,0.0
1211241600,104.37999725341797,104.46499633789062,103.4800033569336,103.56999969482422,0.0
1211328000,103.57099914550781,103.66300201416016,102.95999908447266,103.04000091552734,0.0
1211414400,103.06199645996094,104.37000274658203,102.7300033569336,104.04000091552734,0.0
1211500800,104.0,104.20999908447266,103.06999969482422,103.30000305175781,0.0
1211760000,103.3499984741211,103.4800033569336,103.12999725341797,103.33999633789062,0.0
1211846400,103.3499984741211,104.31999969482422,103.25,104.19100189208984,0.0
1211932800,104.18000030517578,105.26000213623047,103.9000015258789,104.6500015258789,0.0
1212019200,104.66000366210938,105.8499984741211,104.5999984741211,105.48999786376953,0.0
1212105600,105.48999786376953,105.7229995727539,105.25,105.5,0.0
1212364800,105.4000015258789,105.51000213623047,104.11000061035156,104.4800033569336,0.0
1212451200,104.45999908447266,105.51300048828125,103.91000366210938,105.12999725341797,0.0
1212537600,105.12000274658203,105.31999969482422,104.54900360107422,105.23999786376953,0.0
1212624000,105.20700073242188,106.36100006103516,105.18000030517578,105.91999816894531,0.0
1212710400,105.93000030517578,106.2699966430664,104.8499984741211,104.9000015258789,0.0
1212969600,104.61000061035156,106.3499984741211,104.61000061035156,106.31999969482422,0.0
1213056000,106.33000183105469,107.44000244140625,106.20999908447266,107.33999633789062,0.0
1213142400,107.33999633789062,107.73100280761719,106.58000183105469,106.95999908447266,0.0
1213228800,106.95999908447266,108.05999755859375,106.79000091552734,107.80000305175781,0.0
1213315200,107.82099914550781,108.36000061035156,107.6500015258789,108.1500015258789,0.0
1213574400,108.22000122070312,108.56999969482422,107.91000366210938,108.13999938964844,0.0
1213660800,108.1500015258789,108.35199737548828,107.62000274658203,107.97000122070312,0.0
1213747200,107.9469985961914,108.38099670410156,107.70999908447266,107.81999969482422,0.0
1213833600,107.81999969482422,108.05000305175781,107.44999694824219,107.91999816894531,0.0
1213920000,107.91000366210938,108.04000091552734,107.13999938964844,107.30999755859375,0.0
1214179200,107.43299865722656,108.0199966430664,107.16000366210938,107.83000183105469,0.0
1214265600,107.83000183105469,108.16999816894531,107.37000274658203,107.77999877929688,0.0
1214352000,107.7699966430664,108.31999969482422,107.62999725341797,107.80000305175781,0.0
1214438400,107.8010025024414,108.16500091552734,106.62000274658203,106.9469985961914,0.0
1214524800,106.9469985961914,107.16000366210938,105.86199951171875,106.12000274658203,0.0
1214784000,106.26000213623047,106.43000030517578,105.02999877929688,106.12000274658203,0.0
1214956800,106.02100372314453,106.7490005493164,105.79000091552734,105.94000244140625,0.0
1215043200,105.94000244140625,106.89299774169922,105.81999969482422,106.73999786376953,0.0
1215129600,106.7300033569336,106.8499984741211,106.58999633789062,106.80999755859375,0.0
1215388800,106.75,107.72599792480469,106.6500015258789,107.16000366210938,0.0
1215475200,109.61000061035156,109.69000244140625,109.0999984741211,109.41000366210938,0.0
1215561600,107.427001953125,107.62000274658203,106.69000244140625,106.87100219726562,0.0
1215648000,106.83999633789062,107.33999633789062,106.70500183105469,107.06600189208984,0.0
1215734400,107.07099914550781,107.27999877929688,105.71800231933594,106.20999908447266,0.0
1215993600,106.41999816894531,106.79000091552734,106.0469970703125,106.22000122070312,0.0
1216080000,106.2300033569336,106.2300033569336,104.17400360107422,104.80999755859375,0.0
1216166400,104.81999969482422,105.2699966430664,103.80000305175781,105.18000030517578,0.0
1216252800,105.16000366210938,106.97000122070312,104.76899719238281,106.22799682617188,0.0
1216339200,106.22000122070312,106.98999786376953,105.97799682617188,106.94999694824219,0.0
1216598400,106.93000030517578,107.11000061035156,106.37000274658203,106.49600219726562,0.0
1216684800,106.5,107.37000274658203,106.0739974975586,107.2300033569336,0.0
1216771200,107.22000122070312,107.97000122070312,107.1500015258789,107.88999938964844,0.0
1216857600,107.9000015258789,107.94100189208984,107.16999816894531,107.37999725341797,0.0
1216944000,107.4000015258789,107.93000030517578,106.58899688720703,107.8499984741211,0.0
1217203200,107.8239974975586,108.01000213623047,107.34600067138672,107.45999908447266,0.0
1217289600,107.45999908447266,108.23999786376953,107.29000091552734,108.08000183105469,0.0
1217376000,108.08999633789062,108.30999755859375,107.72000122070312,108.1500015258789,0.0
1217462400,108.13999938964844,108.36000061035156,107.5999984741211,107.80999755859375,0.0
1218153600,109.41999816894531,110.36199951171875,109.27999877929688,110.16999816894531,0.0
1219708800,109.87999725341797,109.91000366210938,109.20999908447266,109.61000061035156,0.0
1219795200,109.61299896240234,109.87999725341797,108.69000244140625,109.54000091552734,0.0
1219881600,109.54000091552734,109.69999694824219,108.79000091552734,109.41999816894531,0.0
1219968000,109.43000030517578,109.54000091552734,108.44999694824219,108.79000091552734,0.0
1220227200,108.44000244140625,108.63999938964844,107.62799835205078,108.05599975585938,0.0
1220313600,108.05999755859375,109.16000366210938,107.9000015258789,108.6500015258789,0.0
1220400000,108.62999725341797,109.08000183105469,108.0999984741211,108.3499984741211,0.0
1220486400,108.33999633789062,108.51300048828125,105.69999694824219,106.7300033569336,0.0
1220572800,106.76899719238281,107.83000183105469,105.80000305175781,107.68000030517578,0.0
1220832000,108.4800033569336,109.04000091552734,107.76000213623047,108.11000061035156,0.0
1220918400,108.0999984741211,108.1500015258789,106.66000366210938,107.27999877929688,0.0
1221004800,107.30999755859375,107.91000366210938,106.69000244140625,107.72000122070312,0.0
1221091200,107.7699966430664,107.7699966430664,106.11000061035156,106.9800033569336,0.0
1221177600,107.01000213623047,107.95999908447266,106.80999755859375,107.94000244140625,0.0
1221436800,106.31999969482422,106.81300354003906,104.2300033569336,104.2509994506836,0.0
1221523200,104.26000213623047,106.30400085449219,103.58000183105469,105.5199966430664,0.0
1221609600,105.62999725341797,106.62000274658203,104.12000274658203,104.31900024414062,0.0
1221696000,104.31099700927734,105.74299621582031,104.1520004272461,105.5,0.0
1221782400,105.48999786376953,107.95999908447266,105.41300201416016,107.41999816894531,0.0
1222041600,106.83999633789062,106.9020004272461,105.1500015258789,105.55999755859375,0.0
1222128000,105.5999984741211,105.98600006103516,105.18000030517578,105.71900177001953,0.0
1222214400,105.69999694824219,106.30000305175781,105.37000274658203,106.08000183105469,0.0
1222300800,106.08000183105469,106.97000122070312,105.47000122070312,106.31999969482422,0.0
1222387200,106.32099914550781,106.44999694824219,105.05999755859375,106.05000305175781,0.0
1222646400,106.2699966430664,106.92400360107422,103.63999938964844,103.84300231933594,0.0
1222732800,103.83999633789062,106.45999908447266,103.66999816894531,106.06999969482422,0.0
1222819200,106.05999755859375,106.51000213623047,105.36000061035156,105.94000244140625,0.0
1222905600,105.93000030517578,106.26000213623047,105.08000183105469,105.20999908447266,0.0
1222992000,105.19999694824219,106.11000061035156,104.73999786376953,105.30000305175781,0.0
1223251200,105.04000091552734,105.05999755859375,100.31999969482422,101.87999725341797,0.0
1223337600,101.91999816894531,103.19400024414062,101.16000366210938,101.45999908447266,0.0
1223424000,110.19000244140625,110.38999938964844,110.05999755859375,110.08999633789062,0.0
1223510400,99.447998046875,101.44599914550781,99.4229965209961,99.51000213623047,0.0
1223596800,99.47000122070312,101.16999816894531,98.1500015258789,101.0999984741211,0.0
1223856000,100.68399810791016,102.33799743652344,99.63600158691406,102.27999877929688,0.0
1223942400,102.31700134277344,102.99099731445312,101.52300262451172,101.95999908447266,0.0
1224028800,101.9800033569336,102.01000213623047,99.41600036621094,99.72000122070312,0.0
1224115200,99.7300033569336,101.72000122070312,99.30000305175781,101.23999786376953,0.0
1224201600,101.2699966430664,101.77899932861328,100.61000061035156,101.6500015258789,0.0
1224460800,101.44000244140625,102.37000274658203,101.4020004272461,101.97000122070312,0.0
1224547200,101.96199798583984,102.12999725341797,100.08999633789062,100.3270034790039,0.0
1224633600,100.33000183105469,100.5199966430664,97.2300033569336,97.86000061035156,0.0
1224720000,97.88999938964844,98.25,95.94000244140625,97.47799682617188,0.0
1224806400,97.5,97.80000305175781,91.01699829101562,94.2699966430664,0.0
1225065600,93.68000030517578,94.33999633789062,92.18900299072266,93.19400024414062,0.0
1225152000,93.27999877929688,99.55999755859375,92.72000122070312,98.19999694824219,0.0
1225238400,98.23999786376953,98.23999786376953,96.13999938964844,97.5199966430664,0.0
1225324800,97.5270004272461,99.0,97.5,98.79000091552734,0.0
1225411200,98.81600189208984,99.07099914550781,96.48999786376953,98.44000244140625,0.0
1225670400,98.54000091552734,99.62000274658203,98.33999633789062,99.0,0.0
1225756800,98.97000122070312,100.51000213623047,98.47000122070312,99.73300170898438,0.0
1225843200,99.72000122070312,99.83300018310547,97.78099822998047,98.22000122070312,0.0
1225929600,98.20999908447266,98.5999984741211,97.2699966430664,97.2760009765625,0.0
1226016000,97.29000091552734,98.5199966430664,96.80999755859375,98.08999633789062,0.0
1226275200,98.94999694824219,99.45700073242188,97.5999984741211,97.97000122070312,0.0
1226361600,97.9800033569336,98.27999877929688,97.16000366210938,97.29100036621094,0.0
1226448000,97.27999877929688,98.05000305175781,94.55000305175781,94.80000305175781,0.0
1226534400,94.97000122070312,98.0479965209961,94.97000122070312,97.56999969482422,0.0
1226620800,97.60399627685547,97.6500015258789,96.20999908447266,97.0199966430664,0.0
1226880000,96.2300033569336,97.52999877929688,96.16999816894531,96.41000366210938,0.0
1226966400,96.41000366210938,97.37000274658203,96.05999755859375,96.74600219726562,0.0
1227052800,96.70899963378906,97.052001953125,95.56999969482422,96.00299835205078,0.0
1227139200,96.0260009765625,96.1500015258789,93.55999755859375,94.05000305175781,0.0
1227225600,93.97899627685547,95.94000244140625,93.86000061035156,95.91000366210938,0.0
1227484800,95.87999725341797,97.3499984741211,94.97000122070312,96.87000274658203,0.0
1227571200,96.88999938964844,96.91000366210938,94.97000122070312,95.4469985961914,0.0
1227657600,95.47000122070312,95.86000061035156,94.69999694824219,95.60700225830078,0.0
1227744000,95.62000274658203,95.68000030517578,94.97000122070312,95.42900085449219,0.0
1227830400,95.4000015258789,95.69999694824219,95.13999938964844,95.5,0.0
1228089600,95.31999969482422,95.38999938964844,92.87699890136719,93.13999938964844,0.0
1228176000,93.19000244140625,93.76000213623047,92.73999786376953,93.1510009765625,0.0
1228262400,93.16000366210938,93.5,92.55999755859375,93.13999938964844,0.0
1228348800,93.13700103759766,93.38200378417969,92.08200073242188,92.44999694824219,0.0
1228435200,92.44000244140625,93.31800079345703,91.6500015258789,92.81999969482422,0.0
1228694400,110.08999633789062,110.3499984741211,109.11000061035156,109.23999786376953,0.0
1228780800,92.98300170898438,93.0199966430664,91.93000030517578,92.3030014038086,0.0
1228867200,92.31300354003906,92.98999786376953,92.2969970703125,92.83999633789062,0.0
1228953600,92.83100128173828,92.83100128173828,91.1500015258789,91.52999877929688,0.0
1229040000,91.5199966430664,91.79199981689453,88.86000061035156,91.06999969482422,0.0
1229299200,90.72000122070312,91.30000305175781,90.25,90.5,0.0
1229385600,90.4800033569336,90.58999633789062,88.73799896240234,88.68000030517578,0.0
1229472000,88.66999816894531,89.16000366210938,87.18000030517578,87.31999969482422,0.0
1229558400,87.31999969482422,89.98999786376953,87.26000213623047,89.50499725341797,0.0
1229644800,89.4800033569336,89.80000305175781,88.5,89.2699966430664,0.0
1229904000,89.5199966430664,90.36399841308594,89.5199966430664,90.16000366210938,0.0
1229990400,90.13999938964844,90.97000122070312,89.93900299072266,90.83999633789062,0.0
1230076800,90.86000061035156,90.88400268554688,90.22000122070312,90.5,0.0
1230163200,90.4800033569336,90.56999969482422,90.20999908447266,90.51399993896484,0.0
1230249600,90.52999877929688,90.81999969482422,90.33999633789062,90.7699966430664,0.0
1230508800,90.62999725341797,90.75,89.81999969482422,90.6520004272461,0.0
1230595200,90.6500015258789,90.80000305175781,90.0199966430664,90.29000091552734,0.0
1230681600,90.30999755859375,90.93000030517578,90.12699890136719,90.6500015258789,0.0
1230768000,90.6500015258789,91.25,87.55999755859375,90.66699981689453,0.0
1230854400,90.66000366210938,92.37000274658203,90.66000366210938,91.79000091552734,0.0
1231113600,92.05000305175781,93.52999877929688,91.75,93.21700286865234,0.0
1231200000,93.22000122070312,94.56600189208984,92.87000274658203,93.37999725341797,0.0
1231286400,93.36599731445312,94.05999755859375,92.41999816894531,92.68000030517578,0.0
1231372800,92.72100067138672,92.88600158691406,90.8499984741211,91.36000061035156,0.0
1231459200,91.37000274658203,91.55000305175781,90.1500015258789,90.37000274658203,0.0
1231718400,90.12699890136719,90.2239990234375,88.89099884033203,89.43000030517578,0.0
1231804800,89.41999816894531,89.84200286865234,88.81999969482422,89.34100341796875,0.0
1231891200,89.36000061035156,89.94999694824219,88.62000274658203,89.16000366210938,0.0
1231977600,89.16799926757812,90.0,88.52999877929688,89.94000244140625,0.0
1232064000,89.94999694824219,90.9000015258789,89.8499984741211,90.9000015258789,0.0
1232323200,91.19599914550781,91.2300033569336,90.16899871826172,90.62000274658203,0.0
1232409600,90.62000274658203,90.94300079345703,89.68000030517578,89.80999755859375,0.0
1232496000,89.80999755859375,90.06600189208984,87.27999877929688,89.05000305175781,0.0
1232582400,89.0719985961914,89.47100067138672,88.09400177001953,89.1259994506836,0.0
1232668800,89.13400268554688,89.43599700927734,88.05999755859375,88.76000213623047,0.0
1232928000,88.51300048828125,89.60600280761719,88.44000244140625,89.23999786376953,0.0
1233014400,89.2300033569336,90.04100036621094,88.48999786376953,89.33000183105469,0.0
1233100800,89.33100128173828,90.58000183105469,88.94000244140625,90.46199798583984,0.0
1233187200,90.45500183105469,90.58000183105469,89.54000091552734,89.91000366210938,0.0
1233273600,89.91100311279297,90.02999877929688,89.19999694824219,89.9000015258789,0.0
1233532800,89.67900085449219,89.97000122070312,88.8239974975586,89.36000061035156,0.0
1233619200,89.36000061035156,89.91999816894531,88.58999633789062,89.37000274658203,0.0
1233705600,89.38999938964844,89.76000213623047,88.86000061035156,89.41999816894531,0.0
1233792000,89.41999816894531,91.9469985961914,89.2300033569336,91.1500015258789,0.0
1233878400,91.1510009765625,92.18000030517578,90.7699966430664,91.91999816894531,0.0
1234137600,92.02999877929688,92.08999633789062,90.91000366210938,91.30999755859375,0.0
1234224000,91.322998046875,91.61900329589844,90.13800048828125,90.44400024414062,0.0
1234310400,90.41999816894531,90.69999694824219,89.74199676513672,90.29000091552734,0.0
1234396800,90.24600219726562,91.05400085449219,89.76000213623047,90.66999816894531,0.0
1234483200,90.66400146484375,92.13999938964844,90.54000091552734,91.86000061035156,0.0
1234742400,91.45500183105469,92.04000091552734,91.44000244140625,91.70999908447266,0.0
1234828800,91.72000122070312,92.72000122070312,91.62000274658203,92.2760009765625,0.0
1234915200,92.27999877929688,93.91000366210938,92.10199737548828,93.62999725341797,0.0
1235001600,93.63099670410156,94.43000030517578,93.30999755859375,94.01100158691406,0.0
1235088000,94.04000091552734,94.35299682617188,92.63999938964844,93.33999633789062,0.0
1235347200,93.45099639892578,94.91500091552734,92.76000213623047,94.4000015258789,0.0
1235433600,94.38899993896484,96.93000030517578,94.25,96.55000305175781,0.0
1235520000,96.55999755859375,97.76799774169922,96.3949966430664,97.38999938964844,0.0
1235606400,97.41000366210938,98.7030029296875,97.33999633789062,98.33399963378906,0.0
1235692800,98.2979965209961,98.30999755859375,96.94400024414062,97.62000274658203,0.0
1235952000,97.20999908447266,97.8499984741211,96.91999816894531,97.05400085449219,0.0
1236038400,97.06999969482422,98.57099914550781,97.05999755859375,98.53500366210938,0.0
1236124800,98.4530029296875,99.45999908447266,98.21299743652344,98.99199676513672,0.0
1236211200,99.0199966430664,99.66000366210938,97.80000305175781,98.12999725341797,0.0
1236297600,98.12000274658203,98.46399688720703,96.5780029296875,98.33999633789062,0.0
1236556800,97.95500183105469,99.16000366210938,97.94999694824219,98.91999816894531,0.0
1236643200,98.94000244140625,99.06400299072266,97.93000030517578,98.77999877929688,0.0
1236729600,98.8030014038086,98.8030014038086,97.13999938964844,97.25,0.0
1236816000,97.25700378417969,98.38999938964844,95.66999816894531,97.31999969482422,0.0
1236902400,97.33899688720703,98.572998046875,97.16999816894531,97.94000244140625,0.0
1237161600,98.08000183105469,98.60600280761719,98.0,98.19999694824219,0.0
1237248000,98.2300033569336,98.94999694824219,98.16999816894531,98.78099822998047,0.0
1237334400,98.7699966430664,98.7760009765625,95.6760025024414,96.4010009765625,0.0
1237420800,96.4000015258789,96.58000183105469,93.61299896240234,94.44999694824219,0.0
1237507200,94.447998046875,96.2300033569336,94.18299865722656,95.93000030517578,0.0
1237766400,95.96399688720703,97.30000305175781,95.68000030517578,97.09200286865234,0.0
1237852800,97.1050033569336,98.4800033569336,97.02999877929688,98.33999633789062,0.0
1237939200,98.30699920654297,98.30899810791016,97.00700378417969,97.7300033569336,0.0
1238025600,97.75,98.84700012207031,97.6050033569336,98.69999694824219,0.0
1238112000,98.69000244140625,98.7300033569336,97.23300170898438,97.8499984741211,0.0
1238371200,98.18000030517578,98.30000305175781,96.05400085449219,97.43199920654297,0.0
1238457600,97.41000366210938,99.33000183105469,97.30999755859375,98.97000122070312,0.0
1238544000,98.9800033569336,99.41000366210938,98.37999725341797,98.66000366210938,0.0
1238630400,98.6500015258789,99.8759994506836,98.41899871826172,99.55999755859375,0.0
1238716800,99.55999755859375,100.3499984741211,99.3499984741211,100.30000305175781,0.0
1238976000,100.44000244140625,101.4260025024414,100.37999725341797,100.76000213623047,0.0
1239062400,100.7969970703125,100.84500122070312,99.91100311279297,100.69000244140625,0.0
1239148800,100.69000244140625,100.72200012207031,99.3949966430664,99.73999786376953,0.0
1239235200,99.73999786376953,100.55000305175781,99.68000030517578,100.44000244140625,0.0
1239321600,100.4800033569336,100.68699645996094,100.16999816894531,100.26000213623047,0.0
1239580800,100.33999633789062,100.69999694824219,99.89600372314453,100.0199966430664,0.0
1239667200,100.0199966430664,100.4000015258789,98.75,98.97000122070312,0.0
1239753600,98.9800033569336,99.5999984741211,98.16000366210938,99.2300033569336,0.0
1239840000,99.26000213623047,99.48699951171875,98.54399871826172,99.33000183105469,0.0
1239926400,99.34500122070312,99.68800354003906,98.75,99.08000183105469,0.0
1240185600,99.26599884033203,99.37999725341797,97.66000366210938,98.06600189208984,0.0
1240272000,98.05999755859375,98.87000274658203,97.70999908447266,98.63999938964844,0.0
1240358400,98.63999938964844,98.69999694824219,97.62999725341797,98.12999725341797,0.0
1240444800,98.15799713134766,98.41500091552734,97.62000274658203,97.91999816894531,0.0
1240531200,97.9229965209961,97.92900085449219,96.64099884033203,97.20999908447266,0.0
1240790400,96.69999694824219,97.08999633789062,96.41999816894531,96.52999877929688,0.0
1240876800,96.51300048828125,96.63999938964844,95.63999938964844,96.52999877929688,0.0
1240963200,96.54000091552734,97.87999725341797,96.51100158691406,97.47000122070312,0.0
1241049600,97.47000122070312,98.94200134277344,97.16000366210938,98.69000244140625,0.0
1241136000,98.69000244140625,99.52300262451172,98.68000030517578,99.19000244140625,0.0
1241395200,99.43000030517578,99.54000091552734,98.72000122070312,98.83000183105469,0.0
1241481600,98.82099914550781,99.18000030517578,98.61000061035156,98.91999816894531,0.0
1241568000,98.93000030517578,99.01000213623047,97.94999694824219,98.41000366210938,0.0
1241654400,98.41000366210938,99.66000366210938,98.4000015258789,99.12799835205078,0.0
1241740800,99.12000274658203,99.54000091552734,98.33000183105469,98.44999694824219,0.0
1242000000,98.63999938964844,98.80500030517578,97.25,97.5,0.0
1242086400,97.51100158691406,97.81999969482422,96.0999984741211,96.45999908447266,0.0
1242172800,96.44999694824219,96.66799926757812,95.13999938964844,95.37000274658203,0.0
1242259200,95.4000015258789,96.1510009765625,95.12799835205078,96.0,0.0
1242345600,96.02999877929688,96.0999984741211,94.75399780273438,95.11000061035156,0.0
1242604800,95.1259994506836,96.4540023803711,94.55000305175781,96.37300109863281,0.0
1242691200,96.37999725341797,96.6709976196289,95.91000366210938,96.11699676513672,0.0
1242777600,96.11000061035156,96.20700073242188,94.68299865722656,94.91100311279297,0.0
1242864000,94.91100311279297,95.20999908447266,93.96299743652344,94.12999725341797,0.0
1242950400,94.12999725341797,94.89700317382812,93.86000061035156,94.73999786376953,0.0
1243209600,94.68000030517578,95.16999816894531,94.41999816894531,94.81999969482422,0.0
1243296000,94.82099914550781,95.12000274658203,94.5199966430664,95.05000305175781,0.0
1243382400,95.05599975585938,95.4800033569336,94.69499969482422,95.37999725341797,0.0
1243468800,95.38400268554688,97.22100067138672,95.38400268554688,96.7979965209961,0.0
1243555200,96.80000305175781,96.87200164794922,95.0199966430664,95.43000030517578,0.0
1243814400,95.31700134277344,96.78299713134766,94.45999908447266,96.52200317382812,0.0
1243900800,96.52999877929688,96.57599639892578,95.31999969482422,95.60099792480469,0.0
1243987200,95.59300231933594,96.41000366210938,95.37999725341797,96.06999969482422,0.0
1244073600,96.06199645996094,96.94999694824219,95.94000244140625,96.64299774169922,0.0
1244160000,96.62999725341797,98.87000274658203,96.55999755859375,98.80999755859375,0.0
1244419200,98.7699966430664,98.8499984741211,98.20099639892578,98.45700073242188,0.0
1244505600,98.45999908447266,98.55000305175781,97.25,97.47699737548828,0.0
1244592000,97.45999908447266,98.43699645996094,97.0999984741211,98.14900207519531,0.0
1244678400,98.13999938964844,98.51000213623047,97.30599975585938,97.62999725341797,0.0
1244764800,97.65399932861328,98.41100311279297,97.47200012207031,98.37000274658203,0.0
1245024000,98.41000366210938,98.56099700927734,97.56999969482422,97.81900024414062,0.0
1245110400,97.81999969482422,97.81999969482422,96.08999633789062,96.5,0.0
1245196800,96.4800033569336,96.75,95.51000213623047,95.73999786376953,0.0
1245283200,95.76000213623047,96.69999694824219,95.63999938964844,96.56999969482422,0.0
1245369600,96.58200073242188,97.16000366210938,95.9800033569336,96.76000213623047,0.0
1245628800,96.12000274658203,96.25,95.70999908447266,95.8499984741211,0.0
1245715200,95.87000274658203,95.87000274658203,94.88800048828125,95.11900329589844,0.0
1245801600,95.13800048828125,95.88999938964844,95.05999755859375,95.8479995727539,0.0
1245888000,95.83000183105469,96.55000305175781,95.61799621582031,95.94300079345703,0.0
1245974400,95.93299865722656,96.03900146484375,95.02999877929688,95.20999908447266,0.0
1246233600,95.35299682617188,96.14299774169922,95.16000366210938,96.09200286865234,0.0
1246320000,96.09100341796875,96.4729995727539,95.22000122070312,96.33100128173828,0.0
1246406400,96.3219985961914,96.9530029296875,96.177001953125,96.62000274658203,0.0
1246492800,96.62699890136719,96.87000274658203,95.73100280761719,95.9520034790039,0.0
1246579200,95.95099639892578,96.13999938964844,95.69999694824219,96.13999938964844,0.0
1246838400,95.9520034790039,95.9520034790039,94.63999938964844,95.16999816894531,0.0
1246924800,95.1760025024414,95.41000366210938,94.70999908447266,94.76899719238281,0.0
1247011200,94.76899719238281,94.76899719238281,91.87999725341797,92.77200317382812,0.0
1247097600,92.79000091552734,93.58599853515625,92.39800262451172,93.04000091552734,0.0
1247184000,93.04000091552734,93.16999816894531,91.86100006103516,92.52999877929688,0.0
1247443200,92.4000015258789,93.13999938964844,91.77999877929688,93.02200317382812,0.0
1247529600,92.9800033569336,93.73999786376953,92.73400115966797,93.4209976196289,0.0
1247616000,93.38999938964844,94.44000244140625,93.25599670410156,94.177001953125,0.0
1247702400,94.16999816894531,94.41000366210938,93.31700134277344,93.7760009765625,0.0
1247788800,93.77999877929688,94.36499786376953,93.47000122070312,94.20999908447266,0.0
1248048000,94.19999694824219,94.19999694824219,94.06600189208984,94.13999938964844,0.0
1248134400,93.69000244140625,93.73100280761719,93.52999877929688,93.53299713134766,0.0
1248220800,93.57599639892578,93.58799743652344,93.52999877929688,93.56900024414062,0.0
1248307200,95.0989990234375,95.12999725341797,94.93000030517578,94.93000030517578,0.0
1248393600,95.0989990234375,95.12999725341797,94.58699798583984,94.87000274658203,0.0
1248652800,95.14700317382812,95.26200103759766,95.14700317382812,95.16000366210938,0.0
1248739200,94.36000061035156,94.46099853515625,94.34400177001953,94.37999725341797,0.0
1248825600,94.9800033569336,95.13999938964844,94.9800033569336,95.0999984741211,0.0
1248912000,95.51899719238281,95.61299896240234,95.41999816894531,95.55999755859375,0.0
1248998400,95.51899719238281,95.80999755859375,94.51200103759766,94.63999938964844,0.0
1249257600,95.19999694824219,95.27999877929688,95.16100311279297,95.16699981689453,0.0
1249344000,95.23999786376953,95.37999725341797,95.23999786376953,95.29000091552734,0.0
1249430400,94.94000244140625,94.94999694824219,94.79000091552734,94.7959976196289,0.0
1249516800,95.44999694824219,95.53099822998047,95.41999816894531,95.48400115966797,0.0
1249603200,95.44999694824219,97.7770004272461,95.06800079345703,97.43000030517578,0.0
1249862400,97.0,97.01000213623047,96.86599731445312,97.01000213623047,0.0
1249948800,96.02999877929688,96.0719985961914,95.91999816894531,95.91999816894531,0.0
1250035200,96.16000366210938,96.19999694824219,96.0780029296875,96.15699768066406,0.0
1250121600,95.37100219726562,95.39299774169922,95.25,95.2699966430664,0.0
1250208000,95.37100219726562,95.4489974975586,94.43699645996094,94.86000061035156,0.0
1250467200,94.37000274658203,94.44000244140625,94.33999633789062,94.43000030517578,0.0
1250553600,94.80999755859375,94.94000244140625,94.80000305175781,94.83999633789062,0.0
1250640000,94.05999755859375,94.12000274658203,93.95999908447266,94.11000061035156,0.0
1250726400,94.16000366210938,94.2699966430664,94.13999938964844,94.25700378417969,0.0
1250812800,94.16000366210938,94.6780014038086,93.4000015258789,94.37000274658203,0.0
1251072000,94.41999816894531,94.45600128173828,94.33999633789062,94.38999938964844,0.0
1251158400,94.16400146484375,94.20999908447266,93.87999725341797,93.9000015258789,0.0
1251244800,94.22000122070312,94.22000122070312,94.05000305175781,94.08000183105469,0.0
1251331200,93.52999877929688,93.6989974975586,93.5,93.62999725341797,0.0
1251417600,93.55999755859375,93.55999755859375,93.55999755859375,93.55999755859375,0.0
1251676800,92.94999694824219,93.04000091552734,92.87000274658203,92.87000274658203,0.0
1251763200,92.7750015258789,92.80000305175781,92.55000305175781,92.70700073242188,0.0
1251849600,92.11799621582031,92.25299835205078,92.11000061035156,92.20899963378906,0.0
1251936000,92.7020034790039,92.7229995727539,92.6500015258789,92.68699645996094,0.0
1252022400,92.7020034790039,93.2300033569336,92.31999969482422,92.97000122070312,0.0
1252281600,92.98999786376953,93.01300048828125,92.91999816894531,92.91999816894531,0.0
1252368000,92.28199768066406,92.33000183105469,92.23600006103516,92.30999755859375,0.0
1252454400,92.08000183105469,92.13999938964844,92.05999755859375,92.12999725341797,0.0
1252540800,91.73999786376953,91.73999786376953,91.61000061035156,91.68699645996094,0.0
1252627200,91.73999786376953,91.73999786376953,90.21600341796875,90.66000366210938,0.0
1252886400,90.84700012207031,90.88999938964844,90.7699966430664,90.87000274658203,0.0
1252972800,90.9800033569336,90.98999786376953,90.8499984741211,90.89800262451172,0.0
1253059200,90.83999633789062,91.02999877929688,90.83000183105469,91.0199966430664,0.0
1253145600,91.19999694824219,91.22000122070312,91.12000274658203,91.20600128173828,0.0
1253232000,91.19999694824219,91.51000213623047,91.0199966430664,91.2699966430664,0.0
1253491200,92.01000213623047,92.0530014038086,91.94999694824219,92.0260009765625,0.0
1253577600,91.12000274658203,91.13500213623047,90.5199966430664,90.70999908447266,0.0
1253664000,91.48999786376953,91.54499816894531,91.30000305175781,91.3270034790039,0.0
1253750400,91.2699966430664,91.33000183105469,90.76000213623047,90.822998046875,0.0
1253836800,91.2699966430664,91.33000183105469,89.50299835205078,89.80999755859375,0.0
1254096000,89.66600036621094,89.88800048828125,89.61199951171875,89.86199951171875,0.0
1254182400,90.08999633789062,90.22100067138672,90.04000091552734,90.22100067138672,0.0
1254268800,89.83999633789062,89.93900299072266,89.83999633789062,89.87000274658203,0.0
1254355200,89.48999786376953,89.56999969482422,89.45800018310547,89.5469970703125,0.0
1254441600,89.61000061035156,89.61000061035156,89.61000061035156,89.61000061035156,0.0
1254700800,89.51000213623047,89.64299774169922,89.4800033569336,89.62000274658203,0.0
1254787200,88.70999908447266,88.80000305175781,88.63999938964844,88.80000305175781,0.0
1254873600,88.68000030517578,88.68000030517578,88.4800033569336,88.53800201416016,0.0
1254960000,88.4800033569336,88.76899719238281,88.4800033569336,88.76899719238281,0.0
1255046400,88.4800033569336,89.85700225830078,88.4800033569336,89.73999786376953,0.0
1255305600,89.70999908447266,89.7300033569336,89.61000061035156,89.70999908447266,0.0
1255392000,89.74400329589844,89.87000274658203,89.7300033569336,89.81999969482422,0.0
1255478400,89.41000366210938,89.45999908447266,89.38999938964844,89.41000366210938,0.0
1255564800,90.63999938964844,90.95999908447266,90.59600067138672,90.8270034790039,0.0
1255651200,90.63999938964844,91.30000305175781,90.5790023803711,90.91000366210938,0.0
1255910400,90.66000366210938,90.77300262451172,90.62999725341797,90.77300262451172,0.0
1255996800,90.69999694824219,90.87799835205078,90.69000244140625,90.7979965209961,0.0
1256083200,90.91000366210938,90.93699645996094,90.77999877929688,90.87999725341797,0.0
1256169600,91.3499984741211,91.43199920654297,91.33000183105469,91.39600372314453,0.0
1256256000,91.3499984741211,92.10399627685547,91.33000183105469,92.05000305175781,0.0
1256515200,92.08999633789062,92.27999877929688,91.55999755859375,92.19999694824219,0.0
1256601600,92.21700286865234,92.31999969482422,91.58999633789062,91.6240005493164,0.0
1256688000,91.6500015258789,91.70999908447266,90.5479965209961,90.56999969482422,0.0
1256774400,90.6500015258789,91.5999984741211,90.24199676513672,91.48999786376953,0.0
1256860800,91.48999786376953,91.48999786376953,89.91999816894531,90.08999633789062,0.0
1257120000,89.72200012207031,90.66999816894531,89.72200012207031,90.38999938964844,0.0
1257206400,90.4000015258789,90.56700134277344,89.86000061035156,90.38999938964844,0.0
1257292800,90.41999816894531,91.22899627685547,90.05999755859375,90.697998046875,0.0
1257379200,90.66100311279297,90.83999633789062,90.01000213623047,90.7699966430664,0.0
1257465600,90.77999877929688,90.77999877929688,89.62999725341797,89.87999725341797,0.0
1257724800,89.86000061035156,90.25700378417969,89.73600006103516,89.8290023803711,0.0
1257811200,89.8499984741211,90.15299987792969,89.68000030517578,89.70999908447266,0.0
1257897600,89.5199966430664,90.00299835205078,89.29199981689453,89.91000366210938,0.0
1257984000,89.88999938964844,90.55500030517578,89.64900207519531,90.27999877929688,0.0
1258070400,90.27999877929688,90.4000015258789,89.45999908447266,89.66000366210938,0.0
1258329600,89.5999984741211,89.7020034790039,88.77300262451172,89.01000213623047,0.0
1258416000,89.0199966430664,89.51699829101562,88.75,89.2300033569336,0.0
1258502400,89.25199890136719,89.46299743652344,89.0,89.39800262451172,0.0
1258588800,89.39099884033203,89.41999816894531,88.64700317382812,88.9000015258789,0.0
1258675200,88.91000366210938,89.10700225830078,88.6760025024414,88.83000183105469,0.0
1258934400,88.88999938964844,89.16400146484375,88.56999969482422,88.9000015258789,0.0
1259020800,88.87000274658203,88.9209976196289,88.3499984741211,88.59300231933594,0.0
1259107200,88.58000183105469,88.6259994506836,87.20999908447266,87.36000061035156,0.0
1259193600,87.34500122070312,87.44499969482422,84.88999938964844,85.13999938964844,0.0
1259280000,85.12300109863281,86.9800033569336,85.12300109863281,86.4800033569336,0.0
1259539200,86.61000061035156,86.83000183105469,85.87000274658203,86.25,0.0
1259625600,86.29000091552734,87.51499938964844,86.29000091552734,86.6500015258789,0.0
1259712000,86.6500015258789,87.6500015258789,86.58999633789062,87.55999755859375,0.0
1259798400,87.62000274658203,88.4469985961914,87.5770034790039,88.25900268554688,0.0
1259884800,88.2699966430664,90.73100280761719,87.99700164794922,90.5199966430664,0.0
1260144000,90.05999755859375,90.1729965209961,89.14700317382812,89.29000091552734,0.0
1260230400,89.33999633789062,89.41999816894531,88.19000244140625,88.37999725341797,0.0
1260316800,88.37000274658203,88.68000030517578,87.37000274658203,88.08999633789062,0.0
1260403200,88.06099700927734,88.43000030517578,87.73999786376953,88.2300033569336,0.0
1260489600,88.27400207519531,89.79499816894531,88.27400207519531,89.08999633789062,0.0
1260748800,89.27899932861328,89.27899932861328,88.33000183105469,88.69000244140625,0.0
1260835200,88.68000030517578,89.93599700927734,88.60299682617188,89.51100158691406,0.0
1260921600,89.48999786376953,89.96099853515625,89.4000015258789,89.8499984741211,0.0
1261008000,89.86100006103516,90.3499984741211,89.55999755859375,89.63999938964844,0.0
1261094400,89.66999816894531,90.8479995727539,89.05000305175781,90.44000244140625,0.0
1261353600,90.37999725341797,91.23400115966797,90.25,91.05699920654297,0.0
1261440000,91.08000183105469,91.86000061035156,91.00199890136719,91.80500030517578,0.0
1261526400,91.80000305175781,91.85399627685547,91.30000305175781,91.63999938964844,0.0
1261612800,91.5999984741211,91.75700378417969,91.12799835205078,91.44400024414062,0.0
1261699200,91.4000015258789,91.61399841308594,91.0999984741211,91.11000061035156,0.0
1261958400,91.4540023803711,91.73699951171875,91.41999816894531,91.69000244140625,0.0
1262044800,91.70999908447266,92.05999755859375,91.52999877929688,91.97000122070312,0.0
1262131200,91.98999786376953,92.75399780273438,91.97000122070312,92.41999816894531,0.0
1262217600,92.43000030517578,93.13999938964844,91.94999694824219,92.91000366210938,0.0
1262304000,92.94000244140625,93.08999633789062,92.91999816894531,92.91999816894531,0.0
1262563200,92.76000213623047,93.20099639892578,92.1969985961914,92.49500274658203,0.0
1262649600,92.47000122070312,92.48600006103516,91.28299713134766,91.58499908447266,0.0
1262736000,91.55000305175781,92.70999908447266,91.52200317382812,92.35600280761719,0.0
1262822400,92.33599853515625,93.73500061035156,92.11000061035156,93.38999938964844,0.0
1262908800,93.43900299072266,93.66000366210938,92.32099914550781,92.66000366210938,0.0
1263168000,92.37899780273438,92.62999725341797,91.79000091552734,92.09200286865234,0.0
1263254400,92.0999984741211,92.39199829101562,90.7300033569336,91.08000183105469,0.0
1263340800,91.08999633789062,91.53500366210938,90.90799713134766,91.43299865722656,0.0
1263427200,91.37000274658203,92.0270004272461,90.83999633789062,91.26699829101562,0.0
1263513600,91.26000213623047,91.30500030517578,90.60199737548828,90.75,0.0
1263772800,90.8290023803711,91.052001953125,90.58000183105469,90.70500183105469,0.0
1263859200,90.70999908447266,91.25499725341797,90.29000091552734,91.1989974975586,0.0
1263945600,91.16999816894531,91.45500183105469,90.80699920654297,91.19200134277344,0.0
1264032000,91.20999908447266,91.85800170898438,89.97799682617188,90.39299774169922,0.0
1264118400,90.43099975585938,90.53099822998047,89.78600311279297,89.80999755859375,0.0
1264377600,89.9800033569336,90.45500183105469,89.81999969482422,90.41500091552734,0.0
1264464000,90.39900207519531,90.54000091552734,89.33999633789062,89.62999725341797,0.0
1264550400,89.61000061035156,90.0510025024414,89.13300323486328,89.94999694824219,0.0
1264636800,89.95999908447266,90.52999877929688,89.65599822998047,89.77799987792969,0.0
1264723200,89.79000091552734,90.87899780273438,89.61000061035156,90.2699966430664,0.0
1264982400,90.26000213623047,90.91000366210938,89.99400329589844,90.76000213623047,0.0
1265068800,90.73999786376953,90.9000015258789,90.25800323486328,90.4280014038086,0.0
1265155200,90.44000244140625,91.25,90.09100341796875,90.83999633789062,0.0
1265241600,90.83999633789062,91.05000305175781,88.6449966430664,89.41000366210938,0.0
1265328000,89.36699676513672,89.8010025024414,88.81999969482422,89.22000122070312,0.0
1265587200,89.26000213623047,89.5479965209961,89.13999938964844,89.22000122070312,0.0
1265673600,89.20999908447266,89.927001953125,89.19999694824219,89.76799774169922,0.0
1265760000,89.79000091552734,90.04000091552734,89.2699966430664,89.93000030517578,0.0
1265846400,89.91799926757812,90.13500213623047,89.56900024414062,89.80999755859375,0.0
1265932800,89.81300354003906,90.37899780273438,89.56999969482422,89.94999694824219,0.0
1266192000,90.06800079345703,90.20999908447266,89.91000366210938,90.05000305175781,0.0
1266278400,90.04000091552734,90.47200012207031,89.70999908447266,90.24400329589844,0.0
1266364800,90.25800323486328,91.3759994506836,90.1520004272461,91.05000305175781,0.0
1266451200,91.06999969482422,92.06999969482422,90.58000183105469,91.97699737548828,0.0
1266537600,91.91400146484375,92.12000274658203,91.4800033569336,91.54000091552734,0.0
1266796800,91.62899780273438,91.86000061035156,91.01000213623047,91.23500061035156,0.0
1266883200,91.26000213623047,91.26699829101562,89.91000366210938,90.16000366210938,0.0
1266969600,90.1500015258789,90.35199737548828,89.79299926757812,90.27899932861328,0.0
1267056000,90.27899932861328,90.28199768066406,88.80000305175781,89.2699966430664,0.0
1267142400,89.26200103759766,89.44999694824219,88.77400207519531,88.9209976196289,0.0
1267401600,88.84400177001953,89.46800231933594,88.81999969482422,89.1500015258789,0.0
1267488000,89.20999908447266,89.36000061035156,88.56999969482422,88.73999786376953,0.0
1267574400,88.7300033569336,88.95800018310547,88.31999969482422,88.56999969482422,0.0
1267660800,88.5979995727539,89.23999786376953,88.12999725341797,89.16000366210938,0.0
1267747200,89.15899658203125,90.55999755859375,89.1500015258789,90.22000122070312,0.0
1268006400,90.61000061035156,90.61199951171875,90.13999938964844,90.28600311279297,0.0
1268092800,90.29000091552734,90.29000091552734,89.62999725341797,89.98899841308594,0.0
1268179200,90.0199966430664,90.79000091552734,89.92900085449219,90.47000122070312,0.0
1268265600,90.48999786376953,90.72899627685547,90.19999694824219,90.64800262451172,0.0
1268352000,90.66000366210938,91.04900360107422,90.16699981689453,90.54000091552734,0.0
1268611200,90.7030029296875,90.79100036621094,90.31999969482422,90.31999969482422,0.0
1268697600,90.34100341796875,90.71600341796875,89.9800033569336,90.29000091552734,0.0
1268784000,90.30000305175781,90.69000244140625,90.05999755859375,90.40299987792969,0.0
1268870400,90.38999938964844,90.7509994506836,89.76100158691406,90.4800033569336,0.0
1268956800,90.48799896240234,90.69300079345703,90.33000183105469,90.5199966430664,0.0
1269216000,90.43900299072266,90.75299835205078,89.86799621582031,90.33999633789062,0.0
1269302400,90.30999755859375,90.45099639892578,90.12000274658203,90.36599731445312,0.0
1269388800,90.38300323486328,92.36599731445312,90.3759994506836,92.01399993896484,0.0
1269475200,91.98999786376953,92.93599700927734,91.75,92.51300048828125,0.0
1269561600,92.51599884033203,92.88300323486328,92.29000091552734,92.50700378417969,0.0
1269820800,92.43000030517578,92.7770004272461,92.36000061035156,92.48999786376953,0.0
1269907200,92.48999786376953,92.99099731445312,92.11699676513672,92.81999969482422,0.0
1269993600,92.80500030517578,93.61000061035156,92.79000091552734,93.5199966430664,0.0
1270080000,93.58999633789062,93.99500274658203,93.2760009765625,93.8499984741211,0.0
1270166400,93.83000183105469,94.68000030517578,93.66999816894531,94.52999877929688,0.0
1270425600,94.55000305175781,94.58899688720703,94.06999969482422,94.33000183105469,0.0
1270512000,94.34700012207031,94.37000274658203,93.66000366210938,93.79399871826172,0.0
1270598400,93.79000091552734,94.25299835205078,93.13999938964844,93.30899810791016,0.0
1270684800,93.2699966430664,93.4729995727539,92.83000183105469,93.41999816894531,0.0
1270771200,93.41999816894531,93.76000213623047,93.11000061035156,93.16000366210938,0.0
1271030400,93.12000274658203,93.58000183105469,93.0199966430664,93.18299865722656,0.0
1271116800,93.1729965209961,93.39299774169922,92.59600067138672,93.18000030517578,0.0
1271203200,93.18299865722656,93.69000244140625,92.83000183105469,93.31800079345703,0.0
1271289600,93.30500030517578,93.51000213623047,92.9000015258789,93.04000091552734,0.0
1271376000,93.0459976196289,93.12799835205078,91.91000366210938,92.1500015258789,0.0
1271635200,91.93000030517578,92.50199890136719,91.58999633789062,92.45999908447266,0.0
1271721600,92.44000244140625,93.37999725341797,92.37999725341797,93.1709976196289,0.0
1271808000,93.15399932861328,93.37999725341797,92.93299865722656,93.05400085449219,0.0
1271894400,93.05699920654297,93.58000183105469,92.7300033569336,93.39800262451172,0.0
1271980800,93.4010009765625,94.28800201416016,93.302001953125,93.94999694824219,0.0
1272240000,94.08000183105469,94.34300231933594,93.88400268554688,93.9000015258789,0.0
1272326400,93.88999938964844,94.00800323486328,92.83200073242188,93.14399719238281,0.0
1272412800,93.16999816894531,94.29100036621094,93.0,93.95999908447266,0.0
1272499200,94.01000213623047,94.24800109863281,93.83000183105469,94.01300048828125,0.0
1272585600,94.01000213623047,94.57099914550781,93.81999969482422,93.83000183105469,0.0
1272844800,94.00800323486328,94.7699966430664,93.83799743652344,94.69200134277344,0.0
1272931200,94.69000244140625,94.96399688720703,94.31999969482422,94.70999908447266,0.0
1273017600,94.69000244140625,94.95999908447266,93.55999755859375,93.78099822998047,0.0
1273104000,93.76899719238281,93.95999908447266,88.26000213623047,90.83000183105469,0.0
1273190400,90.83799743652344,93.05999755859375,90.59400177001953,91.58000183105469,0.0
1273449600,92.0999984741211,93.48600006103516,91.85900115966797,93.18000030517578,0.0
1273536000,93.19000244140625,93.24800109863281,92.21499633789062,92.48999786376953,0.0
1273622400,92.54199981689453,93.2699966430664,92.45099639892578,93.16899871826172,0.0
1273708800,93.1709976196289,93.58599853515625,92.5999984741211,92.7770004272461,0.0
1273795200,92.79000091552734,93.02999877929688,91.8010025024414,92.45999908447266,0.0
1274054400,92.33200073242188,92.6719970703125,91.75299835205078,92.55000305175781,0.0
1274140800,92.52999877929688,92.93000030517578,91.9010009765625,91.9010009765625,0.0
1274227200,91.91999816894531,92.13300323486328,90.98699951171875,91.54000091552734,0.0
1274313600,91.54199981689453,91.86599731445312,89.03900146484375,89.37000274658203,0.0
1274400000,89.4000015258789,90.45700073242188,89.22000122070312,89.98600006103516,0.0
1274659200,90.12000274658203,90.61000061035156,89.75,90.19000244140625,0.0
1274745600,90.19200134277344,90.44300079345703,89.24800109863281,90.33200073242188,0.0
1274832000,90.33000183105469,90.64399719238281,89.80999755859375,89.97000122070312,0.0
1274918400,89.95800018310547,91.06999969482422,89.90599822998047,90.87899780273438,0.0
1275004800,90.87999725341797,91.39600372314453,90.58999633789062,91.052001953125,0.0
1275264000,90.94000244140625,91.58999633789062,90.94000244140625,91.19000244140625,0.0
1275350400,91.18000030517578,91.44000244140625,90.52999877929688,91.0999984741211,0.0
1275436800,91.08999633789062,92.34700012207031,91.01000213623047,92.19000244140625,0.0
1275523200,92.19000244140625,92.77100372314453,92.04000091552734,92.62300109863281,0.0
1275609600,92.59300231933594,92.86799621582031,91.427001953125,91.87999725341797,0.0
1275868800,91.56999969482422,92.06400299072266,90.98999786376953,91.51599884033203,0.0
1275955200,91.48999786376953,91.90699768066406,90.88500213623047,91.41000366210938,0.0
1276041600,91.41000366210938,91.65499877929688,91.04000091552734,91.36499786376953,0.0
1276128000,91.32099914550781,91.44100189208984,90.8550033569336,91.30899810791016,0.0
1276214400,91.33100128173828,91.75599670410156,91.26200103759766,91.62000274658203,0.0
1276473600,91.70999908447266,92.07599639892578,91.41000366210938,91.62000274658203,0.0
1276560000,91.62999725341797,91.68000030517578,91.0999984741211,91.4739990234375,0.0
1276646400,91.48999786376953,91.76100158691406,91.1500015258789,91.39600372314453,0.0
1276732800,91.4000015258789,91.41999816894531,90.51000213623047,90.83999633789062,0.0
1276819200,90.86000061035156,90.92400360107422,90.4540023803711,90.69999694824219,0.0
1277078400,90.4000015258789,91.4520034790039,90.31999969482422,90.99500274658203,0.0
1277164800,91.01000213623047,91.08000183105469,90.33300018310547,90.54000091552734,0.0
1277251200,90.54900360107422,90.56199645996094,89.74800109863281,89.91000366210938,0.0
1277337600,89.91999816894531,89.95999908447266,89.22000122070312,89.62999725341797,0.0
1277424000,89.5999984741211,89.75,89.1500015258789,89.1500015258789,0.0
1277683200,89.37000274658203,89.44499969482422,89.05000305175781,89.31300354003906,0.0
1277769600,89.31999969482422,89.4000015258789,88.29900360107422,88.64900207519531,0.0
1277856000,88.66000366210938,88.75599670410156,88.3499984741211,88.43000030517578,0.0
1277942400,88.4260025024414,88.54000091552734,86.9800033569336,87.5999984741211,0.0
1278028800,87.62999725341797,88.18900299072266,87.33999633789062,87.79000091552734,0.0
1278288000,87.7509994506836,87.9990005493164,87.625,87.625,0.0
1278374400,87.63899993896484,87.97100067138672,87.33999633789062,87.4800033569336,0.0
1278460800,87.51000213623047,87.7969970703125,87.02549743652344,87.68000030517578,0.0
1278547200,87.66000366210938,88.6050033569336,87.66000366210938,88.41000366210938,0.0
1278633600,88.41000366210938,88.68099975585938,88.36000061035156,88.56999969482422,0.0
1278892800,88.64900207519531,89.13700103759766,88.37899780273438,88.63899993896484,0.0
1278979200,88.6500015258789,88.85600280761719,88.04000091552734,88.79299926757812,0.0
1279065600,88.8219985961914,89.09300231933594,88.07499694824219,88.2699966430664,0.0
1279152000,88.28399658203125,88.38899993896484,87.24099731445312,87.33999633789062,0.0
1279238400,87.37300109863281,87.48200225830078,86.27999877929688,86.55999755859375,0.0
1279497600,86.52400207519531,87.18099975585938,86.4800033569336,86.76000213623047,0.0
1279584000,86.73999786376953,87.55899810791016,86.68000030517578,87.24199676513672,0.0
1279670400,87.2699966430664,87.43099975585938,86.79199981689453,86.86100006103516,0.0
1279756800,86.87999725341797,87.18099975585938,86.33999633789062,87.1240005493164,0.0
1279843200,87.1500015258789,87.5199966430664,86.73600006103516,87.5199966430664,0.0
1280102400,87.51000213623047,87.69999694824219,86.81999969482422,86.99800109863281,0.0
1280188800,87.00800323486328,87.96399688720703,86.83000183105469,87.81600189208984,0.0
1280275200,87.00800323486328,88.09100341796875,87.28600311279297,87.4520034790039,0.0
1280361600,87.45600128173828,87.48400115966797,86.58000183105469,86.68299865722656,0.0
1280448000,86.66999816894531,86.79000091552734,85.99800109863281,86.44000244140625,0.0
1280707200,86.37999725341797,86.86100006103516,86.31999969482422,86.5979995727539,0.0
1280793600,86.58000183105469,86.60600280761719,85.677001953125,85.77999877929688,0.0
1280880000,85.79000091552734,86.36000061035156,85.30999755859375,85.77999877929688,0.0
1280966400,86.27999877929688,86.43000030517578,85.78199768066406,86.30000305175781,0.0
1281052800,85.81999969482422,86.17400360107422,85.03600311279297,85.83300018310547,0.0
1281312000,85.34400177001953,85.87999725341797,85.33000183105469,85.34400177001953,0.0
1281398400,85.88800048828125,86.19599914550781,85.63200378417969,85.89700317382812,0.0
1281484800,85.35700225830078,85.44499969482422,84.74800109863281,85.36000061035156,0.0
1281571200,85.19999694824219,85.95999908447266,84.927001953125,85.1719970703125,0.0
1281657600,86.06500244140625,86.33399963378906,85.5790023803711,86.0739974975586,0.0
1281916800,86.14099884033203,86.1500015258789,85.2300033569336,86.13999938964844,0.0
1282003200,85.30699920654297,85.66799926757812,85.12100219726562,85.30699920654297,0.0
1282089600,85.58000183105469,85.67500305175781,85.19000244140625,85.59500122070312,0.0
1282176000,85.4469985961914,85.9000015258789,84.87999725341797,85.44000244140625,0.0
1282262400,85.31999969482422,85.80999755859375,85.19000244140625,85.34400177001953,0.0
1282521600,85.55000305175781,85.63300323486328,85.08699798583984,85.55999755859375,0.0
1282608000,85.1510009765625,85.17900085449219,83.61900329589844,85.14099884033203,0.0
1282694400,84.18000030517578,84.6729965209961,84.06999969482422,84.1780014038086,0.0
1282780800,84.66000366210938,84.8740005493164,84.4000015258789,84.68399810791016,0.0
1282867200,84.3499984741211,85.12000274658203,84.26000213623047,84.34600067138672,0.0
1283126400,85.49800109863281,85.89199829101562,84.5479965209961,85.5009994506836,0.0
1283212800,84.55799865722656,84.6520004272461,83.99400329589844,84.53199768066406,0.0
1283299200,84.13999938964844,84.65899658203125,83.73200225830078,84.13999938964844,0.0
1283385600,84.37000274658203,84.55000305175781,84.02200317382812,84.40699768066406,0.0
1283472000,84.2699966430664,85.19200134277344,84.16999816894531,84.25,0.0
1283731200,84.41999816894531,84.48200225830078,84.02999877929688,84.43000030517578,0.0
1283817600,84.12999725341797,84.25199890136719,83.5199966430664,84.12000274658203,0.0
1283904000,83.7300033569336,84.00199890136719,83.35099792480469,83.73200225830078,0.0
1283990400,83.97000122070312,84.0199966430664,83.50399780273438,83.94999694824219,0.0
1284076800,83.93000030517578,84.37899780273438,83.75399780273438,83.93000030517578,0.0
1284336000,84.33399963378906,84.33999633789062,83.50499725341797,84.30699920654297,0.0
1284422400,83.69599914550781,83.70999908447266,82.91999816894531,83.68099975585938,0.0
1284508800,83.05699920654297,85.74099731445312,82.87000274658203,83.0479965209961,0.0
1284595200,85.69000244140625,85.81199645996094,85.21700286865234,85.69999694824219,0.0
1284681600,85.84100341796875,85.91000366210938,85.58999633789062,85.8479995727539,0.0
1284940800,85.69000244140625,85.78700256347656,85.5,85.69000244140625,0.0
1285027200,85.72000122070312,85.76000213623047,85.27400207519531,85.7020034790039,0.0
1285113600,85.11799621582031,85.13999938964844,84.27999877929688,85.11299896240234,0.0
1285200000,84.48999786376953,84.65599822998047,84.26000213623047,84.4800033569336,0.0
1285286400,84.52999877929688,85.31999969482422,84.12200164794922,84.51000213623047,0.0
1285545600,84.31199645996094,84.37999725341797,84.12000274658203,84.31600189208984,0.0
1285632000,84.26000213623047,84.3280029296875,83.80000305175781,84.2750015258789,0.0
1285718400,83.88300323486328,84.06600189208984,83.50700378417969,83.89199829101562,0.0
1285804800,83.76000213623047,83.79000091552734,83.18099975585938,83.76599884033203,0.0
1285891200,83.55000305175781,83.55999755859375,83.12999725341797,83.56999969482422,0.0
1286150400,83.3499984741211,83.84600067138672,83.16999816894531,83.33300018310547,0.0
1286236800,83.50199890136719,83.94200134277344,83.01300048828125,83.50299835205078,0.0
1286323200,83.20999908447266,83.2699966430664,82.7699966430664,83.19000244140625,0.0
1286409600,82.97000122070312,83.00700378417969,82.18000030517578,82.96700286865234,0.0
1286496000,82.37899780273438,82.5510025024414,81.7509994506836,82.37999725341797,0.0
1286755200,81.802001953125,82.12200164794922,81.7750015258789,81.81999969482422,0.0
1286841600,82.08699798583984,82.32599639892578,81.68099975585938,82.08899688720703,0.0
1286928000,81.7979965209961,81.99600219726562,81.70999908447266,81.77999877929688,0.0
1287014400,81.80599975585938,81.83499908447266,80.86000061035156,81.7979965209961,0.0
1287100800,81.48699951171875,81.61000061035156,80.93699645996094,81.47000122070312,0.0
1287360000,81.37000274658203,81.38999938964844,81.12000274658203,81.37799835205078,0.0
1287446400,81.20999908447266,81.90599822998047,81.13999938964844,81.197998046875,0.0
1287532800,81.54000091552734,81.58399963378906,80.88300323486328,81.54199981689453,0.0
1287619200,81.05999755859375,81.77100372314453,80.93000030517578,81.05500030517578,0.0
1287705600,81.30799865722656,81.49299621582031,81.00599670410156,81.30000305175781,0.0
1287964800,81.31999969482422,81.33999633789062,80.45600128173828,81.30899810791016,0.0
1288051200,80.80799865722656,81.40899658203125,80.5999984741211,80.82499694824219,0.0
1288137600,81.31999969482422,81.97200012207031,81.30999755859375,81.33699798583984,0.0
1288224000,81.67500305175781,81.7300033569336,80.83999633789062,81.67900085449219,0.0
1288310400,81.67500305175781,81.7300033569336,80.44999694824219,81.67900085449219,0.0
1288569600,80.572998046875,81.11100006103516,80.31999969482422,80.40599822998047,0.0
1288656000,80.51000213623047,80.93699645996094,80.4800033569336,80.55899810791016,0.0
1288742400,80.65599822998047,81.46700286865234,80.58999633789062,80.66799926757812,0.0
1288828800,81.05799865722656,81.19999694824219,80.58799743652344,81.05000305175781,0.0
1288915200,80.7699966430664,81.43000030517578,80.61900329589844,80.7760009765625,0.0
1289174400,81.16899871826172,81.38999938964844,81.00199890136719,81.13999938964844,0.0
1289260800,81.12100219726562,81.21099853515625,80.5199966430664,81.08999633789062,0.0
1289347200,81.5530014038086,82.77200317382812,81.5530014038086,81.58300018310547,0.0
1289433600,82.19999694824219,82.5,82.02999877929688,82.2040023803711,0.0
1289520000,82.41500091552734,82.43900299072266,81.6780014038086,82.41000366210938,0.0
1289779200,82.4800033569336,83.197998046875,82.38999938964844,82.47000122070312,0.0
1289865600,83.15699768066406,83.33000183105469,82.84700012207031,83.16200256347656,0.0
1289952000,83.36699676513672,83.5270004272461,83.0199966430664,83.37999725341797,0.0
1290038400,83.1510009765625,83.66999816894531,83.0979995727539,83.0999984741211,0.0
1290124800,83.53800201416016,83.6259994506836,83.13999938964844,83.54000091552734,0.0
1290384000,83.46399688720703,83.5530014038086,83.33000183105469,83.48500061035156,0.0
1290470400,83.31700134277344,83.83499908447266,82.79000091552734,83.29000091552734,0.0
1290556800,83.25,83.46600341796875,82.94000244140625,83.26899719238281,0.0
1290643200,83.52999877929688,83.68299865722656,83.4000015258789,83.5199966430664,0.0
1290729600,83.63800048828125,84.1719970703125,83.63800048828125,83.62999725341797,0.0
1290988800,84.1729965209961,84.38999938964844,83.8489990234375,84.15699768066406,0.0
1291075200,84.23100280761719,84.26000213623047,83.44599914550781,84.25399780273438,0.0
1291161600,83.66600036621094,84.37799835205078,83.38300323486328,83.6780014038086,0.0
1291248000,84.11000061035156,84.3499984741211,83.9020004272461,84.12300109863281,0.0
1291334400,83.73999786376953,83.83300018310547,82.53299713134766,83.7490005493164,0.0
1291593600,82.7699966430664,82.97599792480469,82.62000274658203,82.77999877929688,0.0
1291680000,82.66999816894531,83.17500305175781,82.31999969482422,82.66999816894531,0.0
1291766400,83.4800033569336,84.28700256347656,83.47100067138672,83.47899627685547,0.0
1291852800,84.09300231933594,84.10399627685547,83.66400146484375,84.0999984741211,0.0
1291939200,83.83999633789062,83.9800033569336,83.45999908447266,83.81600189208984,0.0
1292198400,83.96800231933594,84.33999633789062,83.54000091552734,83.9729995727539,0.0
1292284800,83.44000244140625,83.62999725341797,82.83000183105469,83.44000244140625,0.0
1292371200,83.79000091552734,84.06400299072266,83.6449966430664,83.79000091552734,0.0
1292457600,84.27999877929688,84.39700317382812,83.95999908447266,84.26899719238281,0.0
1292544000,84.03600311279297,84.14800262451172,83.69000244140625,84.05000305175781,0.0
1292803200,84.01599884033203,84.10299682617188,83.62000274658203,84.01000213623047,0.0
1292889600,83.77100372314453,83.78299713134766,83.49700164794922,83.77100372314453,0.0
1292976000,83.77999877929688,83.84300231933594,83.41000366210938,83.79000091552734,0.0
1293062400,83.55999755859375,83.55999755859375,82.86000061035156,83.55999755859375,0.0
1293148800,83.0,83.14299774169922,82.86000061035156,83.0199966430664,0.0
1293408000,82.90899658203125,82.96399688720703,82.64800262451172,82.91899871826172,0.0
1293494400,82.73999786376953,82.74600219726562,81.8219985961914,82.72000122070312,0.0
1293580800,82.35399627685547,82.36499786376953,81.9000015258789,82.35600280761719,0.0
1293667200,81.61000061035156,81.84300231933594,81.28399658203125,81.61799621582031,0.0
1293753600,81.49400329589844,81.52999877929688,80.95999908447266,81.4800033569336,0.0
1294012800,81.13999938964844,81.70899963378906,81.12000274658203,81.12300109863281,0.0
1294099200,81.6719970703125,82.26799774169922,81.5999984741211,81.66999816894531,0.0
1294185600,82.01000213623047,83.31999969482422,81.88300323486328,82.03800201416016,0.0
1294272000,83.16000366210938,83.37699890136719,82.87999725341797,83.18900299072266,0.0
1294358400,83.2699966430664,83.65799713134766,82.947998046875,83.30000305175781,0.0
1294617600,83.06900024414062,83.27300262451172,82.72899627685547,83.02999877929688,0.0
1294704000,82.7300033569336,83.48300170898438,82.7300033569336,82.70999908447266,0.0
1294790400,83.3550033569336,83.4489974975586,82.9800033569336,83.33999633789062,0.0
1294876800,83.08999633789062,83.13999938964844,82.56600189208984,83.06999969482422,0.0
1294963200,82.75,82.97000122070312,82.40899658203125,82.76200103759766,0.0
1295222400,82.88899993896484,82.99400329589844,82.3489990234375,82.88700103759766,0.0
1295308800,82.63999938964844,82.79100036621094,82.322998046875,82.66999816894531,0.0
1295395200,82.61699676513672,82.6780014038086,82.00900268554688,82.61199951171875,0.0
1295481600,82.13999938964844,83.04000091552734,82.04000091552734,82.15499877929688,0.0
1295568000,82.93399810791016,83.0790023803711,82.5199966430664,82.91999816894531,0.0
1295827200,82.58000183105469,82.91000366210938,82.41999816894531,82.58599853515625,0.0
1295913600,82.53500366210938,82.64299774169922,82.27200317382812,82.54199981689453,0.0
1296000000,82.25900268554688,82.31400299072266,81.98899841308594,82.26000213623047,0.0
1296086400,82.16000366210938,83.15899658203125,82.0250015258789,82.16300201416016,0.0
1296172800,82.88700103759766,82.88999938964844,82.12999725341797,82.88500213623047,0.0
1296432000,82.09700012207031,82.23100280761719,81.93000030517578,82.08899688720703,0.0
1296518400,82.08699798583984,82.13300323486328,81.47000122070312,82.06999969482422,0.0
1296604800,81.38999938964844,81.61399841308594,81.3499984741211,81.39099884033203,0.0
1296691200,81.49400329589844,82.04399871826172,81.49400329589844,81.49299621582031,0.0
1296777600,81.65699768066406,81.9749984741211,81.48999786376953,81.6500015258789,0.0
1297036800,82.22000122070312,82.45800018310547,82.1500015258789,82.22000122070312,0.0
1297123200,82.2979965209961,82.35800170898438,81.76799774169922,82.28900146484375,0.0
1297209600,82.2699966430664,82.64900207519531,82.2490005493164,82.3030014038086,0.0
1297296000,82.4000015258789,83.26899719238281,82.36000061035156,82.41899871826172,0.0
1297382400,83.33999633789062,83.66200256347656,83.2300033569336,83.33999633789062,0.0
1297641600,83.41999816894531,83.48699951171875,83.0989990234375,83.44400024414062,0.0
1297728000,83.4000015258789,83.90799713134766,83.19300079345703,83.41300201416016,0.0
1297814400,83.72000122070312,83.95500183105469,83.58000183105469,83.71600341796875,0.0
1297900800,83.61299896240234,83.66600036621094,83.15599822998047,83.61000061035156,0.0
1297987200,83.28700256347656,83.49400329589844,83.20700073242188,83.29000091552734,0.0
1298246400,83.10600280761719,83.25800323486328,83.04000091552734,83.08000183105469,0.0
1298332800,83.06900024414062,83.4010009765625,82.78600311279297,83.06600189208984,0.0
1298419200,82.77300262451172,82.87000274658203,82.51000213623047,82.76000213623047,0.0
1298505600,82.44999694824219,82.44999694824219,81.64900207519531,82.43800354003906,0.0
1298592000,82.0199966430664,82.02300262451172,81.6500015258789,82.0469970703125,0.0
1298851200,81.62000274658203,81.91999816894531,81.5999984741211,81.62200164794922,0.0
1298937600,81.8740005493164,82.22000122070312,81.83000183105469,81.87300109863281,0.0
1299024000,81.89800262451172,82.0999984741211,81.5999984741211,81.89800262451172,0.0
1299110400,81.80999755859375,82.36199951171875,81.71800231933594,81.8280029296875,0.0
1299196800,82.36000061035156,82.91000366210938,82.23600006103516,82.36699676513672,0.0
1299456000,82.3499984741211,82.38200378417969,81.93000030517578,82.34300231933594,0.0
1299542400,82.2979965209961,82.84300231933594,82.20099639892578,82.29199981689453,0.0
1299628800,82.80999755859375,82.9229965209961,82.61000061035156,82.80000305175781,0.0
1299715200,82.83100128173828,83.16000366210938,82.69100189208984,82.83300018310547,0.0
1299801600,82.88899993896484,83.27999877929688,81.78099822998047,82.91799926757812,0.0
1300060800,81.30000305175781,82.37000274658203,81.30000305175781,81.28399658203125,0.0
1300147200,81.83999633789062,81.91000366210938,80.73999786376953,81.81999969482422,0.0
1300233600,81.01000213623047,81.15399932861328,80.22000122070312,81.05599975585938,0.0
1300320000,79.08899688720703,79.70999908447266,78.25,79.12799835205078,0.0
1300406400,79.2300033569336,81.95999908447266,79.2300033569336,79.5,0.0
1300665600,80.95999908447266,81.302001953125,80.81199645996094,81.01499938964844,0.0
1300752000,81.18000030517578,81.20999908447266,80.8499984741211,81.20899963378906,0.0
1300838400,81.03199768066406,81.05599975585938,80.69999694824219,81.03900146484375,0.0
1300924800,80.86000061035156,81.05000305175781,80.77999877929688,80.86699676513672,0.0
1301011200,81.01799774169922,81.36599731445312,80.91000366210938,81.01399993896484,0.0
1301270400,81.45099639892578,81.83699798583984,81.43599700927734,81.4489974975586,0.0
1301356800,81.74600219726562,82.44999694824219,81.53700256347656,81.76000213623047,0.0
1301443200,82.40799713134766,83.1719970703125,82.37999725341797,82.41100311279297,0.0
1301529600,83.14600372314453,83.20500183105469,82.54000091552734,83.1500015258789,0.0
1301616000,83.36000061035156,84.69000244140625,83.27999877929688,83.36000061035156,0.0
1301875200,84.21900177001953,84.28099822998047,83.8499984741211,84.22000122070312,0.0
1301961600,84.12799835205078,84.69000244140625,84.0999984741211,84.12999725341797,0.0
1302048000,85.1500015258789,85.4800033569336,84.83000183105469,85.16000366210938,0.0
1302134400,85.30999755859375,85.48999786376953,84.61100006103516,85.31999969482422,0.0
1302220800,84.95999908447266,85.37999725341797,84.86000061035156,84.95999908447266,0.0
1302480000,85.04100036621094,85.14900207519531,84.52999877929688,85.04000091552734,0.0
1302566400,84.62999725341797,84.62999725341797,83.5,84.62999725341797,0.0
1302652800,83.58000183105469,84.23699951171875,83.4800033569336,83.5999984741211,0.0
1302739200,83.78299713134766,83.80599975585938,82.95999908447266,83.78299713134766,0.0
1303084800,83.1500015258789,83.2490005493164,82.197998046875,83.14700317382812,0.0
1303171200,82.33999633789062,82.72000122070312,82.33999633789062,82.33399963378906,0.0
1303257600,82.5739974975586,83.08999633789062,82.30000305175781,82.58000183105469,0.0
1303344000,82.43699645996094,82.5199966430664,81.5999984741211,82.44000244140625,0.0
1303430400,81.89099884033203,82.08899688720703,81.65799713134766,81.89700317382812,0.0
1303689600,81.88999938964844,82.40899658203125,81.88999938964844,81.87000274658203,0.0
1303776000,81.85199737548828,81.95700073242188,81.56999969482422,81.83999633789062,0.0
1303862400,81.47000122070312,82.71800231933594,81.30999755859375,81.51100158691406,0.0
1303948800,82.18900299072266,82.26399993896484,81.39399719238281,82.2040023803711,0.0
1304035200,81.55000305175781,81.62999725341797,81.11699676513672,81.52999877929688,0.0
1304294400,81.2300033569336,81.68099975585938,80.98999786376953,81.22699737548828,0.0
1304380800,81.19100189208984,81.25,80.69400024414062,81.18000030517578,0.0
1304467200,80.97000122070312,81.1760025024414,80.5199966430664,80.96900177001953,0.0
1304553600,80.63999938964844,80.6510009765625,79.5979995727539,80.63999938964844,0.0
1304640000,80.4000015258789,80.88800048828125,80.19999694824219,80.41699981689453,0.0
1304899200,80.69999694824219,80.822998046875,80.50700378417969,80.73400115966797,0.0
1304985600,80.26000213623047,80.83499908447266,80.16999816894531,80.24199676513672,0.0
1305072000,81.00399780273438,81.29100036621094,80.62000274658203,81.01100158691406,0.0
1305158400,81.0260009765625,81.31099700927734,80.69000244140625,81.01000213623047,0.0
1305244800,81.06999969482422,81.06999969482422,80.37999725341797,81.04000091552734,0.0
1305504000,80.80999755859375,81.04100036621094,80.66000366210938,80.81700134277344,0.0
1305590400,80.7699966430664,81.76300048828125,80.76000213623047,80.78199768066406,0.0
1305676800,81.447998046875,81.53600311279297,80.93800354003906,81.4209976196289,0.0
1305763200,81.66999816894531,82.21299743652344,81.48999786376953,81.66100311279297,0.0
1305849600,81.7040023803711,81.83999633789062,81.47599792480469,81.71399688720703,0.0
1306108800,81.7300033569336,82.01399993896484,81.30000305175781,81.73999786376953,0.0
1306195200,81.97100067138672,82.18000030517578,81.5999984741211,81.95700073242188,0.0
1306281600,82.05999755859375,82.15299987792969,81.79000091552734,82.0479965209961,0.0
1306368000,82.0199966430664,82.03299713134766,81.1760025024414,82.02200317382812,0.0
1306454400,81.2770004272461,81.28600311279297,80.70999908447266,81.2699966430664,0.0
1306713600,80.83300018310547,80.96299743652344,80.73999786376953,80.83100128173828,0.0
1306800000,80.86599731445312,81.74800109863281,80.71199798583984,80.87999725341797,0.0
1306886400,81.41999816894531,81.47599792480469,80.68000030517578,81.4530029296875,0.0
1306972800,80.91000366210938,81.30000305175781,80.5999984741211,80.89399719238281,0.0
1307059200,80.9530029296875,80.97000122070312,80.05999755859375,80.97000122070312,0.0
1307318400,80.23999786376953,80.37000274658203,79.99700164794922,80.22000122070312,0.0
1307404800,80.12999725341797,80.31999969482422,80.08300018310547,80.12000274658203,0.0
1307491200,80.16999816894531,80.24500274658203,79.70999908447266,80.16999816894531,0.0
1307577600,79.90699768066406,80.28900146484375,79.83000183105469,79.88999938964844,0.0
1307664000,80.27799987792969,80.38700103759766,79.97000122070312,80.29000091552734,0.0
1307923200,80.33200073242188,80.66999816894531,80.13999938964844,80.33999633789062,0.0
1308009600,80.16999816894531,80.5989990234375,80.08000183105469,80.1760025024414,0.0
1308096000,80.54100036621094,81.03600311279297,80.3759994506836,80.54000091552734,0.0
1308182400,80.88999938964844,81.01300048828125,80.49400329589844,80.87999725341797,0.0
1308268800,80.60399627685547,80.66999816894531,80.02100372314453,80.5770034790039,0.0
1308528000,80.05500030517578,80.35199737548828,80.0270004272461,80.07599639892578,0.0
1308614400,80.23999786376953,80.25,80.05000305175781,80.23400115966797,0.0
1308700800,80.22699737548828,80.31199645996094,80.00800323486328,80.22100067138672,0.0
1308787200,80.37999725341797,80.7699966430664,80.3499984741211,80.38300323486328,0.0
1308873600,80.4489974975586,80.5989990234375,80.13099670410156,80.44000244140625,0.0
1309132800,80.46399688720703,80.96499633789062,80.41999816894531,80.45999908447266,0.0
1309219200,80.8499984741211,80.89600372314453,80.66400146484375,80.8499984741211,0.0
1309305600,81.07099914550781,81.1760025024414,80.55599975585938,81.08000183105469,0.0
1309392000,80.7300033569336,80.80899810791016,80.26000213623047,80.70999908447266,0.0
1309478400,80.61900329589844,81.12000274658203,80.54000091552734,80.5999984741211,0.0
1309737600,80.8479995727539,80.86299896240234,80.54000091552734,80.87999725341797,0.0
1309824000,80.73999786376953,81.18099975585938,80.73999786376953,80.73300170898438,0.0
1309910400,81.08000183105469,81.11000061035156,80.78600311279297,81.06999969482422,0.0
1309996800,80.94000244140625,81.39600372314453,80.79000091552734,80.93800354003906,0.0
1310083200,81.2300033569336,81.45899963378906,80.5,81.2300033569336,0.0
1310342400,80.6500015258789,80.81099700927734,80.30999755859375,80.6500015258789,0.0
1310428800,80.30699920654297,80.36499786376953,79.25199890136719,80.29000091552734,0.0
1310515200,79.30000305175781,79.5510025024414,78.88600158691406,79.31800079345703,0.0
1310601600,78.91000366210938,79.58399963378906,78.50299835205078,78.91999816894531,0.0
1310688000,79.16999816894531,79.26000213623047,78.9000015258789,79.18000030517578,0.0
1310947200,79.11799621582031,79.14099884033203,78.94000244140625,79.11299896240234,0.0
1311033600,79.05000305175781,79.12000274658203,78.80000305175781,79.05000305175781,0.0
1311120000,79.12699890136719,79.29900360107422,78.70899963378906,79.1259994506836,0.0
1311206400,78.76100158691406,78.99700164794922,78.36000061035156,78.75399780273438,0.0
1311292800,78.56500244140625,78.69300079345703,78.2699966430664,78.58399963378906,0.0
1311552000,78.37999725341797,78.50499725341797,78.04000091552734,78.37999725341797,0.0
1311638400,78.30400085449219,78.37899780273438,77.93000030517578,78.30000305175781,0.0
1311724800,77.91400146484375,78.02400207519531,77.55999755859375,77.91400146484375,0.0
1311811200,77.93800354003906,78.00499725341797,77.5999984741211,77.93000030517578,0.0
1311897600,77.7300033569336,77.83999633789062,77.01000213623047,77.7300033569336,0.0
1312156800,77.20999908447266,77.98500061035156,76.36900329589844,77.21299743652344,0.0
1312243200,77.4000015258789,77.62999725341797,77.0790023803711,77.45999908447266,0.0
1312329600,77.33000183105469,77.38999938964844,76.79900360107422,77.33499908447266,0.0
1312416000,77.10900115966797,80.22599792480469,77.01200103759766,77.11199951171875,0.0
1312502400,79.28600311279297,79.322998046875,78.33999633789062,79.29000091552734,0.0
1312761600,78.24500274658203,78.38999938964844,77.5199966430664,78.25399780273438,0.0
1312848000,77.5780029296875,77.82099914550781,76.97200012207031,77.58499908447266,0.0
1312934400,77.05000305175781,77.13099670410156,76.3479995727539,77.05000305175781,0.0
1313020800,76.75700378417969,77.1989974975586,76.30999755859375,76.75900268554688,0.0
1313107200,76.86000061035156,77.00199890136719,76.5,76.86000061035156,0.0
1313366400,76.81900024414062,77.06999969482422,76.58000183105469,76.81999969482422,0.0
1313452800,76.83999633789062,76.91899871826172,76.6500015258789,76.83999633789062,0.0
1313539200,76.76000213623047,76.79000091552734,76.41000366210938,76.75399780273438,0.0
1313625600,76.53900146484375,76.68499755859375,76.44000244140625,76.5469970703125,0.0
1313712000,76.63300323486328,76.88400268554688,76.0199966430664,76.63700103759766,0.0
1313971200,76.77999877929688,77.16300201416016,76.52999877929688,76.78600311279297,0.0
1314057600,76.83699798583984,76.9260025024414,76.45999908447266,76.83200073242188,0.0
1314144000,76.6500015258789,76.86199951171875,76.45999908447266,76.66000366210938,0.0
1314230400,77.03700256347656,77.44999694824219,76.84100341796875,77.0530014038086,0.0
1314316800,77.41000366210938,77.45999908447266,76.5,77.43499755859375,0.0
1314576000,76.697998046875,76.99800109863281,76.56800079345703,76.68199920654297,0.0
1314662400,76.9469985961914,76.9800033569336,76.64700317382812,76.93299865722656,0.0
1314748800,76.69000244140625,76.82499694824219,76.4219970703125,76.70099639892578,0.0
1314835200,76.74600219726562,77.19100189208984,76.69599914550781,76.7300033569336,0.0
1314921600,76.85900115966797,76.9520034790039,76.55999755859375,76.86000061035156,0.0
1315180800,76.89199829101562,76.96199798583984,76.68000030517578,76.9020004272461,0.0
1315267200,76.9000015258789,77.56300354003906,76.70999908447266,76.9020004272461,0.0
1315353600,77.62000274658203,77.62300109863281,77.07099914550781,77.61799621582031,0.0
1315440000,77.31900024414062,77.44000244140625,77.12999725341797,77.3010025024414,0.0
1315526400,77.50199890136719,77.84500122070312,77.09700012207031,77.50800323486328,0.0
1315785600,77.47000122070312,77.58000183105469,76.73999786376953,77.46299743652344,0.0
1315872000,77.18599700927734,77.23799896240234,76.77999877929688,77.18000030517578,0.0
1315958400,76.93000030517578,77.01799774169922,76.6500015258789,76.93199920654297,0.0
1316044800,76.66999816894531,77.07599639892578,76.55000305175781,76.677001953125,0.0
1316131200,76.72200012207031,76.96099853515625,76.66000366210938,76.73400115966797,0.0
1316390400,76.91000366210938,76.96900177001953,76.34600067138672,76.91000366210938,0.0
1316476800,76.56999969482422,76.75299835205078,76.40299987792969,76.59600067138672,0.0
1316563200,76.44999694824219,76.60099792480469,76.13400268554688,76.46299743652344,0.0
1316649600,76.53600311279297,76.93000030517578,76.13999938964844,76.53800201416016,0.0
1316736000,76.30699920654297,76.34600067138672,76.12999725341797,76.30599975585938,0.0
1316995200,76.51000213623047,76.75199890136719,76.2300033569336,76.54000091552734,0.0
1317081600,76.31999969482422,76.69000244140625,76.26000213623047,76.33599853515625,0.0
1317168000,76.82099914550781,76.85399627685547,76.30999755859375,76.80799865722656,0.0
1317254400,76.54900360107422,76.947998046875,76.41100311279297,76.54000091552734,0.0
1317340800,76.75,77.12999725341797,76.50199890136719,76.76499938964844,0.0
1317600000,77.20999908447266,77.23100280761719,76.5199966430664,77.19000244140625,0.0
1317686400,76.5999984741211,76.91000366210938,76.51000213623047,76.59200286865234,0.0
1317772800,76.77999877929688,77.03600311279297,76.61000061035156,76.76000213623047,0.0
1317859200,76.78199768066406,76.83000183105469,76.56999969482422,76.78199768066406,0.0
1317945600,76.65799713134766,76.90499877929688,76.58000183105469,76.65799713134766,0.0
1318204800,76.7699966430664,76.83999633789062,76.56300354003906,76.7699966430664,0.0
1318291200,76.66799926757812,76.74500274658203,76.58000183105469,76.66000366210938,0.0
1318377600,76.66999816894531,77.4729995727539,76.35600280761719,76.66699981689453,0.0
1318464000,77.19100189208984,77.22000122070312,76.6729965209961,77.18000030517578,0.0
1318550400,76.89800262451172,77.41799926757812,76.8499984741211,76.87999725341797,0.0
1318809600,77.22000122070312,77.43199920654297,76.63999938964844,77.22000122070312,0.0
1318896000,76.83200073242188,76.87100219726562,76.61000061035156,76.83100128173828,0.0
1318982400,76.7699966430664,76.8499984741211,76.63999938964844,76.7770004272461,0.0
1319068800,76.802001953125,77.0739974975586,76.66000366210938,76.80000305175781,0.0
1319155200,76.85900115966797,76.9000015258789,75.95999908447266,76.86000061035156,0.0
1319414400,76.23999786376953,76.43499755859375,76.00900268554688,76.20999908447266,0.0
1319500800,76.13700103759766,76.26000213623047,75.76200103759766,76.13200378417969,0.0
1319587200,76.10700225830078,76.1500015258789,75.72000122070312,76.10900115966797,0.0
1319673600,76.18800354003906,76.26000213623047,75.6500015258789,76.18399810791016,0.0
1319760000,75.91999816894531,75.9739990234375,75.68000030517578,75.93000030517578,0.0
1320019200,75.75,79.5199966430664,75.56999969482422,75.73999786376953,0.0
1320105600,78.3239974975586,78.9489974975586,78.0270004272461,78.30799865722656,0.0
1320192000,78.27999877929688,78.31300354003906,77.96399688720703,78.30599975585938,0.0
1320278400,78.1240005493164,78.15799713134766,77.9000015258789,78.13899993896484,0.0
1320364800,78.02999877929688,78.25399780273438,77.97000122070312,78.0530014038086,0.0
1320624000,78.16000366210938,78.17500305175781,77.9800033569336,78.12999725341797,0.0
1320710400,78.072998046875,78.08000183105469,77.62699890136719,78.0770034790039,0.0
1320796800,77.71700286865234,77.76000213623047,77.52999877929688,77.70800018310547,0.0
1320883200,77.77300262451172,77.86199951171875,77.5199966430664,77.75800323486328,0.0
1320969600,77.64900207519531,77.66100311279297,77.05400085449219,77.6520004272461,0.0
1321228800,77.14299774169922,77.23699951171875,76.8030014038086,77.15599822998047,0.0
1321315200,77.08999633789062,77.3239974975586,76.90899658203125,77.0790023803711,0.0
1321401600,77.06300354003906,77.12999725341797,76.86000061035156,77.05999755859375,0.0
1321488000,77.08000183105469,77.08000183105469,76.87999725341797,77.06099700927734,0.0
1321574400,76.9739990234375,77.02200317382812,76.56099700927734,76.95800018310547,0.0
1321833600,76.8499984741211,76.97000122070312,76.73999786376953,76.83899688720703,0.0
1321920000,76.93000030517578,77.27999877929688,76.81999969482422,76.9000015258789,0.0
1322006400,76.97599792480469,77.4229965209961,76.91999816894531,76.97000122070312,0.0
1322092800,77.25299835205078,77.25299835205078,76.98999786376953,77.27200317382812,0.0
1322179200,77.1709976196289,77.72799682617188,77.16000366210938,77.16600036621094,0.0
1322438400,77.66799926757812,78.2239990234375,77.56999969482422,77.66699981689453,0.0
1322524800,78.0780029296875,78.27799987792969,77.62000274658203,78.08100128173828,0.0
1322611200,77.96900177001953,78.1500015258789,77.3239974975586,77.95999908447266,0.0
1322697600,77.56300354003906,77.80000305175781,77.4800033569336,77.58300018310547,0.0
1322784000,77.75599670410156,78.00800323486328,77.72000122070312,77.75,0.0
1323043200,78.08999633789062,78.08999633789062,77.78299713134766,78.08000183105469,0.0
1323129600,77.80000305175781,77.84500122070312,77.63999938964844,77.81199645996094,0.0
1323216000,77.73999786376953,77.77799987792969,77.62000274658203,77.75,0.0
1323302400,77.6500015258789,77.69000244140625,77.16300201416016,77.6729965209961,0.0
1323388800,77.67900085449219,77.7699966430664,77.54000091552734,77.68000030517578,0.0
1323648000,77.61000061035156,77.98799896240234,77.58300018310547,77.61199951171875,0.0
1323734400,77.9260025024414,77.95099639892578,77.63999938964844,77.93900299072266,0.0
1323820800,77.97000122070312,78.13999938964844,77.9000015258789,77.96099853515625,0.0
1323907200,78.0999984741211,78.12000274658203,77.70999908447266,78.10800170898438,0.0
1323993600,77.81500244140625,77.95500183105469,77.7300033569336,77.83999633789062,0.0
1324252800,77.80999755859375,78.14900207519531,77.78700256347656,77.80999755859375,0.0
1324339200,78.00399780273438,78.05500030517578,77.71700286865234,78.01000213623047,0.0
1324425600,77.83999633789062,77.93499755859375,77.68199920654297,77.83999633789062,0.0
1324512000,78.06999969482422,78.19000244140625,77.99400329589844,78.06999969482422,0.0
1324598400,78.16000366210938,78.22000122070312,77.98999786376953,78.16000366210938,0.0
1324857600,78.08000183105469,78.0999984741211,77.87000274658203,78.08000183105469,0.0
1324944000,77.98799896240234,78.01000213623047,77.77999877929688,78.02999877929688,0.0
1325030400,77.86599731445312,77.9000015258789,77.55899810791016,77.87000274658203,0.0
1325116800,77.93000030517578,77.93000030517578,77.66999816894531,77.94599914550781,0.0
1325203200,77.65899658203125,77.7300033569336,76.9530029296875,77.65899658203125,0.0
1325462400,77.05000305175781,77.08999633789062,76.87000274658203,77.0199966430664,0.0
1325548800,76.93399810791016,76.9540023803711,76.65299987792969,76.93000030517578,0.0
1325635200,76.73200225830078,76.81400299072266,76.5999984741211,76.72200012207031,0.0
1325721600,76.71099853515625,77.12999725341797,76.66999816894531,76.70999908447266,0.0
1325808000,77.15899658203125,77.30899810791016,77.01599884033203,77.1510009765625,0.0
1326067200,76.93299865722656,77.0,76.75900268554688,76.91000366210938,0.0
1326153600,76.87000274658203,76.9010009765625,76.76000213623047,76.86000061035156,0.0
1326240000,76.8489990234375,77.03199768066406,76.84700012207031,76.8499984741211,0.0
1326326400,76.87100219726562,76.9729995727539,76.6709976196289,76.85800170898438,0.0
1326412800,76.77999877929688,76.99600219726562,76.6500015258789,76.77899932861328,0.0
1326672000,76.91999816894531,76.91999816894531,76.66999816894531,76.91000366210938,0.0
1326758400,76.80999755859375,76.87000274658203,76.56900024414062,76.81999969482422,0.0
1326844800,76.80999755859375,76.86199951171875,76.63999938964844,76.81999969482422,0.0
1326931200,76.77999877929688,77.06999969482422,76.69000244140625,76.76699829101562,0.0
1327017600,77.07599639892578,77.29000091552734,77.05699920654297,77.08000183105469,0.0
1327276800,76.97000122070312,77.07599639892578,76.85900115966797,76.95999908447266,0.0
1327363200,76.98899841308594,77.83000183105469,76.94000244140625,77.0,0.0
1327449600,77.66999816894531,78.27999877929688,77.66999816894531,77.68699645996094,0.0
1327536000,77.78199768066406,77.802001953125,77.29299926757812,77.7699966430664,0.0
1327622400,77.46299743652344,77.46299743652344,76.70700073242188,77.45999908447266,0.0
1327881600,76.7300033569336,76.77300262451172,76.30000305175781,76.73200225830078,0.0
1327968000,76.37999725341797,76.41000366210938,76.1500015258789,76.36000061035156,0.0
1328054400,76.37999725341797,76.41000366210938,76.1500015258789,76.2699966430664,0.0
1328140800,76.19999694824219,76.19999694824219,76.05000305175781,76.18900299072266,0.0
1328227200,76.18000030517578,76.7300033569336,76.12999725341797,76.18000030517578,0.0
1328486400,76.55000305175781,76.79000091552734,76.48899841308594,76.5510025024414,0.0
1328572800,76.55000305175781,76.94200134277344,76.51899719238281,76.55000305175781,0.0
1328659200,76.76699829101562,77.16999816894531,76.73999786376953,76.79000091552734,0.0
1328745600,77.05699920654297,77.40899658203125,77.03299713134766,77.05999755859375,0.0
1328832000,77.6520004272461,77.80999755859375,77.53600311279297,77.63200378417969,0.0
1329091200,77.69300079345703,77.7750015258789,77.38999938964844,77.69999694824219,0.0
1329177600,77.50199890136719,78.44000244140625,77.50199890136719,77.51000213623047,0.0
1329264000,78.39199829101562,78.62999725341797,78.1969985961914,78.36000061035156,0.0
1329350400,78.48999786376953,78.9260025024414,78.35199737548828,78.4800033569336,0.0
1329436800,78.83499908447266,79.37999725341797,78.82099914550781,78.8239974975586,0.0
1329696000,79.79000091552734,79.79000091552734,79.36699676513672,79.78800201416016,0.0
1329782400,79.5999984741211,79.83999633789062,79.55000305175781,79.58599853515625,0.0
1329868800,79.83999633789062,80.36799621582031,79.76000213623047,79.83000183105469,0.0
1329955200,80.25800323486328,80.33499908447266,80.04000091552734,80.27999877929688,0.0
1330041600,79.94300079345703,80.77100372314453,79.93699645996094,79.93000030517578,0.0
1330300800,81.47000122070312,81.47000122070312,80.14600372314453,81.47100067138672,0.0
1330387200,80.47000122070312,80.77799987792969,80.03199768066406,80.46399688720703,0.0
1330473600,80.4800033569336,80.86199951171875,80.23999786376953,80.4800033569336,0.0
1330560000,81.27999877929688,81.31999969482422,80.85900115966797,81.2760009765625,0.0
1330646400,81.08000183105469,81.69000244140625,81.08000183105469,81.12000274658203,0.0
1330905600,81.58599853515625,81.7760009765625,81.16000366210938,81.62699890136719,0.0
1330992000,81.53099822998047,81.56999969482422,80.72000122070312,81.51799774169922,0.0
1331078400,80.62000274658203,80.95500183105469,80.58599853515625,80.66000366210938,0.0
1331164800,81.31999969482422,81.72000122070312,81.18000030517578,81.33799743652344,0.0
1331251200,81.58300018310547,82.47899627685547,81.47799682617188,81.58000183105469,0.0
1331510400,82.36000061035156,82.41999816894531,82.0999984741211,82.37300109863281,0.0
1331596800,82.3740005493164,82.8499984741211,81.98600006103516,82.36299896240234,0.0
1331683200,82.96299743652344,83.76000213623047,82.95700073242188,82.95999908447266,0.0
1331769600,83.81199645996094,84.1520004272461,83.1969985961914,83.83999633789062,0.0
1331856000,83.49500274658203,83.93800354003906,83.24299621582031,83.49199676513672,0.0
1332115200,83.44000244140625,83.55000305175781,83.0199966430664,83.44999694824219,0.0
1332201600,83.37799835205078,83.81500244140625,83.33000183105469,83.37000274658203,0.0
1332288000,83.66999816894531,84.08100128173828,83.53700256347656,83.6500015258789,0.0
1332374400,83.19200134277344,83.45099639892578,82.55000305175781,83.2030029296875,0.0
1332460800,82.52200317382812,82.93399810791016,82.0199966430664,82.51000213623047,0.0
1332720000,82.58100128173828,82.98200225830078,82.55000305175781,82.58899688720703,0.0
1332806400,83.01499938964844,83.375,82.65299987792969,82.98699951171875,0.0
1332892800,83.05799865722656,83.1729965209961,82.62999725341797,83.0479965209961,0.0
1332979200,82.8270034790039,82.86499786376953,81.97799682617188,82.83200073242188,0.0
1333065600,82.29199981689453,82.4219970703125,81.8499984741211,82.27300262451172,0.0
1333324800,82.86499786376953,83.28099822998047,81.91200256347656,82.87000274658203,0.0
1333411200,81.66600036621094,82.39199829101562,81.66600036621094,81.54000091552734,0.0
1333497600,82.84200286865234,82.93000030517578,82.10299682617188,82.83000183105469,0.0
1333584000,82.41600036621094,82.43000030517578,81.83000183105469,82.44000244140625,0.0
1333670400,82.19999694824219,82.54000091552734,81.35600280761719,82.2699966430664,0.0
1333929600,81.28199768066406,81.53600311279297,81.22000122070312,81.33000183105469,0.0
1334016000,81.63600158691406,81.83999633789062,80.8499984741211,81.64299774169922,0.0
1334102400,80.66999816894531,81.10700225830078,80.58399963378906,80.69400024414062,0.0
1334188800,80.99800109863281,81.11399841308594,80.80400085449219,81.00800323486328,0.0
1334275200,80.91999816894531,81.16799926757812,80.83999633789062,80.93000030517578,0.0
1334534400,80.91000366210938,80.9800033569336,80.33000183105469,80.9020004272461,0.0
1334620800,80.38999938964844,80.79100036621094,80.36599731445312,80.38099670410156,0.0
1334707200,81.05999755859375,81.5459976196289,81.00599670410156,81.05999755859375,0.0
1334793600,81.30999755859375,81.71700286865234,81.27999877929688,81.30000305175781,0.0
1334880000,81.6259994506836,81.77200317382812,81.48999786376953,81.60900115966797,0.0
1335139200,81.5999984741211,81.5999984741211,80.97000122070312,81.5999984741211,0.0
1335225600,81.08000183105469,81.25299835205078,80.84700012207031,81.08000183105469,0.0
1335312000,81.38600158691406,81.55400085449219,81.0989990234375,81.38999938964844,0.0
1335398400,81.32099914550781,81.40799713134766,80.66999816894531,81.30000305175781,0.0
1335484800,81.06700134277344,81.41699981689453,80.41000366210938,81.05799865722656,0.0
1335744000,80.3499984741211,80.37000274658203,79.7239990234375,80.3499984741211,0.0
1335830400,79.93000030517578,80.28800201416016,79.62999725341797,79.9209976196289,0.0
1335916800,80.22000122070312,80.58100128173828,80.04900360107422,80.20999908447266,0.0
1336003200,80.12000274658203,80.52899932861328,80.0989990234375,80.12100219726562,0.0
1336089600,80.21199798583984,80.36799621582031,79.80999755859375,80.20999908447266,0.0
1336348800,79.81900024414062,79.9739990234375,79.72000122070312,79.81800079345703,0.0
1336435200,79.91200256347656,80.0719985961914,79.70099639892578,79.91999816894531,0.0
1336521600,79.87100219726562,79.93000030517578,79.43699645996094,79.86000061035156,0.0
1336608000,79.6989974975586,79.96600341796875,79.59400177001953,79.70999908447266,0.0
1336694400,79.89299774169922,79.98500061035156,79.73699951171875,79.86900329589844,0.0
1336953600,80.0199966430664,80.16999816894531,79.6780014038086,80.02999877929688,0.0
1337040000,79.86599731445312,80.13400268554688,79.80000305175781,79.8499984741211,0.0
1337126400,80.30999755859375,80.54000091552734,80.2699966430664,80.32499694824219,0.0
1337212800,80.36799621582031,80.37200164794922,79.19999694824219,80.3499984741211,0.0
1337299200,79.40399932861328,79.45999908447266,79.03900146484375,79.40799713134766,0.0
1337558400,79.16100311279297,79.43900299072266,79.11399841308594,79.16999816894531,0.0
1337644800,79.41000366210938,79.9800033569336,79.29900360107422,79.41000366210938,0.0
1337731200,80.00199890136719,80.0459976196289,79.2300033569336,80.00399780273438,0.0
1337817600,79.45700073242188,79.55000305175781,79.33599853515625,79.41999816894531,0.0
1337904000,79.66200256347656,79.81500244140625,79.48600006103516,79.66000366210938,0.0
1338163200,79.59200286865234,79.61799621582031,79.32599639892578,79.58999633789062,0.0
1338249600,79.58000183105469,79.62999725341797,79.38300323486328,79.56099700927734,0.0
1338336000,79.51699829101562,79.55999755859375,78.85900115966797,79.5,0.0
1338422400,78.96600341796875,78.9749984741211,78.21399688720703,78.98200225830078,0.0
1338508800,78.53700256347656,78.62200164794922,77.66000366210938,78.52799987792969,0.0
1338768000,78.06300354003906,78.3550033569336,77.97000122070312,78.0999984741211,0.0
1338854400,78.3479995727539,78.89700317382812,78.14600372314453,78.36100006103516,0.0
1338940800,78.7300033569336,79.25800323486328,78.61299896240234,78.7300033569336,0.0
1339027200,79.27100372314453,79.76300048828125,79.20899963378906,79.2699966430664,0.0
1339113600,79.6989974975586,79.70999908447266,79.12799835205078,79.69000244140625,0.0
1339372800,79.55999755859375,79.72000122070312,79.35099792480469,79.55999755859375,0.0
1339459200,79.31199645996094,79.68000030517578,79.15899658203125,79.30699920654297,0.0
1339545600,79.53099822998047,79.73500061035156,79.31999969482422,79.5270004272461,0.0
1339632000,79.37699890136719,79.45999908447266,79.16300201416016,79.37200164794922,0.0
1339718400,79.41000366210938,79.49199676513672,78.60600280761719,79.4219970703125,0.0
1339977600,79.06600189208984,79.28800201416016,78.86599731445312,79.052001953125,0.0
1340064000,79.01899719238281,79.04499816894531,78.85099792480469,79.0,0.0
1340150400,79.05999755859375,79.56500244140625,78.78099822998047,79.03399658203125,0.0
1340236800,79.42400360107422,80.3010025024414,79.37999725341797,79.4209976196289,0.0
1340323200,80.05999755859375,80.55699920654297,80.05699920654297,80.0199966430664,0.0
1340582400,80.56700134277344,80.56700134277344,79.43099975585938,80.55999755859375,0.0
1340668800,79.63999938964844,79.78199768066406,79.24500274658203,79.6500015258789,0.0
1340755200,79.4520034790039,79.8499984741211,79.35700225830078,79.45999908447266,0.0
1340841600,79.68000030517578,79.68000030517578,79.22000122070312,79.68499755859375,0.0
1340928000,79.30500030517578,79.95099639892578,79.16999816894531,79.31300354003906,0.0
1341187200,79.8489990234375,79.85199737548828,79.30500030517578,79.83899688720703,0.0
1341273600,79.44300079345703,79.91799926757812,79.42900085449219,79.44000244140625,0.0
1341360000,79.8499984741211,79.87000274658203,79.59600067138672,79.83999633789062,0.0
1341446400,79.93399810791016,80.09300231933594,79.56400299072266,79.94000244140625,0.0
1341532800,79.85700225830078,80.01000213623047,79.50199890136719,79.86000061035156,0.0
1341792000,79.49199676513672,79.73600006103516,79.46800231933594,79.47799682617188,0.0
1341878400,79.56700134277344,79.56700134277344,79.20800018310547,79.55799865722656,0.0
1341964800,79.33999633789062,79.74199676513672,79.12999725341797,79.3499984741211,0.0
1342051200,79.59300231933594,79.83999633789062,79.18000030517578,79.61000061035156,0.0
1342137600,79.30699920654297,79.38999938964844,79.11599731445312,79.30999755859375,0.0
1342396800,79.18000030517578,79.19999694824219,78.70099639892578,79.16999816894531,0.0
1342483200,78.83000183105469,79.16100311279297,78.80699920654297,78.81999969482422,0.0
1342569600,79.08499908447266,79.11100006103516,78.77999877929688,79.09600067138672,0.0
1342656000,78.79399871826172,78.79399871826172,78.46800231933594,78.79900360107422,0.0
1342742400,78.72799682617188,78.80000305175781,78.46600341796875,78.73999786376953,0.0
1343001600,78.47000122070312,78.47000122070312,77.97000122070312,78.44999694824219,0.0
1343088000,78.26899719238281,78.33399963378906,78.0999984741211,78.31099700927734,0.0
1343174400,78.12200164794922,78.2750015258789,78.05999755859375,78.10700225830078,0.0
1343260800,78.11299896240234,78.2699966430664,78.03600311279297,78.10299682617188,0.0
1343347200,78.30799865722656,78.62999725341797,78.05999755859375,78.3239974975586,0.0
1343606400,78.48999786376953,78.5199966430664,78.11199951171875,78.5,0.0
1343692800,78.12100219726562,78.30000305175781,78.02999877929688,78.10099792480469,0.0
1343779200,78.11699676513672,78.25,77.91999816894531,78.12000274658203,0.0
1343865600,78.36900329589844,78.5270004272461,78.13999938964844,78.37999725341797,0.0
1343952000,78.22000122070312,78.76000213623047,78.05999755859375,78.22000122070312,0.0
1344211200,78.5999984741211,78.5999984741211,78.1500015258789,78.61000061035156,0.0
1344297600,78.19999694824219,78.72100067138672,78.14700317382812,78.19999694824219,0.0
1344384000,78.61000061035156,78.62699890136719,78.2300033569336,78.61000061035156,0.0
1344470400,78.40699768066406,78.77999877929688,78.28299713134766,78.4000015258789,0.0
1344556800,78.58000183105469,78.63300323486328,78.15699768066406,78.61000061035156,0.0
1344816000,78.25,78.35900115966797,78.15299987792969,78.25,0.0
1344902400,78.31999969482422,78.91200256347656,78.31600189208984,78.33000183105469,0.0
1344988800,78.83000183105469,79.0469970703125,78.61599731445312,78.81500244140625,0.0
1345075200,78.99400329589844,79.38200378417969,78.98999786376953,78.98999786376953,0.0
1345161600,79.26000213623047,79.55999755859375,79.2239990234375,79.25,0.0
1345420800,79.5199966430664,79.64700317382812,79.31800079345703,79.51000213623047,0.0
1345507200,79.33999633789062,79.5199966430664,79.23999786376953,79.33000183105469,0.0
1345593600,79.25299835205078,79.35299682617188,79.14700317382812,79.24199676513672,0.0
1345680000,78.5199966430664,78.68099975585938,78.35800170898438,78.53900146484375,0.0
1345766400,78.58999633789062,78.69999694824219,78.44000244140625,78.5999984741211,0.0
1346025600,78.69400024414062,78.83899688720703,78.63999938964844,78.7300033569336,0.0
1346112000,78.75,78.76200103759766,78.447998046875,78.75,0.0
1346198400,78.55699920654297,78.77999877929688,78.46900177001953,78.56999969482422,0.0
1346284800,78.7300033569336,78.7300033569336,78.48600006103516,78.72000122070312,0.0
1346371200,78.52899932861328,78.5999984741211,78.22200012207031,78.52999877929688,0.0
1346630400,78.30000305175781,78.39199829101562,78.197998046875,78.29000091552734,0.0
1346716800,78.3280029296875,78.45999908447266,78.28800201416016,78.33899688720703,0.0
1346803200,78.46800231933594,78.5250015258789,78.29100036621094,78.47000122070312,0.0
1346889600,78.41000366210938,79.01100158691406,78.36000061035156,78.41999816894531,0.0
1346976000,78.88999938964844,79.00399780273438,78.02400207519531,78.88999938964844,0.0
1347235200,78.24299621582031,78.31999969482422,78.18099975585938,78.21900177001953,0.0
1347321600,78.2300033569336,78.23999786376953,77.72799682617188,78.22599792480469,0.0
1347408000,77.76300048828125,77.95899963378906,77.74400329589844,77.75,0.0
1347494400,77.80799865722656,77.83000183105469,77.37000274658203,77.83000183105469,0.0
1347580800,77.63999938964844,78.33000183105469,77.51200103759766,77.64800262451172,0.0
1347840000,78.3280029296875,78.91200256347656,78.15699768066406,78.33300018310547,0.0
1347926400,78.66400146484375,78.75900268554688,78.5199966430664,78.6729965209961,0.0
1348012800,78.76599884033203,79.19999694824219,78.25299835205078,78.7699966430664,0.0
1348099200,78.38999938964844,78.44000244140625,78.01000213623047,78.39700317382812,0.0
1348185600,78.2030029296875,78.35800170898438,78.12000274658203,78.19999694824219,0.0
1348444800,78.11299896240234,78.1500015258789,77.81999969482422,78.08000183105469,0.0
1348531200,77.86000061035156,77.91999816894531,77.6500015258789,77.86399841308594,0.0
1348617600,77.72699737548828,77.86499786376953,77.58000183105469,77.72799682617188,0.0
1348704000,77.68499755859375,77.73600006103516,77.59400177001953,77.697998046875,0.0
1348790400,77.61000061035156,77.96299743652344,77.43099975585938,77.61000061035156,0.0
1349049600,77.95999908447266,78.12999725341797,77.76599884033203,77.95899963378906,0.0
1349136000,78.0479965209961,78.19000244140625,77.96600341796875,78.04100036621094,0.0
1349222400,78.20099639892578,78.58300018310547,78.12100219726562,78.21499633789062,0.0
1349308800,78.44000244140625,78.71199798583984,78.37000274658203,78.41500091552734,0.0
1349395200,78.51399993896484,78.85700225830078,78.27999877929688,78.48400115966797,0.0
1349654400,78.69100189208984,78.69100189208984,78.08000183105469,78.7020034790039,0.0
1349740800,78.28900146484375,78.43000030517578,78.13899993896484,78.28600311279297,0.0
1349827200,78.21299743652344,78.36799621582031,78.15899658203125,78.21900177001953,0.0
1349913600,78.06999969482422,78.5739974975586,77.92900085449219,78.07499694824219,0.0
1350000000,78.41000366210938,78.5199966430664,78.26699829101562,78.4020004272461,0.0
1350259200,78.47599792480469,78.83699798583984,78.30999755859375,78.46800231933594,0.0
1350345600,78.77400207519531,78.9530029296875,78.71800231933594,78.78900146484375,0.0
1350432000,78.85900115966797,78.85900115966797,78.58999633789062,78.82499694824219,0.0
1350518400,79.05000305175781,79.44300079345703,78.99400329589844,79.05999755859375,0.0
1350604800,79.31600189208984,79.40599822998047,79.10099792480469,79.30799865722656,0.0
1350864000,79.25,79.86699676513672,79.20999908447266,79.25700378417969,0.0
1350950400,79.97699737548828,79.97699737548828,79.70500183105469,79.98999786376953,0.0
1351036800,79.83200073242188,79.91400146484375,79.70099639892578,79.81999969482422,0.0
1351123200,79.81999969482422,80.32599639892578,79.80999755859375,79.83799743652344,0.0
1351209600,80.20899963378906,80.26000213623047,79.48699951171875,80.23500061035156,0.0
1351468800,79.61100006103516,79.78099822998047,79.53099822998047,79.6500015258789,0.0
1351555200,79.76399993896484,79.99400329589844,79.28399658203125,79.76399993896484,0.0
1351641600,79.66999816894531,79.94999694824219,79.50900268554688,79.68399810791016,0.0
1351728000,79.86000061035156,80.16400146484375,79.83999633789062,79.86000061035156,0.0
1351814400,80.21600341796875,80.66400146484375,80.18599700927734,80.22000122070312,0.0
1352073600,80.49600219726562,80.56199645996094,80.19000244140625,80.5,0.0
1352160000,80.1500015258789,80.31099700927734,79.97000122070312,80.16000366210938,0.0
1352246400,80.28099822998047,80.39600372314453,79.80000305175781,80.29000091552734,0.0
1352332800,79.97000122070312,79.9990005493164,79.7699966430664,79.97000122070312,0.0
1352419200,79.46299743652344,79.60700225830078,79.07499694824219,79.47899627685547,0.0
1352678400,79.46399688720703,79.55000305175781,79.34700012207031,79.45999908447266,0.0
1352764800,79.60399627685547,79.63500213623047,79.197998046875,79.5979995727539,0.0
1352851200,79.45099639892578,80.30999755859375,79.38999938964844,79.45999908447266,0.0
1352937600,80.19000244140625,81.42400360107422,80.12999725341797,80.19999694824219,0.0
1353024000,81.11100006103516,81.29000091552734,80.90699768066406,81.12000274658203,0.0
1353283200,81.55500030517578,81.56800079345703,81.0780029296875,81.5260009765625,0.0
1353369600,81.35900115966797,81.72000122070312,81.12999725341797,81.3499984741211,0.0
1353456000,81.73500061035156,82.51699829101562,81.72899627685547,81.75499725341797,0.0
1353542400,82.57499694824219,82.83000183105469,82.2699966430664,82.5739974975586,0.0
1353628800,82.36900329589844,82.4800033569336,82.0739974975586,82.35900115966797,0.0
1353888000,82.55999755859375,82.61000061035156,81.927001953125,82.5459976196289,0.0
1353974400,81.88800048828125,82.30400085449219,81.88800048828125,81.87300109863281,0.0
1354060800,82.09300231933594,82.20999908447266,81.70700073242188,82.08000183105469,0.0
1354147200,82.16300201416016,82.20700073242188,81.91799926757812,82.1500015258789,0.0
1354233600,82.14199829101562,82.72899627685547,82.05000305175781,82.1510009765625,0.0
1354492800,82.4540023803711,82.45800018310547,82.0009994506836,82.45600128173828,0.0
1354579200,82.1500015258789,82.17500305175781,81.80000305175781,82.13300323486328,0.0
1354665600,81.81700134277344,82.322998046875,81.80699920654297,81.81600189208984,0.0
1354752000,82.43000030517578,82.5999984741211,82.31099700927734,82.43599700927734,0.0
1354838400,82.44999694824219,82.80500030517578,82.21800231933594,82.43000030517578,0.0
1355097600,82.56999969482422,82.58399963378906,82.11799621582031,82.55999755859375,0.0
1355184000,82.37000274658203,82.54100036621094,82.2979965209961,82.3499984741211,0.0
1355270400,82.5270004272461,82.93299865722656,82.49299621582031,82.5199966430664,0.0
1355356800,83.21700286865234,83.66000366210938,83.18699645996094,83.20999908447266,0.0
1355443200,83.6729965209961,83.95500183105469,83.34700012207031,83.66699981689453,0.0
1355702400,84.12300109863281,84.14199829101562,83.5999984741211,84.15799713134766,0.0
1355788800,83.9260025024414,84.06099700927734,83.80999755859375,83.90299987792969,0.0
1355875200,84.35199737548828,84.60900115966797,84.20800018310547,84.36100006103516,0.0
1355961600,84.2040023803711,84.4229965209961,83.87000274658203,84.22599792480469,0.0
1356048000,84.41999816894531,84.43499755859375,83.86199951171875,84.41999816894531,0.0
1356307200,84.40899658203125,84.76100158691406,84.31400299072266,84.41000366210938,0.0
1356393600,84.77999877929688,84.87999725341797,84.6760025024414,84.83999633789062,0.0
1356480000,85.0199966430664,85.62000274658203,84.75800323486328,85.0,0.0
1356566400,85.677001953125,86.1240005493164,85.60199737548828,85.66799926757812,0.0
1356652800,86.4990005493164,86.53700256347656,85.94000244140625,86.50700378417969,0.0
1356912000,85.96099853515625,86.46399688720703,85.86000061035156,85.95999908447266,0.0
1356998400,86.64199829101562,86.75,86.63999938964844,86.72000122070312,0.0
1357084800,86.61000061035156,87.30000305175781,86.53199768066406,86.5999984741211,0.0
1357171200,87.2509994506836,87.302001953125,86.77300262451172,87.2750015258789,0.0
1357257600,87.7040023803711,88.38099670410156,87.55699920654297,87.73999786376953,0.0
1357516800,88.20800018310547,88.21399688720703,87.61399841308594,88.197998046875,0.0
1357603200,87.27799987792969,87.73999786376953,87.03900146484375,87.25299835205078,0.0
1357689600,86.90699768066406,87.86000061035156,86.90699768066406,86.86799621582031,0.0
1357776000,88.11599731445312,88.31400299072266,87.98999786376953,88.13300323486328,0.0
1357862400,89.29000091552734,89.40899658203125,88.75,89.24600219726562,0.0
1358121600,89.49199676513672,89.62999725341797,89.0719985961914,89.52300262451172,0.0
1358208000,89.44999694824219,89.61699676513672,88.30500030517578,89.45999908447266,0.0
1358294400,88.74600219726562,88.76000213623047,87.79900360107422,88.75,0.0
1358380800,88.66699981689453,89.54299926757812,88.13999938964844,88.62999725341797,0.0
1358467200,89.80999755859375,90.16100311279297,89.63700103759766,89.82099914550781,0.0
1358726400,90.17400360107422,90.17400360107422,89.35700225830078,90.18099975585938,0.0
1358812800,89.6259994506836,90.0270004272461,88.375,89.5999984741211,0.0
1358899200,88.52799987792969,88.76100158691406,88.05000305175781,88.52899932861328,0.0
1358985600,88.56999969482422,89.98300170898438,88.40699768066406,88.58000183105469,0.0
1359072000,90.54000091552734,91.18000030517578,90.28900146484375,90.55799865722656,0.0
1359331200,91.18099975585938,91.18099975585938,90.55400085449219,91.17900085449219,0.0
1359417600,90.43000030517578,90.98999786376953,90.33300018310547,90.45999908447266,0.0
1359504000,90.7699966430664,91.39800262451172,90.7490005493164,90.79000091552734,0.0
1359590400,91.0,91.22100067138672,90.73899841308594,91.02100372314453,0.0
1359676800,91.69999694824219,92.5530014038086,91.61399841308594,91.70700073242188,0.0
1359936000,92.77200317382812,93.16999816894531,92.51799774169922,92.7699966430664,0.0
1360022400,92.1500015258789,93.50199890136719,92.11900329589844,92.15299987792969,0.0
1360108800,93.56999969482422,94.0250015258789,93.30799865722656,93.56999969482422,0.0
1360195200,93.43000030517578,93.9000015258789,93.09300231933594,93.43499755859375,0.0
1360281600,93.60800170898438,93.71199798583984,92.20099639892578,93.63300323486328,0.0
1360540800,92.54000091552734,93.49400329589844,92.44999694824219,92.53500366210938,0.0
1360627200,94.18000030517578,94.38800048828125,92.97899627685547,94.19100189208984,0.0
1360713600,93.30000305175781,93.75,92.8280029296875,93.30500030517578,0.0
1360800000,93.22200012207031,93.6989974975586,92.95999908447266,93.25599670410156,0.0
1360886400,92.94999694824219,93.7969970703125,92.22000122070312,92.95700073242188,0.0
1361145600,93.75,94.18199920654297,93.7020034790039,93.72200012207031,0.0
1361232000,93.61000061035156,93.90399932861328,93.35800170898438,93.6500015258789,0.0
1361318400,93.70800018310547,93.75199890136719,93.13999938964844,93.70800018310547,0.0
1361404800,93.6500015258789,93.8479995727539,92.80999755859375,93.66000366210938,0.0
1361491200,93.1500015258789,93.48500061035156,92.91999816894531,93.1500015258789,0.0
1361750400,94.23100280761719,94.302001953125,93.69499969482422,94.22000122070312,0.0
1361836800,92.36000061035156,92.73300170898438,91.42400360107422,92.39700317382812,0.0
1361923200,92.0999984741211,92.23799896240234,91.18599700927734,92.11000061035156,0.0
1362009600,92.30999755859375,92.6510009765625,92.00299835205078,92.3030014038086,0.0
1362096000,92.56999969482422,93.47200012207031,92.4520034790039,92.58200073242188,0.0
1362355200,93.5530014038086,93.71800231933594,93.28099822998047,93.56400299072266,0.0
1362441600,93.39700317382812,93.50499725341797,92.93000030517578,93.4010009765625,0.0
1362528000,93.2699966430664,93.65699768066406,93.0199966430664,93.28900146484375,0.0
1362614400,93.91999816894531,94.73999786376953,93.80999755859375,93.927001953125,0.0
1362700800,94.89800262451172,96.48699951171875,94.84300231933594,94.9280014038086,0.0
1362960000,96.18499755859375,96.23300170898438,95.9800033569336,96.16999816894531,0.0
1363046400,96.62999725341797,96.677001953125,95.64600372314453,96.61900329589844,0.0
1363132800,95.83000183105469,96.23899841308594,95.4800033569336,95.81999969482422,0.0
1363219200,96.0199966430664,96.56400299072266,95.7040023803711,96.0199966430664,0.0
1363305600,95.94999694824219,96.25700378417969,95.16000366210938,95.96199798583984,0.0
1363564800,94.91100311279297,95.18000030517578,94.31999969482422,94.88899993896484,0.0
1363651200,95.34400177001953,95.71800231933594,94.7699966430664,95.34300231933594,0.0
1363737600,95.05999755859375,95.63999938964844,94.83200073242188,95.05000305175781,0.0
1363824000,95.93000030517578,96.02400207519531,95.072998046875,95.95500183105469,0.0
1363910400,94.91000366210938,95.05500030517578,94.22100067138672,94.91000366210938,0.0
1364169600,94.8489990234375,94.94999694824219,94.36399841308594,94.8280029296875,0.0
1364256000,93.94200134277344,94.44000244140625,93.87000274658203,93.96299743652344,0.0
1364342400,94.62000274658203,94.88099670410156,94.0719985961914,94.63500213623047,0.0
1364428800,94.30999755859375,94.42400360107422,93.87000274658203,94.31600189208984,0.0
1364515200,94.18299865722656,94.25499725341797,93.99199676513672,94.19000244140625,0.0
1364774400,94.26200103759766,94.34600067138672,93.18000030517578,94.28199768066406,0.0
1364860800,93.16000366210938,93.52899932861328,92.61499786376953,93.18000030517578,0.0
1364947200,93.33000183105469,93.6719970703125,92.80000305175781,93.36199951171875,0.0
1365033600,92.85900115966797,96.4000015258789,92.73799896240234,92.88899993896484,0.0
1365120000,96.42900085449219,97.19999694824219,95.81700134277344,96.43699645996094,0.0
1365379200,98.78500366210938,99.01599884033203,98.30000305175781,98.7509994506836,0.0
1365465600,99.31999969482422,99.48600006103516,98.63899993896484,99.27999877929688,0.0
1365552000,98.98200225830078,99.69400024414062,98.9229965209961,98.94999694824219,0.0
1365638400,99.66300201416016,99.76000213623047,99.14299774169922,99.66600036621094,0.0
1365724800,99.63800048828125,99.72000122070312,98.72699737548828,99.62100219726562,0.0
1365984000,98.44100189208984,98.68399810791016,97.62300109863281,98.40599822998047,0.0
1366070400,96.8010025024414,98.1510009765625,96.58899688720703,96.80000305175781,0.0
1366156800,97.60700225830078,98.41999816894531,97.52400207519531,97.61000061035156,0.0
1366243200,98.05999755859375,98.50199890136719,97.63999938964844,98.02899932861328,0.0
1366329600,98.22200012207031,99.3290023803711,98.11499786376953,98.2030029296875,0.0
1366588800,99.81400299072266,99.87999725341797,99.06600189208984,99.7969970703125,0.0
1366675200,99.18699645996094,99.51599884033203,98.49700164794922,99.16000366210938,0.0
1366761600,99.63600158691406,99.73100280761719,99.20999908447266,99.677001953125,0.0
1366848000,99.41799926757812,99.5530014038086,99.0,99.41999816894531,0.0
1366934400,99.3280029296875,99.3499984741211,97.56099700927734,99.34200286865234,0.0
1367193600,97.86399841308594,98.1520004272461,97.36299896240234,97.84200286865234,0.0
1367280000,97.88200378417969,98.11299896240234,97.0780029296875,97.86399841308594,0.0
1367366400,97.26000213623047,97.66100311279297,97.0260009765625,97.26899719238281,0.0
1367452800,97.12000274658203,98.34700012207031,97.0989990234375,97.13200378417969,0.0
1367539200,97.94000244140625,99.21700286865234,97.93900299072266,97.94599914550781,0.0
1367798400,99.10600280761719,99.43900299072266,99.04000091552734,99.0999984741211,0.0
1367884800,99.36399841308594,99.37200164794922,98.86000061035156,99.34400177001953,0.0
1367971200,98.77999877929688,99.12699890136719,98.61000061035156,98.7760009765625,0.0
1368057600,98.87100219726562,99.37899780273438,98.63899993896484,98.87799835205078,0.0
1368144000,100.83799743652344,101.9489974975586,100.74199676513672,100.76499938964844,0.0
1368403200,101.94000244140625,102.02899932861328,101.51599884033203,101.9229965209961,0.0
1368489600,101.66999816894531,102.26100158691406,101.29000091552734,101.66699981689453,0.0
1368576000,102.18299865722656,102.76000213623047,101.9010009765625,102.20999908447266,0.0
1368662400,102.21299743652344,102.6760025024414,101.8499984741211,102.25800323486328,0.0
1368748800,102.11799621582031,103.08799743652344,102.11299896240234,102.13500213623047,0.0
1369008000,102.73200225830078,102.87999725341797,102.33300018310547,102.70099639892578,0.0
1369094400,102.15699768066406,102.87200164794922,102.15699768066406,102.16600036621094,0.0
1369180800,102.43499755859375,103.5479965209961,102.36000061035156,102.44200134277344,0.0
1369267200,103.177001953125,103.55000305175781,100.87699890136719,103.1760025024414,0.0
1369353600,102.41400146484375,102.55699920654297,100.8759994506836,102.41000366210938,0.0
1369612800,101.10099792480469,101.19400024414062,100.75499725341797,101.06099700927734,0.0
1369699200,101.11699676513672,102.48400115966797,101.11699676513672,101.1050033569336,0.0
1369785600,102.50499725341797,102.50499725341797,100.74700164794922,102.44599914550781,0.0
1369872000,100.9530029296875,101.78199768066406,100.5,100.91600036621094,0.0
1369958400,101.09500122070312,101.26100158691406,100.2770004272461,101.0999984741211,0.0
1370217600,100.4739990234375,100.70700073242188,98.86299896240234,100.47599792480469,0.0
1370304000,99.72599792480469,100.39800262451172,99.35299682617188,99.73799896240234,0.0
1370390400,100.25800323486328,100.41400146484375,99.0719985961914,100.25,0.0
1370476800,99.0199966430664,99.45099639892578,97.39900207519531,98.9520034790039,0.0
1370563200,97.35600280761719,97.77300262451172,95.20600128173828,97.3270034790039,0.0
1370822400,98.2760009765625,99.2699966430664,97.7300033569336,98.23799896240234,0.0
1370908800,98.84400177001953,98.96299743652344,96.5790023803711,98.8489990234375,0.0
1370995200,96.10600280761719,97.01100158691406,95.19599914550781,96.10199737548828,0.0
1371081600,95.93000030517578,95.93000030517578,93.82499694824219,95.92900085449219,0.0
1371168000,95.51399993896484,95.65699768066406,94.16300201416016,95.49400329589844,0.0
1371427200,94.25900268554688,95.10600280761719,94.18099975585938,94.24199676513672,0.0
1371513600,94.68000030517578,95.75299835205078,94.44100189208984,94.68000030517578,0.0
1371600000,95.51000213623047,95.63999938964844,94.83000183105469,95.51699829101562,0.0
1371686400,96.61699676513672,98.23899841308594,96.21099853515625,96.58999633789062,0.0
1371772800,97.14700317382812,98.11399841308594,96.85700225830078,97.14099884033203,0.0
1372032000,98.41999816894531,98.69400024414062,97.23699951171875,98.4229965209961,0.0
1372118400,97.50599670410156,98.04000091552734,97.03900146484375,97.53099822998047,0.0
1372204800,98.18000030517578,98.22000122070312,97.25900268554688,98.14700317382812,0.0
1372291200,97.80000305175781,98.56600189208984,97.58999633789062,97.7699966430664,0.0
1372377600,98.46800231933594,99.39700317382812,98.45899963378906,98.47599792480469,0.0
1372636800,99.41100311279297,99.83999633789062,99.18699645996094,99.37999725341797,0.0
1372723200,99.65399932861328,100.43800354003906,99.5,99.65699768066406,0.0
1372809600,100.75900268554688,100.83599853515625,99.25800323486328,100.73300170898438,0.0
1372896000,99.96199798583984,100.13200378417969,99.49400329589844,99.95600128173828,0.0
1372982400,100.25,101.09600067138672,99.90499877929688,100.22000122070312,0.0
1373241600,101.37200164794922,101.52400207519531,100.93099975585938,101.38600158691406,0.0
1373328000,100.84200286865234,101.29000091552734,100.83599853515625,100.8499984741211,0.0
1373414400,101.1510009765625,101.1989974975586,99.7699966430664,101.15299987792969,0.0
1373500800,98.552001953125,99.58999633789062,98.2979965209961,98.5510025024414,0.0
1373587200,99.04399871826172,99.6780014038086,98.70800018310547,99.04000091552734,0.0
1373846400,99.2030029296875,100.4540023803711,99.072998046875,99.1969985961914,0.0
1373932800,99.94100189208984,100.05400085449219,99.25,99.94599914550781,0.0
1374019200,99.16000366210938,99.92400360107422,99.08100128173828,99.16000366210938,0.0
1374105600,99.6719970703125,100.6500015258789,99.47899627685547,99.66000366210938,0.0
1374192000,100.5,100.85299682617188,99.87000274658203,100.52200317382812,0.0
1374451200,100.3489990234375,100.3489990234375,99.33100128173828,100.38899993896484,0.0
1374537600,99.31300354003906,100.16999816894531,99.21399688720703,99.3239974975586,0.0
1374624000,99.5009994506836,100.39600372314453,99.43199920654297,99.49700164794922,0.0
1374710400,100.41600036621094,100.41600036621094,99.45600128173828,100.4520034790039,0.0
1374796800,99.24700164794922,99.35299682617188,97.98400115966797,99.2750015258789,0.0
1375056000,97.98100280761719,98.19100189208984,97.63999938964844,97.95999908447266,0.0
1375142400,98.06199645996094,98.4489974975586,97.76399993896484,98.04299926757812,0.0
1375228800,97.99199676513672,98.46199798583984,97.59100341796875,98.01599884033203,0.0
1375315200,97.84300231933594,99.37100219726562,97.64800262451172,97.83300018310547,0.0
1375401600,99.43599700927734,99.93000030517578,98.6719970703125,99.41999816894531,0.0
1375660800,98.89199829101562,99.14399719238281,98.28299713134766,98.93499755859375,0.0
1375747200,98.26399993896484,98.57099914550781,97.5459976196289,98.23200225830078,0.0
1375833600,97.2969970703125,97.50399780273438,96.42400360107422,97.30799865722656,0.0
1375920000,96.55999755859375,96.9260025024414,95.80699920654297,96.56999969482422,0.0
1376006400,96.76300048828125,96.94000244140625,96.18000030517578,96.73999786376953,0.0
1376265600,96.02300262451172,96.9020004272461,96.01300048828125,96.04399871826172,0.0
1376352000,97.1719970703125,98.23999786376953,97.14600372314453,97.19999694824219,0.0
1376438400,98.11900329589844,98.41999816894531,97.86799621582031,98.15299987792969,0.0
1376524800,97.81300354003906,98.60099792480469,97.58999633789062,97.85299682617188,0.0
1376611200,97.09500122070312,97.73600006103516,97.09500122070312,97.05500030517578,0.0
1376870400,97.66400146484375,98.10800170898438,97.36000061035156,97.66699981689453,0.0
1376956800,97.61699676513672,97.85099792480469,96.9000015258789,97.5790023803711,0.0
1377043200,97.3030014038086,97.74099731445312,97.12200164794922,97.30999755859375,0.0
1377129600,97.79399871826172,98.7770004272461,97.76799774169922,97.80999755859375,0.0
1377216000,98.87100219726562,99.125,98.41000366210938,98.87899780273438,0.0
1377475200,98.70800018310547,98.8280029296875,98.27200317382812,98.70500183105469,0.0
1377561600,98.26699829101562,98.38300323486328,97.15599822998047,98.25800323486328,0.0
1377648000,96.91000366210938,97.802001953125,96.91000366210938,96.89199829101562,0.0
1377734400,97.73600006103516,98.50599670410156,97.45700073242188,97.72799682617188,0.0
1377820800,98.28600311279297,98.4520034790039,97.90599822998047,98.29199981689453,0.0
1378080000,98.35399627685547,99.4000015258789,98.35399627685547,98.38500213623047,0.0
1378166400,99.5719985961914,99.85900115966797,99.18199920654297,99.56999969482422,0.0
1378252800,99.58000183105469,99.79299926757812,99.33200073242188,99.55400085449219,0.0
1378339200,99.73200225830078,100.14800262451172,99.59600067138672,99.72799682617188,0.0
1378425600,100.0999984741211,100.11000061035156,98.58399963378906,100.11599731445312,0.0
1378684800,100.01899719238281,100.04499816894531,99.33999633789062,99.97699737548828,0.0
1378771200,99.7229995727539,100.44300079345703,99.47000122070312,99.71900177001953,0.0
1378857600,100.30400085449219,100.58000183105469,99.89600372314453,100.28500366210938,0.0
1378944000,99.80599975585938,99.88099670410156,99.08999633789062,99.83000183105469,0.0
1379030400,99.552001953125,99.97100067138672,99.26000213623047,99.5780029296875,0.0
1379289600,99.01699829101562,99.0999984741211,98.64800262451172,99.01499938964844,0.0
1379376000,99.09100341796875,99.3759994506836,99.05000305175781,99.06999969482422,0.0
1379462400,99.125,99.3280029296875,98.80999755859375,99.12799835205078,0.0
1379548800,98.22899627685547,99.55000305175781,98.0,98.20999908447266,0.0
1379635200,99.39399719238281,99.6500015258789,99.1719970703125,99.38999938964844,0.0
1379894400,99.27999877929688,99.29399871826172,98.66000366210938,99.2770004272461,0.0
1379980800,98.7699966430664,99.16000366210938,98.5,98.73999786376953,0.0
1380067200,98.7300033569336,98.79399871826172,98.39299774169922,98.74500274658203,0.0
1380153600,98.44200134277344,99.11699676513672,98.2750015258789,98.43499755859375,0.0
1380240000,98.89900207519531,98.97699737548828,98.19300079345703,98.90499877929688,0.0
1380499200,97.79900360107422,98.3010025024414,97.50900268554688,97.8270034790039,0.0
1380585600,98.38600158691406,98.69300079345703,97.66799926757812,98.4000015258789,0.0
1380672000,97.93399810791016,98.06999969482422,97.1500015258789,97.9260025024414,0.0
1380758400,97.34600067138672,97.86100006103516,97.03600311279297,97.30000305175781,0.0
1380844800,97.25399780273438,97.37300109863281,96.96800231933594,97.25900268554688,0.0
1381104000,97.25599670410156,97.27300262451172,96.82099914550781,97.29000091552734,0.0
1381276800,96.91600036621094,97.45999908447266,96.91600036621094,96.9010009765625,0.0
1381363200,97.4749984741211,98.19999694824219,97.46099853515625,97.47899627685547,0.0
1381449600,98.23999786376953,98.54499816894531,98.21199798583984,98.18499755859375,0.0
1381708800,98.33499908447266,98.33499908447266,98.08999633789062,98.31400299072266,0.0
1381795200,98.63899993896484,98.69000244140625,98.36000061035156,98.6500015258789,0.0
1381881600,98.56300354003906,98.93599700927734,98.2490005493164,98.54399871826172,0.0
1381968000,98.96600341796875,98.97899627685547,97.73300170898438,98.94000244140625,0.0
1382054400,97.97699737548828,98.1500015258789,97.55000305175781,97.98999786376953,0.0
1382313600,97.96299743652344,98.23699951171875,97.91600036621094,97.927001953125,0.0
1382400000,98.19300079345703,98.4800033569336,97.91400146484375,98.19400024414062,0.0
1382486400,98.12000274658203,98.18399810791016,97.16999816894531,98.13300323486328,0.0
1382572800,97.4000015258789,97.5989990234375,97.177001953125,97.41999816894531,0.0
1382659200,97.38600158691406,97.4749984741211,96.95800018310547,97.38500213623047,0.0
1382918400,97.61299896240234,97.7760009765625,97.45600128173828,97.56999969482422,0.0
1383004800,97.62699890136719,98.072998046875,97.45999908447266,97.62000274658203,0.0
1383091200,98.18499755859375,98.30999755859375,98.10099792480469,98.19400024414062,0.0
1383177600,98.47599792480469,98.49800109863281,98.12100219726562,98.50700378417969,0.0
1383264000,98.33200073242188,98.83200073242188,97.83000183105469,98.32099914550781,0.0
1383523200,98.7040023803711,98.82599639892578,98.58000183105469,98.69200134277344,0.0
1383609600,98.62999725341797,98.63400268554688,98.16999816894531,98.62699890136719,0.0
1383696000,98.45800018310547,98.73999786376953,98.40599822998047,98.45600128173828,0.0
1383782400,98.65299987792969,99.39099884033203,98.55500030517578,98.6500015258789,0.0
1383868800,98.16500091552734,99.2020034790039,97.99199676513672,98.1709976196289,0.0
1384128000,99.197998046875,99.2969970703125,98.92400360107422,99.1989974975586,0.0
1384214400,99.15299987792969,99.79100036621094,99.14600372314453,99.13800048828125,0.0
1384300800,99.5770034790039,99.6520004272461,99.30000305175781,99.61699676513672,0.0
1384387200,99.21800231933594,100.12300109863281,99.12000274658203,99.21800231933594,0.0
1384473600,100.20800018310547,100.42500305175781,99.96800231933594,100.23999786376953,0.0
1384732800,100.33300018310547,100.33300018310547,99.80000305175781,100.35399627685547,0.0
1384819200,99.84300231933594,100.2229995727539,99.55999755859375,99.86299896240234,0.0
1384905600,100.14399719238281,100.20500183105469,99.8010025024414,100.18099975585938,0.0
1384992000,100.23799896240234,101.05999755859375,100.16200256347656,100.20700073242188,0.0
1385078400,101.27799987792969,101.3479995727539,100.95500183105469,101.31900024414062,0.0
1385337600,101.26899719238281,101.89700317382812,101.13899993896484,101.29000091552734,0.0
1385424000,101.38800048828125,101.64199829101562,101.33599853515625,101.3499984741211,0.0
1385510400,101.2300033569336,102.16100311279297,101.2300033569336,101.23400115966797,0.0
1385596800,102.20099639892578,102.36299896240234,101.94300079345703,102.20999908447266,0.0
1385683200,102.2760009765625,102.58200073242188,102.12000274658203,102.29199981689453,0.0
1385942400,102.48400115966797,103.01000213623047,102.2300033569336,102.47100067138672,0.0
1386028800,102.947998046875,103.36900329589844,102.36399841308594,102.93299865722656,0.0
1386115200,102.34200286865234,102.81400299072266,102.23699951171875,102.35099792480469,0.0
1386201600,102.36100006103516,102.43000030517578,101.8499984741211,102.40399932861328,0.0
1386288000,101.72699737548828,102.88800048828125,101.72000122070312,101.74199676513672,0.0
1386547200,103.10700225830078,103.16400146484375,102.88800048828125,103.13099670410156,0.0
1386633600,103.25700378417969,103.37999725341797,102.61399841308594,103.26599884033203,0.0
1386720000,102.79199981689453,102.93000030517578,102.3499984741211,102.7979965209961,0.0
1386806400,102.50599670410156,103.0770034790039,102.45800018310547,102.50800323486328,0.0
1386892800,103.52300262451172,103.90799713134766,102.98799896240234,103.54000091552734,0.0
1387152000,103.25,103.25499725341797,102.66999816894531,103.2699966430664,0.0
1387238400,103.00800323486328,103.09300231933594,102.7300033569336,103.0270004272461,0.0
1387324800,102.64099884033203,103.26100158691406,102.63800048828125,102.6240005493164,0.0
1387411200,104.22200012207031,104.3280029296875,103.822998046875,104.21299743652344,0.0
1387497600,104.29399871826172,104.63200378417969,104.0199966430664,104.2760009765625,0.0
1387756800,104.0199966430664,104.09400177001953,103.7750015258789,104.02999877929688,0.0
1387843200,104.15499877929688,104.40399932861328,104.13700103759766,104.1760025024414,0.0
1387929600,104.26200103759766,104.4800033569336,104.19999694824219,104.30000305175781,0.0
1388016000,104.51100158691406,104.83000183105469,104.51100158691406,104.52400207519531,0.0
1388102400,104.91300201416016,104.99800109863281,104.6500015258789,104.87899780273438,0.0
1388361600,105.2979965209961,105.40299987792969,105.0270004272461,105.31999969482422,0.0
1388448000,104.91799926757812,105.12300109863281,104.8499984741211,104.93399810791016,0.0
1388534400,105.30000305175781,105.30000305175781,105.26000213623047,105.30000305175781,0.0
1388620800,105.31700134277344,105.43000030517578,104.71499633789062,105.3239974975586,0.0
1388707200,104.8239974975586,104.85800170898438,104.0719985961914,104.83300018310547,0.0
1388966400,104.9000015258789,104.92500305175781,104.16000366210938,104.91200256347656,0.0
1389052800,104.22100067138672,104.71199798583984,104.2020034790039,104.20999908447266,0.0
1389139200,104.697998046875,105.10900115966797,104.65299987792969,104.71199798583984,0.0
1389225600,104.83799743652344,105.04100036621094,104.76000213623047,104.84400177001953,0.0
1389312000,104.81999969482422,105.05799865722656,103.86599731445312,104.83000183105469,0.0
1389571200,103.91899871826172,104.02100372314453,103.02300262451172,103.9489974975586,0.0
1389657600,103.11000061035156,103.74600219726562,103.02200317382812,103.11599731445312,0.0
1389744000,104.15899658203125,104.5780029296875,104.08300018310547,104.17900085449219,0.0
1389830400,104.59200286865234,104.91799926757812,104.1500015258789,104.57099914550781,0.0
1389916800,104.31700134277344,104.46299743652344,104.19999694824219,104.29499816894531,0.0
1390176000,104.24500274658203,104.25299835205078,103.86599731445312,104.23799896240234,0.0
1390262400,104.24700164794922,104.74099731445312,104.18900299072266,104.2249984741211,0.0
1390348800,104.22100067138672,104.53900146484375,103.98899841308594,104.2229995727539,0.0
1390435200,104.6500015258789,104.81300354003906,103.49099731445312,104.63500213623047,0.0
1390521600,103.34500122070312,103.57499694824219,102.00900268554688,103.37000274658203,0.0
1390780800,102.072998046875,102.91100311279297,102.072998046875,102.05000305175781,0.0
1390867200,102.66500091552734,103.24500274658203,102.53199768066406,102.66100311279297,0.0
1390953600,103.23200225830078,103.35900115966797,102.02999877929688,103.23100280761719,0.0
1391040000,102.23999786376953,102.77999877929688,102.08799743652344,102.30000305175781,0.0
1391126400,102.72799682617188,102.90799713134766,102.01499938964844,102.75800323486328,0.0
1391385600,102.23799896240234,102.39399719238281,101.25599670410156,102.19200134277344,0.0
1391472000,101.15699768066406,101.56700134277344,100.78399658203125,101.14199829101562,0.0
1391558400,101.66999816894531,101.6719970703125,100.82099914550781,101.68900299072266,0.0
1391644800,101.46199798583984,101.9800033569336,101.24800109863281,101.46600341796875,0.0
1391731200,102.02999877929688,102.52799987792969,101.54499816894531,102.03900146484375,0.0
1391990400,102.48100280761719,102.51200103759766,101.99400329589844,102.52400207519531,0.0
1392076800,102.13500213623047,102.62699890136719,102.0719985961914,102.13300323486328,0.0
1392163200,102.51899719238281,102.63600158691406,102.23300170898438,102.5199966430664,0.0
1392249600,102.46299743652344,102.51799774169922,101.70999908447266,102.46900177001953,0.0
1392336000,102.16899871826172,102.38600158691406,101.58699798583984,102.18800354003906,0.0
1392595200,101.56300354003906,101.96499633789062,101.39900207519531,101.56400299072266,0.0
1392681600,102.05699920654297,102.73799896240234,101.75900268554688,102.06199645996094,0.0
1392768000,102.302001953125,102.31700134277344,101.8479995727539,102.33200073242188,0.0
1392854400,102.2959976196289,102.39399719238281,101.68800354003906,102.31099700927734,0.0
1392940800,102.32499694824219,102.79900360107422,102.32499694824219,102.31199645996094,0.0
1393200000,102.52999877929688,102.66500091552734,102.17400360107422,102.51300048828125,0.0
1393286400,102.50199890136719,102.61799621582031,102.02200317382812,102.48200225830078,0.0
1393372800,102.13999938964844,102.3949966430664,102.10700225830078,102.1500015258789,0.0
1393459200,102.29299926757812,102.38300323486328,101.73300170898438,102.29900360107422,0.0
1393545600,102.11599731445312,102.25599670410156,101.56800079345703,102.11000061035156,0.0
1393804800,101.3290023803711,101.53399658203125,101.19999694824219,101.30500030517578,0.0
1393891200,101.4219970703125,102.12000274658203,101.4219970703125,101.41200256347656,0.0
1393977600,102.19200134277344,102.53399658203125,102.11000061035156,102.1780014038086,0.0
1394064000,102.36100006103516,103.1510009765625,102.3239974975586,102.36699676513672,0.0
1394150400,103.0469970703125,103.7300033569336,102.83999633789062,103.03199768066406,0.0
1394409600,103.18299865722656,103.38999938964844,102.93599700927734,103.19000244140625,0.0
1394496000,103.25199890136719,103.40299987792969,103.16799926757812,103.23600006103516,0.0
1394582400,102.85299682617188,103.08699798583984,102.56500244140625,102.83999633789062,0.0
1394668800,102.81999969482422,102.85199737548828,102.14700317382812,102.78299713134766,0.0
1394755200,101.76000213623047,101.84100341796875,101.20999908447266,101.77999877929688,0.0
1395014400,101.35800170898438,101.86199951171875,101.34500122070312,101.33000183105469,0.0
1395100800,101.88999938964844,101.93000030517578,101.33100128173828,101.85900115966797,0.0
1395187200,101.4749984741211,101.68199920654297,101.29499816894531,101.44000244140625,0.0
1395273600,102.43199920654297,102.53099822998047,102.2030029296875,102.46800231933594,0.0
1395360000,102.4020004272461,102.4020004272461,102.0250015258789,102.40699768066406,0.0
1395619200,102.26100158691406,102.62999725341797,102.16000366210938,102.24099731445312,0.0
1395705600,102.2300033569336,102.45899963378906,102.0999984741211,102.20700073242188,0.0
1395792000,102.30000305175781,102.45600128173828,102.23999786376953,102.28500366210938,0.0
1395878400,101.91500091552734,102.41000366210938,101.73999786376953,101.90299987792969,0.0
1395964800,102.15499877929688,102.93399810791016,102.03199768066406,102.14700317382812,0.0
1396224000,102.8550033569336,103.42500305175781,102.79399871826172,102.88899993896484,0.0
1396310400,103.22000122070312,103.59200286865234,103.08799743652344,103.21399688720703,0.0
1396396800,103.62699890136719,103.92900085449219,103.58899688720703,103.63300323486328,0.0
1396483200,103.8270034790039,104.08999633789062,103.80999755859375,103.86699676513672,0.0
1396569600,103.89299774169922,104.11299896240234,103.3030014038086,103.89600372314453,0.0
1396828800,103.3239974975586,103.33200073242188,103.0,103.31999969482422,0.0
1396915200,103.05799865722656,103.05799865722656,102.06400299072266,103.06900024414062,0.0
1397001600,101.94300079345703,102.13999938964844,101.75800323486328,101.95500183105469,0.0
1397088000,102.11699676513672,102.12999725341797,101.3489990234375,102.10700225830078,0.0
1397174400,101.36000061035156,101.85600280761719,101.33499908447266,101.37999725341797,0.0
1397433600,101.48799896240234,101.98899841308594,101.41500091552734,101.44200134277344,0.0
1397520000,101.9020004272461,101.97599792480469,101.55899810791016,101.90399932861328,0.0
1397606400,101.87000274658203,102.36199951171875,101.87000274658203,101.87699890136719,0.0
1397692800,102.18900299072266,102.2699966430664,101.87699890136719,102.20099639892578,0.0
1397779200,102.44000244140625,102.55999755859375,102.36000061035156,102.44300079345703,0.0
1398038400,102.55500030517578,102.69000244140625,102.49500274658203,102.55999755859375,0.0
1398124800,102.68699645996094,102.7229995727539,102.41699981689453,102.66999816894531,0.0
1398211200,102.61900329589844,102.68299865722656,102.19000244140625,102.62100219726562,0.0
1398297600,102.47799682617188,102.63800048828125,102.0999984741211,102.4800033569336,0.0
1398384000,102.30999755859375,102.48100280761719,101.97000122070312,102.302001953125,0.0
1398643200,102.09600067138672,102.5999984741211,102.0530014038086,102.1050033569336,0.0
1398729600,102.50700378417969,102.7699966430664,102.46600341796875,102.51599884033203,0.0
1398816000,102.55699920654297,102.6050033569336,102.0510025024414,102.56400299072266,0.0
1398902400,102.24199676513672,102.34200286865234,102.12999725341797,102.22000122070312,0.0
1398988800,102.28099822998047,102.99400329589844,102.16000366210938,102.26599884033203,0.0
1399248000,102.1989974975586,102.21700286865234,101.86000061035156,102.19999694824219,0.0
1399334400,102.14199829101562,102.1500015258789,101.5,102.13999938964844,0.0
1399420800,101.72200012207031,101.96700286865234,101.4280014038086,101.69300079345703,0.0
1399507200,101.86599731445312,101.94999694824219,101.58899688720703,101.87200164794922,0.0
1399593600,101.5989990234375,101.83999633789062,101.55000305175781,101.59300231933594,0.0
1399852800,101.87000274658203,102.16000366210938,101.8489990234375,101.9000015258789,0.0
1399939200,102.1780014038086,102.35399627685547,102.0479965209961,102.18499755859375,0.0
1400025600,102.21499633789062,102.21600341796875,101.72000122070312,102.23200225830078,0.0
1400112000,101.76499938964844,102.11199951171875,101.3550033569336,101.81500244140625,0.0
1400198400,101.48699951171875,101.62699890136719,101.36000061035156,101.4990005493164,0.0
1400457600,101.53800201416016,101.58999633789062,101.0999984741211,101.54199981689453,0.0
1400544000,101.47000122070312,101.58999633789062,101.22000122070312,101.5,0.0
1400630400,101.26000213623047,101.53800201416016,100.83000183105469,101.26200103759766,0.0
1400716800,101.41999816894531,101.79000091552734,101.3499984741211,101.41999816894531,0.0
1400803200,101.77999877929688,101.95800018310547,101.61000061035156,101.76499938964844,0.0
1401062400,101.97799682617188,102.03500366210938,101.83799743652344,101.96199798583984,0.0
1401148800,101.87999725341797,102.12300109863281,101.72000122070312,101.89399719238281,0.0
1401235200,101.96900177001953,102.01799774169922,101.65899658203125,101.97699737548828,0.0
1401321600,101.7239990234375,101.7699966430664,101.43900299072266,101.7300033569336,0.0
1401408000,101.70999908447266,101.83300018310547,101.5,101.72000122070312,0.0
1401667200,101.87000274658203,102.33300018310547,101.86100006103516,101.8759994506836,0.0
1401753600,102.41999816894531,102.48999786376953,102.2699966430664,102.41999816894531,0.0
1401840000,102.55999755859375,102.79000091552734,102.44300079345703,102.54000091552734,0.0
1401926400,102.677001953125,102.70899963378906,102.35600280761719,102.68099975585938,0.0
1402012800,102.41400146484375,102.60399627685547,102.12999725341797,102.4229965209961,0.0
1402272000,102.51200103759766,102.58999633789062,102.36000061035156,102.4800033569336,0.0
1402358400,102.47799682617188,102.4990005493164,102.19999694824219,102.4800033569336,0.0
1402444800,102.30000305175781,102.38700103759766,101.86799621582031,102.31400299072266,0.0
1402531200,102.0009994506836,102.13500213623047,101.80899810791016,102.0,0.0
1402617600,101.72000122070312,102.13700103759766,101.72000122070312,101.69999694824219,0.0
1402876800,101.95800018310547,101.96600341796875,101.72000122070312,101.96700286865234,0.0
1402963200,101.8759994506836,102.2300033569336,101.86000061035156,101.87000274658203,0.0
1403049600,102.16600036621094,102.302001953125,102.05000305175781,102.17400360107422,0.0
1403136000,101.91200256347656,101.98999786376953,101.7300033569336,101.88999938964844,0.0
1403222400,101.91300201416016,102.18199920654297,101.80000305175781,101.93000030517578,0.0
1403481600,102.0999984741211,102.12699890136719,101.80999755859375,102.06600189208984,0.0
1403568000,101.87100219726562,102.16600036621094,101.80999755859375,101.87000274658203,0.0
1403654400,101.91300201416016,101.9489974975586,101.62000274658203,101.91000366210938,0.0
1403740800,101.81199645996094,101.81999969482422,101.50499725341797,101.80000305175781,0.0
1403827200,101.63999938964844,101.63999938964844,101.30999755859375,101.63700103759766,0.0
1404086400,101.43599700927734,101.45600128173828,101.23999786376953,101.44300079345703,0.0
1404172800,101.27999877929688,101.58599853515625,101.27999877929688,101.29000091552734,0.0
1404259200,101.55000305175781,101.77999877929688,101.38999938964844,101.54000091552734,0.0
1404345600,101.8290023803711,102.25800323486328,101.7699966430664,101.83000183105469,0.0
1404432000,102.1969985961914,102.21299743652344,101.97000122070312,102.18000030517578,0.0
1404691200,102.10700225830078,102.19200134277344,101.81900024414062,102.11000061035156,0.0
1404777600,101.80999755859375,101.8499984741211,101.4800033569336,101.80000305175781,0.0
1404864000,101.45999908447266,101.73200225830078,101.44999694824219,101.45999908447266,0.0
1404950400,101.54299926757812,101.56300354003906,101.07099914550781,101.53500366210938,0.0
1405036800,101.30000305175781,101.37999725341797,101.20899963378906,101.28299713134766,0.0
1405296000,101.3499984741211,101.62100219726562,101.33599853515625,101.37000274658203,0.0
1405382400,101.53700256347656,101.73600006103516,101.47599792480469,101.5199966430664,0.0
1405468800,101.68000030517578,101.78399658203125,101.62999725341797,101.66000366210938,0.0
1405555200,101.63099670410156,101.65499877929688,101.28099822998047,101.62999725341797,0.0
1405641600,101.21099853515625,101.44000244140625,101.18499755859375,101.2300033569336,0.0
1405900800,101.34300231933594,101.3740005493164,101.19000244140625,101.33999633789062,0.0
1405987200,101.41899871826172,101.58599853515625,101.34100341796875,101.4000015258789,0.0
1406073600,101.47000122070312,101.53399658203125,101.31900024414062,101.47000122070312,0.0
1406160000,101.5199966430664,101.8270034790039,101.40599822998047,101.5199966430664,0.0
1406246400,101.76000213623047,101.93199920654297,101.69999694824219,101.76000213623047,0.0
1406505600,101.7490005493164,101.89600372314453,101.74600219726562,101.7490005493164,0.0
1406592000,101.80999755859375,102.1240005493164,101.80999755859375,101.80999755859375,0.0
1406678400,102.06900024414062,102.90899658203125,102.02999877929688,102.07599639892578,0.0
1406764800,102.83999633789062,102.98999786376953,102.71800231933594,102.83999633789062,0.0
1406851200,102.76599884033203,102.99600219726562,102.36799621582031,102.77300262451172,0.0
1407110400,102.56999969482422,102.71900177001953,102.40599822998047,102.56300354003906,0.0
1407196800,102.54000091552734,102.91600036621094,102.45999908447266,102.54199981689453,0.0
1407283200,102.58999633789062,102.61299896240234,102.25599670410156,102.58899688720703,0.0
1407369600,102.13500213623047,102.44400024414062,102.03099822998047,102.11299896240234,0.0
1407456000,102.11399841308594,102.13999938964844,101.51000213623047,102.12899780273438,0.0
1407715200,102.1510009765625,102.18199920654297,102.01699829101562,102.15499877929688,0.0
1407801600,102.21299743652344,102.35600280761719,102.0979995727539,102.20500183105469,0.0
1407888000,102.2699966430664,102.52899932861328,102.22200012207031,102.28199768066406,0.0
1407974400,102.4219970703125,102.63999938964844,102.30000305175781,102.40799713134766,0.0
1408060800,102.4990005493164,102.69599914550781,102.15899658203125,102.49600219726562,0.0
1408320000,102.4000015258789,102.58999633789062,102.23999786376953,102.41000366210938,0.0
1408406400,102.61000061035156,102.86799621582031,102.53399658203125,102.61000061035156,0.0
1408492800,102.93800354003906,103.4010009765625,102.88999938964844,102.91000366210938,0.0
1408579200,103.70099639892578,103.94999694824219,103.61599731445312,103.70099639892578,0.0
1408665600,103.84500122070312,104.18399810791016,103.50399780273438,103.8489990234375,0.0
1408924800,104.19000244140625,104.24700164794922,103.86499786376953,104.20099639892578,0.0
1409011200,104.06999969482422,104.1500015258789,103.75499725341797,104.06999969482422,0.0
1409097600,104.08499908447266,104.1500015258789,103.77400207519531,104.08999633789062,0.0
1409184000,103.86699676513672,103.86699676513672,103.55999755859375,103.87799835205078,0.0
1409270400,103.70800018310547,104.0199966430664,103.68099975585938,103.69599914550781,0.0
1409529600,104.16899871826172,104.29499816894531,104.08999633789062,104.16799926757812,0.0
1409616000,104.33899688720703,105.19499969482422,104.32599639892578,104.33999633789062,0.0
1409702400,105.20800018310547,105.2959976196289,104.84700012207031,105.23699951171875,0.0
1409788800,104.8740005493164,105.23999786376953,104.77300262451172,104.87100219726562,0.0
1409875200,105.56999969482422,105.57599639892578,104.69499969482422,105.58200073242188,0.0
1410134400,105.14900207519531,105.66999816894531,104.99700164794922,105.18000030517578,0.0
1410220800,106.09400177001953,106.37999725341797,105.95800018310547,106.16000366210938,0.0
1410307200,106.12699890136719,106.81999969482422,106.03800201416016,106.12300109863281,0.0
1410393600,106.83100128173828,107.19300079345703,106.66000366210938,106.82599639892578,0.0
1410480000,107.0979995727539,107.39299774169922,107.05500030517578,107.1050033569336,0.0
1410739200,107.33000183105469,107.36000061035156,107.0199966430664,107.33000183105469,0.0
1410825600,107.13800048828125,107.32499694824219,106.8759994506836,107.13800048828125,0.0
1410912000,107.14299774169922,107.64600372314453,107.12999725341797,107.1500015258789,0.0
1410998400,108.48999786376953,108.94000244140625,108.39199829101562,108.51599884033203,0.0
1411084800,108.8010025024414,109.4469985961914,108.60800170898438,108.80000305175781,0.0
1411344000,108.93199920654297,109.17900085449219,108.66999816894531,108.94000244140625,0.0
1411430400,108.73999786376953,108.92500305175781,108.2770004272461,108.75,0.0
1411516800,108.54000091552734,108.98100280761719,108.49400329589844,108.54199981689453,0.0
1411603200,109.32099914550781,109.34400177001953,108.5270004272461,109.31600189208984,0.0
1411689600,108.62000274658203,109.31199645996094,108.49500274658203,108.61000061035156,0.0
1411948800,109.40299987792969,109.73799896240234,109.13600158691406,109.41100311279297,0.0
1412035200,109.41200256347656,109.83699798583984,109.2020034790039,109.38999938964844,0.0
1412121600,109.62200164794922,110.05799865722656,109.25,109.66000366210938,0.0
1412208000,108.98100280761719,109.06600189208984,108.0999984741211,109.0199966430664,0.0
1412294400,108.52799987792969,109.87999725341797,108.52799987792969,108.52300262451172,0.0
1412553600,109.77799987792969,109.77799987792969,109.03399658203125,109.802001953125,0.0
1412640000,108.89800262451172,109.20999908447266,108.10600280761719,108.86799621582031,0.0
1412726400,108.0530014038086,108.53199768066406,107.83999633789062,108.0719985961914,0.0
1412812800,108.14700317382812,108.30500030517578,107.52999877929688,108.12699890136719,0.0
1412899200,107.8550033569336,108.14299774169922,107.62799835205078,107.83000183105469,0.0
1413158400,107.33999633789062,107.55899810791016,107.06199645996094,107.33799743652344,0.0
1413244800,107.06999969482422,107.29199981689453,106.6989974975586,107.06300354003906,0.0
1413331200,107.26000213623047,107.4749984741211,105.64099884033203,107.31400299072266,0.0
1413417600,106.0199966430664,106.3290023803711,105.5,105.9800033569336,0.0
1413504000,106.37999725341797,106.76499938964844,106.13800048828125,106.40499877929688,0.0
1413763200,107.1259994506836,107.375,106.79100036621094,107.14399719238281,0.0
1413849600,106.91000366210938,106.91000366210938,106.2699966430664,106.91000366210938,0.0
1413936000,107.01100158691406,107.35900115966797,106.80799865722656,107.02100372314453,0.0
1414022400,107.11799621582031,108.18699645996094,107.11000061035156,107.14800262451172,0.0
1414108800,108.11499786376953,108.26599884033203,107.78900146484375,108.16100311279297,0.0
1414368000,108.1510009765625,108.15399932861328,107.65599822998047,108.2020034790039,0.0
1414454400,107.85099792480469,108.16200256347656,107.72000122070312,107.84300231933594,0.0
1414540800,108.12000274658203,108.23300170898438,107.947998046875,108.11199951171875,0.0
1414627200,108.83599853515625,109.2979965209961,108.80699920654297,108.84600067138672,0.0
1414713600,109.2229995727539,112.46299743652344,109.1969985961914,109.21299743652344,0.0
1414972800,112.8219985961914,114.18499755859375,112.58999633789062,112.84100341796875,0.0
1415059200,113.68699645996094,113.76799774169922,113.1969985961914,113.64800262451172,0.0
1415145600,113.51200103759766,114.81300354003906,113.46800231933594,113.4800033569336,0.0
1415232000,114.6500015258789,115.46600341796875,114.11100006103516,114.65499877929688,0.0
1415318400,115.19200134277344,115.46099853515625,114.50199890136719,115.1760025024414,0.0
1415577600,114.5250015258789,114.7490005493164,113.8759994506836,114.53299713134766,0.0
1415664000,114.78099822998047,116.0719985961914,114.63300323486328,114.75299835205078,0.0
1415750400,115.7020034790039,115.85700225830078,114.9520034790039,115.72100067138672,0.0
1415836800,115.6259994506836,115.85700225830078,115.35800170898438,115.56999969482422,0.0
1415923200,115.83000183105469,116.80899810791016,115.75,115.8239974975586,0.0
1416182400,116.82499694824219,116.82499694824219,115.4800033569336,116.89600372314453,0.0
1416268800,116.6259994506836,116.9990005493164,116.38700103759766,116.64600372314453,0.0
1416355200,116.85700225830078,117.75599670410156,116.85700225830078,116.86900329589844,0.0
1416441600,118.13899993896484,118.96900177001953,117.7760009765625,118.14800262451172,0.0
1416528000,118.23999786376953,118.23999786376953,117.38099670410156,118.23600006103516,0.0
1416787200,117.7300033569336,118.47200012207031,117.59700012207031,117.74400329589844,0.0
1416873600,118.40799713134766,118.42400360107422,117.69400024414062,118.4540023803711,0.0
1416960000,117.81999969482422,117.88200378417969,117.44400024414062,117.8010025024414,0.0
1417046400,117.61599731445312,117.8219985961914,117.26000213623047,117.62999725341797,0.0
1417132800,117.87200164794922,118.68399810791016,117.86000061035156,117.83999633789062,0.0
1417392000,118.8740005493164,119.08499908447266,117.88999938964844,118.86399841308594,0.0
1417478400,118.34200286865234,119.28600311279297,118.22000122070312,118.30799865722656,0.0
1417564800,119.16000366210938,119.74400329589844,119.12999725341797,119.19400024414062,0.0
1417651200,119.87899780273438,120.197998046875,119.69300079345703,119.86100006103516,0.0
1417737600,119.78099822998047,121.6709976196289,119.69599914550781,119.81199645996094,0.0
1417996800,121.59500122070312,121.66899871826172,120.68000030517578,121.56099700927734,0.0
1418083200,120.66000366210938,120.99500274658203,118.0009994506836,120.6500015258789,0.0
1418169600,119.4229965209961,119.90799713134766,118.31900024414062,119.34200286865234,0.0
1418256000,117.65699768066406,119.43099975585938,117.47000122070312,117.70899963378906,0.0
1418342400,119.00199890136719,119.1780014038086,118.08999633789062,119.00700378417969,0.0
1418601600,118.11100006103516,119.01100158691406,117.98300170898438,118.16500091552734,0.0
1418688000,117.75199890136719,117.94599914550781,115.58000183105469,117.74099731445312,0.0
1418774400,116.5469970703125,117.49700164794922,116.46399688720703,116.61299896240234,0.0
1418860800,118.74400329589844,119.28800201416016,118.26300048828125,118.7959976196289,0.0
1418947200,118.90299987792969,119.48899841308594,118.83000183105469,118.93800354003906,0.0
1419206400,119.49500274658203,119.99199676513672,119.31800079345703,119.49700164794922,0.0
1419292800,120.14199829101562,120.78800201416016,120.04399871826172,120.1500015258789,0.0
1419379200,120.6760025024414,120.6989974975586,120.2770004272461,120.69000244140625,0.0
1419465600,120.39900207519531,120.45899963378906,119.9990005493164,120.45899963378906,0.0
1419552000,120.41200256347656,120.45600128173828,120.16000366210938,120.37000274658203,0.0
1419811200,120.40599822998047,120.67900085449219,120.18000030517578,120.42400360107422,0.0
1419897600,120.62000274658203,120.66400146484375,118.89700317382812,120.63200378417969,0.0
1419984000,119.4749984741211,119.86000061035156,119.2490005493164,119.45800018310547,0.0
1420070400,119.6729965209961,119.6729965209961,119.6729965209961,119.6729965209961,0.0
1420156800,119.88999938964844,120.73600006103516,119.83599853515625,119.87000274658203,0.0
1420416000,120.38899993896484,120.60800170898438,119.41100311279297,120.43399810791016,0.0
1420502400,119.41600036621094,119.49700164794922,118.68000030517578,119.42500305175781,0.0
1420588800,118.67400360107422,119.63899993896484,118.67400360107422,118.6729965209961,0.0
1420675200,119.31600189208984,119.94100189208984,119.19000244140625,119.28900146484375,0.0
1420761600,119.76399993896484,119.84300231933594,118.77899932861328,119.79199981689453,0.0
1421020800,118.2229995727539,119.29100036621094,118.10900115966797,118.21199798583984,0.0
1421107200,118.28500366210938,118.83799743652344,117.74099731445312,118.3280029296875,0.0
1421193600,117.77999877929688,117.91300201416016,116.09600067138672,117.79499816894531,0.0
1421280000,117.43900299072266,117.93399810791016,116.29900360107422,117.38999938964844,0.0
1421366400,116.11199951171875,117.7300033569336,115.86499786376953,116.12999725341797,0.0
1421625600,117.52799987792969,117.66400146484375,116.93499755859375,117.55999755859375,0.0
1421712000,117.73999786376953,118.75399780273438,117.70099639892578,117.71199798583984,0.0
1421798400,118.62799835205078,118.74700164794922,117.19400024414062,118.64900207519531,0.0
1421884800,117.83999633789062,118.33000183105469,117.2770004272461,117.86000061035156,0.0
1421971200,118.70999908447266,118.70999908447266,117.55000305175781,118.7509994506836,0.0
1422230400,117.37999725341797,118.47899627685547,117.37999725341797,117.36100006103516,0.0
1422316800,118.50800323486328,118.6510009765625,117.33999633789062,118.5199966430664,0.0
1422403200,117.81800079345703,118.24299621582031,117.56600189208984,117.7750015258789,0.0
1422489600,117.62799835205078,118.15499877929688,117.56800079345703,117.59200286865234,0.0
1422576000,118.24800109863281,118.27300262451172,117.40399932861328,118.24800109863281,0.0
1422835200,117.18499755859375,117.85900115966797,117.16799926757812,117.18399810791016,0.0
1422921600,117.60199737548828,117.72000122070312,116.89600372314453,117.57499694824219,0.0
1423008000,117.6760025024414,117.98300170898438,117.26000213623047,117.64600372314453,0.0
1423094400,117.31400299072266,117.54199981689453,117.03299713134766,117.28800201416016,0.0
1423180800,117.5199966430664,119.13200378417969,117.18000030517578,117.53500366210938,0.0
1423440000,118.95700073242188,119.03299713134766,118.44599914550781,118.97000122070312,0.0
1423526400,118.61399841308594,119.58799743652344,118.39800262451172,118.56300354003906,0.0
1423612800,119.3479995727539,120.4020004272461,119.28600311279297,119.35800170898438,0.0
1423699200,120.19300079345703,120.36900329589844,118.8949966430664,120.16999816894531,0.0
1423785600,118.88099670410156,119.18399810791016,118.43800354003906,118.91600036621094,0.0
1424044800,118.625,118.76399993896484,118.38300323486328,118.56999969482422,0.0
1424131200,118.50599670410156,119.10299682617188,118.24400329589844,118.49199676513672,0.0
1424217600,119.18299865722656,119.39299774169922,118.91500091552734,119.20800018310547,0.0
1424304000,118.7239990234375,119.15499877929688,118.48200225830078,118.68900299072266,0.0
1424390400,119.00299835205078,119.07499694824219,118.30699920654297,118.98799896240234,0.0
1424649600,119.0739974975586,119.33999633789062,118.81700134277344,119.07599639892578,0.0
1424736000,118.9000015258789,119.83300018310547,118.87000274658203,118.90299987792969,0.0
1424822400,118.84500122070312,119.04000091552734,118.62000274658203,118.89199829101562,0.0
1424908800,118.8280029296875,119.38200378417969,118.6760025024414,118.8219985961914,0.0
1424995200,119.40399932861328,119.54100036621094,119.12699890136719,119.37699890136719,0.0
1425254400,119.84500122070312,120.13300323486328,119.6709976196289,119.82599639892578,0.0
1425340800,120.197998046875,120.197998046875,119.41600036621094,120.2040023803711,0.0
1425427200,119.6050033569336,119.80999755859375,119.47799682617188,119.63700103759766,0.0
1425513600,119.63800048828125,120.37699890136719,119.62000274658203,119.6510009765625,0.0
1425600000,120.06600189208984,121.26699829101562,119.89800262451172,120.04499816894531,0.0
1425859200,120.70999908447266,121.2490005493164,120.60600280761719,120.73899841308594,0.0
1425945600,121.427001953125,121.99600219726562,120.95999908447266,121.40799713134766,0.0
1426032000,121.05999755859375,121.61000061035156,121.0260009765625,121.03800201416016,0.0
1426118400,121.44499969482422,121.65299987792969,120.7229995727539,121.41100311279297,0.0
1426204800,121.302001953125,121.55500030517578,121.16699981689453,121.31800079345703,0.0
1426464000,121.33000183105469,121.41000366210938,121.08000183105469,121.34300231933594,0.0
1426550400,121.37300109863281,121.50700378417969,121.1449966430664,121.36699676513672,0.0
1426636800,121.28900146484375,121.39800262451172,120.77999877929688,121.27999877929688,0.0
1426723200,120.0790023803711,120.97200012207031,119.697998046875,120.06400299072266,0.0
1426809600,120.73999786376953,121.17900085449219,120.25800323486328,120.76200103759766,0.0
1427068800,120.01300048828125,120.14900207519531,119.5989990234375,120.0270004272461,0.0
1427155200,119.74099731445312,119.98100280761719,119.25,119.75,0.0
1427241600,119.7699966430664,119.81199645996094,119.24800109863281,119.79100036621094,0.0
1427328000,119.50599670410156,119.50800323486328,118.33000183105469,119.51799774169922,0.0
1427414400,119.21399688720703,119.48200225830078,118.93800354003906,119.18299865722656,0.0
1427673600,119.23999786376953,120.13200378417969,119.12200164794922,119.25,0.0
1427760000,120.02899932861328,120.33000183105469,119.7969970703125,120.01300048828125,0.0
1427846400,119.9520034790039,120.30000305175781,119.41699981689453,120.02200317382812,0.0
1427932800,119.57599639892578,119.85800170898438,119.447998046875,119.5739974975586,0.0
1428019200,119.69599914550781,119.75299835205078,118.7229995727539,119.6969985961914,0.0
1428278400,118.85399627685547,119.16300201416016,118.83200073242188,118.822998046875,0.0
1428364800,119.48799896240234,120.44300079345703,119.4489974975586,119.47699737548828,0.0
1428451200,120.27999877929688,120.30599975585938,119.66000366210938,120.29000091552734,0.0
1428537600,120.08999633789062,120.39600372314453,119.8550033569336,120.09400177001953,0.0
1428624000,120.55000305175781,120.61599731445312,120.06600189208984,120.55000305175781,0.0
1428883200,120.19100189208984,120.83300018310547,119.83200073242188,120.20899963378906,0.0
1428969600,120.05799865722656,120.06099700927734,119.06800079345703,120.05899810791016,0.0
1429056000,119.45999908447266,119.73200225830078,119.1449966430664,119.45700073242188,0.0
1429142400,119.14099884033203,119.45899963378906,118.79000091552734,119.14299774169922,0.0
1429228800,119.05400085449219,119.23500061035156,118.55999755859375,119.04399871826172,0.0
1429488000,118.83399963378906,119.35099792480469,118.5469970703125,118.81800079345703,0.0
1429574400,119.22699737548828,119.8239974975586,119.22699737548828,119.19499969482422,0.0
1429660800,119.64099884033203,119.93800354003906,119.3499984741211,119.63300323486328,0.0
1429747200,119.96399688720703,120.0780029296875,119.60099792480469,119.94999694824219,0.0
1429833600,119.58000183105469,119.62000274658203,118.89199829101562,119.57099914550781,0.0
1430092800,118.91500091552734,119.43099975585938,118.7750015258789,118.927001953125,0.0
1430179200,119.13200378417969,119.18299865722656,118.77999877929688,119.1259994506836,0.0
1430265600,118.83000183105469,119.3550033569336,118.7699966430664,118.822998046875,0.0
1430352000,118.97599792480469,119.875,118.50700378417969,118.97000122070312,0.0
1430438400,119.49199676513672,120.26899719238281,119.49199676513672,119.4520034790039,0.0
1430697600,120.13200378417969,120.27100372314453,119.99800109863281,120.13600158691406,0.0
1430784000,120.10700225830078,120.49600219726562,119.73600006103516,120.0999984741211,0.0
1430870400,119.93000030517578,120.03900146484375,119.23799896240234,119.9219970703125,0.0
1430956800,119.38800048828125,119.78299713134766,119.05899810791016,119.39700317382812,0.0
1431043200,119.71600341796875,120.21900177001953,119.6259994506836,119.70899963378906,0.0
1431302400,119.8270034790039,120.0770034790039,119.71199798583984,119.77999877929688,0.0
1431388800,120.11799621582031,120.2699966430664,119.79499816894531,120.13099670410156,0.0
1431475200,119.875,119.9520034790039,119.0199966430664,119.83499908447266,0.0
1431561600,119.19599914550781,119.32599639892578,118.88999938964844,119.16000366210938,0.0
1431648000,119.20600128173828,119.9209976196289,119.16999816894531,119.19100189208984,0.0
1431907200,119.35299682617188,119.88300323486328,119.34400177001953,119.33000183105469,0.0
1431993600,119.9229965209961,120.71099853515625,119.8499984741211,119.9000015258789,0.0
1432080000,120.66200256347656,121.3759994506836,120.66200256347656,120.6520004272461,0.0
1432166400,121.197998046875,121.24500274658203,120.85099792480469,121.21199798583984,0.0
1432252800,121.0459976196289,121.55799865722656,120.64399719238281,121.03900146484375,0.0
1432512000,121.55999755859375,121.76300048828125,121.44000244140625,121.57099914550781,0.0
1432598400,121.64399719238281,123.31099700927734,121.64399719238281,121.5999984741211,0.0
1432684800,122.98999786376953,123.84500122070312,122.79199981689453,122.98600006103516,0.0
1432771200,123.70800018310547,124.44499969482422,123.50499725341797,123.73999786376953,0.0
1432857600,123.8030014038086,124.16200256347656,123.60800170898438,123.81999969482422,0.0
1433116800,124.24500274658203,124.66400146484375,123.88800048828125,124.19300079345703,0.0
1433203200,124.86399841308594,125.00900268554688,123.7750015258789,124.84700012207031,0.0
1433289600,124.05999755859375,124.66600036621094,123.79000091552734,124.03600311279297,0.0
1433376000,124.31900024414062,124.66200256347656,123.802001953125,124.30400085449219,0.0
1433462400,124.35900115966797,125.8219985961914,124.35900115966797,124.37999725341797,0.0
1433721600,125.60199737548828,125.60199737548828,124.97000122070312,125.62899780273438,0.0
1433808000,124.5979995727539,124.7229995727539,123.9000015258789,124.56300354003906,0.0
1433894400,124.38300323486328,124.61799621582031,122.52200317382812,124.33899688720703,0.0
1433980800,122.91999816894531,124.06999969482422,122.87100219726562,122.86599731445312,0.0
1434067200,123.5979995727539,123.81099700927734,123.1719970703125,123.58100128173828,0.0
1434326400,123.34500122070312,123.64700317382812,123.302001953125,123.29000091552734,0.0
1434412800,123.43599700927734,123.73100280761719,123.30799865722656,123.41999816894531,0.0
1434499200,123.44400024414062,124.29000091552734,123.3499984741211,123.43900299072266,0.0
1434585600,123.55500030517578,123.56300354003906,122.5199966430664,123.52999877929688,0.0
1434672000,123.03099822998047,123.20800018310547,122.56900024414062,123.00199890136719,0.0
1434931200,122.79000091552734,123.35299682617188,122.56999969482422,122.7509994506836,0.0
1435017600,123.41400146484375,124.16699981689453,123.36799621582031,123.37899780273438,0.0
1435104000,123.87200164794922,124.35700225830078,123.69999694824219,123.86000061035156,0.0
1435190400,123.86000061035156,123.9489974975586,123.33799743652344,123.85099792480469,0.0
1435276800,123.60099792480469,123.97599792480469,123.22799682617188,123.5979995727539,0.0
1435536000,122.46600341796875,123.17900085449219,122.3479995727539,122.61199951171875,0.0
1435622400,122.71099853515625,122.71099853515625,122.00399780273438,122.66999816894531,0.0
1435708800,122.40799713134766,123.21399688720703,122.37999725341797,122.38600158691406,0.0
1435795200,123.31800079345703,123.66200256347656,122.9540023803711,123.31999969482422,0.0
1435881600,123.05400085449219,123.16999816894531,122.60099792480469,123.05899810791016,0.0
1436140800,122.39399719238281,122.88999938964844,122.18699645996094,122.40699768066406,0.0
1436227200,122.6520004272461,122.86900329589844,122.05000305175781,122.61100006103516,0.0
1436313600,122.53399658203125,122.53399658203125,120.51499938964844,122.48999786376953,0.0
1436400000,120.9010009765625,121.55999755859375,120.58000183105469,120.86199951171875,0.0
1436486400,121.6969985961914,122.74400329589844,121.53199768066406,121.69999694824219,0.0
1436745600,122.5,123.51000213623047,122.4280014038086,122.49600219726562,0.0
1436832000,123.58100128173828,123.7020034790039,122.94999694824219,123.56999969482422,0.0
1436918400,123.33000183105469,123.96199798583984,123.26499938964844,123.31999969482422,0.0
1437004800,123.89199829101562,124.1719970703125,123.73999786376953,123.87000274658203,0.0
1437091200,124.16300201416016,124.22899627685547,123.91799926757812,124.14900207519531,0.0
1437350400,124.13600158691406,124.39299774169922,124.08000183105469,124.14199829101562,0.0
1437436800,124.28700256347656,124.4729995727539,123.77400207519531,124.29399871826172,0.0
1437523200,123.86599731445312,124.12200164794922,123.56999969482422,123.86000061035156,0.0
1437609600,124.06199645996094,124.1780014038086,123.6969985961914,124.06800079345703,0.0
1437696000,123.87699890136719,124.08999633789062,123.5999984741211,123.8759994506836,0.0
1437955200,123.76000213623047,123.77300262451172,123.0,123.76300048828125,0.0
1438041600,123.2699966430664,123.79000091552734,123.07499694824219,123.23999786376953,0.0
1438128000,123.56700134277344,123.89900207519531,123.3290023803711,123.57599639892578,0.0
1438214400,123.95899963378906,124.56400299072266,123.95899963378906,123.94000244140625,0.0
1438300800,124.072998046875,124.37000274658203,123.51399993896484,124.07099914550781,0.0
1438560000,124.04199981689453,124.26799774169922,123.91400146484375,124.04000091552734,0.0
1438646400,123.94300079345703,124.10199737548828,123.81400299072266,123.94499969482422,0.0
1438732800,124.30799865722656,124.9990005493164,124.02899932861328,124.27400207519531,0.0
1438819200,124.78399658203125,124.94100189208984,124.57099914550781,124.7300033569336,0.0
1438905600,124.75499725341797,125.03099822998047,124.125,124.73400115966797,0.0
1439164800,124.3499984741211,124.7770004272461,124.27999877929688,124.30000305175781,0.0
1439251200,124.61599731445312,125.052001953125,124.58000183105469,124.61299896240234,0.0
1439337600,125.08000183105469,125.27200317382812,123.81900024414062,125.06999969482422,0.0
1439424000,124.29900360107422,124.61699676513672,124.0999984741211,124.25499725341797,0.0
1439510400,124.38400268554688,124.51799774169922,124.0479965209961,124.36299896240234,0.0
1439769600,124.37799835205078,124.56600189208984,124.2300033569336,124.3499984741211,0.0
1439856000,124.43399810791016,124.5,124.19000244140625,124.43800354003906,0.0
1439942400,124.39299774169922,124.46399688720703,124.06999969482422,124.37100219726562,0.0
1440028800,123.9219970703125,124.1240005493164,123.49700164794922,123.89700317382812,0.0
1440115200,123.45999908447266,123.48699951171875,122.0199966430664,123.41999816894531,0.0
1440374400,121.74400329589844,121.91699981689453,116.50499725341797,121.73200225830078,0.0
1440460800,118.83200073242188,120.31099700927734,118.69999694824219,118.88400268554688,0.0
1440547200,118.65799713134766,119.88899993896484,118.65799713134766,118.54000091552734,0.0
1440633600,119.98600006103516,120.8759994506836,119.80999755859375,120.05799865722656,0.0
1440720000,120.98200225830078,121.43299865722656,120.65399932861328,121.00299835205078,0.0
1440979200,121.29000091552734,121.4000015258789,120.88200378417969,121.28900146484375,0.0
1441065600,121.11299896240234,121.11299896240234,119.53500366210938,121.08899688720703,0.0
1441152000,119.7229995727539,120.41500091552734,119.71499633789062,119.71499633789062,0.0
1441238400,120.62300109863281,120.67900085449219,119.70899963378906,120.58000183105469,0.0
1441324800,120.11000061035156,120.11000061035156,118.79299926757812,120.05599975585938,0.0
1441584000,119.14900207519531,119.55999755859375,118.8010025024414,119.16400146484375,0.0
1441670400,119.4229965209961,120.19000244140625,118.87000274658203,119.40299987792969,0.0
1441756800,120.0780029296875,121.18599700927734,120.0780029296875,120.08899688720703,0.0
1441843200,120.23400115966797,121.29499816894531,119.9800033569336,120.27799987792969,0.0
1441929600,120.66000366210938,120.9469985961914,120.39199829101562,120.61900329589844,0.0
1442188800,120.79000091552734,120.79000091552734,119.88099670410156,120.7959976196289,0.0
1442275200,120.31999969482422,120.62999725341797,119.40699768066406,120.36000061035156,0.0
1442361600,120.4000015258789,120.68199920654297,120.10900115966797,120.43399810791016,0.0
1442448000,120.53700256347656,120.9749984741211,120.36000061035156,120.52300262451172,0.0
1442534400,120.072998046875,120.2249984741211,119.05699920654297,120.0459976196289,0.0
1442793600,120.0,120.64199829101562,119.7249984741211,120.0009994506836,0.0
1442880000,120.49299621582031,120.5260009765625,119.69999694824219,120.49800109863281,0.0
1442966400,120.09100341796875,120.53399658203125,119.63899993896484,120.08000183105469,0.0
1443052800,120.22000122070312,120.38400268554688,119.22100067138672,120.19999694824219,0.0
1443139200,120.26399993896484,121.2300033569336,120.01000213623047,120.23999786376953,0.0
1443398400,120.3499984741211,120.45600128173828,119.69999694824219,120.36799621582031,0.0
1443484800,119.79299926757812,120.13999938964844,119.26000213623047,119.83999633789062,0.0
1443571200,119.85800170898438,120.33499908447266,119.56099700927734,119.86000061035156,0.0
1443657600,119.86900329589844,120.27300262451172,119.5,119.85900115966797,0.0
1443744000,119.82099914550781,120.39900207519531,118.69999694824219,119.80999755859375,0.0
1444003200,120.0,120.3550033569336,119.86799621582031,119.99500274658203,0.0
1444089600,120.44999694824219,120.56199645996094,120.12999725341797,120.46099853515625,0.0
1444176000,120.22000122070312,120.3499984741211,119.75299835205078,120.23999786376953,0.0
1444262400,119.93000030517578,120.0979995727539,119.64199829101562,119.91500091552734,0.0
1444348800,119.92400360107422,120.33200073242188,119.83999633789062,119.92900085449219,0.0
1444608000,120.15899658203125,120.21099853515625,119.90399932861328,120.17900085449219,0.0
1444694400,120.02799987792969,120.02999877929688,119.5479965209961,120.01100158691406,0.0
1444780800,119.74199676513672,119.74199676513672,119.06999969482422,119.72000122070312,0.0
1444867200,118.81999969482422,119.15399932861328,118.08100128173828,118.83000183105469,0.0
1444953600,119.08200073242188,119.62899780273438,118.91999816894531,119.05000305175781,0.0
1445212800,119.23999786376953,119.55999755859375,119.12999725341797,119.2699966430664,0.0
1445299200,119.48100280761719,119.94599914550781,119.41000366210938,119.50299835205078,0.0
1445385600,119.79499816894531,120.08200073242188,119.79499816894531,119.77999877929688,0.0
1445472000,119.86100006103516,120.4800033569336,119.62000274658203,119.84200286865234,0.0
1445558400,120.88999938964844,121.24700164794922,120.25199890136719,120.86000061035156,0.0
1445817600,121.31400299072266,121.31400299072266,120.66200256347656,121.2959976196289,0.0
1445904000,120.95700073242188,120.95700073242188,120.17500305175781,120.9489974975586,0.0
1445990400,120.47200012207031,120.54299926757812,120.27799987792969,120.47699737548828,0.0
1446076800,120.87899780273438,121.15399932861328,120.62999725341797,120.86000061035156,0.0
1446163200,121.03600311279297,121.43299865722656,120.30599975585938,121.0,0.0
1446422400,120.51000213623047,120.68800354003906,120.26000213623047,120.49500274658203,0.0
1446508800,120.80400085449219,121.22000122070312,120.58000183105469,120.78800201416016,0.0
1446595200,121.08000183105469,121.68900299072266,121.01899719238281,121.09500122070312,0.0
1446681600,121.5270004272461,121.98699951171875,121.39099884033203,121.48999786376953,0.0
1446768000,121.69499969482422,123.17500305175781,121.62000274658203,121.66999816894531,0.0
1447027200,123.19400024414062,123.59200286865234,123.13400268554688,123.19999694824219,0.0
1447113600,123.04900360107422,123.427001953125,123.04299926757812,123.0770034790039,0.0
1447200000,123.08899688720703,123.19999694824219,122.75,123.08399963378906,0.0
1447286400,122.74500274658203,123.06400299072266,122.66699981689453,122.75700378417969,0.0
1447372800,122.56999969482422,122.83300018310547,122.48200225830078,122.55999755859375,0.0
1447632000,122.3010025024414,123.16500091552734,122.3010025024414,122.36399841308594,0.0
1447718400,123.26000213623047,123.47599792480469,123.18000030517578,123.26599884033203,0.0
1447804800,123.44000244140625,123.55899810791016,123.22000122070312,123.44499969482422,0.0
1447891200,123.51399993896484,123.54900360107422,122.79900360107422,123.5250015258789,0.0
1447977600,122.9000015258789,123.03800201416016,122.73500061035156,122.91200256347656,0.0
1448236800,122.91999816894531,123.2490005493164,122.80000305175781,122.9229965209961,0.0
1448323200,122.94499969482422,122.94499969482422,122.37799835205078,122.91500091552734,0.0
1448409600,122.51499938964844,122.89800262451172,122.25,122.50499725341797,0.0
1448496000,122.67500305175781,122.68900299072266,122.5,122.68000030517578,0.0
1448582400,122.62999725341797,122.77200317382812,122.31500244140625,122.63400268554688,0.0
1448841600,122.81999969482422,123.25199890136719,122.68000030517578,122.83000183105469,0.0
1448928000,123.19999694824219,123.27200317382812,122.66000366210938,123.20999908447266,0.0
1449014400,122.91000366210938,123.44100189208984,122.83399963378906,122.91500091552734,0.0
1449100800,123.22000122070312,123.5510025024414,122.88500213623047,123.22599792480469,0.0
1449187200,122.63999938964844,123.3489990234375,122.45999908447266,122.65299987792969,0.0
1449446400,123.19400024414062,123.47000122070312,123.1500015258789,123.19000244140625,0.0
1449532800,123.30000305175781,123.31800079345703,122.72200012207031,123.27999877929688,0.0
1449619200,122.93000030517578,123.03700256347656,121.84400177001953,122.91200256347656,0.0
1449705600,121.69100189208984,121.85199737548828,121.25900268554688,121.69999694824219,0.0
1449792000,121.7030029296875,122.20999908447266,120.85099792480469,121.70999908447266,0.0
1450051200,120.88400268554688,121.33699798583984,120.64800262451172,120.89299774169922,0.0
1450137600,121.12000274658203,121.7239990234375,120.59600067138672,121.08999633789062,0.0
1450224000,121.6709976196289,122.08499908447266,121.58999633789062,121.67500305175781,0.0
1450310400,122.48100280761719,122.76000213623047,122.22799682617188,122.46299743652344,0.0
1450396800,122.45500183105469,123.33899688720703,121.08999633789062,122.44999694824219,0.0
1450656000,121.29299926757812,121.49600219726562,121.05999755859375,121.30000305175781,0.0
1450742400,121.20700073242188,121.30000305175781,120.72899627685547,121.20600128173828,0.0
1450828800,121.0270004272461,121.04499816894531,120.81999969482422,121.02999877929688,0.0
1450915200,120.94000244140625,120.9489974975586,120.25,120.93499755859375,0.0
1451001600,120.32499694824219,120.32599639892578,120.03900146484375,120.16999816894531,0.0
1451260800,120.24600219726562,120.625,120.23999786376953,120.23100280761719,0.0
1451347200,120.33499908447266,120.48999786376953,120.22000122070312,120.3499984741211,0.0
1451433600,120.52899932861328,120.62999725341797,120.3499984741211,120.52899932861328,0.0
1451520000,120.44999694824219,120.48999786376953,120.00399780273438,120.44999694824219,0.0
1451606400,120.28800201416016,120.28800201416016,120.28800201416016,120.28800201416016,0.0
1451865600,120.31700134277344,120.447998046875,118.72000122070312,120.31099700927734,0.0
1451952000,119.4739990234375,119.68000030517578,118.8010025024414,119.46700286865234,0.0
1452038400,119.0999984741211,119.1500015258789,118.26000213623047,119.10199737548828,0.0
1452124800,118.60900115966797,118.75299835205078,117.36399841308594,118.61000061035156,0.0
1452211200,117.52999877929688,118.70999908447266,117.51200103759766,117.54000091552734,0.0
1452470400,117.072998046875,117.99199676513672,117.00900268554688,117.08000183105469,0.0
1452556800,117.68099975585938,118.04399871826172,117.23999786376953,117.6500015258789,0.0
1452643200,117.83100128173828,118.36299896240234,117.77999877929688,117.83000183105469,0.0
1452729600,117.4000015258789,118.16100311279297,117.30999755859375,117.42500305175781,0.0
1452816000,118.2229995727539,118.25599670410156,116.6500015258789,118.2030029296875,0.0
1453075200,117.01000213623047,117.43399810791016,116.93099975585938,116.98999786376953,0.0
1453161600,117.39700317382812,118.0999984741211,117.26699829101562,117.38400268554688,0.0
1453248000,117.55999755859375,117.55999755859375,116.01699829101562,117.56500244140625,0.0
1453334400,117.20800018310547,117.45800018310547,116.47799682617188,117.13400268554688,0.0
1453420800,117.92500305175781,118.63700103759766,117.55999755859375,117.92400360107422,0.0
1453680000,118.55999755859375,118.84400177001953,118.18199920654297,118.5719985961914,0.0
1453766400,118.23500061035156,118.59500122070312,117.66600036621094,118.22799682617188,0.0
1453852800,118.38400268554688,118.73899841308594,118.0530014038086,118.37999725341797,0.0
1453939200,118.48200225830078,118.98699951171875,118.41000366210938,118.46700286865234,0.0
1454025600,118.93000030517578,121.66100311279297,118.5199966430664,118.93000030517578,0.0
1454284800,121.34200286865234,121.4020004272461,120.6989974975586,121.33999633789062,0.0
1454371200,120.85399627685547,121.0,120.19999694824219,120.83999633789062,0.0
1454457600,119.8499984741211,120.03800201416016,117.5790023803711,119.85600280761719,0.0
1454544000,118.16400146484375,118.16999816894531,116.81900024414062,118.12000274658203,0.0
1454630400,116.85199737548828,117.35900115966797,116.5199966430664,116.86599731445312,0.0
1454889600,116.9489974975586,117.5199966430664,115.58300018310547,116.94999694824219,0.0
1454976000,115.6500015258789,115.6500015258789,114.27100372314453,115.66799926757812,0.0
1455062400,115.18499755859375,115.18499755859375,114.27999877929688,115.19100189208984,0.0
1455148800,113.23899841308594,113.46299743652344,111.08100128173828,113.25199890136719,0.0
1455235200,112.48300170898438,113.12300109863281,111.75599670410156,112.49700164794922,0.0
1455494400,113.67500305175781,114.5469970703125,113.27799987792969,113.66999816894531,0.0
1455580800,114.31800079345703,114.86799621582031,113.66000366210938,114.3219985961914,0.0
1455667200,114.13400268554688,114.49500274658203,113.38899993896484,114.08000183105469,0.0
1455753600,114.29100036621094,114.29100036621094,113.62000274658203,114.27999877929688,0.0
1455840000,113.27100372314453,113.27200317382812,112.73100280761719,113.25,0.0
1456099200,112.5260009765625,113.36499786376953,112.5260009765625,112.48899841308594,0.0
1456185600,112.9530029296875,112.97100067138672,111.78900146484375,112.97100067138672,0.0
1456272000,111.91100311279297,112.22000122070312,111.11199951171875,111.87999725341797,0.0
1456358400,112.06500244140625,112.9209976196289,111.98600006103516,112.10099792480469,0.0
1456444800,113.13800048828125,113.93000030517578,112.55999755859375,113.11799621582031,0.0
1456704000,113.71900177001953,113.84200286865234,112.69599914550781,113.66000366210938,0.0
1456790400,112.4209976196289,113.80000305175781,112.1729965209961,112.43000030517578,0.0
1456876800,113.91999816894531,114.54100036621094,113.73600006103516,113.93000030517578,0.0
1456963200,113.49099731445312,114.26000213623047,113.45999908447266,113.46600341796875,0.0
1457049600,113.68000030517578,114.16000366210938,113.1449966430664,113.66999816894531,0.0
1457308800,113.81999969482422,113.81999969482422,113.40599822998047,113.8030014038086,0.0
1457395200,113.48200225830078,113.48200225830078,112.46499633789062,113.4520034790039,0.0
1457481600,112.68000030517578,113.14299774169922,112.23999786376953,112.66000366210938,0.0
1457568000,113.22000122070312,114.43199920654297,113.16000366210938,113.25299835205078,0.0
1457654400,112.83899688720703,113.91100311279297,112.83000183105469,112.86000061035156,0.0
1457913600,113.76300048828125,113.99500274658203,113.51399993896484,113.77799987792969,0.0
1458000000,113.8270034790039,113.927001953125,112.66999816894531,113.83000183105469,0.0
1458086400,113.10099792480469,113.80899810791016,113.02100372314453,113.1050033569336,0.0
1458172800,112.79399871826172,112.93399810791016,110.69000244140625,112.75199890136719,0.0
1458259200,111.38400268554688,111.60399627685547,110.8239974975586,111.3499984741211,0.0
1458518400,111.44000244140625,111.8499984741211,111.2300033569336,111.44499969482422,0.0
1458604800,112.14399719238281,112.18599700927734,111.41200256347656,112.13899993896484,0.0
1458691200,112.26100158691406,112.88700103759766,112.14700317382812,112.25199890136719,0.0
1458777600,112.42400360107422,112.98400115966797,112.30000305175781,112.4000015258789,0.0
1458864000,112.83000183105469,113.29199981689453,112.80999755859375,112.83000183105469,0.0
1459123200,113.47100067138672,113.68000030517578,113.15499877929688,113.44999694824219,0.0
1459209600,113.36499786376953,113.78399658203125,113.23400115966797,113.36399841308594,0.0
1459296000,112.64700317382812,112.69499969482422,112.03199768066406,112.68000030517578,0.0
1459382400,112.34500122070312,112.63899993896484,112.11000061035156,112.36599731445312,0.0
1459468800,112.4800033569336,112.4800033569336,111.86299896240234,112.4800033569336,0.0
1459728000,111.70500183105469,111.73300170898438,111.13500213623047,111.72200012207031,0.0
1459814400,111.24400329589844,111.24400329589844,110.04299926757812,111.25,0.0
1459900800,110.36900329589844,110.62899780273438,109.63400268554688,110.37799835205078,0.0
1459987200,109.73300170898438,109.77400207519531,107.76000213623047,109.6989974975586,0.0
1460073600,108.51599884033203,109.08999633789062,108.22100067138672,108.427001953125,0.0
1460332800,108.31199645996094,108.41999816894531,107.66400146484375,108.31099700927734,0.0
1460419200,107.94999694824219,108.66000366210938,107.90399932861328,107.93000030517578,0.0
1460505600,108.6709976196289,109.38099670410156,108.54000091552734,108.63999938964844,0.0
1460592000,109.41400146484375,109.53299713134766,108.9010009765625,109.41999816894531,0.0
1460678400,109.3270034790039,109.7300033569336,108.61599731445312,109.31600189208984,0.0
1460937600,108.10299682617188,108.94200134277344,107.86900329589844,108.01699829101562,0.0
1461024000,109.05999755859375,109.47000122070312,108.7969970703125,109.072998046875,0.0
1461110400,109.18099975585938,109.51000213623047,108.7699966430664,109.23999786376953,0.0
1461196800,109.83000183105469,109.83300018310547,109.33999633789062,109.83799743652344,0.0
1461283200,109.48100280761719,111.52999877929688,109.27999877929688,109.43699645996094,0.0
1461542400,111.4530029296875,111.4530029296875,110.85399627685547,111.43599700927734,0.0
1461628800,111.10800170898438,111.30599975585938,110.67400360107422,111.13600158691406,0.0
1461715200,111.23400115966797,111.38600158691406,111.0270004272461,111.2300033569336,0.0
1461801600,111.51599884033203,111.85299682617188,107.94999694824219,111.5199966430664,0.0
1461888000,108.08999633789062,108.08999633789062,106.70800018310547,108.07599639892578,0.0
1462147200,106.46499633789062,106.78800201416016,106.19599914550781,106.4530029296875,0.0
1462233600,106.40299987792969,106.40299987792969,105.54000091552734,106.39600372314453,0.0
1462320000,106.69599914550781,107.3499984741211,106.28399658203125,106.68000030517578,0.0
1462406400,106.94000244140625,107.43499755859375,106.80999755859375,106.91999816894531,0.0
1462492800,107.35700225830078,107.4219970703125,106.47200012207031,107.2750015258789,0.0
1462752000,107.33799743652344,108.59600067138672,107.24700164794922,107.36000061035156,0.0
1462838400,108.37000274658203,109.26100158691406,108.31700134277344,108.33100128173828,0.0
1462924800,109.20999908447266,109.20999908447266,108.44000244140625,109.19400024414062,0.0
1463011200,108.44000244140625,109.37799835205078,108.24199676513672,108.41500091552734,0.0
1463097600,109.12200164794922,109.4540023803711,108.51399993896484,109.0999984741211,0.0
1463356800,108.6709976196289,108.97000122070312,108.63300323486328,108.66100311279297,0.0
1463443200,109.06999969482422,109.64199829101562,108.85099792480469,109.08000183105469,0.0
1463529600,109.0260009765625,109.81900024414062,108.75299835205078,108.94999694824219,0.0
1463616000,110.20099639892578,110.35600280761719,109.70500183105469,110.13999938964844,0.0
1463702400,109.91200256347656,110.57599639892578,109.85700225830078,109.88099670410156,0.0
1463961600,110.06600189208984,110.06600189208984,109.33999633789062,110.05000305175781,0.0
1464048000,109.34300231933594,110.0459976196289,109.16999816894531,109.3740005493164,0.0
1464134400,110.16000366210938,110.44300079345703,109.86000061035156,110.16999816894531,0.0
1464220800,110.0989990234375,110.1259994506836,109.42500305175781,110.11100006103516,0.0
1464307200,109.68000030517578,109.98999786376953,109.48799896240234,109.71299743652344,0.0
1464566400,110.76200103759766,111.41999816894531,110.72000122070312,110.7699966430664,0.0
1464652800,110.85399627685547,111.33000183105469,110.7770004272461,110.84100341796875,0.0
1464739200,110.6500015258789,110.8239974975586,109.05999755859375,110.66999816894531,0.0
1464825600,109.4010009765625,109.44200134277344,108.5270004272461,109.47699737548828,0.0
1464912000,108.91899871826172,109.12799835205078,106.63700103759766,108.86000061035156,0.0
1465171200,106.69499969482422,107.4219970703125,106.55500030517578,106.72100067138672,0.0
1465257600,107.4000015258789,107.87300109863281,107.19000244140625,107.43800354003906,0.0
1465344000,107.24199676513672,107.26100158691406,106.60600280761719,107.25399780273438,0.0
1465430400,106.80400085449219,106.86399841308594,106.27799987792969,106.77999877929688,0.0
1465516800,107.0780029296875,107.22000122070312,106.69499969482422,107.08999633789062,0.0
1465776000,106.48200225830078,106.6259994506836,105.74500274658203,106.50399780273438,0.0
1465862400,106.19999694824219,106.40399932861328,105.64800262451172,106.22599792480469,0.0
1465948800,106.06400299072266,106.37000274658203,105.78600311279297,106.08699798583984,0.0
1466035200,105.86000061035156,105.86000061035156,103.62999725341797,105.8499984741211,0.0
1466121600,104.77300262451172,104.80599975585938,104.0999984741211,104.74299621582031,0.0
1466380800,104.65899658203125,104.83300018310547,104.30000305175781,104.64800262451172,0.0
1466467200,103.79299926757812,104.73999786376953,103.61499786376953,103.8239974975586,0.0
1466553600,104.66999816894531,104.76499938964844,104.33300018310547,104.66999816894531,0.0
1466640000,104.58499908447266,106.0,104.25299835205078,104.6500015258789,0.0
1466726400,104.90299987792969,105.49800109863281,99.9729995727539,104.89600372314453,0.0
1466985600,102.22000122070312,102.39800262451172,101.44999694824219,102.12699890136719,0.0
1467072000,101.7490005493164,102.79499816894531,101.58499908447266,101.81199645996094,0.0
1467158400,102.69000244140625,102.78600311279297,102.19000244140625,102.70099639892578,0.0
1467244800,102.73400115966797,102.93900299072266,102.39399719238281,102.77799987792969,0.0
1467331200,103.0530014038086,103.14800262451172,102.45600128173828,103.072998046875,0.0
1467590400,102.46499633789062,102.7959976196289,102.45999908447266,102.48799896240234,0.0
1467676800,102.5199966430664,102.52100372314453,101.45999908447266,102.51799774169922,0.0
1467763200,101.16000366210938,101.27300262451172,100.21499633789062,101.14099884033203,0.0
1467849600,101.09500122070312,101.2300033569336,100.61000061035156,101.1500015258789,0.0
1467936000,100.7969970703125,101.15299987792969,100.09600067138672,100.79000091552734,0.0
1468195200,100.6760025024414,102.69000244140625,100.55999755859375,100.69200134277344,0.0
1468281600,102.50299835205078,104.79299926757812,102.46499633789062,102.52400207519531,0.0
1468368000,104.73200225830078,104.84600067138672,103.96299743652344,104.75599670410156,0.0
1468454400,104.03600311279297,105.90899658203125,104.03600311279297,104.07599639892578,0.0
1468540800,105.16000366210938,106.30500030517578,105.1500015258789,105.19100189208984,0.0
1468800000,105.43599700927734,106.1760025024414,105.3030014038086,105.45899963378906,0.0
1468886400,106.13800048828125,106.53099822998047,105.67400360107422,106.14600372314453,0.0
1468972800,106.13600158691406,106.78299713134766,105.85099792480469,106.13700103759766,0.0
1469059200,107.16500091552734,107.48400115966797,105.44300079345703,107.2040023803711,0.0
1469145600,105.79499816894531,106.38400268554688,105.60199737548828,105.81099700927734,0.0
1469404800,106.26399993896484,106.7040023803711,105.9469985961914,106.32599639892578,0.0
1469491200,105.58799743652344,105.63400268554688,104.02899932861328,105.5780029296875,0.0
1469577600,104.83300018310547,106.51000213623047,104.83300018310547,104.8489990234375,0.0
1469664000,104.93599700927734,105.14900207519531,104.52100372314453,104.95099639892578,0.0
1469750400,104.77200317382812,104.80599975585938,102.27799987792969,104.74500274658203,0.0
1470009600,102.34700012207031,102.68000030517578,102.13800048828125,102.33200073242188,0.0
1470096000,102.30699920654297,102.79499816894531,100.81400299072266,102.35900115966797,0.0
1470182400,101.0780029296875,101.5459976196289,100.74800109863281,101.06800079345703,0.0
1470268800,101.31900024414062,101.66300201416016,100.86699676513672,101.33699798583984,0.0
1470355200,101.22699737548828,102.03099822998047,100.88800048828125,101.1989974975586,0.0
1470614400,102.03800201416016,102.62699890136719,101.91000366210938,102.1449966430664,0.0
1470700800,102.28299713134766,102.51699829101562,101.80000305175781,102.28800201416016,0.0
1470787200,101.9219970703125,101.9219970703125,100.96900177001953,101.91500091552734,0.0
1470873600,101.13600158691406,101.49500274658203,101.0250015258789,101.13300323486328,0.0
1470960000,101.81199645996094,102.26899719238281,100.86199951171875,101.80799865722656,0.0
1471219200,101.26399993896484,101.447998046875,100.88700103759766,101.28299713134766,0.0
1471305600,101.2509994506836,101.2509994506836,99.572998046875,101.23999786376953,0.0
1471392000,100.21199798583984,101.12300109863281,100.16899871826172,100.19999694824219,0.0
1471478400,99.89299774169922,100.47200012207031,99.6520004272461,99.90599822998047,0.0
1471564800,100.14099884033203,100.42900085449219,100.0459976196289,100.11199951171875,0.0
1471824000,100.54100036621094,100.9260025024414,100.2249984741211,100.55400085449219,0.0
1471910400,100.3010025024414,100.37999725341797,99.95600128173828,100.2509994506836,0.0
1471996800,100.3479995727539,100.5780029296875,100.0979995727539,100.31099700927734,0.0
1472083200,100.54900360107422,100.59500122070312,100.30799865722656,100.552001953125,0.0
1472169600,100.55699920654297,101.28900146484375,100.08799743652344,100.55500030517578,0.0
1472428800,101.96099853515625,102.38200378417969,101.86399841308594,101.91999816894531,0.0
1472515200,101.81199645996094,102.947998046875,101.75599670410156,101.80899810791016,0.0
1472601600,102.87300109863281,103.5199966430664,102.87300109863281,102.86799621582031,0.0
1472688000,103.30699920654297,103.99400329589844,103.08200073242188,103.302001953125,0.0
1472774400,103.2490005493164,104.28500366210938,102.84300231933594,103.25800323486328,0.0
1473033600,103.95800018310547,104.01100158691406,103.15399932861328,103.93399810791016,0.0
1473120000,103.5270004272461,103.80599975585938,102.0479965209961,103.51000213623047,0.0
1473206400,101.54299926757812,101.75599670410156,101.22899627685547,101.5250015258789,0.0
1473292800,101.81700134277344,102.28399658203125,101.447998046875,101.8290023803711,0.0
1473379200,102.30599975585938,103.02100372314453,101.98799896240234,102.30599975585938,0.0
1473638400,102.46700286865234,102.6500015258789,101.77100372314453,102.43800354003906,0.0
1473724800,101.75599670410156,102.41000366210938,101.47200012207031,101.7509994506836,0.0
1473811200,102.53399658203125,103.33599853515625,102.33200073242188,102.50399780273438,0.0
1473897600,102.5260009765625,102.73100280761719,101.95899963378906,102.5479965209961,0.0
1473984000,101.98400115966797,102.3949966430664,101.77400207519531,102.00800323486328,0.0
1474243200,102.33100128173828,102.36299896240234,101.58100128173828,102.30699920654297,0.0
1474329600,101.90499877929688,102.0479965209961,101.572998046875,101.84600067138672,0.0
1474416000,101.59400177001953,102.7770004272461,100.56300354003906,101.5469970703125,0.0
1474502400,100.4020004272461,100.89199829101562,100.10099792480469,100.39299774169922,0.0
1474588800,100.8030014038086,101.2300033569336,100.68900299072266,100.83100128173828,0.0
1474848000,100.91000366210938,101.07599639892578,100.2959976196289,100.88899993896484,0.0
1474934400,100.38400268554688,100.97599792480469,100.14099884033203,100.35900115966797,0.0
1475020800,100.4749984741211,100.81199645996094,100.4229965209961,100.46800231933594,0.0
1475107200,100.94400024414062,101.80999755859375,100.9209976196289,100.93499755859375,0.0
1475193600,101.18699645996094,101.68699645996094,100.75599670410156,101.1989974975586,0.0
1475452800,101.53900146484375,101.6520004272461,101.21499633789062,101.56300354003906,0.0
1475539200,101.83599853515625,102.86299896240234,101.83200073242188,101.81700134277344,0.0
1475625600,102.84200286865234,103.58300018310547,102.68199920654297,102.87999725341797,0.0
1475712000,103.4489974975586,104.14600372314453,103.34700012207031,103.45999908447266,0.0
1475798400,103.75299835205078,103.97799682617188,102.87100219726562,103.76499938964844,0.0
1476057600,103.05799865722656,103.74400329589844,102.81800079345703,103.01799774169922,0.0
1476144000,103.73600006103516,104.06400299072266,103.31600189208984,103.6969985961914,0.0
1476230400,103.30599975585938,104.4729995727539,103.30000305175781,103.34200286865234,0.0
1476316800,104.31700134277344,104.61100006103516,103.35900115966797,104.30400085449219,0.0
1476403200,103.75299835205078,104.45899963378906,103.66500091552734,103.72200012207031,0.0
1476662400,104.08000183105469,104.35199737548828,103.9020004272461,104.03900146484375,0.0
1476748800,103.85900115966797,104.19000244140625,103.68900299072266,103.85099792480469,0.0
1476835200,103.8740005493164,103.93599700927734,103.18299865722656,103.86499786376953,0.0
1476921600,103.43900299072266,104.0739974975586,103.41600036621094,103.39099884033203,0.0
1477008000,104.12999725341797,104.1989974975586,103.52400207519531,104.10900115966797,0.0
1477267200,103.90699768066406,104.29900360107422,103.72000122070312,103.91699981689453,0.0
1477353600,104.29000091552734,104.86499786376953,104.25,104.32099914550781,0.0
1477440000,104.14399719238281,104.46900177001953,104.02400207519531,104.15399932861328,0.0
1477526400,104.5719985961914,105.15499877929688,104.32599639892578,104.56300354003906,0.0
1477612800,105.23500061035156,105.49500274658203,105.06600189208984,105.20899963378906,0.0
1477872000,104.56700134277344,105.21700286865234,104.54100036621094,104.56500244140625,0.0
1477958400,104.8290023803711,105.12000274658203,104.45700073242188,104.81999969482422,0.0
1478044800,104.08300018310547,104.15599822998047,103.10800170898438,104.09200286865234,0.0
1478131200,103.39299774169922,103.43599700927734,102.57599639892578,103.37799835205078,0.0
1478217600,103.04499816894531,103.34300231933594,102.84200286865234,103.052001953125,0.0
1478476800,104.18000030517578,104.625,103.84700012207031,104.19499969482422,0.0
1478563200,104.45500183105469,104.82099914550781,104.302001953125,104.43800354003906,0.0
1478649600,104.99299621582031,105.4209976196289,101.20600128173828,105.02999877929688,0.0
1478736000,105.8499984741211,106.93499755859375,105.02300262451172,105.85299682617188,0.0
1478822400,106.80599975585938,106.91600036621094,106.05400085449219,106.85600280761719,0.0
1479081600,106.86299896240234,108.46700286865234,106.86299896240234,106.87100219726562,0.0
1479168000,108.22200012207031,108.9749984741211,107.79000091552734,108.2020034790039,0.0
1479254400,109.00599670410156,109.74700164794922,108.80899810791016,109.03800201416016,0.0
1479340800,108.78199768066406,109.61299896240234,108.572998046875,108.78500366210938,0.0
1479427200,110.23699951171875,110.87699890136719,109.81500244140625,110.25599670410156,0.0
1479686400,110.92900085449219,111.16400146484375,110.50599670410156,110.9729995727539,0.0
1479772800,110.677001953125,111.35399627685547,110.28500366210938,110.6500015258789,0.0
1479859200,110.9990005493164,112.94300079345703,110.86299896240234,111.00599670410156,0.0
1479945600,112.51200103759766,113.51100158691406,112.427001953125,112.58200073242188,0.0
1480032000,113.27300262451172,113.88999938964844,112.61000061035156,113.29199981689453,0.0
1480291200,112.6500015258789,112.76799774169922,111.3949966430664,112.6520004272461,0.0
1480377600,111.70500183105469,113.30000305175781,111.70500183105469,111.69000244140625,0.0
1480464000,112.50399780273438,113.94200134277344,112.06600189208984,112.47000122070312,0.0
1480550400,114.6709976196289,114.71299743652344,113.84100341796875,114.69400024414062,0.0
1480636800,113.9020004272461,114.15799713134766,113.33399963378906,113.90899658203125,0.0
1480896000,113.5250015258789,114.77100372314453,113.33499908447266,113.50499725341797,0.0
1480982400,113.88200378417969,114.16699981689453,113.51499938964844,113.86299896240234,0.0
1481068800,114.08200073242188,114.38400268554688,113.51899719238281,114.052001953125,0.0
1481155200,113.77200317382812,114.36100006103516,113.2020034790039,113.71299743652344,0.0
1481241600,114.06300354003906,115.26599884033203,114.0199966430664,114.07499694824219,0.0
1481500800,115.44000244140625,116.0790023803711,115.15699768066406,115.41200256347656,0.0
1481587200,114.99299621582031,115.46800231933594,114.7770004272461,115.00199890136719,0.0
1481673600,115.19499969482422,115.30400085449219,114.78099822998047,115.2239990234375,0.0
1481760000,117.23200225830078,118.64700317382812,117.1989974975586,117.21099853515625,0.0
1481846400,118.26799774169922,118.39800262451172,117.92649841308594,118.24099731445312,0.0
1482105600,117.81700134277344,117.83300018310547,116.84700012207031,117.79100036621094,0.0
1482192000,117.04399871826172,118.23100280761719,117.0,117.03700256347656,0.0
1482278400,117.80599975585938,118.0479965209961,117.11299896240234,117.875,0.0
1482364800,117.61799621582031,117.85099792480469,117.31700134277344,117.60399627685547,0.0
1482451200,117.55999755859375,117.55999755859375,117.1760025024414,117.54199981689453,0.0
1482710400,117.31300354003906,117.31300354003906,117.0009994506836,117.30999755859375,0.0
1482796800,117.18299865722656,117.60099792480469,117.18299865722656,117.19200134277344,0.0
1482883200,117.48699951171875,117.80500030517578,117.37799835205078,117.4800033569336,0.0
1482969600,117.0469970703125,117.0469970703125,116.23200225830078,117.08699798583984,0.0
1483056000,116.31500244140625,117.19000244140625,116.12200164794922,116.26699829101562,0.0
1483315200,116.80999755859375,117.48500061035156,116.7249984741211,116.79499816894531,0.0
1483401600,117.48799896240234,118.59300231933594,117.28600311279297,117.49500274658203,0.0
1483488000,117.6780014038086,118.1760025024414,117.06800079345703,117.65899658203125,0.0
1483574400,117.05599975585938,117.08499908447266,115.29299926757812,117.11299896240234,0.0
1483660800,115.31800079345703,116.74400329589844,115.26300048828125,115.26499938964844,0.0
1483920000,117.15899658203125,117.52400207519531,116.18299865722656,117.1500015258789,0.0
1484006400,115.99600219726562,116.33300018310547,115.2030029296875,115.98500061035156,0.0
1484092800,115.875,116.83499908447266,115.68099975585938,115.87200164794922,0.0
1484179200,115.05500030517578,115.21900177001953,113.76000213623047,115.0979995727539,0.0
1484265600,114.69599914550781,115.38800048828125,114.28399658203125,114.66400146484375,0.0
1484524800,114.26200103759766,114.4489974975586,113.69599914550781,114.22699737548828,0.0
1484611200,114.1259994506836,114.2760009765625,112.73999786376953,114.1520004272461,0.0
1484697600,112.90799713134766,113.55500030517578,112.6449966430664,112.87799835205078,0.0
1484784000,114.73799896240234,115.52100372314453,114.4229965209961,114.76200103759766,0.0
1484870400,114.89399719238281,115.37000274658203,114.5459976196289,114.9800033569336,0.0
1485129600,113.85299682617188,114.03600311279297,112.9749984741211,113.80999755859375,0.0
1485216000,112.83799743652344,113.46800231933594,112.58000183105469,112.77999877929688,0.0
1485302400,113.90299987792969,113.96199798583984,113.08300018310547,113.83999633789062,0.0
1485388800,113.19200134277344,114.76799774169922,113.06700134277344,113.29299926757812,0.0
1485475200,114.42500305175781,115.33599853515625,114.4010009765625,114.45500183105469,0.0
1485734400,114.68299865722656,114.91500091552734,113.76399993896484,114.66799926757812,0.0
1485820800,113.69400024414062,113.93199920654297,112.08300018310547,113.6500015258789,0.0
1485907200,112.76799774169922,113.91500091552734,112.76799774169922,112.74299621582031,0.0
1485993600,113.24299621582031,113.24299621582031,112.0770034790039,113.31099700927734,0.0
1486080000,112.77899932861328,113.23200225830078,112.32350158691406,112.78900146484375,0.0
1486339200,112.64700317382812,112.77100372314453,112.02799987792969,112.63899993896484,0.0
1486425600,111.7979965209961,112.55899810791016,111.5989990234375,111.8270034790039,0.0
1486512000,112.4020004272461,112.5199966430664,111.64900207519531,112.38700103759766,0.0
1486598400,111.95500183105469,113.17900085449219,111.90299987792969,111.9520034790039,0.0
1486684800,113.43699645996094,113.83999633789062,113.3740005493164,113.43399810791016,0.0
1486944000,113.97000122070312,114.13500213623047,113.4520034790039,113.91400146484375,0.0
1487030400,113.6729965209961,114.43299865722656,113.27100372314453,113.70500183105469,0.0
1487116800,114.28600311279297,114.94100189208984,114.24099731445312,114.3010025024414,0.0
1487203200,114.13600158691406,114.13600158691406,113.22799682617188,114.11199951171875,0.0
1487289600,113.35199737548828,113.48300170898438,112.62899780273438,113.30500030517578,0.0
1487548800,112.9000015258789,113.23200225830078,112.83699798583984,112.91100311279297,0.0
1487635200,113.24299621582031,113.75399780273438,113.24299621582031,113.27999877929688,0.0
1487721600,113.65399932861328,113.65399932861328,112.91300201416016,113.66899871826172,0.0
1487808000,113.375,113.39700317382812,112.5770034790039,113.41699981689453,0.0
1487894400,112.6760025024414,112.94999694824219,112.06400299072266,112.68199920654297,0.0
1488153600,112.17400360107422,112.46800231933594,111.93499755859375,112.18800354003906,0.0
1488240000,112.73400115966797,112.7969970703125,111.78350067138672,112.74500274658203,0.0
1488326400,113.03399658203125,114.03800201416016,112.81400299072266,113.0770034790039,0.0
1488412800,114.09700012207031,114.53600311279297,113.84700012207031,114.12100219726562,0.0
1488499200,114.322998046875,114.52400207519531,114.07499694824219,114.34200286865234,0.0
1488758400,113.8239974975586,113.91300201416016,113.56050109863281,113.84700012207031,0.0
1488844800,113.91600036621094,114.14099884033203,113.73899841308594,113.91699981689453,0.0
1488931200,113.92400360107422,114.71600341796875,113.61799621582031,113.9260025024414,0.0
1489017600,114.40599822998047,114.947998046875,114.36699676513672,114.41100311279297,0.0
1489104000,115.13899993896484,115.48799896240234,114.81500244140625,115.14900207519531,0.0
1489363200,114.7750015258789,114.91200256347656,114.48300170898438,114.73200225830078,0.0
1489449600,114.91300201416016,115.1760025024414,114.56099700927734,114.91500091552734,0.0
1489536000,114.65299987792969,114.88099670410156,114.5634994506836,114.65899658203125,0.0
1489622400,113.4000015258789,113.52799987792969,112.91999816894531,113.4020004272461,0.0
1489708800,113.3479995727539,113.48999786376953,112.55149841308594,113.33999633789062,0.0
1489968000,112.66500091552734,112.88400268554688,112.46700286865234,112.67400360107422,0.0
1490054400,112.5739974975586,112.85800170898438,111.83399963378906,112.572998046875,0.0
1490140800,111.56300354003906,111.75399780273438,110.76499938964844,111.53199768066406,0.0
1490227200,111.33399963378906,111.55799865722656,110.63200378417969,111.36900329589844,0.0
1490313600,110.99199676513672,111.47599792480469,110.87999725341797,111.00399780273438,0.0
1490572800,110.54299926757812,110.58000183105469,110.12100219726562,110.552001953125,0.0
1490659200,110.74700164794922,110.81300354003906,110.20700073242188,110.77100372314453,0.0
1490745600,111.18800354003906,111.2959976196289,110.75499725341797,111.22599792480469,0.0
1490832000,111.11900329589844,111.48100280761719,110.96499633789062,111.15399932861328,0.0
1490918400,111.74099731445312,112.18099975585938,111.39299774169922,111.7760009765625,0.0
1491177600,111.31300354003906,111.5739974975586,110.9229965209961,111.26499938964844,0.0
1491264000,110.70099639892578,110.8010025024414,110.27400207519531,110.70899963378906,0.0
1491350400,110.8270034790039,111.41600036621094,110.54499816894531,110.85399627685547,0.0
1491436800,110.3949966430664,111.10800170898438,110.2959976196289,110.38099670410156,0.0
1491523200,110.89299774169922,110.98999786376953,110.1520004272461,110.89700317382812,0.0
1491782400,111.2249984741211,111.5719985961914,110.93900299072266,111.2249984741211,0.0
1491868800,110.68800354003906,110.83300018310547,109.63600158691406,110.71700286865234,0.0
1491955200,109.58499908447266,109.75499725341797,109.36599731445312,109.58699798583984,0.0
1492041600,108.87300109863281,109.37100219726562,108.74099731445312,108.9020004272461,0.0
1492128000,109.11399841308594,109.21900177001953,108.56300354003906,109.10099792480469,0.0
1492387200,108.2959976196289,108.6259994506836,108.14199829101562,108.322998046875,0.0
1492473600,109.1510009765625,109.21199798583984,108.41400146484375,109.11199951171875,0.0
1492560000,108.5469970703125,109.16699981689453,108.42500305175781,108.53500366210938,0.0
1492646400,108.84100341796875,109.41100311279297,108.72000122070312,108.83399963378906,0.0
1492732800,109.36799621582031,109.38300323486328,108.94300079345703,109.375,0.0
1492992000,109.99299621582031,110.32599639892578,109.72100067138672,109.97799682617188,0.0
1493078400,109.6259994506836,110.99299621582031,109.6259994506836,109.64099884033203,0.0
1493164800,111.06199645996094,111.7239990234375,111.04199981689453,111.0459976196289,0.0
1493251200,111.17500305175781,111.59100341796875,111.05249786376953,111.19100189208984,0.0
1493337600,111.21499633789062,111.68699645996094,111.08000183105469,111.22599792480469,0.0
1493596800,111.3030014038086,111.9000015258789,111.3030014038086,111.302001953125,0.0
1493683200,111.81999969482422,112.29399871826172,111.81999969482422,111.81199645996094,0.0
1493769600,111.9739990234375,112.48999786376953,111.97200012207031,111.96900177001953,0.0
1493856000,112.79900360107422,113.03800201416016,112.66400146484375,112.78299713134766,0.0
1493942400,112.53099822998047,112.73799896240234,112.09500122070312,112.53700256347656,0.0
1494201600,112.69200134277344,112.87300109863281,112.40299987792969,112.68399810791016,0.0
1494288000,113.20999908447266,114.20500183105469,113.14099884033203,113.2300033569336,0.0
1494374400,113.68900299072266,114.14900207519531,113.64700317382812,113.697998046875,0.0
1494460800,114.3030014038086,114.33599853515625,113.4800033569336,114.3280029296875,0.0
1494547200,113.81400299072266,113.94599914550781,113.21299743652344,113.80899810791016,0.0
1494806400,113.26499938964844,113.72200012207031,113.25599670410156,113.27100372314453,0.0
1494892800,113.64800262451172,113.75700378417969,112.98100280761719,113.64199829101562,0.0
1494979200,112.71800231933594,112.72000122070312,111.23899841308594,112.64600372314453,0.0
1495065600,111.11499786376953,111.41600036621094,110.22650146484375,111.1259994506836,0.0
1495152000,111.4219970703125,111.68299865722656,111.06900024414062,111.4010009765625,0.0
1495411200,111.26799774169922,111.58999633789062,110.96099853515625,111.28399658203125,0.0
1495497600,110.9489974975586,111.69300079345703,110.91000366210938,110.89099884033203,0.0
1495584000,111.93599700927734,112.11100006103516,111.70700073242188,111.95700073242188,0.0
1495670400,111.5199966430664,111.93499755859375,111.5199966430664,111.52400207519531,0.0
1495756800,111.71600341796875,111.79399871826172,110.88700103759766,111.7300033569336,0.0
1496016000,111.26699829101562,111.45700073242188,111.20999908447266,111.25599670410156,0.0
1496102400,111.18900299072266,111.21299743652344,110.66500091552734,111.17400360107422,0.0
1496188800,110.875,111.19100189208984,110.49600219726562,110.83899688720703,0.0
1496275200,110.76899719238281,111.44599914550781,110.76899719238281,110.7959976196289,0.0
1496361600,111.45999908447266,111.6989974975586,110.34200286865234,111.43699645996094,0.0
1496620800,110.48400115966797,110.72000122070312,110.34500122070312,110.46299743652344,0.0
1496707200,110.37999725341797,110.43699645996094,109.24199676513672,110.38099670410156,0.0
1496793600,109.49500274658203,109.62799835205078,109.12799835205078,109.50900268554688,0.0
1496880000,109.91799926757812,110.36900329589844,109.41000366210938,109.9000015258789,0.0
1496966400,109.91200256347656,110.78700256347656,109.91200256347656,109.85900115966797,0.0
1497225600,110.30799865722656,110.31600189208984,109.6760025024414,110.28800201416016,0.0
1497312000,109.91600036621094,110.26599884033203,109.91600036621094,109.9209976196289,0.0
1497398400,110.04499816894531,110.33699798583984,108.94400024414062,110.05500030517578,0.0
1497484800,109.39900207519531,110.75800323486328,109.39900207519531,109.44599914550781,0.0
1497571200,111.0469970703125,111.40399932861328,110.66100311279297,110.9520034790039,0.0
1497830400,110.97799682617188,111.37699890136719,110.90899658203125,110.9540023803711,0.0
1497916800,111.73899841308594,111.76699829101562,111.3270034790039,111.6729965209961,0.0
1498003200,111.34300231933594,111.71299743652344,111.06549835205078,111.33399963378906,0.0
1498089600,111.33399963378906,111.43299865722656,110.95600128173828,111.30999755859375,0.0
1498176000,111.30999755859375,111.41600036621094,111.15799713134766,111.29000091552734,0.0
1498435200,111.25499725341797,111.71099853515625,111.22200012207031,111.23899841308594,0.0
1498521600,111.90299987792969,112.43800354003906,111.46800231933594,111.85800170898438,0.0
1498608000,112.17400360107422,112.39900207519531,111.86299896240234,112.18800354003906,0.0
1498694400,112.36699676513672,112.91999816894531,112.15399932861328,112.35399627685547,0.0
1498780800,111.97200012207031,112.38899993896484,111.7490005493164,112.00900268554688,0.0
1499040000,112.24299621582031,113.41699981689453,112.2040023803711,112.26200103759766,0.0
1499126400,113.36900329589844,113.37000274658203,112.77899932861328,113.38600158691406,0.0
1499212800,112.96499633789062,113.66999816894531,112.83300018310547,112.96199798583984,0.0
1499299200,113.2239990234375,113.45099639892578,112.89600372314453,113.18699645996094,0.0
1499385600,113.16500091552734,114.16799926757812,113.16500091552734,113.14900207519531,0.0
1499644800,113.94300079345703,114.29299926757812,113.9260025024414,113.98500061035156,0.0
1499817600,113.76799774169922,113.79199981689453,112.93949890136719,113.74800109863281,0.0
1499904000,113.30400085449219,113.51399993896484,112.8740005493164,113.33499908447266,0.0
1499990400,113.4000015258789,113.56600189208984,112.2699966430664,113.41799926757812,0.0
1500249600,112.4219970703125,112.8479995727539,112.34200286865234,112.39700317382812,0.0
1500336000,112.5999984741211,112.61699676513672,111.70099639892578,112.58100128173828,0.0
1500422400,111.9739990234375,112.21700286865234,111.55999755859375,111.99500274658203,0.0
1500508800,111.8550033569336,112.40699768066406,111.49099731445312,111.87699890136719,0.0
1500595200,111.89199829101562,112.06300354003906,111.09500122070312,111.88500213623047,0.0
1500854400,110.94400024414062,111.15599822998047,110.62799835205078,110.94499969482422,0.0
1500940800,111.2239990234375,111.66200256347656,110.83100128173828,111.23200225830078,0.0
1501027200,112.01699829101562,112.14299774169922,111.7239990234375,112.00299835205078,0.0
1501113600,111.13200378417969,111.65799713134766,110.79000091552734,111.12799835205078,0.0
1501200000,111.06700134277344,111.27899932861328,110.6614990234375,111.09700012207031,0.0
1501459200,110.52200317382812,110.75299835205078,110.35299682617188,110.51000213623047,0.0
1501545600,110.35199737548828,110.55500030517578,109.95899963378906,110.35900115966797,0.0
1501632000,110.45800018310547,110.95999908447266,110.28800201416016,110.43199920654297,0.0
1501718400,110.76399993896484,110.80799865722656,109.97899627685547,110.75700378417969,0.0
1501804800,109.87000274658203,111.0199966430664,109.86399841308594,109.9000015258789,0.0
1502064000,110.81099700927734,110.90299987792969,110.64700317382812,110.78600311279297,0.0
1502150400,110.75399780273438,110.82099914550781,110.2509994506836,110.75,0.0
1502236800,110.09500122070312,110.14099884033203,109.56900024414062,110.10199737548828,0.0
1502323200,110.04399871826172,110.16300201416016,109.26499938964844,110.04900360107422,0.0
1502409600,109.08999633789062,109.37899780273438,108.7969970703125,109.10600280761719,0.0
1502668800,109.25,109.78500366210938,109.20800018310547,109.2300033569336,0.0
1502755200,109.94499969482422,110.83999633789062,109.93900299072266,109.93199920654297,0.0
1502841600,110.572998046875,110.94100189208984,110.572998046875,110.59600067138672,0.0
1502928000,109.98300170898438,110.31199645996094,109.63400268554688,109.9990005493164,0.0
1503014400,109.34100341796875,109.51799774169922,108.6050033569336,109.3280029296875,0.0
1503273600,109.3239974975586,109.36399841308594,108.63300323486328,109.31999969482422,0.0
1503360000,109.0739974975586,109.52999877929688,109.052001953125,108.94400024414062,0.0
1503446400,109.75599670410156,109.80599975585938,108.9990005493164,109.73100280761719,0.0
1503532800,108.9209976196289,109.4530029296875,108.9209976196289,108.91000366210938,0.0
1503619200,109.5,109.7969970703125,109.12300109863281,109.51399993896484,0.0
1503878400,109.36699676513672,109.39199829101562,109.0469970703125,109.34600067138672,0.0
1503964800,108.73100280761719,109.05999755859375,108.3280029296875,108.73699951171875,0.0
1504051200,109.76799774169922,110.41200256347656,109.66899871826172,109.79000091552734,0.0
1504137600,110.46800231933594,110.6449966430664,109.9520034790039,110.45999908447266,0.0
1504224000,110.11699676513672,110.36900329589844,109.58000183105469,110.12899780273438,0.0
1504483200,109.7770004272461,109.90799713134766,109.39700317382812,109.79499816894531,0.0
1504569600,109.77999877929688,109.77999877929688,108.83000183105469,109.80999755859375,0.0
1504656000,108.59700012207031,109.09600067138672,108.48300170898438,108.60199737548828,0.0
1504742400,109.16200256347656,109.197998046875,108.0719985961914,109.13400268554688,0.0
1504828800,108.2969970703125,108.46700286865234,107.3219985961914,108.2699966430664,0.0
1505088000,108.28500366210938,109.09100341796875,108.23300170898438,108.23100280761719,0.0
1505174400,109.41300201416016,110.05899810791016,109.29399871826172,109.3949966430664,0.0
1505260800,110.20600128173828,110.677001953125,109.91899871826172,110.22599792480469,0.0
1505347200,110.50800323486328,110.99199676513672,110.36000061035156,110.51499938964844,0.0
1505433600,109.91899871826172,111.32099914550781,109.91899871826172,109.91899871826172,0.0
1505692800,111.15299987792969,111.58100128173828,111.1240005493164,111.1969985961914,0.0
1505779200,111.48699951171875,111.86199951171875,111.27200317382812,111.49600219726562,0.0
1505865600,111.57499694824219,111.63899993896484,111.22949981689453,111.5780029296875,0.0
1505952000,112.572998046875,112.70700073242188,112.14199829101562,112.5459976196289,0.0
1506038400,112.4469985961914,112.53399658203125,111.67500305175781,112.4520034790039,0.0
1506297600,112.44599914550781,112.4990005493164,111.56800079345703,112.44400024414062,0.0
1506384000,111.7509994506836,112.28500366210938,111.4990005493164,111.76100158691406,0.0
1506470400,112.43399810791016,113.23699951171875,112.28600311279297,112.37699890136719,0.0
1506556800,112.85399627685547,113.19000244140625,112.48100280761719,112.86000061035156,0.0
1506643200,112.50900268554688,112.71499633789062,112.23500061035156,112.46700286865234,0.0
1506902400,112.68299865722656,113.0479965209961,112.5364990234375,112.63800048828125,0.0
1506988800,112.7760009765625,113.18699645996094,112.68699645996094,112.7699966430664,0.0
1507075200,112.84600067138672,112.87899780273438,112.32599639892578,112.8479995727539,0.0
1507161600,112.82599639892578,112.90399932861328,112.4219970703125,112.822998046875,0.0
1507248000,112.7699966430664,113.43099975585938,112.6510009765625,112.77400207519531,0.0
1507507200,112.54100036621094,112.74299621582031,112.53399658203125,112.5510025024414,0.0
1507593600,112.68399810791016,112.82099914550781,112.00399780273438,112.65799713134766,0.0
1507680000,112.34700012207031,112.56300354003906,112.09300231933594,112.34500122070312,0.0
1507766400,112.40299987792969,112.45800018310547,112.20999908447266,112.43399810791016,0.0
1507852800,112.24400329589844,112.2490005493164,111.6989974975586,112.23899841308594,0.0
1508112000,111.87699890136719,112.07599639892578,111.6510009765625,111.88200378417969,0.0
1508198400,112.18599700927734,112.46700286865234,112.03700256347656,112.19499969482422,0.0
1508284800,112.2030029296875,113.03800201416016,112.14099884033203,112.21299743652344,0.0
1508371200,113.0009994506836,113.14099884033203,112.3290023803711,113.01300048828125,0.0
1508457600,112.6449966430664,113.55899810791016,112.60600280761719,112.68000030517578,0.0
1508716800,114.052001953125,114.05899810791016,113.62300109863281,114.0479965209961,0.0
1508803200,113.31999969482422,113.98799896240234,113.26200103759766,113.33999633789062,0.0
1508889600,113.93599700927734,114.23999786376953,113.57599639892578,113.94599914550781,0.0
1508976000,113.53900146484375,114.03099822998047,113.34200286865234,113.55799865722656,0.0
1509062400,114.125,114.43599700927734,113.71800231933594,114.1240005493164,0.0
1509321600,113.677001953125,113.8239974975586,113.16500091552734,113.73899841308594,0.0
1509408000,113.03800201416016,113.6449966430664,112.9739990234375,112.99600219726562,0.0
1509494400,113.64399719238281,114.26799774169922,113.63400268554688,113.6500015258789,0.0
1509580800,114.1709976196289,114.20800018310547,113.54900360107422,114.1520004272461,0.0
1509667200,114.01399993896484,114.40699768066406,113.68299865722656,114.01599884033203,0.0
1509926400,114.19000244140625,114.7249984741211,113.78900146484375,114.1780014038086,0.0
1510012800,113.77100372314453,114.33200073242188,113.7229995727539,113.77100372314453,0.0
1510099200,113.73200225830078,113.91300201416016,113.40299987792969,113.76100158691406,0.0
1510185600,113.927001953125,114.06300354003906,113.2405014038086,113.927001953125,0.0
1510272000,113.36900329589844,113.6240005493164,113.23600006103516,113.375,0.0
1510531200,113.69000244140625,113.70500183105469,113.24600219726562,113.68599700927734,0.0
1510617600,113.5999984741211,113.90699768066406,113.30999755859375,113.58499908447266,0.0
1510704000,113.40599822998047,113.48799896240234,112.51399993896484,113.4020004272461,0.0
1510876800,113.04499816894531,113.04499816894531,111.9729995727539,113.02799987792969,0.0
1511136000,112.01899719238281,112.52899932861328,111.96099853515625,112.03800201416016,0.0
1511222400,112.5479965209961,112.69999694824219,112.18399810791016,112.5510025024414,0.0
1511308800,112.33000183105469,112.34300231933594,111.51000213623047,112.34100341796875,0.0
1511395200,111.28500366210938,111.37699890136719,111.07099914550781,111.31300354003906,0.0
1511481600,111.25900268554688,111.5719985961914,111.25900268554688,111.25399780273438,0.0
1511740800,111.64900207519531,111.64900207519531,110.84700012207031,111.6709976196289,0.0
1511827200,111.15599822998047,111.45700073242188,110.93299865722656,111.16999816894531,0.0
1511913600,111.61100006103516,112.13099670410156,111.38500213623047,111.64800262451172,0.0
1512000000,112.02799987792969,112.47599792480469,111.74299621582031,112.00199890136719,0.0
1512086400,112.55500030517578,112.85199737548828,111.45500183105469,112.55599975585938,0.0
1512345600,112.83899688720703,113.07599639892578,112.66400146484375,112.86399841308594,0.0
1512432000,112.50800323486328,112.85800170898438,112.37699890136719,112.4990005493164,0.0
1512518400,112.46900177001953,112.51899719238281,112.00700378417969,112.46399688720703,0.0
1512604800,112.3219985961914,112.79399871826172,112.3219985961914,112.29100036621094,0.0
1512691200,113.1969985961914,113.58499908447266,113.12300109863281,113.1729965209961,0.0
1512950400,113.5270004272461,113.68099975585938,113.24099731445312,113.54299926757812,0.0
1513036800,113.55000305175781,113.73899841308594,113.3740005493164,113.54000091552734,0.0
1513123200,113.51300048828125,113.5270004272461,112.96600341796875,113.54499816894531,0.0
1513209600,112.74600219726562,112.87300109863281,112.4729995727539,112.78199768066406,0.0
1513296000,112.38800048828125,112.72699737548828,112.04299926757812,112.39600372314453,0.0
1513555200,112.7300033569336,112.82099914550781,112.3290023803711,112.71600341796875,0.0
1513641600,112.58999633789062,113.0260009765625,112.51100158691406,112.56800079345703,0.0
1513728000,113.00299835205078,113.3479995727539,112.86199951171875,112.98300170898438,0.0
1513814400,113.23899841308594,113.61499786376953,113.23799896240234,113.24099731445312,0.0
1513900800,113.29299926757812,113.44000244140625,113.27999877929688,113.322998046875,0.0
1514160000,113.29499816894531,113.34500122070312,113.21099853515625,113.30799865722656,0.0
1514246400,113.30899810791016,113.34400177001953,113.18900299072266,113.3030014038086,0.0
1514332800,113.20099639892578,113.35099792480469,113.15499877929688,113.2030029296875,0.0
1514419200,113.22200012207031,113.26399993896484,112.66699981689453,113.21700286865234,0.0
1514505600,112.8759994506836,112.96600341796875,112.46800231933594,112.875,0.0
1514764800,112.68000030517578,112.69000244140625,112.66999816894531,112.66600036621094,0.0
1514851200,112.7699966430664,112.78800201416016,112.07499694824219,112.7699966430664,0.0
1514937600,112.26399993896484,112.48500061035156,112.19300079345703,112.24400329589844,0.0
1515024000,112.60600280761719,112.85399627685547,112.50700378417969,112.60700225830078,0.0
1515110400,112.79000091552734,113.28900146484375,112.73100280761719,112.78299713134766,0.0
1515369600,113.1510009765625,113.37000274658203,112.89299774169922,113.15399932861328,0.0
1515456000,113.17400360107422,113.17400360107422,112.37000274658203,113.14099884033203,0.0
1515542400,112.7699966430664,112.7699966430664,111.28099822998047,112.75499725341797,0.0
1515628800,111.4260025024414,111.87100219726562,111.33399963378906,111.44400024414062,0.0
1515715200,111.28900146484375,111.66999816894531,111.00299835205078,111.29399871826172,0.0
1515974400,111.16999816894531,111.16999816894531,110.49299621582031,111.0999984741211,0.0
1516060800,110.62799835205078,110.9729995727539,110.60199737548828,110.58100128173828,0.0
1516147200,110.34700012207031,110.90899658203125,110.20800018310547,110.38800048828125,0.0
1516233600,111.34100341796875,111.4739990234375,110.73600006103516,111.3759994506836,0.0
1516320000,111.00499725341797,111.10600280761719,110.50499725341797,111.0260009765625,0.0
1516579200,110.6969985961914,111.14800262451172,110.61399841308594,110.68399810791016,0.0
1516665600,110.9739990234375,111.16000366210938,110.25599670410156,110.96600341796875,0.0
1516752000,110.12300109863281,110.29199981689453,109.00900268554688,110.10700225830078,0.0
1516838400,109.30599975585938,109.46199798583984,108.58999633789062,109.32599639892578,0.0
1516924800,109.66200256347656,109.75499725341797,108.33599853515625,109.7040023803711,0.0
1517184000,108.64800262451172,109.18900299072266,108.51100158691406,108.63899993896484,0.0
1517270400,108.95800018310547,109.19499969482422,108.42500305175781,108.9260025024414,0.0
1517356800,108.75599670410156,109.4209976196289,108.5999984741211,108.73200225830078,0.0
1517443200,109.17900085449219,109.74400329589844,109.11399841308594,109.20099639892578,0.0
1517529600,109.38700103759766,110.46700286865234,109.30400085449219,109.40599822998047,0.0
1517788800,110.02200317382812,110.25399780273438,109.66899871826172,110.03500366210938,0.0
1517875200,109.01300048828125,109.6259994506836,108.47100067138672,109.09500122070312,0.0
1517961600,109.61900329589844,109.6510009765625,108.9260025024414,109.62699890136719,0.0
1518048000,109.13099670410156,109.7760009765625,108.89700317382812,109.19599914550781,0.0
1518134400,108.5770034790039,109.28600311279297,108.44400024414062,108.52899932861328,0.0
1518393600,108.78600311279297,108.78600311279297,108.45500183105469,108.80000305175781,0.0
1518480000,108.67400360107422,108.75299835205078,107.43399810791016,108.69000244140625,0.0
1518566400,107.75900268554688,107.88600158691406,106.7239990234375,107.76399993896484,0.0
1518652800,106.59200286865234,106.8740005493164,106.19400024414062,106.58699798583984,0.0
1518739200,106.05999755859375,106.37000274658203,105.55799865722656,106.11100006103516,0.0
1518998400,106.2699966430664,106.71299743652344,106.0979995727539,106.26100158691406,0.0
1519084800,106.7239990234375,107.34600067138672,106.6449966430664,106.70899963378906,0.0
1519171200,107.37300109863281,107.88899993896484,107.3030014038086,107.38099670410156,0.0
1519257600,107.62999725341797,107.75700378417969,106.64900207519531,107.55500030517578,0.0
1519344000,106.84500122070312,107.11399841308594,106.52300262451172,106.81400299072266,0.0
1519603200,107.052001953125,107.06300354003906,106.38300323486328,107.0739974975586,0.0
1519689600,107.08599853515625,107.63999938964844,106.79499816894531,107.06900024414062,0.0
1519776000,107.46399688720703,107.52200317382812,106.58300018310547,107.4260025024414,0.0
1519862400,106.64299774169922,107.19300079345703,106.56700134277344,106.63999938964844,0.0
1519948800,106.17500305175781,106.28299713134766,105.26349639892578,106.16300201416016,0.0
1520208000,105.55999755859375,105.98300170898438,105.3489990234375,105.55599975585938,0.0
1520294400,106.2760009765625,106.4530029296875,105.85299682617188,106.25,0.0
1520380800,105.61399841308594,106.18000030517578,105.51100158691406,105.53700256347656,0.0
1520467200,106.16899871826172,106.25399780273438,105.89800262451172,106.18599700927734,0.0
1520553600,106.40299987792969,107.02899932861328,106.35900115966797,106.40599822998047,0.0
1520812800,106.88600158691406,106.96600341796875,106.3740005493164,106.89099884033203,0.0
1520899200,106.31800079345703,107.2750015258789,106.26300048828125,106.26000213623047,0.0
1520985600,106.54900360107422,106.73400115966797,106.08399963378906,106.50800323486328,0.0
1521072000,106.15399932861328,106.1719970703125,105.79000091552734,106.15499877929688,0.0
1521158400,106.3280029296875,106.3280029296875,105.60700225830078,106.30899810791016,0.0
1521417600,105.96800231933594,106.2979965209961,105.68099975585938,105.96900177001953,0.0
1521504000,106.03800201416016,106.58300018310547,105.98400115966797,105.99600219726562,0.0
1521590400,106.4800033569336,106.51200103759766,106.13899993896484,106.46900177001953,0.0
1521676800,105.91699981689453,105.96099853515625,105.28299713134766,105.92900085449219,0.0
1521763200,104.97899627685547,105.27899932861328,104.66699981689453,104.96800231933594,0.0
1522022400,104.83999633789062,105.24400329589844,104.73600006103516,104.85900115966797,0.0
1522108800,105.5459976196289,105.88800048828125,105.45899963378906,105.5,0.0
1522195200,105.52200317382812,106.3239974975586,105.43099975585938,105.49299621582031,0.0
1522281600,106.79900360107422,106.9260025024414,106.2594985961914,106.81199645996094,0.0
1522368000,106.4739990234375,106.50399780273438,106.11599731445312,106.47899627685547,0.0
1522627200,106.31800079345703,106.44599914550781,105.96199798583984,106.31199645996094,0.0
1522713600,105.80500030517578,106.58999633789062,105.69499969482422,105.79900360107422,0.0
1522800000,106.42900085449219,106.68000030517578,105.99500274658203,106.43599700927734,0.0
1522886400,106.78399658203125,107.48100280761719,106.71600341796875,106.77400207519531,0.0
1522972800,107.08100128173828,107.4540023803711,106.96900177001953,107.052001953125,0.0
1523232000,106.94999694824219,107.1989974975586,106.85299682617188,106.96800231933594,0.0
1523318400,106.72000122070312,107.39299774169922,106.62899780273438,106.7490005493164,0.0
1523404800,107.11100006103516,107.14900207519531,106.65399932861328,107.11299896240234,0.0
1523491200,106.81400299072266,107.41200256347656,106.7030029296875,106.8290023803711,0.0
1523577600,107.27999877929688,107.77400207519531,107.25900268554688,107.22200012207031,0.0
1523836800,107.48799896240234,107.50499725341797,107.13600158691406,107.49800109863281,0.0
1523923200,107.00800323486328,107.19599914550781,106.88400268554688,107.0459976196289,0.0
1524009600,107.02799987792969,107.37799835205078,107.00700378417969,107.01599884033203,0.0
1524096000,107.36199951171875,107.51100158691406,107.2699966430664,107.34600067138672,0.0
1524182400,107.44000244140625,107.8479995727539,107.40499877929688,107.43199920654297,0.0
1524441600,107.84300231933594,108.62999725341797,107.73300170898438,107.86900329589844,0.0
1524528000,108.74800109863281,109.18800354003906,108.7020034790039,108.76100158691406,0.0
1524614400,108.802001953125,109.3740005493164,108.78900146484375,108.8030014038086,0.0
1524700800,109.36699676513672,109.447998046875,109.072998046875,109.36399841308594,0.0
1524787200,109.31500244140625,109.53299713134766,108.9800033569336,109.30000305175781,0.0
1525046400,109.09500122070312,109.43949890136719,109.0199966430664,109.0979995727539,0.0
1525132800,109.30599975585938,109.78700256347656,109.25800323486328,109.322998046875,0.0
1525219200,109.84600067138672,109.99800109863281,109.6520004272461,109.87200164794922,0.0
1525305600,109.8219985961914,109.84400177001953,108.93000030517578,109.8270034790039,0.0
1525392000,109.11900329589844,109.26100158691406,108.64900207519531,109.09600067138672,0.0
1525651200,109.13899993896484,109.38200378417969,108.75700378417969,109.14600372314453,0.0
1525737600,108.94000244140625,109.33100128173828,108.85800170898438,108.94300079345703,0.0
1525824000,109.03900146484375,109.82099914550781,109.0009994506836,109.02400207519531,0.0
1525910400,109.82599639892578,109.98699951171875,109.33200073242188,109.84700012207031,0.0
1525996800,109.46399688720703,109.56199645996094,109.16100311279297,109.43599700927734,0.0
1526256000,109.32599639892578,109.63500213623047,109.20999908447266,109.33799743652344,0.0
1526342400,109.72899627685547,110.36199951171875,109.6729965209961,109.73100280761719,0.0
1526428800,110.28299713134766,110.37899780273438,110.04299926757812,110.2969970703125,0.0
1526515200,110.37999725341797,110.85800170898438,110.09500122070312,110.35900115966797,0.0
1526601600,110.84400177001953,111.0719985961914,110.65599822998047,110.8280029296875,0.0
1526860800,110.91799926757812,111.38500213623047,110.90599822998047,110.87999725341797,0.0
1526947200,111.00700378417969,111.1709976196289,110.8010025024414,110.97799682617188,0.0
1527033600,110.7300033569336,110.8740005493164,109.55899810791016,110.72599792480469,0.0
1527120000,109.90899658203125,109.91300201416016,108.97599792480469,109.86900329589844,0.0
1527206400,109.33000183105469,109.72100067138672,109.11900329589844,109.31199645996094,0.0
1527465600,109.63700103759766,109.73100280761719,109.2509994506836,109.62300109863281,0.0
1527552000,109.38700103759766,109.38700103759766,108.47599792480469,109.38899993896484,0.0
1527638400,108.4489974975586,109.05999755859375,108.39900207519531,108.39399719238281,0.0
1527724800,108.7239990234375,108.98400115966797,108.4000015258789,108.71199798583984,0.0
1527811200,108.76499938964844,109.72000122070312,108.76200103759766,108.7490005493164,0.0
1528070400,109.5979995727539,109.7490005493164,109.37300109863281,109.5979995727539,0.0
1528156800,109.9729995727539,109.98600006103516,109.59300231933594,109.96299743652344,0.0
1528243200,109.87300109863281,110.21499633789062,109.8010025024414,109.85900115966797,0.0
1528329600,110.11699676513672,110.21499633789062,109.8499984741211,110.125,0.0
1528416000,109.72200012207031,109.84500122070312,109.1989974975586,109.69400024414062,0.0
1528675200,109.51000213623047,110.0469970703125,109.39900207519531,109.44300079345703,0.0
1528761600,110.36199951171875,110.47000122070312,110.0999984741211,110.38600158691406,0.0
1528848000,110.46600341796875,110.7040023803711,110.34300231933594,110.4520034790039,0.0
1528934400,110.24400329589844,110.45700073242188,109.91899871826172,110.24199676513672,0.0
1529020800,110.66100311279297,110.89700317382812,110.39199829101562,110.6449966430664,0.0
1529280000,110.62300109863281,110.64900207519531,110.30799865722656,110.61699676513672,0.0
1529366400,110.16899871826172,110.19300079345703,109.55899810791016,110.13800048828125,0.0
1529452800,110.08100128173828,110.24400329589844,109.87000274658203,110.07099914550781,0.0
1529539200,110.34400177001953,110.7490005493164,109.88600158691406,110.35199737548828,0.0
1529625600,109.93599700927734,110.20899963378906,109.802001953125,109.9520034790039,0.0
1529884800,109.93499755859375,109.93499755859375,109.38099670410156,109.93699645996094,0.0
1529971200,109.63300323486328,110.01599884033203,109.38899993896484,109.64299774169922,0.0
1530057600,110.12999725341797,110.47899627685547,109.68800354003906,110.09700012207031,0.0
1530144000,110.22899627685547,110.41100311279297,109.9739990234375,110.21499633789062,0.0
1530230400,110.44200134277344,110.87100219726562,110.38800048828125,110.48600006103516,0.0
1530489600,110.74500274658203,111.0530014038086,110.60600280761719,110.70999908447266,0.0
1530576000,110.88700103759766,111.1259994506836,110.51000213623047,110.87100219726562,0.0
1530662400,110.4000015258789,110.5459976196289,110.28199768066406,110.40799713134766,0.0
1530748800,110.49700164794922,110.7030029296875,110.29499816894531,110.50199890136719,0.0
1530835200,110.55500030517578,110.77799987792969,110.38400268554688,110.5790023803711,0.0
1531094400,110.4229965209961,110.7760009765625,110.36000061035156,110.4219970703125,0.0
1531180800,110.94100189208984,111.34300231933594,110.92400360107422,110.9530029296875,0.0
1531267200,110.875,111.62000274658203,110.77400207519531,110.83100128173828,0.0
1531353600,111.98600006103516,112.61599731445312,111.98600006103516,111.95800018310547,0.0
1531440000,112.65499877929688,112.79299926757812,112.36900329589844,112.66500091552734,0.0
1531699200,112.40299987792969,112.54900360107422,112.2509994506836,112.39900207519531,0.0
1531785600,112.36299896240234,112.89900207519531,112.23500061035156,112.3740005493164,0.0
1531872000,112.99099731445312,113.12899780273438,112.72000122070312,113.01200103759766,0.0
1531958400,112.802001953125,113.14700317382812,112.65399932861328,112.79100036621094,0.0
1532044800,112.37200164794922,112.61299896240234,111.64600372314453,112.36299896240234,0.0
1532304000,111.05799865722656,111.4209976196289,110.77899932861328,111.0530014038086,0.0
1532390400,111.44999694824219,111.44999694824219,110.97599792480469,111.45999908447266,0.0
1532476800,111.26799774169922,111.36000061035156,110.90499877929688,111.24099731445312,0.0
1532563200,110.8759994506836,111.1989974975586,110.60299682617188,110.84500122070312,0.0
1532649600,111.13899993896484,111.21600341796875,110.90499877929688,111.14600372314453,0.0
1532908800,110.9219970703125,111.15599822998047,110.89399719238281,110.93399810791016,0.0
1532995200,110.98899841308594,111.9530029296875,110.85900115966797,110.99400329589844,0.0
1533081600,111.79499816894531,112.13700103759766,111.69999694824219,111.80799865722656,0.0
1533168000,111.63700103759766,111.7239990234375,111.33000183105469,111.62000274658203,0.0
1533254400,111.6989974975586,111.78299713134766,111.0999984741211,111.69000244140625,0.0
1533513600,111.21700286865234,111.52200317382812,111.16699981689453,111.23400115966797,0.0
1533600000,111.3280029296875,111.36399841308594,110.9990005493164,111.33999633789062,0.0
1533686400,111.34700012207031,111.41999816894531,110.83999633789062,111.34500122070312,0.0
1533772800,110.90299987792969,111.1780014038086,110.70999908447266,110.89199829101562,0.0
1533859200,111.06400299072266,111.12799835205078,110.51799774169922,111.09100341796875,0.0
1534118400,110.64900207519531,110.927001953125,110.11499786376953,110.62899780273438,0.0
1534204800,110.5979995727539,111.12300109863281,110.5979995727539,110.66100311279297,0.0
1534291200,111.25299835205078,111.41799926757812,110.43599700927734,111.24600219726562,0.0
1534377600,110.58499908447266,110.91000366210938,110.47200012207031,110.57599639892578,0.0
1534464000,110.99299621582031,111.03500366210938,110.322998046875,111.00399780273438,0.0
1534723200,110.47699737548828,110.67500305175781,110.30999755859375,110.4749984741211,0.0
1534809600,109.93599700927734,110.48899841308594,109.7760009765625,109.947998046875,0.0
1534896000,110.10099792480469,110.60900115966797,110.02999877929688,110.13400268554688,0.0
1534982400,110.55999755859375,111.28500366210938,110.552001953125,110.58799743652344,0.0
1535068800,111.33799743652344,111.48100280761719,111.14099884033203,111.36699676513672,0.0
1535328000,111.28900146484375,111.33799743652344,110.94400024414062,111.28199768066406,0.0
1535414400,111.1259994506836,111.35099792480469,110.94000244140625,111.13700103759766,0.0
1535500800,111.16100311279297,111.81199645996094,111.12899780273438,111.16200256347656,0.0
1535587200,111.69100189208984,111.74600219726562,111.13600158691406,111.71199798583984,0.0
1535673600,110.99800109863281,111.08599853515625,110.68599700927734,110.9990005493164,0.0
1535932800,111.14099884033203,111.16600036621094,110.85099792480469,111.14399719238281,0.0
1536019200,111.06099700927734,111.5250015258789,110.91699981689453,111.08799743652344,0.0
1536105600,111.44599914550781,111.75199890136719,111.40499877929688,111.46099853515625,0.0
1536192000,111.43099975585938,111.43099975585938,110.84700012207031,111.4489974975586,0.0
1536278400,110.48600006103516,111.23300170898438,110.3949966430664,110.49500274658203,0.0
1536537600,110.91400146484375,111.18499755859375,110.875,110.91999816894531,0.0
1536624000,111.15899658203125,111.59200286865234,111.1510009765625,111.14800262451172,0.0
1536710400,111.5979995727539,111.60199737548828,111.21900177001953,111.60700225830078,0.0
1536796800,111.1719970703125,111.94499969482422,111.1719970703125,111.22000122070312,0.0
1536883200,112.0469970703125,112.16500091552734,111.75399780273438,112.01200103759766,0.0
1537142400,111.95099639892578,112.11699676513672,111.85700225830078,111.9530029296875,0.0
1537228800,111.66699981689453,112.375,111.66699981689453,111.69000244140625,0.0
1537315200,112.28700256347656,112.4260025024414,112.19000244140625,112.2770004272461,0.0
1537401600,112.31700134277344,112.57499694824219,112.05999755859375,112.31700134277344,0.0
1537488000,112.48300170898438,112.87100219726562,112.46399688720703,112.49500274658203,0.0
1537747200,112.5250015258789,112.68399810791016,112.44400024414062,112.52400207519531,0.0
1537833600,112.79499816894531,112.95700073242188,112.73999786376953,112.78600311279297,0.0
1537920000,112.97699737548828,113.0459976196289,112.7699966430664,112.96900177001953,0.0
1538006400,112.69999694824219,113.3949966430664,112.56999969482422,112.7040023803711,0.0
1538092800,113.38899993896484,113.64900207519531,113.33000183105469,113.35700225830078,0.0
1538352000,113.78399658203125,114.05400085449219,113.73799896240234,113.7959976196289,0.0
1538438400,113.95800018310547,114.00700378417969,113.52799987792969,113.94599914550781,0.0
1538524800,113.5739974975586,114.2239990234375,113.51799774169922,113.5770034790039,0.0
1538611200,114.48899841308594,114.51100158691406,113.66200256347656,114.48600006103516,0.0
1538697600,113.89900207519531,114.08599853515625,113.56400299072266,113.89399719238281,0.0
1538956800,113.69599914550781,113.94000244140625,113.00199890136719,113.71499633789062,0.0
1539043200,113.09300231933594,113.37999725341797,112.94000244140625,113.09700012207031,0.0
1539129600,112.9990005493164,113.27200317382812,112.6050033569336,112.99800109863281,0.0
1539216000,112.12100219726562,112.51799774169922,111.98699951171875,112.09200286865234,0.0
1539302400,112.10199737548828,112.48999786376953,112.00700378417969,112.08000183105469,0.0
1539561600,112.21900177001953,112.21900177001953,111.62300109863281,112.19200134277344,0.0
1539648000,111.84700012207031,112.28500366210938,111.81300354003906,111.84100341796875,0.0
1539734400,112.31400299072266,112.41400146484375,112.01799774169922,112.34200286865234,0.0
1539820800,112.61799621582031,112.7249984741211,112.08999633789062,112.62799835205078,0.0
1539907200,112.21099853515625,112.62300109863281,112.1989974975586,112.18499755859375,0.0
1540166400,112.45099639892578,112.8740005493164,112.35199737548828,112.4800033569336,0.0
1540252800,112.74099731445312,112.79499816894531,111.96199798583984,112.75700378417969,0.0
1540339200,112.4469985961914,112.73699951171875,112.33100128173828,112.44400024414062,0.0
1540425600,112.02899932861328,112.63099670410156,111.82499694824219,112.01200103759766,0.0
1540512000,112.31300354003906,112.43399810791016,111.38500213623047,112.3499984741211,0.0
1540771200,111.91200256347656,112.5510025024414,111.79000091552734,111.90799713134766,0.0
1540857600,112.30699920654297,112.9729995727539,112.30699920654297,112.3239974975586,0.0
1540944000,113.05699920654297,113.375,112.8280029296875,113.052001953125,0.0
1541030400,112.84600067138672,112.99500274658203,112.64199829101562,112.85099792480469,0.0
1541116800,112.7229995727539,113.10299682617188,112.66100311279297,112.71499633789062,0.0
1541376000,113.13300323486328,113.32099914550781,113.07499694824219,113.13899993896484,0.0
1541462400,113.27300262451172,113.43599700927734,113.10800170898438,113.24600219726562,0.0
1541548800,113.35199737548828,113.80799865722656,112.94999694824219,113.36299896240234,0.0
1541635200,113.56600189208984,113.875,113.5510025024414,113.5469970703125,0.0
1541721600,113.95899963378906,114.00199890136719,113.65599822998047,113.9530029296875,0.0
1541980800,113.83799743652344,114.18399810791016,113.66000366210938,113.84600067138672,0.0
1542067200,113.66000366210938,114.13999938964844,113.59200286865234,113.69599914550781,0.0
1542153600,113.79299926757812,113.99600219726562,113.65499877929688,113.78900146484375,0.0
1542240000,113.55899810791016,113.6500015258789,113.10099792480469,113.56400299072266,0.0
1542326400,113.55899810791016,113.60199737548828,112.67900085449219,113.55500030517578,0.0
1542585600,112.72699737548828,112.86499786376953,112.4489974975586,112.7300033569336,0.0
1542672000,112.45600128173828,112.73100280761719,112.30000305175781,112.44300079345703,0.0
1542758400,112.71199798583984,113.14199829101562,112.7020034790039,112.7030029296875,0.0
1542844800,113.02100372314453,113.12300109863281,112.87999725341797,113.02100372314453,0.0
1542931200,112.99800109863281,113.00499725341797,112.66400146484375,112.97799682617188,0.0
1543190400,112.92400360107422,113.58799743652344,112.90399932861328,112.91899871826172,0.0
1543276800,113.51499938964844,113.83200073242188,113.40599822998047,113.50399780273438,0.0
1543363200,113.7770004272461,114.01499938964844,113.70999908447266,113.76699829101562,0.0
1543449600,113.56999969482422,113.60800170898438,113.20099639892578,113.55500030517578,0.0
1543536000,113.41200256347656,113.59600067138672,113.33799743652344,113.41100311279297,0.0
1543795200,113.75800323486328,113.75800323486328,113.37300109863281,113.76300048828125,0.0
1543881600,113.58899688720703,113.61399841308594,112.72000122070312,113.58699798583984,0.0
1543968000,112.6969985961914,113.22599792480469,112.68299865722656,112.6989974975586,0.0
1544054400,113.06199645996094,113.15299987792969,112.23999786376953,113.0510025024414,0.0
1544140800,112.73100280761719,112.92500305175781,112.56300354003906,112.68900299072266,0.0
1544400000,112.50599670410156,113.04900360107422,112.2490005493164,112.50199890136719,0.0
1544486400,113.19999694824219,113.4530029296875,113.00599670410156,113.18099975585938,0.0
1544572800,113.38400268554688,113.51200103759766,113.16000366210938,113.38400268554688,0.0
1544659200,113.28700256347656,113.7020034790039,113.28700256347656,113.28500366210938,0.0
1544745600,113.572998046875,113.66799926757812,113.31900024414062,113.55999755859375,0.0
1545004800,113.39099884033203,113.51699829101562,112.87699890136719,113.38999938964844,0.0
1545091200,112.83200073242188,112.83200073242188,112.25,112.8290023803711,0.0
1545177600,112.49700164794922,112.58399963378906,112.13300323486328,112.52400207519531,0.0
1545264000,112.4219970703125,112.5989990234375,111.33100128173828,112.41000366210938,0.0
1545350400,111.197998046875,111.44999694824219,110.93900299072266,111.1709976196289,0.0
1545609600,111.0999984741211,111.13999938964844,110.26699829101562,111.05400085449219,0.0
1545696000,110.31400299072266,110.34400177001953,109.99099731445312,110.31099700927734,0.0
1545782400,110.43099975585938,110.697998046875,110.28600311279297,110.4020004272461,0.0
1545868800,111.22100067138672,111.22200012207031,110.65299987792969,111.20600128173828,0.0
1545955200,110.86000061035156,110.93000030517578,110.22200012207031,110.8550033569336,0.0
1546214400,110.3239974975586,110.46800231933594,109.65899658203125,110.33000183105469,0.0
1546300800,109.62999725341797,109.63400268554688,109.58999633789062,109.62999725341797,0.0
1546387200,109.66000366210938,109.67400360107422,108.7300033569336,109.66799926757812,0.0
1546473600,107.44999694824219,108.27100372314453,106.7760009765625,107.44100189208984,0.0
1546560000,107.86599731445312,108.58300018310547,107.51300048828125,107.80799865722656,0.0
1546819200,108.48899841308594,108.625,108.03600311279297,108.52200317382812,0.0
1546905600,108.64299774169922,109.0770034790039,108.44999694824219,108.61599731445312,0.0
1546992000,108.7509994506836,108.9800033569336,108.06400299072266,108.7760009765625,0.0
1547078400,108.16200256347656,108.322998046875,107.77300262451172,108.18900299072266,0.0
1547164800,108.28700256347656,108.57099914550781,108.15399932861328,108.2979965209961,0.0
1547424000,108.46600341796875,108.4749984741211,107.99800109863281,108.45800018310547,0.0
1547510400,108.24500274658203,108.75,108.20700073242188,108.25,0.0
1547596800,108.65399932861328,108.90699768066406,108.37100219726562,108.64399719238281,0.0
1547683200,109.03600311279297,109.08799743652344,108.68900299072266,109.03700256347656,0.0
1547769600,109.14299774169922,109.79199981689453,109.14299774169922,109.15299987792969,0.0
1548028800,109.65699768066406,109.697998046875,109.48200225830078,109.66100311279297,0.0
1548115200,109.66300201416016,109.6780014038086,109.27999877929688,109.66999816894531,0.0
1548201600,109.36499786376953,109.9739990234375,109.36499786376953,109.3550033569336,0.0
1548288000,109.47699737548828,109.79199981689453,109.427001953125,109.49199676513672,0.0
1548374400,109.59200286865234,109.94300079345703,109.53500366210938,109.59700012207031,0.0
1548633600,109.38800048828125,109.51899719238281,109.16400146484375,109.4000015258789,0.0
1548720000,109.26300048828125,109.52999877929688,109.14099884033203,109.25399780273438,0.0
1548806400,109.41200256347656,109.73600006103516,109.22599792480469,109.41699981689453,0.0
1548892800,108.95700073242188,108.99500274658203,108.5,108.98100280761719,0.0
1548979200,108.84600067138672,109.56199645996094,108.75,108.84400177001953,0.0
1549238400,109.4800033569336,110.13999938964844,109.4729995727539,109.43800354003906,0.0
1549324800,109.98500061035156,110.03399658203125,109.78700256347656,109.96099853515625,0.0
1549411200,109.93499755859375,110.04900360107422,109.55899810791016,109.94100189208984,0.0
1549497600,109.98600006103516,110.0770034790039,109.60399627685547,109.9739990234375,0.0
1549584000,109.76000213623047,109.88999938964844,109.65399932861328,109.75599670410156,0.0
1549843200,109.81700134277344,110.44499969482422,109.7770004272461,109.80999755859375,0.0
1549929600,110.39199829101562,110.6449966430664,110.3479995727539,110.4000015258789,0.0
1550016000,110.51300048828125,110.88099670410156,110.50199890136719,110.51499938964844,0.0
1550102400,110.93800354003906,111.12100219726562,110.51100158691406,110.9229965209961,0.0
1550188800,110.53900146484375,110.63700103759766,110.26000213623047,110.53800201416016,0.0
1550448000,110.54299926757812,110.60700225830078,110.46399688720703,110.56400299072266,0.0
1550534400,110.5989990234375,110.81099700927734,110.4540023803711,110.59100341796875,0.0
1550620800,110.59700012207031,110.94400024414062,110.59400177001953,110.5719985961914,0.0
1550707200,110.77899932861328,110.8489990234375,110.59700012207031,110.76499938964844,0.0
1550793600,110.70099639892578,110.9000015258789,110.62999725341797,110.70800018310547,0.0
1551052800,110.76899719238281,111.07099914550781,110.5790023803711,110.77200317382812,0.0
1551139200,111.03500366210938,111.06600189208984,110.66999816894531,111.0459976196289,0.0
1551225600,110.5510025024414,110.96600341796875,110.35700225830078,110.55599975585938,0.0
1551312000,110.87300109863281,111.43499755859375,110.66000366210938,110.86199951171875,0.0
1551398400,111.37100219726562,111.97599792480469,111.37100219726562,111.35700225830078,0.0
1551657600,111.9229965209961,112.00700378417969,111.66300201416016,111.93800354003906,0.0
1551744000,111.76000213623047,112.12899780273438,111.76000213623047,111.7770004272461,0.0
1551830400,111.8550033569336,111.91000366210938,111.61399841308594,111.86599731445312,0.0
1551916800,111.64199829101562,111.84100341796875,111.4800033569336,111.62300109863281,0.0
1552003200,111.63800048828125,111.63899993896484,110.83000183105469,111.63400268554688,0.0
1552262400,111.0770034790039,111.2959976196289,110.87799835205078,111.08000183105469,0.0
1552348800,111.3239974975586,111.4530029296875,111.10700225830078,111.34200286865234,0.0
1552435200,111.3219985961914,111.45500183105469,111.1449966430664,111.30599975585938,0.0
1552521600,111.19599914550781,111.72200012207031,111.1449966430664,111.19599914550781,0.0
1552608000,111.77100372314453,111.89600372314453,111.38999938964844,111.75299835205078,0.0
1552867200,111.5479965209961,111.62000274658203,111.41200256347656,111.56099700927734,0.0
1552953600,111.38400268554688,111.46900177001953,111.15899658203125,111.37300109863281,0.0
1553040000,111.4280014038086,111.68800354003906,111.375,111.4010009765625,0.0
1553126400,110.64399719238281,110.94499969482422,110.30899810791016,110.66000366210938,0.0
1553212800,110.81199645996094,110.88500213623047,109.73999786376953,110.80599975585938,0.0
1553472000,110.12000274658203,110.22899627685547,109.72899627685547,110.08100128173828,0.0
1553558400,110.06400299072266,110.67500305175781,110.0009994506836,110.06800079345703,0.0
1553644800,110.5479965209961,110.69300079345703,110.24700164794922,110.55400085449219,0.0
1553731200,110.48500061035156,110.81700134277344,110.03099822998047,110.48999786376953,0.0
1553817600,110.6780014038086,110.93599700927734,110.54000091552734,110.63700103759766,0.0
1554076800,110.99299621582031,111.31099700927734,110.86299896240234,110.99500274658203,0.0
1554163200,111.43399810791016,111.43399810791016,111.2509994506836,111.45099639892578,0.0
1554249600,111.31999969482422,111.5739974975586,111.20999908447266,111.30500030517578,0.0
1554336000,111.37300109863281,111.61699676513672,111.33799743652344,111.3949966430664,0.0
1554422400,111.65699768066406,111.81600189208984,111.61000061035156,111.65799713134766,0.0
1554681600,111.6969985961914,111.7030029296875,111.28399658203125,111.71099853515625,0.0
1554768000,111.44999694824219,111.56400299072266,110.98999786376953,111.45600128173828,0.0
1554854400,111.1050033569336,111.23999786376953,110.88700103759766,111.1050033569336,0.0
1554940800,110.99099731445312,111.52100372314453,110.99099731445312,110.98500061035156,0.0
1555027200,111.64900207519531,112.0199966430664,111.63500213623047,111.62100219726562,0.0
1555286400,112.03500366210938,112.08300018310547,111.88800048828125,112.02799987792969,0.0
1555372800,111.95099639892578,112.03399658203125,111.8489990234375,111.94300079345703,0.0
1555459200,111.98699951171875,112.15799713134766,111.9260025024414,111.99299621582031,0.0
1555545600,112.04399871826172,112.04399871826172,111.78199768066406,112.03600311279297,0.0
1555632000,111.98600006103516,112.00299835205078,111.89700317382812,111.98899841308594,0.0
1555891200,111.90899658203125,111.98699951171875,111.88400268554688,111.91000366210938,0.0
1555977600,111.93299865722656,112.02400207519531,111.66400146484375,111.92900085449219,0.0
1556064000,111.86499786376953,111.96800231933594,111.69000244140625,111.87699890136719,0.0
1556150400,112.13999938964844,112.22599792480469,111.4010009765625,112.12999725341797,0.0
1556236800,111.50599670410156,111.90799713134766,111.427001953125,111.53900146484375,0.0
1556496000,111.60099792480469,111.88300323486328,111.57499694824219,111.59300231933594,0.0
1556582400,111.6780014038086,111.6780014038086,111.2300033569336,111.677001953125,0.0
1556668800,111.40399932861328,111.54399871826172,111.13600158691406,111.3949966430664,0.0
1556755200,111.44999694824219,111.65499877929688,111.37899780273438,111.4520034790039,0.0
1556841600,111.48699951171875,111.62200164794922,111.1500015258789,111.49500274658203,0.0
1557100800,110.5989990234375,110.94599914550781,110.29900360107422,110.62300109863281,0.0
1557187200,110.80500030517578,110.80500030517578,110.33000183105469,110.80500030517578,0.0
1557273600,110.23799896240234,110.23999786376953,109.90799713134766,110.25700378417969,0.0
1557360000,110.02200317382812,110.06600189208984,109.47599792480469,110.02799987792969,0.0
1557446400,109.85800170898438,110.03800201416016,109.50399780273438,109.80699920654297,0.0
1557705600,109.63700103759766,109.7969970703125,109.02899932861328,109.65399932861328,0.0
1557792000,109.1729965209961,109.76000213623047,109.15299987792969,109.15399932861328,0.0
1557878400,109.68099975585938,109.69599914550781,109.16100311279297,109.6709976196289,0.0
1557964800,109.4469985961914,109.94999694824219,109.3489990234375,109.4749984741211,0.0
1558051200,109.85099792480469,110.00299835205078,109.50800323486328,109.87100219726562,0.0
1558310400,110.15399932861328,110.3030014038086,109.80999755859375,110.16000366210938,0.0
1558396800,110.10099792480469,110.64800262451172,110.05799865722656,110.06999969482422,0.0
1558569600,110.2249984741211,110.3489990234375,109.55599975585938,110.22100067138672,0.0
1558656000,109.55599975585938,109.7239990234375,109.27999877929688,109.55799865722656,0.0
1558915200,109.4000015258789,109.57499694824219,109.37999725341797,109.4010009765625,0.0
1559001600,109.50299835205078,109.62200164794922,109.20999908447266,109.50900268554688,0.0
1559088000,109.36599731445312,109.44100189208984,109.1520004272461,109.34600067138672,0.0
1559174400,109.55500030517578,109.9209976196289,109.48799896240234,109.54199981689453,0.0
1559260800,109.30000305175781,109.38800048828125,108.56300354003906,109.35700225830078,0.0
1559520000,108.22699737548828,108.43099975585938,108.06700134277344,108.21199798583984,0.0
1559606400,108.05899810791016,108.3550033569336,107.85399627685547,108.0270004272461,0.0
1559692800,108.22899627685547,108.35399627685547,107.81999969482422,108.25399780273438,0.0
1559779200,108.34400177001953,108.40299987792969,108.03500366210938,108.3280029296875,0.0
1559865600,108.45700073242188,108.60399627685547,107.89800262451172,108.4540023803711,0.0
1560124800,108.4469985961914,108.70800018310547,108.36799621582031,108.4489974975586,0.0
1560211200,108.36699676513672,108.7969970703125,108.35900115966797,108.35900115966797,0.0
1560297600,108.48400115966797,108.55799865722656,108.21800231933594,108.4739990234375,0.0
1560384000,108.50499725341797,108.52200317382812,108.16500091552734,108.48799896240234,0.0
1560470400,108.31500244140625,108.49700164794922,108.16000366210938,108.32099914550781,0.0
1560729600,108.56199645996094,108.7229995727539,108.52799987792969,108.57599639892578,0.0
1560816000,108.53800201416016,108.67400360107422,108.09700012207031,108.53900146484375,0.0
1560902400,108.58000183105469,108.60600280761719,108.25,108.572998046875,0.0
1560988800,108.1050033569336,108.1050033569336,107.4729995727539,108.11499786376953,0.0
1561075200,107.29499816894531,107.7229995727539,107.0459976196289,107.2770004272461,0.0
1561334400,107.31999969482422,107.51499938964844,107.2509994506836,107.31199645996094,0.0
1561420800,107.3489990234375,107.40399932861328,106.78299713134766,107.3270034790039,0.0
1561507200,107.18299865722656,107.75,107.16400146484375,107.16600036621094,0.0
1561593600,107.73400115966797,108.15299987792969,107.65399932861328,107.73799896240234,0.0
1561680000,107.77200317382812,107.8479995727539,107.56400299072266,107.74700164794922,0.0
1561939200,108.36699676513672,108.52799987792969,108.10800170898438,108.38200378417969,0.0
1562025600,108.38600158691406,108.46600341796875,107.9280014038086,108.36599731445312,0.0
1562112000,107.822998046875,107.86199951171875,107.5260009765625,107.80500030517578,0.0
1562198400,107.75599670410156,107.83000183105469,107.70700073242188,107.77899932861328,0.0
1562284800,107.81400299072266,108.61299896240234,107.80899810791016,107.80799865722656,0.0
1562544000,108.4749984741211,108.7249984741211,108.27799987792969,108.4739990234375,0.0
1562630400,108.73200225830078,108.95800018310547,108.71600341796875,108.72100067138672,0.0
1562716800,108.92400360107422,108.98400115966797,108.39600372314453,108.92400360107422,0.0
1562803200,108.33200073242188,108.34600067138672,107.85900115966797,108.33399963378906,0.0
1562889600,108.59200286865234,108.59200286865234,107.95500183105469,108.58799743652344,0.0
1563148800,107.8280029296875,108.09600067138672,107.80799865722656,107.83200073242188,0.0
1563235200,107.88999938964844,108.36000061035156,107.87999725341797,107.88899993896484,0.0
1563321600,108.21099853515625,108.31800079345703,108.06800079345703,108.20099639892578,0.0
1563408000,107.91999816894531,107.9990005493164,107.62100219726562,107.93699645996094,0.0
1563494400,107.41000366210938,107.78299713134766,107.33799743652344,107.4010009765625,0.0
1563753600,107.83200073242188,108.05899810791016,107.71199798583984,107.80999755859375,0.0
1563840000,107.88200378417969,108.2750015258789,107.83799743652344,107.90399932861328,0.0
1563926400,108.22799682617188,108.25900268554688,107.94999694824219,108.23200225830078,0.0
1564012800,108.17900085449219,108.58200073242188,108.04000091552734,108.18900299072266,0.0
1564099200,108.66899871826172,108.822998046875,108.55599975585938,108.66600036621094,0.0
1564358400,108.62699890136719,108.89099884033203,108.427001953125,108.63300323486328,0.0
1564444800,108.86299896240234,108.93099975585938,108.44999694824219,108.86599731445312,0.0
1564531200,108.5530014038086,108.64700317382812,108.49500274658203,108.56199645996094,0.0
1564617600,108.81500244140625,109.27899932861328,108.15899658203125,108.81999969482422,0.0
1564704000,107.4010009765625,107.48200225830078,106.5530014038086,107.43099975585938,0.0
1564963200,106.59600067138672,106.61699676513672,105.80999755859375,106.5770034790039,0.0
1565049600,105.62300109863281,107.0459976196289,105.5719985961914,105.59300231933594,0.0
1565136000,106.29000091552734,106.35199737548828,105.56099700927734,106.33699798583984,0.0
1565222400,106.125,106.28700256347656,105.91300201416016,106.12100219726562,0.0
1565308800,105.875,106.04100036621094,105.34600067138672,105.8740005493164,0.0
1565568000,105.4000015258789,105.55899810791016,105.04900360107422,105.38200378417969,0.0
1565654400,105.38400268554688,106.93299865722656,105.072998046875,105.35800170898438,0.0
1565740800,106.58899688720703,106.5989990234375,105.70800018310547,106.58999633789062,0.0
1565827200,105.91000366210938,106.50599670410156,105.70999908447266,105.91600036621094,0.0
1565913600,106.09200286865234,106.47699737548828,106.0260009765625,106.08300018310547,0.0
1566172800,106.41200256347656,106.66300201416016,106.24800109863281,106.43000030517578,0.0
1566259200,106.56800079345703,106.68399810791016,106.18399810791016,106.5739974975586,0.0
1566345600,106.29199981689453,106.58799743652344,106.27400207519531,106.27400207519531,0.0
1566432000,106.5999984741211,106.64700317382812,106.2699966430664,106.59700012207031,0.0
1566518400,106.48500061035156,106.71900177001953,105.29499816894531,106.46800231933594,0.0
1566777600,104.87100219726562,106.28700256347656,104.87100219726562,104.85199737548828,0.0
1566864000,105.98799896240234,106.05699920654297,105.58599853515625,105.97799682617188,0.0
1566950400,105.74700164794922,105.93399810791016,105.65399932861328,105.73799896240234,0.0
1567036800,106.09100341796875,106.53399658203125,105.83300018310547,106.06999969482422,0.0
1567123200,106.46600341796875,106.53700256347656,106.11599731445312,106.43800354003906,0.0
1567382400,106.15399932861328,106.39299774169922,106.07499694824219,106.12799835205078,0.0
1567468800,106.19400024414062,106.37799835205078,105.75,106.19300079345703,0.0
1567555200,105.86299896240234,106.32099914550781,105.83200073242188,105.86100006103516,0.0
1567641600,106.34300231933594,107.19300079345703,106.33599853515625,106.32499694824219,0.0
1567728000,107.06999969482422,107.08999633789062,106.62999725341797,107.0719985961914,0.0
1567987200,106.94100189208984,107.16799926757812,106.7699966430664,106.94499969482422,0.0
1568073600,107.31700134277344,107.49600219726562,107.20500183105469,107.33699798583984,0.0
1568160000,107.58200073242188,107.84700012207031,107.55899810791016,107.5999984741211,0.0
1568246400,107.9990005493164,108.13500213623047,107.54000091552734,108.02100372314453,0.0
1568332800,108.1780014038086,108.25499725341797,107.91999816894531,108.1760025024414,0.0
1568592000,107.76499938964844,108.05500030517578,107.4990005493164,107.76499938964844,0.0
1568678400,108.1449966430664,108.33999633789062,108.0270004272461,108.16100311279297,0.0
1568764800,108.10099792480469,108.26599884033203,108.09700012207031,108.08699798583984,0.0
1568851200,108.43499755859375,108.46399688720703,107.802001953125,108.42500305175781,0.0
1568937600,108.06800079345703,108.06800079345703,107.7699966430664,108.04100036621094,0.0
1569196800,107.63500213623047,107.76300048828125,107.30999755859375,107.6520004272461,0.0
1569283200,107.60700225830078,107.76499938964844,107.25,107.61399841308594,0.0
1569369600,107.177001953125,107.79100036621094,107.00499725341797,107.16300201416016,0.0
1569456000,107.68199920654297,107.72100067138672,107.43499755859375,107.69200134277344,0.0
1569542400,107.74400329589844,108.1729965209961,107.65599822998047,107.75599670410156,0.0
1569801600,107.93199920654297,108.13999938964844,107.74500274658203,107.94400024414062,0.0
1569888000,108.05799865722656,108.447998046875,107.66999816894531,108.06900024414062,0.0
1569974400,107.73200225830078,107.88400268554688,107.18399810791016,107.73699951171875,0.0
1570060800,107.1500015258789,107.29100036621094,106.50599670410156,107.16300201416016,0.0
1570147200,106.822998046875,107.11399841308594,106.65699768066406,106.82599639892578,0.0
1570406400,106.76300048828125,107.06800079345703,106.68900299072266,106.76399993896484,0.0
1570492800,107.25599670410156,107.43599700927734,106.81099700927734,107.2509994506836,0.0
1570579200,106.95099639892578,107.4530029296875,106.95099639892578,106.96099853515625,0.0
1570665600,107.2229995727539,107.97200012207031,107.18199920654297,107.1780014038086,0.0
1570752000,107.85199737548828,108.60800170898438,107.85199737548828,107.87999725341797,0.0
1571011200,108.45899963378906,108.45899963378906,108.0510025024414,108.45899963378906,0.0
1571097600,108.3759994506836,108.87999725341797,108.15599822998047,108.38800048828125,0.0
1571184000,108.81700134277344,108.83999633789062,108.6050033569336,108.81700134277344,0.0
1571270400,108.67500305175781,108.91799926757812,108.51200103759766,108.677001953125,0.0
1571356800,108.59100341796875,108.71700286865234,108.41999816894531,108.58100128173828,0.0
1571616000,108.40499877929688,108.66000366210938,108.36900329589844,108.40799713134766,0.0
1571702400,108.60299682617188,108.71700286865234,108.46600341796875,108.60099792480469,0.0
1571788800,108.4729995727539,108.66300201416016,108.25299835205078,108.48300170898438,0.0
1571875200,108.61199951171875,108.74199676513672,108.50199890136719,108.64199829101562,0.0
1571961600,108.61199951171875,108.75800323486328,108.51599884033203,108.60600280761719,0.0
1572220800,108.72599792480469,109.03099822998047,108.65799713134766,108.73400115966797,0.0
1572307200,108.96900177001953,109.04299926757812,108.802001953125,108.96399688720703,0.0
1572393600,108.88600158691406,108.96900177001953,108.81099700927734,108.8740005493164,0.0
1572480000,108.79399871826172,108.8550033569336,108.05400085449219,108.78900146484375,0.0
1572566400,108.01699829101562,108.23600006103516,107.91200256347656,107.99600219726562,0.0
1572825600,108.20999908447266,108.60900115966797,108.20500183105469,108.22000122070312,0.0
1572912000,108.697998046875,109.19000244140625,108.6510009765625,108.69400024414062,0.0
1572998400,109.13200378417969,109.17400360107422,108.8290023803711,109.14600372314453,0.0
1573084800,108.91400146484375,109.4260025024414,108.65699768066406,108.91300201416016,0.0
1573171200,109.27200317382812,109.46299743652344,109.08300018310547,109.27400207519531,0.0
1573430400,109.21099853515625,109.23799896240234,108.90499877929688,109.22599792480469,0.0
1573516800,109.0469970703125,109.28800201416016,108.98600006103516,109.04199981689453,0.0
1573603200,108.99700164794922,109.14099884033203,108.677001953125,108.99299621582031,0.0
1573689600,108.78700256347656,108.85700225830078,108.27400207519531,108.7979965209961,0.0
1573776000,108.48600006103516,108.85199737548828,108.4530029296875,108.49199676513672,0.0
1574035200,108.7030029296875,109.06300354003906,108.51599884033203,108.6989974975586,0.0
1574121600,108.68099975585938,108.83000183105469,108.4520034790039,108.66200256347656,0.0
1574208000,108.48500061035156,108.72100067138672,108.35800170898438,108.44499969482422,0.0
1574294400,108.48600006103516,108.66400146484375,108.27799987792969,108.47799682617188,0.0
1574380800,108.5790023803711,108.71700286865234,108.47699737548828,108.58499908447266,0.0
1574640000,108.72899627685547,108.95600128173828,108.6989974975586,108.7300033569336,0.0
1574726400,108.99299621582031,109.1709976196289,108.87699890136719,108.99199676513672,0.0
1574812800,109.08399963378906,109.39299774169922,109.05999755859375,109.09700012207031,0.0
1574899200,109.3759994506836,109.54299926757812,109.34300231933594,109.36699676513672,0.0
1574985600,109.51699829101562,109.66200256347656,109.42500305175781,109.51200103759766,0.0
1575244800,109.53199768066406,109.72000122070312,108.9990005493164,109.53500366210938,0.0
1575331200,109.01399993896484,109.2040023803711,108.5,109.02200317382812,0.0
1575417600,108.66999816894531,108.88999938964844,108.43000030517578,108.65299987792969,0.0
1575504000,108.83799743652344,108.98699951171875,108.6709976196289,108.83200073242188,0.0
1575590400,108.75399780273438,108.90799713134766,108.5479965209961,108.73799896240234,0.0
1575849600,108.61499786376953,108.6259994506836,108.4280014038086,108.62699890136719,0.0
1575936000,108.5989990234375,108.7509994506836,108.5199966430664,108.58200073242188,0.0
1576022400,108.77100372314453,108.78299713134766,108.63700103759766,108.76399993896484,0.0
1576108800,108.54100036621094,109.29900360107422,108.45700073242188,108.54900360107422,0.0
1576195200,109.41400146484375,109.69599914550781,109.20899963378906,109.41300201416016,0.0
1576454400,109.37999725341797,109.66899871826172,109.35399627685547,109.4000015258789,0.0
1576540800,109.5719985961914,109.62799835205078,109.46299743652344,109.57599639892578,0.0
1576627200,109.52300262451172,109.62200164794922,109.39800262451172,109.51599884033203,0.0
1576713600,109.54499816894531,109.66999816894531,109.21499633789062,109.5510025024414,0.0
1576800000,109.39099884033203,109.48999786376953,109.25900268554688,109.38300323486328,0.0
1577059200,109.49299621582031,109.49299621582031,109.33799743652344,109.4990005493164,0.0
1577145600,109.38300323486328,109.4280014038086,109.322998046875,109.38200378417969,0.0
1577232000,109.37999725341797,109.78199768066406,109.30999755859375,109.38300323486328,0.0
1577318400,109.37300109863281,109.68199920654297,109.36699676513672,109.36900329589844,0.0
1577404800,109.53800201416016,109.58599853515625,109.4260025024414,109.54199981689453,0.0
1577664000,109.43800354003906,109.43800354003906,108.77300262451172,109.4280014038086,0.0
1577750400,108.86799621582031,108.86799621582031,108.46900177001953,108.87300109863281,0.0
1577836800,108.68000030517578,111.41000366210938,108.62999725341797,108.68099975585938,0.0
1577923200,108.71399688720703,108.86000061035156,108.22100067138672,108.71299743652344,0.0
1578009600,108.54000091552734,108.5510025024414,107.91500091552734,108.54299926757812,0.0
1578268800,107.9990005493164,108.41000366210938,107.9219970703125,107.96399688720703,0.0
1578355200,108.41100311279297,108.61699676513672,108.26100158691406,108.40599822998047,0.0
1578441600,107.97799682617188,109.08899688720703,107.65699768066406,108.01599884033203,0.0
1578528000,109.04900360107422,109.57599639892578,109.04900360107422,109.03099822998047,0.0
1578614400,109.4990005493164,109.67500305175781,109.45600128173828,109.50700378417969,0.0
1578873600,109.53399658203125,109.93499755859375,109.53199768066406,109.56600189208984,0.0
1578960000,110.0,110.1709976196289,109.89099884033203,109.99199676513672,0.0
1579046400,109.8740005493164,109.99600219726562,109.79199981689453,109.85399627685547,0.0
1579132800,109.8759994506836,110.16999816894531,109.8759994506836,109.88300323486328,0.0
1579219200,110.16899871826172,110.2750015258789,110.05799865722656,110.17500305175781,0.0
1579478400,110.19499969482422,110.21299743652344,110.11399841308594,110.18000030517578,0.0
1579564800,110.17900085449219,110.21800231933594,109.86199951171875,110.1729965209961,0.0
1579651200,109.91899871826172,110.0770034790039,109.83699798583984,109.90799713134766,0.0
1579737600,109.73600006103516,109.75,109.26899719238281,109.72799682617188,0.0
1579824000,109.56500244140625,109.64600372314453,109.30500030517578,109.552001953125,0.0
1580083200,108.81400299072266,109.13200378417969,108.81400299072266,108.802001953125,0.0
1580169600,108.92900085449219,109.18800354003906,108.76200103759766,108.91999816894531,0.0
1580256000,109.12999725341797,109.22599792480469,108.99400329589844,109.13200378417969,0.0
1580342400,108.99600219726562,109.03800201416016,108.65699768066406,108.98699951171875,0.0
1580428800,108.90899658203125,109.11499786376953,108.34100341796875,108.87699890136719,0.0
1580688000,108.38099670410156,108.7959976196289,108.36599731445312,108.37200164794922,0.0
1580774400,108.61000061035156,109.43800354003906,108.55799865722656,108.61199951171875,0.0
1580860800,109.44400024414062,109.83399963378906,109.31199645996094,109.4469985961914,0.0
1580947200,109.80400085449219,109.9800033569336,109.78099822998047,109.81400299072266,0.0
1581033600,109.95500183105469,109.97899627685547,109.53099822998047,109.96800231933594,0.0
1581292800,109.62899780273438,109.87000274658203,109.61100006103516,109.6449966430664,0.0
1581379200,109.75800323486328,109.9540023803711,109.74199676513672,109.76599884033203,0.0
1581465600,109.83699798583984,110.12100219726562,109.79000091552734,109.84300231933594,0.0
1581552000,109.85700225830078,109.97699737548828,109.62799835205078,109.84600067138672,0.0
1581638400,109.78600311279297,109.90799713134766,109.70500183105469,109.75800323486328,0.0
1581897600,109.7770004272461,109.9540023803711,109.72100067138672,109.79100036621094,0.0
1581984000,109.8290023803711,109.94000244140625,109.65599822998047,109.83000183105469,0.0
1582070400,109.9280014038086,111.302001953125,109.86599731445312,109.91899871826172,0.0
1582156800,111.2020034790039,112.18599700927734,111.11299896240234,111.20999908447266,0.0
1582243200,111.96700286865234,112.16799926757812,111.51699829101562,111.9540023803711,0.0
1582502400,111.55500030517578,111.65699768066406,110.51000213623047,111.55699920654297,0.0
1582588800,110.86699676513672,111.03500366210938,110.03900146484375,110.85700225830078,0.0
1582675200,110.27899932861328,110.68900299072266,110.14800262451172,110.28600311279297,0.0
1582761600,110.35800170898438,110.38800048828125,109.70700073242188,110.36299896240234,0.0
1582848000,109.65799713134766,109.65799713134766,107.77799987792969,109.66000366210938,0.0
1583107200,107.75199890136719,108.55799865722656,107.41500091552734,107.6969985961914,0.0
1583193600,108.4469985961914,108.4469985961914,107.22100067138672,108.48699951171875,0.0
1583280000,107.06900024414062,107.6709976196289,107.0479965209961,107.03700256347656,0.0
1583366400,107.65299987792969,107.65299987792969,106.50800323486328,107.677001953125,0.0
1583452800,106.26100158691406,106.33599853515625,104.99600219726562,106.24800109863281,0.0
1583712000,103.9729995727539,104.25700378417969,101.28299713134766,103.93800354003906,0.0
1583798400,103.10800170898438,105.18900299072266,102.73899841308594,103.11199951171875,0.0
1583884800,105.07099914550781,105.28099822998047,104.11900329589844,105.0260009765625,0.0
1583971200,104.63999938964844,105.71600341796875,103.13800048828125,104.55000305175781,0.0
1584057600,104.70899963378906,107.47100067138672,104.69100189208984,104.61000061035156,0.0
1584316800,106.5790023803711,107.52899932861328,105.14700317382812,106.68800354003906,0.0
1584403200,106.25900268554688,107.56099700927734,106.0790023803711,106.17500305175781,0.0
1584489600,107.34200286865234,108.48799896240234,106.75900268554688,107.37699890136719,0.0
1584576000,108.41300201416016,110.13899993896484,108.1969985961914,108.36000061035156,0.0
1584662400,111.30000305175781,111.33699798583984,109.3759994506836,111.29100036621094,0.0
1584921600,110.40399932861328,111.3489990234375,109.68099975585938,110.46199798583984,0.0
1585008000,110.86399841308594,111.48699951171875,110.11399841308594,110.8270034790039,0.0
1585094400,111.11499786376953,111.66799926757812,110.75199890136719,111.12000274658203,0.0
1585180800,110.85800170898438,110.93399810791016,109.36100006103516,110.8759994506836,0.0
1585267200,109.13600158691406,109.36399841308594,107.88400268554688,109.10900115966797,0.0
1585526400,107.43900299072266,108.28700256347656,107.15299987792969,107.41300201416016,0.0
1585612800,108.05599975585938,108.71199798583984,107.46499633789062,108.03500366210938,0.0
1585699200,107.45700073242188,107.89700317382812,107.02899932861328,107.50800323486328,0.0
1585785600,107.28600311279297,107.97799682617188,107.03399658203125,107.25700378417969,0.0
1585872000,108.0469970703125,108.6719970703125,107.81300354003906,108.0009994506836,0.0
1586131200,108.67900085449219,109.35299682617188,108.67900085449219,108.69300079345703,0.0
1586217600,109.08599853515625,109.12699890136719,108.6760025024414,109.11499786376953,0.0
1586304000,108.66500091552734,109.0739974975586,108.51300048828125,108.6510009765625,0.0
1586390400,108.89900207519531,109.05799865722656,108.36000061035156,108.9219970703125,0.0
1586476800,108.5510025024414,108.56400299072266,108.3290023803711,108.56099700927734,0.0
1586736000,108.3499984741211,108.37100219726562,107.56300354003906,108.33599853515625,0.0
1586822400,107.63200378417969,107.7490005493164,107.072998046875,107.62300109863281,0.0
1586908800,107.10399627685547,107.83699798583984,106.93000030517578,107.10399627685547,0.0
1586995200,107.61599731445312,108.0770034790039,107.18599700927734,107.60900115966797,0.0
1587081600,107.93399810791016,107.94300079345703,107.30599975585938,107.94499969482422,0.0
1587340800,107.68900299072266,107.94599914550781,107.60199737548828,107.66999816894531,0.0
1587427200,107.6709976196289,107.81199645996094,107.2959976196289,107.66899871826172,0.0
1587513600,107.75,107.93099975585938,107.5260009765625,107.72100067138672,0.0
1587600000,107.81199645996094,107.97000122070312,107.3499984741211,107.81300354003906,0.0
1587686400,107.64900207519531,107.75,107.41300201416016,107.66699981689453,0.0
1587945600,107.50399780273438,107.61599731445312,107.0,107.49500274658203,0.0
1588032000,107.28600311279297,107.33399963378906,106.56199645996094,107.28299713134766,0.0
1588118400,106.75199890136719,106.75800323486328,106.36399841308594,106.74099731445312,0.0
1588204800,106.60099792480469,107.10800170898438,106.41600036621094,106.61000061035156,0.0
1588291200,107.30500030517578,107.39900207519531,106.61000061035156,107.28500366210938,0.0
1588550400,106.7509994506836,107.05500030517578,106.6719970703125,106.73799896240234,0.0
1588636800,106.68299865722656,106.88899993896484,106.48400115966797,106.6969985961914,0.0
1588723200,106.43099975585938,106.43099975585938,106.02400207519531,106.4520034790039,0.0
1588809600,106.20999908447266,106.64600372314453,106.13899993896484,106.19100189208984,0.0
1588896000,106.38999938964844,106.72000122070312,106.23300170898438,106.35900115966797,0.0
1589155200,106.90499877929688,107.72799682617188,106.7750015258789,106.91899871826172,0.0
1589241600,107.58799743652344,107.6729965209961,107.21600341796875,107.56600189208984,0.0
1589328000,107.16300201416016,107.2509994506836,106.76200103759766,107.13800048828125,0.0
1589414400,106.91400146484375,107.16400146484375,106.78500366210938,106.93299865722656,0.0
1589500800,107.36100006103516,107.43199920654297,106.8759994506836,107.36499786376953,0.0
1589760000,107.22899627685547,107.49500274658203,107.06700134277344,107.20800018310547,0.0
1589846400,107.37699890136719,108.0739974975586,107.30500030517578,107.38099670410156,0.0
1589932800,107.81900024414062,107.9749984741211,107.34600067138672,107.80999755859375,0.0
1590019200,107.5989990234375,107.84700012207031,107.57499694824219,107.59100341796875,0.0
1590105600,107.63400268554688,107.76000213623047,107.33399963378906,107.63099670410156,0.0
1590364800,107.73999786376953,107.77200317382812,107.62999725341797,107.73500061035156,0.0
1590451200,107.69000244140625,107.91600036621094,107.40299987792969,107.68699645996094,0.0
1590537600,107.48899841308594,107.93199920654297,107.37200164794922,107.49099731445312,0.0
1590624000,107.8030014038086,107.89600372314453,107.5790023803711,107.7979965209961,0.0
1590710400,107.6259994506836,107.81199645996094,107.08999633789062,107.64299774169922,0.0
1590969600,107.71399688720703,107.8499984741211,107.39399719238281,107.70800018310547,0.0
1591056000,107.5459976196289,108.65799713134766,107.51699829101562,107.5479965209961,0.0
1591142400,108.81800079345703,108.9739990234375,108.4209976196289,108.80899810791016,0.0
1591228800,108.98100280761719,109.15299987792969,108.61900329589844,108.9990005493164,0.0
1591315200,109.12000274658203,109.84600067138672,109.0479965209961,109.1500015258789,0.0
1591574400,109.58999633789062,109.5999984741211,108.41300201416016,109.63400268554688,0.0
1591660800,108.36900329589844,108.36900329589844,107.64600372314453,108.40899658203125,0.0
1591747200,107.81700134277344,107.86699676513672,107.177001953125,107.7969970703125,0.0
1591833600,107.01499938964844,107.22699737548828,106.5979995727539,106.98100280761719,0.0
1591920000,106.8219985961914,107.5510025024414,106.60099792480469,106.8030014038086,0.0
1592179200,107.30699920654297,107.47699737548828,107.0,107.31099700927734,0.0
1592265600,107.46499633789062,107.62000274658203,107.23999786376953,107.46399688720703,0.0
1592352000,107.37999725341797,107.43699645996094,107.16300201416016,107.41000366210938,0.0
1592438400,106.86299896240234,107.12300109863281,106.66600036621094,106.89399719238281,0.0
1592524800,106.99199676513672,107.04000091552734,106.77200317382812,107.00599670410156,0.0
1592784000,106.81800079345703,106.99800109863281,106.78299713134766,106.83100128173828,0.0
1592870400,106.88600158691406,107.21700286865234,106.08200073242188,106.90299987792969,0.0
1592956800,106.41300201416016,106.97599792480469,106.38400268554688,106.43199920654297,0.0
1593043200,107.03199768066406,107.44499969482422,107.02999877929688,107.04399871826172,0.0
1593129600,107.15299987792969,107.3489990234375,106.7979965209961,107.15499877929688,0.0
1593388800,107.22200012207031,107.87999725341797,107.0510025024414,107.21800231933594,0.0
1593475200,107.60099792480469,107.9219970703125,107.52999877929688,107.58999633789062,0.0
1593561600,107.98500061035156,108.15799713134766,107.36799621582031,107.98899841308594,0.0
1593648000,107.35800170898438,107.71700286865234,107.34700012207031,107.36599731445312,0.0
1593734400,107.50900268554688,107.56600189208984,107.43900299072266,107.49700164794922,0.0
1593993600,107.5790023803711,107.7699966430664,107.43399810791016,107.5790023803711,0.0
1594080000,107.35299682617188,107.78800201416016,107.2300033569336,107.35900115966797,0.0
1594166400,107.5739974975586,107.70500183105469,107.38700103759766,107.5780029296875,0.0
1594252800,107.26499938964844,107.39199829101562,107.10299682617188,107.28299713134766,0.0
1594339200,107.23300170898438,107.26200103759766,106.66500091552734,107.23600006103516,0.0
1594598400,106.91200256347656,107.31099700927734,106.78800201416016,106.91000366210938,0.0
1594684800,107.29000091552734,107.41200256347656,107.12000274658203,107.2760009765625,0.0
1594771200,107.24500274658203,107.30500030517578,106.66300201416016,107.24500274658203,0.0
1594857600,106.88400268554688,107.1969985961914,106.83799743652344,106.91699981689453,0.0
1594944000,107.28800201416016,107.35299682617188,107.05999755859375,107.27799987792969,0.0
1595203200,107.0770034790039,107.5,107.03700256347656,107.08999633789062,0.0
1595289600,107.1709976196289,107.36399841308594,106.80500030517578,107.19599914550781,0.0
1595376000,106.81400299072266,107.2020034790039,106.71800231933594,106.83200073242188,0.0
1595462400,107.16600036621094,107.21600341796875,106.83300018310547,107.17500305175781,0.0
1595548800,106.83599853515625,106.83599853515625,105.75900268554688,106.83799743652344,0.0
1595808000,105.95600128173828,106.0469970703125,105.12100219726562,105.99299621582031,0.0
1595894400,105.29100036621094,105.67900085449219,104.95800018310547,105.26100158691406,0.0
1595980800,105.11000061035156,105.22799682617188,104.80000305175781,105.10700225830078,0.0
1596067200,105.01599884033203,105.28800201416016,104.91200256347656,105.03199768066406,0.0
1596153600,104.66699981689453,105.7959976196289,104.1989974975586,104.68299865722656,0.0
1596412800,105.84500122070312,106.42900085449219,105.5790023803711,105.86599731445312,0.0
1596499200,106.0469970703125,106.19200134277344,105.72699737548828,106.02999877929688,0.0
1596585600,105.59700012207031,105.86399841308594,105.3280029296875,105.61399841308594,0.0
1596672000,105.55000305175781,105.69100189208984,105.302001953125,105.5530014038086,0.0
1596758400,105.56099700927734,106.04199981689453,105.4800033569336,105.58100128173828,0.0
1597017600,105.85199737548828,106.19400024414062,105.70999908447266,105.8499984741211,0.0
1597104000,105.99800109863281,106.57099914550781,105.94400024414062,105.99199676513672,0.0
1597190400,106.45800018310547,106.99800109863281,106.45800018310547,106.52100372314453,0.0
1597276800,106.81199645996094,106.99099731445312,106.56999969482422,106.8219985961914,0.0
1597363200,106.96499633789062,107.0270004272461,106.44599914550781,106.98600006103516,0.0
1597622400,106.56900024414062,106.63800048828125,105.9530029296875,106.55400085449219,0.0
1597708800,105.98600006103516,105.98600006103516,105.29399871826172,105.99500274658203,0.0
1597795200,105.22200012207031,105.75900268554688,105.11399841308594,105.2239990234375,0.0
1597881600,106.08999633789062,106.197998046875,105.77200317382812,106.0790023803711,0.0
1597968000,105.66899871826172,106.06900024414062,105.4530029296875,105.66500091552734,0.0
1598227200,105.90299987792969,105.93900299072266,105.69000244140625,105.87699890136719,0.0
1598313600,105.99199676513672,106.56400299072266,105.88099670410156,105.99299621582031,0.0
1598400000,106.4219970703125,106.5510025024414,106.06300354003906,106.40499877929688,0.0
1598486400,105.87100219726562,106.552001953125,105.62300109863281,105.85600280761719,0.0
1598572800,106.65899658203125,106.93800354003906,105.2030029296875,106.63700103759766,0.0
1598832000,105.52400207519531,106.08100128173828,105.30699920654297,105.53500366210938,0.0
1598918400,105.98999786376953,106.13600158691406,105.5989990234375,106.00399780273438,0.0
1599004800,105.86399841308594,106.2969970703125,105.86399841308594,105.89600372314453,0.0
1599091200,106.20099639892578,106.53600311279297,106.04299926757812,106.20800018310547,0.0
1599177600,106.09100341796875,106.49500274658203,106.09100341796875,106.08599853515625,0.0
1599436800,106.29199981689453,106.37100219726562,106.13500213623047,106.31099700927734,0.0
1599523200,106.29399871826172,106.37799835205078,105.9000015258789,106.30500030517578,0.0
1599609600,105.95999908447266,106.25599670410156,105.81300354003906,105.96800231933594,0.0
1599696000,106.23799896240234,106.28299713134766,105.98799896240234,106.23100280761719,0.0
1599782400,106.1449966430664,106.24400329589844,106.08000183105469,106.14299774169922,0.0
1600041600,106.12699890136719,106.16300201416016,105.552001953125,106.1449966430664,0.0
1600128000,105.74400329589844,105.81500244140625,105.30000305175781,105.71499633789062,0.0
1600214400,105.38099670410156,105.39600372314453,104.80799865722656,105.38099670410156,0.0
1600300800,105.04900360107422,105.16400146484375,104.52400207519531,105.06199645996094,0.0
1600387200,104.68900299072266,104.85900115966797,104.27300262451172,104.697998046875,0.0
1600646400,104.53399658203125,104.76200103759766,104.00800323486328,104.53700256347656,0.0
1600732800,104.71900177001953,105.06600189208984,104.41100311279297,104.69000244140625,0.0
1600819200,105.06900024414062,105.37300109863281,104.91000366210938,105.03399658203125,0.0
1600905600,105.32499694824219,105.5199966430664,105.21499633789062,105.30400085449219,0.0
1600992000,105.43599700927734,105.697998046875,105.24700164794922,105.43499755859375,0.0
1601251200,105.58399963378906,105.65899658203125,105.26399993896484,105.5739974975586,0.0
1601337600,105.43900299072266,105.72200012207031,105.3479995727539,105.43299865722656,0.0
1601424000,105.66400146484375,105.7959976196289,105.40899658203125,105.66400146484375,0.0
1601510400,105.4489974975586,105.72200012207031,105.41799926757812,105.45099639892578,0.0
1601596800,105.56400299072266,105.66500091552734,104.96199798583984,105.54299926757812,0.0
1601856000,105.53500366210938,105.75299835205078,105.41000366210938,105.51000213623047,0.0
1601942400,105.7249984741211,105.73799896240234,105.51000213623047,105.70700073242188,0.0
1602028800,105.63800048828125,106.1050033569336,105.62699890136719,105.63999938964844,0.0
1602115200,105.9729995727539,106.08300018310547,105.9229965209961,105.96499633789062,0.0
1602201600,106.02100372314453,106.02100372314453,105.60800170898438,106.01799774169922,0.0
1602460800,105.63800048828125,105.6510009765625,105.24400329589844,105.63200378417969,0.0
1602547200,105.3479995727539,105.6259994506836,105.28800201416016,105.33899688720703,0.0
1602633600,105.4739990234375,105.51100158691406,105.03800201416016,105.47000122070312,0.0
1602720000,105.13899993896484,105.38800048828125,105.11199951171875,105.13899993896484,0.0
1602806400,105.3550033569336,105.43699645996094,105.19000244140625,105.36000061035156,0.0
1603065600,105.43800354003906,105.49700164794922,105.30500030517578,105.427001953125,0.0
1603152000,105.47000122070312,105.74500274658203,105.47000122070312,105.47000122070312,0.0
1603238400,105.4749984741211,105.4749984741211,104.3499984741211,105.47699737548828,0.0
1603324800,104.6510009765625,104.87999725341797,104.45999908447266,104.6760025024414,0.0
1603411200,104.90699768066406,104.90699768066406,104.55000305175781,104.9209976196289,0.0
1603670400,104.70700073242188,105.03900146484375,104.64900207519531,104.68299865722656,0.0
1603756800,104.80599975585938,104.83000183105469,104.39299774169922,104.83200073242188,0.0
1603843200,104.54100036621094,104.54199981689453,104.11499786376953,104.54499816894531,0.0
1603929600,104.31900024414062,104.7020034790039,104.02999877929688,104.31500244140625,0.0
1604016000,104.55799865722656,104.72100067138672,104.13899993896484,104.55400085449219,0.0
1604275200,104.61199951171875,104.94300079345703,104.61199951171875,104.58000183105469,0.0
1604361600,104.7239990234375,104.8010025024414,104.43699645996094,104.7249984741211,0.0
1604448000,104.50599670410156,105.34100341796875,104.16100311279297,104.5459976196289,0.0
1604534400,104.43599700927734,104.44999694824219,103.5739974975586,104.43800354003906,0.0
1604620800,103.59600067138672,103.75800323486328,103.18399810791016,103.60299682617188,0.0
1604880000,103.23999786376953,105.63600158691406,103.23999786376953,103.25299835205078,0.0
1604966400,105.16200256347656,105.47799682617188,104.8219985961914,105.13700103759766,0.0
1605052800,105.26300048828125,105.66000366210938,105.01200103759766,105.26000213623047,0.0
1605139200,105.42400360107422,105.47100067138672,105.10299682617188,105.41500091552734,0.0
1605225600,105.08499908447266,105.1449966430664,104.61100006103516,105.08999633789062,0.0
1605484800,104.66600036621094,105.09500122070312,104.36499786376953,104.6760025024414,0.0
1605571200,104.49500274658203,104.56400299072266,104.0739974975586,104.54100036621094,0.0
1605657600,104.15299987792969,104.15299987792969,103.66400146484375,104.18099975585938,0.0
1605744000,103.90399932861328,104.2040023803711,103.71900177001953,103.89399719238281,0.0
1605830400,103.79299926757812,103.90499877929688,103.70600128173828,103.82499694824219,0.0
1606089600,103.8239974975586,104.6240005493164,103.68699645996094,103.81700134277344,0.0
1606176000,104.55699920654297,104.74500274658203,104.14900207519531,104.5250015258789,0.0
1606262400,104.50599670410156,104.58499908447266,104.26799774169922,104.51300048828125,0.0
1606348800,104.37899780273438,104.39199829101562,104.22599792480469,104.4000015258789,0.0
1606435200,104.26399993896484,104.26699829101562,103.90699768066406,104.24199676513672,0.0
1606694400,104.10099792480469,104.38400268554688,103.83000183105469,104.08200073242188,0.0
1606780800,104.3010025024414,104.572998046875,104.18599700927734,104.29900360107422,0.0
1606867200,104.28900146484375,104.74700164794922,104.2249984741211,104.30899810791016,0.0
1606953600,104.45600128173828,104.53299713134766,103.67500305175781,104.45800018310547,0.0
1607040000,103.8239974975586,104.24199676513672,103.73799896240234,103.822998046875,0.0
1607299200,104.20099639892578,104.30999755859375,103.92400360107422,104.197998046875,0.0
1607385600,104.00800323486328,104.19200134277344,103.95999908447266,103.99800109863281,0.0
1607472000,104.13300323486328,104.3010025024414,104.0530014038086,104.13500213623047,0.0
1607558400,104.28700256347656,104.5739974975586,104.23200225830078,104.27200317382812,0.0
1607644800,104.16799926757812,104.16799926757812,103.82599639892578,104.18199920654297,0.0
1607904000,103.96199798583984,104.08300018310547,103.51399993896484,103.93900299072266,0.0
1607990400,104.01200103759766,104.14700317382812,103.68099975585938,104.01000213623047,0.0
1608076800,103.6510009765625,103.70999908447266,103.26200103759766,103.63400268554688,0.0
1608163200,103.46399688720703,103.54900360107422,102.89399719238281,103.4749984741211,0.0
1608249600,103.14900207519531,103.58999633789062,103.12899780273438,103.13099670410156,0.0
1608508800,103.4729995727539,103.88500213623047,103.25700378417969,103.45700073242188,0.0
1608595200,103.33699798583984,103.72200012207031,103.27899932861328,103.33999633789062,0.0
1608681600,103.5270004272461,103.63500213623047,103.36299896240234,103.53399658203125,0.0
1608768000,103.5250015258789,103.75599670410156,103.5,103.552001953125,0.0
1608854400,103.62100219726562,103.65499877929688,103.21399688720703,103.65299987792969,0.0
1609113600,103.5260009765625,103.89399719238281,103.4000015258789,103.53299713134766,0.0
1609200000,103.69100189208984,103.79100036621094,103.46600341796875,103.68900299072266,0.0
1609286400,103.552001953125,103.56999969482422,102.96299743652344,103.55899810791016,0.0
1609372800,103.13400268554688,103.27899932861328,103.00299835205078,103.12100219726562,0.0
1609459200,103.22599792480469,103.25,103.22599792480469,103.22599792480469,0.0
1609718400,103.24400329589844,103.24400329589844,102.70999908447266,103.23899841308594,0.0
1609804800,103.14199829101562,103.18000030517578,102.6719970703125,103.125,0.0
1609891200,102.69999694824219,103.43099975585938,102.58999633789062,102.6780014038086,0.0
1609977600,103.02799987792969,103.95099639892578,102.95600128173828,103.02400207519531,0.0
1610064000,103.79499816894531,104.0780029296875,103.61699676513672,103.79000091552734,0.0
1610323200,104.072998046875,104.38899993896484,104.03700256347656,104.09100341796875,0.0
1610409600,104.13200378417969,104.31900024414062,104.08999633789062,104.12799835205078,0.0
1610496000,103.74800109863281,103.98799896240234,103.54000091552734,103.75199890136719,0.0
1610582400,103.84500122070312,104.18800354003906,103.64199829101562,103.83699798583984,0.0
1610668800,103.83699798583984,103.88500213623047,103.62000274658203,103.8280029296875,0.0
1610928000,103.91200256347656,103.9229965209961,103.63899993896484,103.90799713134766,0.0
1611014400,103.69599914550781,104.08200073242188,103.6500015258789,103.7030029296875,0.0
1611100800,103.89800262451172,103.91799926757812,103.46299743652344,103.89700317382812,0.0
1611187200,103.55699920654297,103.65899658203125,103.32599639892578,103.55500030517578,0.0
1611273600,103.51200103759766,103.88200378417969,103.49500274658203,103.50599670410156,0.0
1611532800,103.78700256347656,103.93099975585938,103.677001953125,103.7770004272461,0.0
1611619200,103.76200103759766,103.8270034790039,103.55500030517578,103.76000213623047,0.0
1611705600,103.60299682617188,104.16799926757812,103.59300231933594,103.60299682617188,0.0
1611792000,104.13600158691406,104.4520034790039,104.13600158691406,104.14299774169922,0.0
1611878400,104.31199645996094,104.93499755859375,104.28900146484375,104.29100036621094,0.0
1612137600,104.71900177001953,104.98999786376953,104.6240005493164,104.68599700927734,0.0
1612224000,104.87799835205078,105.16200256347656,104.822998046875,104.88099670410156,0.0
1612310400,105.02200317382812,105.09700012207031,104.92400360107422,105.02799987792969,0.0
1612396800,104.99500274658203,105.49099731445312,104.9729995727539,104.99500274658203,0.0
1612483200,105.56800079345703,105.76300048828125,105.33100128173828,105.5719985961914,0.0
1612742400,105.39700317382812,105.66600036621094,105.15799713134766,105.4000015258789,0.0
1612828800,105.22699737548828,105.22699737548828,104.51200103759766,105.20999908447266,0.0
1612915200,104.58200073242188,104.83699798583984,104.41799926757812,104.57499694824219,0.0
1613001600,104.61900329589844,104.77999877929688,104.552001953125,104.61499786376953,0.0
1613088000,104.75499725341797,105.16999816894531,104.72000122070312,104.74099731445312,0.0
1613347200,105.06099700927734,105.40499877929688,104.98300170898438,105.05899810791016,0.0
1613433600,105.38500213623047,105.86799621582031,105.1989974975586,105.38700103759766,0.0
1613520000,106.12899780273438,106.20500183105469,105.81999969482422,106.10299682617188,0.0
1613606400,105.85600280761719,105.91799926757812,105.5989990234375,105.86100006103516,0.0
1613692800,105.66799926757812,105.72699737548828,105.25,105.6520004272461,0.0
1613952000,105.54299926757812,105.83599853515625,105.0,105.51399993896484,0.0
1614038400,105.01200103759766,105.41100311279297,104.9000015258789,104.98400115966797,0.0
1614124800,105.28700256347656,106.09400177001953,105.26799774169922,105.28299713134766,0.0
1614211200,105.94599914550781,106.28600311279297,105.8550033569336,105.94400024414062,0.0
1614297600,106.38999938964844,106.68199920654297,105.85700225830078,106.37899780273438,0.0
1614556800,106.4739990234375,106.77300262451172,106.3759994506836,106.50299835205078,0.0
1614643200,106.84600067138672,106.94999694824219,106.68800354003906,106.85099792480469,0.0
1614729600,106.75399780273438,107.13899993896484,106.70099639892578,106.75800323486328,0.0
1614816000,107.05899810791016,107.63500213623047,106.97000122070312,107.05799865722656,0.0
1614902400,107.96099853515625,108.60900115966797,107.82599639892578,107.95500183105469,0.0
1615161600,108.39600372314453,108.94000244140625,108.31400299072266,108.41899871826172,0.0
1615248000,108.9260025024414,109.22899627685547,108.55999755859375,108.93900299072266,0.0
1615334400,108.56400299072266,108.91999816894531,108.33899688720703,108.5770034790039,0.0
1615420800,108.43599700927734,108.802001953125,108.36299896240234,108.43199920654297,0.0
1615507200,108.5739974975586,109.14800262451172,108.51899719238281,108.55500030517578,0.0
1615766400,109.11399841308594,109.35600280761719,108.93099975585938,109.11699676513672,0.0
1615852800,109.11900329589844,109.2760009765625,108.78299713134766,109.13400268554688,0.0
1615939200,109.02300262451172,109.2760009765625,109.01399993896484,109.02899932861328,0.0
1616025600,108.91000366210938,109.28399658203125,108.69300079345703,108.89099884033203,0.0
1616112000,108.93199920654297,109.10099792480469,108.61199951171875,108.93099975585938,0.0
1616371200,108.87799835205078,108.947998046875,108.62100219726562,108.87100219726562,0.0
1616457600,108.7770004272461,108.86900329589844,108.41500091552734,108.7760009765625,0.0
1616544000,108.52300262451172,108.94100189208984,108.45500183105469,108.5199966430664,0.0
1616630400,108.78399658203125,109.18900299072266,108.78399658203125,108.79000091552734,0.0
1616716800,109.18199920654297,109.83399963378906,109.13899993896484,109.17900085449219,0.0
1616976000,109.77799987792969,109.77899932861328,109.38400268554688,109.79100036621094,0.0
1617062400,109.83000183105469,110.41899871826172,109.78800201416016,109.83599853515625,0.0
1617148800,110.29299926757812,110.9530029296875,110.27799987792969,110.30500030517578,0.0
1617235200,110.73799896240234,110.84500122070312,110.56300354003906,110.75,0.0
1617321600,110.62000274658203,110.74400329589844,110.38200378417969,110.61299896240234,0.0
1617580800,110.66999816894531,110.71199798583984,109.95700073242188,110.677001953125,0.0
1617667200,110.19400024414062,110.5479965209961,109.68900299072266,110.19300079345703,0.0
1617753600,109.78299713134766,109.93499755859375,109.59200286865234,109.79299926757812,0.0
1617840000,109.87799835205078,109.89399719238281,109.0009994506836,109.85199737548828,0.0
1617926400,109.32499694824219,109.9520034790039,109.22200012207031,109.33000183105469,0.0
1618185600,109.71900177001953,109.76100158691406,109.24700164794922,109.69400024414062,0.0
1618272000,109.37999725341797,109.74700164794922,109.04299926757812,109.3740005493164,0.0
1618358400,108.91699981689453,109.08000183105469,108.76499938964844,108.92400360107422,0.0
1618444800,108.88600158691406,108.95099639892578,108.625,108.89399719238281,0.0
1618531200,108.65499877929688,108.96099853515625,108.625,108.68900299072266,0.0
1618790400,108.69400024414062,108.75499725341797,108.00700378417969,108.71900177001953,0.0
1618876800,108.1050033569336,108.52200317382812,107.9800033569336,108.0979995727539,0.0
1618963200,108.13200378417969,108.2699966430664,107.89199829101562,108.13300323486328,0.0
1619049600,108.0270004272461,108.18599700927734,107.8239974975586,108.03900146484375,0.0
1619136000,107.93599700927734,108.12300109863281,107.47000122070312,107.97799682617188,0.0
1619395200,107.88099670410156,108.18699645996094,107.6520004272461,107.8740005493164,0.0
1619481600,108.18800354003906,108.56999969482422,108.10099792480469,108.2020034790039,0.0
1619568000,108.73799896240234,109.06999969482422,108.71299743652344,108.75,0.0
1619654400,108.50499725341797,109.21900177001953,108.43800354003906,108.50499725341797,0.0
1619740800,108.91500091552734,109.33300018310547,108.71299743652344,108.90399932861328,0.0
1620000000,109.29900360107422,109.69300079345703,108.90599822998047,109.28299713134766,0.0
1620086400,109.08599853515625,109.48100280761719,109.0469970703125,109.08699798583984,0.0
1620172800,109.32599639892578,109.46299743652344,109.1520004272461,109.3290023803711,0.0
1620259200,109.18900299072266,109.41899871826172,109.0459976196289,109.21900177001953,0.0
1620345600,109.01399993896484,109.27799987792969,108.34700012207031,109.05000305175781,0.0
1620604800,108.5999984741211,109.04499816894531,108.58799743652344,108.5719985961914,0.0
1620691200,108.83499908447266,108.96600341796875,108.37899780273438,108.84400177001953,0.0
1620777600,108.71900177001953,109.53600311279297,108.66400146484375,108.71499633789062,0.0
1620864000,109.7229995727539,109.7770004272461,109.47599792480469,109.66400146484375,0.0
1620950400,109.51899719238281,109.64399719238281,109.2300033569336,109.51599884033203,0.0
1621209600,109.41200256347656,109.49600219726562,109.06999969482422,109.41200256347656,0.0
1621296000,109.2760009765625,109.2760009765625,108.84400177001953,109.24199676513672,0.0
1621382400,108.85700225830078,109.322998046875,108.58399963378906,108.86799621582031,0.0
1621468800,109.26100158691406,109.28299713134766,108.75299835205078,109.27300262451172,0.0
1621555200,108.83100128173828,108.9739990234375,108.60900115966797,108.86000061035156,0.0
1621814400,108.91500091552734,108.98300170898438,108.697998046875,108.91899871826172,0.0
1621900800,108.8239974975586,109.05599975585938,108.5790023803711,108.85099792480469,0.0
1621987200,108.79100036621094,109.13700103759766,108.7239990234375,108.802001953125,0.0
1622073600,109.18900299072266,109.84200286865234,109.04100036621094,109.16999816894531,0.0
1622160000,109.84200286865234,110.19599914550781,109.79399871826172,109.80899810791016,0.0
1622419200,109.91899871826172,109.9280014038086,109.36599731445312,109.90699768066406,0.0
1622505600,109.47799682617188,109.69300079345703,109.33300018310547,109.49299621582031,0.0
1622592000,109.48300170898438,109.88300323486328,109.48300170898438,109.49299621582031,0.0
1622678400,109.59300231933594,110.30999755859375,109.58300018310547,109.59500122070312,0.0
1622764800,110.28600311279297,110.322998046875,109.37100219726562,110.26599884033203,0.0
1623024000,109.63200378417969,109.63200378417969,109.18499755859375,109.61699676513672,0.0
1623110400,109.28800201416016,109.5530014038086,109.20500183105469,109.27400207519531,0.0
1623196800,109.48799896240234,109.63700103759766,109.23400115966797,109.46900177001953,0.0
1623283200,109.6520004272461,109.78299713134766,109.43000030517578,109.61000061035156,0.0
1623369600,109.39299774169922,109.83599853515625,109.3239974975586,109.40899658203125,0.0
1623628800,109.74400329589844,109.99700164794922,109.61100006103516,109.70899963378906,0.0
1623715200,110.0250015258789,110.16200256347656,109.98999786376953,110.04100036621094,0.0
1623801600,110.07499694824219,110.13600158691406,109.81199645996094,110.08399963378906,0.0
1623888000,110.77999877929688,110.81700134277344,110.21099853515625,110.7699966430664,0.0
1623974400,110.30799865722656,110.4749984741211,109.9469985961914,110.32499694824219,0.0
1624233600,110.19200134277344,110.3280029296875,109.73600006103516,110.20099639892578,0.0
1624320000,110.38500213623047,110.78800201416016,110.22100067138672,110.3740005493164,0.0
1624406400,110.68499755859375,111.09100341796875,110.68499755859375,110.65399932861328,0.0
1624492800,110.98600006103516,111.09500122070312,110.70999908447266,111.01200103759766,0.0
1624579200,110.91699981689453,110.9749984741211,110.48200225830078,110.9209976196289,0.0
1624838400,110.80400085449219,110.97100067138672,110.50700378417969,110.8219985961914,0.0
1624924800,110.60399627685547,110.74600219726562,110.44200134277344,110.60299682617188,0.0
1625011200,110.52400207519531,111.06500244140625,110.42900085449219,110.53500366210938,0.0
1625097600,111.12899780273438,111.62200164794922,111.0260009765625,111.1240005493164,0.0
1625184000,111.58399963378906,111.65599822998047,111.15499877929688,111.5719985961914,0.0
1625443200,111.13999938964844,111.18399810791016,110.7979965209961,111.13500213623047,0.0
1625529600,110.90699768066406,110.91200256347656,110.5260009765625,110.91600036621094,0.0
1625616000,110.56999969482422,110.80699920654297,110.4020004272461,110.60199737548828,0.0
1625702400,110.62200164794922,110.62200164794922,109.53500366210938,110.63500213623047,0.0
1625788800,109.78800201416016,110.24600219726562,109.76699829101562,109.8010025024414,0.0
1626048000,110.20800018310547,110.38899993896484,109.98200225830078,110.21499633789062,0.0
1626134400,110.3280029296875,110.55000305175781,110.2020034790039,110.32499694824219,0.0
1626220800,110.59600067138672,110.69400024414062,109.98500061035156,110.59500122070312,0.0
1626307200,109.99400329589844,110.08200073242188,109.71600341796875,109.98400115966797,0.0
1626393600,109.75700378417969,110.33599853515625,109.73300170898438,109.77799987792969,0.0
1626652800,109.90399932861328,110.0250015258789,109.08599853515625,109.8740005493164,0.0
1626739200,109.5270004272461,109.9540023803711,109.33399963378906,109.53399658203125,0.0
1626825600,109.9260025024414,110.38300323486328,109.80699920654297,109.91999816894531,0.0
1626912000,110.23899841308594,110.3479995727539,110.02400207519531,110.25499725341797,0.0
1626998400,110.12899780273438,110.58300018310547,110.11499786376953,110.13999938964844,0.0
1627257600,110.54299926757812,110.58000183105469,110.1259994506836,110.54399871826172,0.0
1627344000,110.30699920654297,110.31900024414062,109.625,110.302001953125,0.0
1627430400,109.78399658203125,110.21600341796875,109.74700164794922,109.80599975585938,0.0
1627516800,109.87899780273438,109.88899993896484,109.47100067138672,109.89099884033203,0.0
1627603200,109.39099884033203,109.79299926757812,109.36699676513672,109.40899658203125,0.0
1627862400,109.69400024414062,109.74400329589844,109.19599914550781,109.70600128173828,0.0
1627948800,109.27200317382812,109.33100128173828,108.87799835205078,109.26899719238281,0.0
1628035200,108.98600006103516,109.64600372314453,108.72899627685547,108.99099731445312,0.0
1628121600,109.53500366210938,109.77799987792969,109.40799713134766,109.52899932861328,0.0
1628208000,109.7509994506836,110.34500122070312,109.7020034790039,109.75199890136719,0.0
1628467200,110.26100158691406,110.31099700927734,110.02799987792969,110.25900268554688,0.0
1628553600,110.31800079345703,110.58599853515625,110.3030014038086,110.30599975585938,0.0
1628640000,110.5989990234375,110.8030014038086,110.38700103759766,110.5979995727539,0.0
1628726400,110.36499786376953,110.5260009765625,110.31600189208984,110.3740005493164,0.0
1628812800,110.41200256347656,110.45500183105469,109.73500061035156,110.40299987792969,0.0
1629072000,109.59400177001953,109.59400177001953,109.11299896240234,109.6240005493164,0.0
1629158400,109.302001953125,109.64800262451172,109.13800048828125,109.2969970703125,0.0
1629244800,109.54100036621094,109.94400024414062,109.48300170898438,109.53700256347656,0.0
1629331200,109.85199737548828,110.20999908447266,109.49299621582031,109.84200286865234,0.0
1629417600,109.78199768066406,109.88500213623047,109.5780029296875,109.76799774169922,0.0
1629676800,109.86399841308594,110.13999938964844,109.7300033569336,109.83999633789062,0.0
1629763200,109.6719970703125,109.87699890136719,109.4219970703125,109.6780014038086,0.0
1629849600,109.74199676513672,110.0999984741211,109.68499755859375,109.7300033569336,0.0
1629936000,109.99700164794922,110.22200012207031,109.9260025024414,109.97599792480469,0.0
1630022400,110.03800201416016,110.25700378417969,109.83599853515625,110.0479965209961,0.0
1630281600,109.84100341796875,109.95600128173828,109.70600128173828,109.86499786376953,0.0
1630368000,109.93900299072266,110.06700134277344,109.60299682617188,109.94400024414062,0.0
1630454400,110.06199645996094,110.41000366210938,109.88300323486328,110.05599975585938,0.0
1630540800,110.10600280761719,110.10600280761719,109.9280014038086,110.09600067138672,0.0
1630627200,109.94499969482422,110.06600189208984,109.60399627685547,109.94499969482422,0.0
1630886400,109.77799987792969,109.93099975585938,109.7490005493164,109.76399993896484,0.0
1630972800,109.81900024414062,110.2509994506836,109.68699645996094,109.81999969482422,0.0
1631059200,110.28900146484375,110.44000244140625,110.13999938964844,110.2959976196289,0.0
1631145600,110.22000122070312,110.26799774169922,109.75299835205078,110.21800231933594,0.0
1631232000,109.77400207519531,109.98400115966797,109.70099639892578,109.78099822998047,0.0
1631491200,109.90899658203125,110.15599822998047,109.89900207519531,109.91500091552734,0.0
1631577600,109.99099731445312,110.14399719238281,109.61900329589844,109.99400329589844,0.0
1631664000,109.71199798583984,109.71700286865234,109.11399841308594,109.71900177001953,0.0
1631750400,109.39099884033203,109.8239974975586,109.21499633789062,109.38300323486328,0.0
1631836800,109.68599700927734,110.0719985961914,109.66799926757812,109.6989974975586,0.0
1632096000,109.9800033569336,110.03299713134766,109.43000030517578,109.97100067138672,0.0
1632182400,109.43399810791016,109.69499969482422,109.19000244140625,109.43699645996094,0.0
1632268800,109.15399932861328,109.63999938964844,109.12999725341797,109.14900207519531,0.0
1632355200,109.80899810791016,110.19499969482422,109.79199981689453,109.8219985961914,0.0
1632441600,110.322998046875,110.73899841308594,110.31099700927734,110.32599639892578,0.0
1632700800,110.75,111.05500030517578,110.53399658203125,110.76399993896484,0.0
1632787200,110.96199798583984,111.62899780273438,110.93699645996094,110.96399688720703,0.0
1632873600,111.51300048828125,111.91699981689453,111.21900177001953,111.52799987792969,0.0
1632960000,111.9219970703125,112.06800079345703,111.41400146484375,111.93599700927734,0.0
1633046400,111.46399688720703,111.4800033569336,110.91200256347656,111.46099853515625,0.0
1633305600,110.96299743652344,111.2979965209961,110.84200286865234,110.9469985961914,0.0
1633392000,110.96900177001953,111.5530014038086,110.8759994506836,110.96800231933594,0.0
1633478400,111.5199966430664,111.77300262451172,111.20500183105469,111.48699951171875,0.0
1633564800,111.40699768066406,111.5459976196289,111.24299621582031,111.41300201416016,0.0
1633651200,111.6729965209961,112.177001953125,111.52200317382812,111.66200256347656,0.0
1633910400,112.27200317382812,113.38400268554688,112.18299865722656,112.2699966430664,0.0
1633996800,113.41100311279297,113.7770004272461,113.01699829101562,113.38800048828125,0.0
1634083200,113.53600311279297,113.78800201416016,113.24800109863281,113.51899719238281,0.0
1634169600,113.2959976196289,113.70700073242188,113.27799987792969,113.3010025024414,0.0
1634256000,113.83599853515625,114.4469985961914,113.81600189208984,113.83399963378906,0.0
1634515200,114.30899810791016,114.43599700927734,114.0199966430664,114.3239974975586,0.0
1634601600,114.29100036621094,114.34600067138672,113.88300323486328,114.28500366210938,0.0
1634688000,114.5270004272461,114.68499755859375,114.14099884033203,114.54299926757812,0.0
1634774400,114.38300323486328,114.38999938964844,113.6719970703125,114.38899993896484,0.0
1634860800,113.8479995727539,114.18499755859375,113.51499938964844,113.8499984741211,0.0
1635120000,113.63800048828125,113.89600372314453,113.48999786376953,113.66400146484375,0.0
1635206400,113.75599670410156,114.2979965209961,113.7249984741211,113.76499938964844,0.0
1635292800,114.1780014038086,114.21499633789062,113.41699981689453,114.18800354003906,0.0
1635379200,113.77100372314453,113.85600280761719,113.25499725341797,113.7760009765625,0.0
1635465600,113.64399719238281,114.08599853515625,113.3949966430664,113.61599731445312,0.0
1635724800,114.21800231933594,114.43399810791016,114.02999877929688,114.23600006103516,0.0
1635811200,114.08399963378906,114.13400268554688,113.46600341796875,114.09400177001953,0.0
1635897600,113.96700286865234,114.14199829101562,113.72200012207031,113.96199798583984,0.0
1635984000,114.06600189208984,114.27300262451172,113.5270004272461,114.06999969482422,0.0
1636070400,113.82499694824219,114.0,113.4280014038086,113.83699798583984,0.0
1636329600,113.46299743652344,113.66200256347656,113.08200073242188,113.4749984741211,0.0
1636416000,113.24299621582031,113.25299835205078,112.73100280761719,113.25399780273438,0.0
1636502400,112.91300201416016,113.93599700927734,112.77400207519531,112.91200256347656,0.0
1636588800,113.92900085449219,114.12699890136719,113.81400299072266,113.90499877929688,0.0
1636675200,114.0479965209961,114.2979965209961,113.77100372314453,114.04299926757812,0.0
1636934400,113.99099731445312,114.04100036621094,113.76000213623047,113.98100280761719,0.0
1637020800,114.13099670410156,114.63099670410156,114.11000061035156,114.13200378417969,0.0
1637107200,114.91600036621094,114.94200134277344,114.33000183105469,114.90399932861328,0.0
1637193600,114.20999908447266,114.4749984741211,113.88400268554688,114.19000244140625,0.0
1637280000,114.31999969482422,114.52100372314453,113.60399627685547,114.28199768066406,0.0
1637539200,114.13899993896484,114.80699920654297,114.01899719238281,114.13800048828125,0.0
1637625600,114.802001953125,115.14600372314453,114.55000305175781,114.79000091552734,0.0
1637712000,115.15699768066406,115.47599792480469,114.8290023803711,115.14099884033203,0.0
1637798400,115.41400146484375,115.43599700927734,115.23600006103516,115.40799713134766,0.0
1637884800,115.10199737548828,115.10199737548828,113.05599975585938,115.06900024414062,0.0
1638144000,113.70500183105469,113.93399810791016,113.03500366210938,113.71900177001953,0.0
1638230400,113.80699920654297,113.88500213623047,112.54299926757812,113.80400085449219,0.0
1638316800,113.26300048828125,113.61299896240234,112.77400207519531,113.29900360107422,0.0
1638403200,112.86299896240234,113.30899810791016,112.71399688720703,112.88200378417969,0.0
1638489600,113.0260009765625,113.60600280761719,112.86000061035156,113.02200317382812,0.0
1638748800,113.01100158691406,113.48200225830078,112.85600280761719,113.04199981689453,0.0
1638835200,113.48600006103516,113.77300262451172,113.41000366210938,113.45800018310547,0.0
1638921600,113.51599884033203,113.93000030517578,113.3239974975586,113.5250015258789,0.0
1639008000,113.71399688720703,113.80599975585938,113.28399658203125,113.68399810791016,0.0
1639094400,113.43800354003906,113.78600311279297,113.23699951171875,113.447998046875,0.0
1639353600,113.51000213623047,113.72100067138672,113.38600158691406,113.5009994506836,0.0
1639440000,113.5739974975586,113.7490005493164,113.43900299072266,113.5770034790039,0.0
1639526400,113.73899841308594,113.89700317382812,113.63099670410156,113.74299621582031,0.0
1639612800,114.15599822998047,114.24500274658203,113.56400299072266,114.13600158691406,0.0
1639699200,113.68000030517578,113.84500122070312,113.1510009765625,113.66300201416016,0.0
1639958400,113.5510025024414,113.68499755859375,113.33100128173828,113.51799774169922,0.0
1640044800,113.65899658203125,114.16300201416016,113.56700134277344,113.66200256347656,0.0
1640131200,114.01499938964844,114.36199951171875,114.0009994506836,113.99400329589844,0.0
1640217600,114.1240005493164,114.44100189208984,114.10700225830078,114.12100219726562,0.0
1640304000,114.45700073242188,114.50499725341797,114.29900360107422,114.45800018310547,0.0
1640563200,114.33799743652344,114.9010009765625,114.31900024414062,114.33300018310547,0.0
1640649600,114.78800201416016,114.93399810791016,114.70899963378906,114.79199981689453,0.0
1640736000,114.76699829101562,115.03199768066406,114.6729965209961,114.77300262451172,0.0
1640822400,114.95700073242188,115.19999694824219,114.9469985961914,114.947998046875,0.0
1640908800,115.05899810791016,115.19200134277344,115.00499725341797,115.06300354003906,0.0
1641168000,115.13600158691406,115.36000061035156,114.9739990234375,115.14199829101562,0.0
1641254400,115.31600189208984,116.33999633789062,115.29900360107422,115.3280029296875,0.0
1641340800,116.16500091552734,116.23500061035156,115.62699890136719,116.17400360107422,0.0
1641427200,116.12899780273438,116.17900085449219,115.65399932861328,116.12799835205078,0.0
1641513600,115.87000274658203,116.02999877929688,115.59100341796875,115.86499786376953,0.0
1641772800,115.62200164794922,115.84200286865234,115.04499816894531,115.61799621582031,0.0
1641859200,115.28299713134766,115.6760025024414,115.13700103759766,115.27799987792969,0.0
1641945600,115.33100128173828,115.45899963378906,114.71499633789062,115.33100128173828,0.0
1642032000,114.66999816894531,114.69200134277344,114.00599670410156,114.67500305175781,0.0
1642118400,114.10099792480469,114.1709976196289,113.50499725341797,114.11799621582031,0.0
1642377600,114.30599975585938,114.63600158691406,114.28399658203125,114.30599975585938,0.0
1642464000,114.57099914550781,115.03099822998047,114.44999694824219,114.57099914550781,0.0
1642550400,114.55599975585938,114.76799774169922,114.22100067138672,114.55400085449219,0.0
1642636800,114.34700012207031,114.53099822998047,113.97799682617188,114.34700012207031,0.0
1642723200,113.94599914550781,114.01799774169922,113.61900329589844,113.99299621582031,0.0
1642982400,113.78600311279297,113.98999786376953,113.48899841308594,113.78500366210938,0.0
1643068800,114.01499938964844,114.14399719238281,113.67500305175781,114.01100158691406,0.0
1643155200,113.89099884033203,114.37699890136719,113.78800201416016,113.875,0.0
1643241600,114.71700286865234,115.48100280761719,114.48600006103516,114.72100067138672,0.0
1643328000,115.36799621582031,115.66999816894531,115.13700103759766,115.35199737548828,0.0
1643587200,115.23899841308594,115.5770034790039,115.1760025024414,115.26200103759766,0.0
1643673600,115.14399719238281,115.19200134277344,114.56800079345703,115.12100219726562,0.0
1643760000,114.7249984741211,114.7959976196289,114.19300079345703,114.73600006103516,0.0
1643846400,114.36799621582031,114.96900177001953,114.32599639892578,114.38200378417969,0.0
1643932800,114.96900177001953,115.4260025024414,114.78099822998047,114.95700073242188,0.0
1644192000,115.24600219726562,115.37300109863281,114.91899871826172,115.2239990234375,0.0
1644278400,115.06600189208984,115.61799621582031,115.06600189208984,115.06300354003906,0.0
1644364800,115.54199981689453,115.58300018310547,115.31900024414062,115.53099822998047,0.0
1644451200,115.5999984741211,116.3239974975586,115.48500061035156,115.60199737548828,0.0
1644537600,116.04900360107422,116.16600036621094,115.7760009765625,116.0469970703125,0.0
1644796800,115.55899810791016,115.7239990234375,115.0199966430664,115.58399963378906,0.0
1644883200,115.54199981689453,115.86900329589844,115.25599670410156,115.53600311279297,0.0
1644969600,115.63999938964844,115.77400207519531,115.39099884033203,115.63500213623047,0.0
1645056000,115.39399719238281,115.52799987792969,114.86100006103516,115.38700103759766,0.0
1645142400,114.85600280761719,115.26399993896484,114.78700256347656,114.86599731445312,0.0
1645401600,114.95600128173828,115.10600280761719,114.79900360107422,114.96099853515625,0.0
1645488000,114.58300018310547,115.23200225830078,114.5260009765625,114.60900115966797,0.0
1645574400,115.10199737548828,115.18499755859375,114.96700286865234,115.09600067138672,0.0
1645660800,114.91600036621094,115.6259994506836,114.41400146484375,114.89800262451172,0.0
1645747200,115.5469970703125,115.63099670410156,115.1520004272461,115.57099914550781,0.0
1646006400,115.58799743652344,115.64700317382812,115.09300231933594,115.58499908447266,0.0
1646092800,115.08200073242188,115.26499938964844,114.71900177001953,115.0780029296875,0.0
1646179200,114.81500244140625,115.68000030517578,114.79499816894531,114.83300018310547,0.0
1646265600,115.49700164794922,115.80000305175781,115.49500274658203,115.51899719238281,0.0
1646352000,115.4800033569336,115.53299713134766,114.6510009765625,115.4739990234375,0.0
1646611200,114.93699645996094,115.47100067138672,114.84200286865234,114.94999694824219,0.0
1646697600,115.36900329589844,115.7760009765625,115.33200073242188,115.37300109863281,0.0
1646784000,115.74199676513672,115.94100189208984,115.5790023803711,115.72200012207031,0.0
1646870400,115.91100311279297,116.19000244140625,115.81999969482422,115.90899658203125,0.0
1646956800,116.15899658203125,117.16400146484375,116.1500015258789,116.17900085449219,0.0
1647216000,117.50399780273438,118.05899810791016,117.46700286865234,117.52899932861328,0.0
1647302400,118.21800231933594,118.43399810791016,117.74500274658203,118.21800231933594,0.0
1647388800,118.31199645996094,118.5009994506836,118.1719970703125,118.29199981689453,0.0
1647475200,118.89099884033203,118.99800109863281,118.4219970703125,118.87000274658203,0.0
1647561600,118.48500061035156,119.38899993896484,118.48500061035156,118.48600006103516,0.0
1647820800,119.26100158691406,119.29299926757812,119.0999984741211,119.26300048828125,0.0
1647907200,119.59400177001953,120.97599792480469,119.59400177001953,119.59400177001953,0.0
1647993600,121.26499938964844,121.29900360107422,120.62799835205078,121.33999633789062,0.0
1648080000,121.13800048828125,122.10299682617188,120.9800033569336,121.12699890136719,0.0
1648166400,122.3499984741211,122.3499984741211,121.21700286865234,122.34600067138672,0.0
1648425600,122.2699966430664,125.05500030517578,122.15899658203125,122.2699966430664,0.0
1648512000,123.66000366210938,124.20899963378906,122.05799865722656,123.66000366210938,0.0
1648598400,123.125,123.02300262451172,121.31600189208984,123.125,0.0
1648684800,122.02100372314453,122.41600036621094,121.29100036621094,122.02100372314453,0.0
1648771200,121.75599670410156,122.99700164794922,121.74299621582031,121.75599670410156,0.0
1649030400,122.61000061035156,122.9280014038086,122.28800201416016,122.61000061035156,0.0
1649116800,122.80899810791016,123.4990005493164,122.41999816894531,122.80899810791016,0.0
1649203200,123.65599822998047,124.04399871826172,123.58799743652344,123.65599822998047,0.0
1649289600,123.7229995727539,123.99500274658203,123.50800323486328,123.7229995727539,0.0
1649376000,124.09600067138672,124.6500015258789,123.68299865722656,124.09600067138672,0.0
1649635200,124.38500213623047,125.76100158691406,124.302001953125,124.38500213623047,0.0
1649721600,125.47200012207031,125.74299621582031,124.87300109863281,125.47200012207031,0.0
1649808000,125.41600036621094,126.2969970703125,125.37100219726562,125.41600036621094,0.0
1649894400,125.37699890136719,125.98799896240234,125.13099670410156,125.37699890136719,0.0
1649980800,126.17900085449219,126.6709976196289,126.06900024414062,126.17900085449219,0.0
1650240000,126.61799621582031,126.79000091552734,126.26300048828125,126.61799621582031,0.0
1650326400,127.0979995727539,128.86099243164062,127.03900146484375,127.0979995727539,0.0
1650412800,129.33299255371094,129.37399291992188,127.51100158691406,129.33299255371094,0.0
1650499200,128.01300048828125,128.6959991455078,127.8270034790039,128.01300048828125,0.0
1650585600,128.4080047607422,129.0590057373047,127.80699920654297,128.4080047607422,0.0
1650844800,128.60499572753906,128.82200622558594,127.5250015258789,128.60499572753906,0.0
1650931200,127.74400329589844,128.18800354003906,127.04399871826172,127.74400329589844,0.0
1651017600,127.26599884033203,128.5780029296875,127.25900268554688,127.26599884033203,0.0
1651104000,128.3939971923828,131.2209930419922,128.3679962158203,128.3939971923828,0.0
1651190400,130.81100463867188,130.80999755859375,129.4600067138672,130.81100463867188,0.0
1651449600,130.01100158691406,130.4709930419922,129.61599731445312,130.01100158691406,0.0
1651536000,130.11199951171875,130.27999877929688,129.718994140625,130.11199951171875,0.0
1651622400,130.11599731445312,130.197998046875,129.80299377441406,130.11599731445312,0.0
1651708800,129.22300720214844,130.4320068359375,128.77499389648438,129.22300720214844,0.0
1651795200,130.3300018310547,130.80499267578125,130.2209930419922,130.3300018310547,0.0
1652054400,130.74899291992188,131.3249969482422,130.14999389648438,130.74899291992188,0.0
1652140800,130.3769989013672,130.5279998779297,129.81500244140625,130.3769989013672,0.0
1652227200,130.3509979248047,130.7830047607422,129.61199951171875,130.3509979248047,0.0
1652313600,129.8350067138672,129.8979949951172,127.58499908447266,129.8350067138672,0.0
1652400000,128.58799743652344,129.43699645996094,128.36599731445312,128.58799743652344,0.0
1652659200,129.4320068359375,129.60400390625,128.70599365234375,129.4320068359375,0.0
1652745600,128.92300415039062,129.75,128.83999633789062,128.92300415039062,0.0
1652832000,129.45399475097656,129.43299865722656,128.1199951171875,129.45399475097656,0.0
1652918400,127.91400146484375,128.93800354003906,127.02899932861328,127.91400146484375,0.0
1653004800,127.83200073242188,128.28399658203125,127.53700256347656,127.83200073242188,0.0
1653264000,127.90299987792969,127.93299865722656,127.16699981689453,127.90299987792969,0.0
1653350400,127.84600067138672,128.0500030517578,126.39199829101562,127.84600067138672,0.0
1653436800,126.76899719238281,127.41500091552734,126.67500305175781,126.76899719238281,0.0
1653523200,127.1520004272461,127.55999755859375,126.56900024414062,127.1520004272461,0.0
1653609600,127.04499816894531,127.21099853515625,126.677001953125,127.04499816894531,0.0
1653868800,127.28500366210938,127.80599975585938,126.87000274658203,127.28500366210938,0.0
1653955200,127.78399658203125,128.8780059814453,127.65299987792969,127.78399658203125,0.0
1654041600,128.73599243164062,130.11599731445312,128.8000030517578,128.73599243164062,0.0
1654128000,130.1219940185547,130.18099975585938,129.52699279785156,130.1219940185547,0.0
1654214400,129.91799926757812,130.9709930419922,129.69500732421875,129.91799926757812,0.0
1654473600,130.70700073242188,131.67599487304688,130.47300720214844,130.70700073242188,0.0
1654560000,132.17599487304688,132.98800659179688,132.0970001220703,132.17599487304688,0.0
1654646400,132.8470001220703,134.43600463867188,132.73300170898438,132.8470001220703,0.0
1654732800,134.42999267578125,134.5540008544922,133.1909942626953,134.42999267578125,0.0
1654819200,134.41799926757812,134.38099670410156,133.38699340820312,134.41799926757812,0.0
1655078400,134.81399536132812,135.1580047607422,133.60899353027344,134.81399536132812,0.0
1655164800,134.22500610351562,134.96800231933594,133.89999389648438,134.22500610351562,0.0
1655251200,135.29400634765625,135.28500366210938,134.2969970703125,135.29400634765625,0.0
1655337600,134.11500549316406,134.6719970703125,131.5469970703125,134.11500549316406,0.0
1655424000,132.42100524902344,135.41200256347656,132.18699645996094,132.42100524902344,0.0
1655683200,135.2760009765625,135.41200256347656,134.5489959716797,135.2760009765625,0.0
1655769600,135.08700561523438,136.32899475097656,134.94500732421875,135.08700561523438,0.0
1655856000,136.2689971923828,136.59500122070312,135.75100708007812,136.2689971923828,0.0
1655942400,136.0240020751953,136.18099975585938,134.29400634765625,136.0240020751953,0.0
1656028800,134.83999633789062,135.27200317382812,134.3699951171875,134.83999633789062,0.0
1656288000,135.06199645996094,135.53900146484375,134.53500366210938,135.06199645996094,0.0
1656374400,135.43499755859375,136.30299377441406,135.12399291992188,135.43499755859375,0.0
1656460800,136.0469970703125,136.9969940185547,135.81100463867188,136.0469970703125,0.0
1656547200,136.58900451660156,136.7989959716797,135.68699645996094,136.58900451660156,0.0
1656633600,135.78599548339844,135.9770050048828,134.79600524902344,135.78599548339844,0.0
1656892800,135.04299926757812,135.77099609375,134.79800415039062,135.04299926757812,0.0
1656979200,135.83999633789062,136.34500122070312,135.55499267578125,135.83999633789062,0.0
1657065600,135.52099609375,135.96200561523438,134.97500610351562,135.52099609375,0.0
1657152000,135.96600341796875,136.20399475097656,135.57000732421875,135.96600341796875,0.0
1657238400,135.91299438476562,136.54400634765625,135.35699462890625,135.91299438476562,0.0
1657497600,136.30099487304688,137.7449951171875,136.27000427246094,136.30099487304688,0.0
1657584000,137.38800048828125,137.5019989013672,136.49600219726562,137.38800048828125,0.0
1657670400,136.7259979248047,137.85800170898438,136.7310028076172,136.7259979248047,0.0
1657756800,137.6280059814453,139.3769989013672,137.60499572753906,137.6280059814453,0.0
1657843200,138.9669952392578,139.07400512695312,138.4040069580078,138.9669952392578,0.0
1658102400,138.31399536132812,138.43699645996094,137.89599609375,138.31399536132812,0.0
1658188800,138.22900390625,138.38699340820312,137.38600158691406,138.22900390625,0.0
1658275200,138.1909942626953,138.36500549316406,137.91400146484375,138.1909942626953,0.0
1658361600,138.39500427246094,138.86700439453125,137.7220001220703,138.39500427246094,0.0
1658448000,137.09800720214844,137.93899536132812,135.5959930419922,137.09800720214844,0.0
1658707200,136.31199645996094,136.7830047607422,135.93600463867188,136.31199645996094,0.0
1658793600,136.43099975585938,136.83399963378906,136.29200744628906,136.43099975585938,0.0
1658880000,136.97000122070312,137.34300231933594,136.55099487304688,136.97000122070312,0.0
1658966400,136.11099243164062,136.41099548339844,134.35499572753906,136.11099243164062,0.0
1659052800,134.39700317382812,134.64999389648438,132.552001953125,134.39700317382812,0.0
1659312000,133.40699768066406,133.36500549316406,131.6219940185547,133.40699768066406,0.0
1659398400,131.57200622558594,132.36599731445312,130.42999267578125,131.57200622558594,0.0
1659484800,133.37899780273438,134.52999877929688,132.34100341796875,133.37899780273438,0.0
1659571200,133.96200561523438,134.38800048828125,133.07000732421875,133.96200561523438,0.0
1659657600,132.62100219726562,135.45599365234375,132.58999633789062,132.62100219726562,0.0
1659916800,135.0570068359375,135.51800537109375,134.3820037841797,135.0570068359375,0.0
1660003200,134.83999633789062,135.1699981689453,134.68600463867188,134.83999633789062,0.0
1660089600,135.18699645996094,135.2949981689453,132.06300354003906,135.18699645996094,0.0
1660176000,132.8300018310547,133.30499267578125,131.78599548339844,132.8300018310547,0.0
1660262400,132.99400329589844,133.86900329589844,132.9199981689453,132.99400329589844,0.0
1660521600,133.28799438476562,133.53599548339844,132.58399963378906,133.28799438476562,0.0
1660608000,133.14300537109375,134.6540069580078,132.9739990234375,133.14300537109375,0.0
1660694400,134.27699279785156,135.48899841308594,133.92300415039062,134.27699279785156,0.0
1660780800,134.94400024414062,135.40699768066406,134.6540069580078,134.94400024414062,0.0
1660867200,135.7949981689453,137.1999969482422,135.83399963378906,135.7949981689453,0.0
1661126400,137.04100036621094,137.64700317382812,136.73699951171875,137.04100036621094,0.0
1661212800,137.54600524902344,137.6929931640625,135.8820037841797,137.54600524902344,0.0
1661299200,136.73300170898438,137.22500610351562,136.1929931640625,136.73300170898438,0.0
1661385600,137.08099365234375,137.17999267578125,136.3260040283203,137.08099365234375,0.0
1661472000,136.56300354003906,137.43299865722656,136.36000061035156,136.56300354003906,0.0
1661731200,137.6300048828125,138.9949951171875,138.09800720214844,137.52000427246094,0.0
1661817600,138.5959930419922,139.05599975585938,138.05299377441406,138.5959930419922,0.0
1661904000,138.73399353027344,138.87600708007812,138.2760009765625,138.73399353027344,0.0
1661990400,139.29600524902344,140.21800231933594,139.08599853515625,139.29600524902344,0.0
1662076800,140.08099365234375,140.7949981689453,139.8780059814453,140.08099365234375,0.0
1662336000,140.48699951171875,140.64700317382812,140.12899780273438,140.48699951171875,0.0
1662422400,140.42999267578125,142.96800231933594,140.2519989013672,140.42999267578125,0.0
1662508800,143.1510009765625,144.98199462890625,142.97999572753906,143.1510009765625,0.0
1662595200,144.1280059814453,144.50399780273438,143.33799743652344,144.1280059814453,0.0
1662681600,143.8560028076172,143.94700622558594,141.50599670410156,143.8560028076172,0.0
1662940800,142.5959930419922,143.48599243164062,142.2570037841797,142.5959930419922,0.0
1663027200,142.5850067138672,144.677001953125,141.89599609375,142.5850067138672,0.0
1663113600,144.4040069580078,144.8260040283203,142.5570068359375,144.4040069580078,0.0
1663200000,142.92300415039062,143.79400634765625,142.9499969482422,142.92300415039062,0.0
1663286400,143.36500549316406,143.6719970703125,142.87100219726562,143.36500549316406,0.0
1663545600,142.76499938964844,143.63400268554688,142.6959991455078,142.76499938964844,0.0
1663632000,143.22300720214844,143.9010009765625,142.96200561523438,143.22300720214844,0.0
1663718400,143.6020050048828,144.18699645996094,143.3780059814453,143.6020050048828,0.0
1663804800,144.3159942626953,145.88299560546875,140.39700317382812,144.3159942626953,0.0
1663891200,142.27999877929688,143.31700134277344,141.78199768066406,142.27999877929688,0.0
1664150400,143.51100158691406,144.48599243164062,143.43800354003906,143.51100158691406,0.0
1664236800,144.45899963378906,144.83999633789062,144.08200073242188,144.45899963378906,0.0
1664323200,144.6909942626953,144.8179931640625,144.1479949951172,144.6909942626953,0.0
1664409600,144.3979949951172,144.78500366210938,144.2100067138672,144.3979949951172,0.0
1664496000,144.43099975585938,144.77999877929688,144.21400451660156,144.43099975585938,0.0
1664755200,144.8159942626953,145.2779998779297,144.16099548339844,144.8159942626953,0.0
1664841600,144.5189971923828,144.92100524902344,144.31900024414062,144.5189971923828,0.0
1664928000,143.78700256347656,144.843994140625,143.55599975585938,143.78700256347656,0.0
1665014400,144.44900512695312,145.13299560546875,144.38699340820312,144.44900512695312,0.0
1665100800,145.03900146484375,145.3260040283203,144.75999450683594,145.03900146484375,0.0
1665360000,145.48199462890625,145.8179931640625,145.23599243164062,145.48199462890625,0.0
1665446400,145.6739959716797,145.8459930419922,145.5050048828125,145.6739959716797,0.0
1665532800,145.8699951171875,146.96099853515625,145.87899780273438,145.8699951171875,0.0
1665619200,146.73699951171875,147.6009979248047,146.66299438476562,146.73699951171875,0.0
1665705600,147.29299926757812,148.49200439453125,147.11000061035156,147.29299926757812,0.0
1665964800,148.6320037841797,148.88999938964844,148.43099975585938,148.6320037841797,0.0
1666051200,148.9709930419922,149.28500366210938,148.6929931640625,148.9709930419922,0.0
1666137600,149.20899963378906,149.781005859375,149.12399291992188,149.20899963378906,0.0
1666224000,149.8209991455078,149.98899841308594,149.56700134277344,149.8209991455078,0.0
1666310400,150.17599487304688,151.93699645996094,146.32000732421875,150.17599487304688,0.0
1666569600,147.81900024414062,149.45199584960938,147.8090057373047,147.81900024414062,0.0
1666656000,148.88699340820312,148.99600219726562,147.55499267578125,148.88699340820312,0.0
1666742400,147.97999572753906,148.4029998779297,146.40899658203125,147.97999572753906,0.0
1666828800,146.13400268554688,146.86099243164062,145.156005859375,146.13400268554688,0.0
1666915200,146.2740020751953,147.84800720214844,146.0279998779297,146.2740020751953,0.0
1667174400,147.81199645996094,148.8419952392578,147.75,147.81199645996094,0.0
1667260800,148.73699951171875,148.8070068359375,146.99099731445312,148.73699951171875,0.0
1667347200,147.9149932861328,147.96499633789062,146.8520050048828,147.9149932861328,0.0
1667433600,147.89199829101562,148.4340057373047,147.11000061035156,147.89199829101562,0.0
1667520000,148.39300537109375,148.39300537109375,146.57899475097656,148.39300537109375,0.0
1667779200,146.84100341796875,147.55299377441406,146.11399841308594,146.84100341796875,0.0
1667865600,146.62399291992188,146.927001953125,145.31300354003906,146.62399291992188,0.0
1667952000,145.2949981689453,146.55799865722656,145.218994140625,145.2949981689453,0.0
1668038400,146.20899963378906,146.58200073242188,141.53799438476562,146.20899963378906,0.0
1668124800,141.73399353027344,142.46600341796875,138.88800048828125,141.73399353027344,0.0
1668384000,139.55299377441406,140.7689971923828,138.86900329589844,139.55299377441406,0.0
1668470400,140.11500549316406,140.58099365234375,137.8090057373047,140.11500549316406,0.0
1668556800,138.96499633789062,140.28500366210938,138.8939971923828,138.96499633789062,0.0
1668643200,139.32200622558594,140.71400451660156,138.906005859375,139.32200622558594,0.0
1668729600,140.41200256347656,140.47000122070312,139.64999389648438,140.41200256347656,0.0
1668988800,140.2530059814453,142.01800537109375,140.2030029296875,140.2530059814453,0.0
1669075200,142.09800720214844,142.23899841308594,141.08599853515625,142.09800720214844,0.0
1669161600,141.15499877929688,141.57400512695312,139.58700561523438,141.15499877929688,0.0
1669248000,139.2779998779297,139.48599243164062,138.09500122070312,139.2779998779297,0.0
1669334400,138.60299682617188,139.59100341796875,138.38900756835938,138.60299682617188,0.0
1669593600,139.30999755859375,139.4199981689453,137.51400756835938,139.10000610351562,0.0
1669680000,138.718994140625,139.3209991455078,137.88600158691406,138.718994140625,0.0
1669766400,138.7449951171875,139.88299560546875,138.33799743652344,138.7449951171875,0.0
1669852800,137.35899353027344,137.51600646972656,135.53900146484375,137.35899353027344,0.0
1669939200,135.14999389648438,135.9759979248047,133.67300415039062,135.14999389648438,0.0
1670198400,134.47500610351562,136.58099365234375,134.13400268554688,134.47500610351562,0.0
1670284800,136.65199279785156,137.41299438476562,136.00799560546875,136.65199279785156,0.0
1670371200,136.88600158691406,137.83799743652344,136.41799926757812,136.88600158691406,0.0
1670457600,136.38099670410156,137.2239990234375,136.29600524902344,136.38099670410156,0.0
1670544000,136.61399841308594,136.86599731445312,135.61199951171875,136.61399841308594,0.0
1670803200,136.71200561523438,137.6179962158203,136.63299560546875,136.71200561523438,0.0
1670889600,137.50399780273438,137.94200134277344,134.68800354003906,137.50399780273438,0.0
1670976000,135.58399963378906,135.6820068359375,134.68099975585938,135.58399963378906,0.0
1671062400,135.34800720214844,137.92100524902344,135.2830047607422,135.34800720214844,0.0
1671148800,137.75100708007812,137.75100708007812,136.41000366210938,137.75100708007812,0.0
1671408000,136.02999877929688,137.14999389648438,135.7729949951172,136.69000244140625,0.0
1671494400,136.9949951171875,137.45199584960938,131.01699829101562,136.9949951171875,0.0
1671580800,131.89199829101562,132.4759979248047,131.52200317382812,131.89199829101562,0.0
1671667200,132.3699951171875,132.68099975585938,131.65499877929688,132.3699951171875,0.0
1671753600,132.35699462890625,133.12100219726562,132.29100036621094,132.35699462890625,0.0
1672012800,132.77000427246094,133.23699951171875,132.3300018310547,132.7899932861328,0.0
1672099200,132.76400756835938,133.58700561523438,132.6479949951172,132.76400756835938,0.0
1672185600,133.48599243164062,134.39500427246094,133.41099548339844,133.48599243164062,0.0
1672272000,134.03399658203125,134.18800354003906,132.93600463867188,134.03399658203125,0.0
1672358400,132.91600036621094,132.91700744628906,131.54100036621094,132.91600036621094,0.0
1672617600,130.84500122070312,131.03500366210938,130.62100219726562,130.84500122070312,0.0
1672704000,130.79400634765625,131.1820068359375,129.53399658203125,130.79400634765625,0.0
1672790400,131.2480010986328,132.1699981689453,129.96400451660156,131.2480010986328,0.0
1672876800,132.24600219726562,133.99200439453125,131.72999572753906,132.24600219726562,0.0
1672963200,133.3070068359375,134.74099731445312,132.18699645996094,133.3070068359375,0.0
1673222400,131.86199951171875,132.64500427246094,131.32699584960938,131.86199951171875,0.0
1673308800,131.72900390625,132.46600341796875,131.43299865722656,131.72900390625,0.0
1673395200,132.1009979248047,132.85400390625,132.10299682617188,132.1009979248047,0.0
1673481600,131.90199279785156,132.02099609375,129.56900024414062,131.90199279785156,0.0
1673568000,129.1719970703125,129.3419952392578,127.46800231933594,129.1719970703125,0.0
1673827200,128.0260009765625,128.80999755859375,127.25399780273438,128.0260009765625,0.0
1673913600,128.3209991455078,129.11599731445312,128.02200317382812,128.3209991455078,0.0
1674000000,128.281005859375,131.5590057373047,127.60700225830078,128.281005859375,0.0
1674086400,128.53900146484375,128.7729949951172,127.7770004272461,128.53900146484375,0.0
1674172800,128.3699951171875,130.60400390625,128.35499572753906,128.3699951171875,0.0
1674432000,129.38499450683594,130.875,129.06199645996094,129.35400390625,0.0
1674518400,130.5970001220703,131.06900024414062,129.74400329589844,130.5970001220703,0.0
1674604800,130.23899841308594,130.5679931640625,129.29299926757812,130.23899841308594,0.0
1674691200,129.23699951171875,130.58299255371094,129.03500366210938,129.23699951171875,0.0
1674777600,129.8000030517578,130.2550048828125,129.54600524902344,129.8000030517578,0.0
1675036800,129.85400390625,130.46099853515625,129.2050018310547,129.85400390625,0.0
1675123200,130.47900390625,130.4759979248047,129.7689971923828,130.47900390625,0.0
1675209600,130.11000061035156,130.39599609375,129.2100067138672,130.11000061035156,0.0
1675296000,128.6219940185547,129.09100341796875,128.09300231933594,128.6219940185547,0.0
1675382400,128.74600219726562,131.13699340820312,128.33599853515625,128.74600219726562,0.0
1675641600,132.00900268554688,132.89199829101562,131.59100341796875,132.00900268554688,0.0
1675728000,132.6230010986328,132.6219940185547,131.16000366210938,132.6230010986328,0.0
1675814400,131.04200744628906,131.51400756835938,130.60899353027344,131.04200744628906,0.0
1675900800,131.38699340820312,131.8090057373047,130.3520050048828,131.38699340820312,0.0
1675987200,131.5189971923828,131.83200073242188,129.83399963378906,131.5189971923828,0.0
1676246400,131.55099487304688,132.86399841308594,131.46600341796875,131.55099487304688,0.0
1676332800,132.33700561523438,133.1179962158203,131.66200256347656,132.33700561523438,0.0
1676419200,132.99099731445312,134.32400512695312,132.55499267578125,132.99099731445312,0.0
1676505600,133.9029998779297,134.4429931640625,133.60899353027344,133.9029998779297,0.0
1676592000,134.07400512695312,135.0800018310547,134.07200622558594,134.07400512695312,0.0
1676851200,134.3070068359375,134.52999877929688,133.9290008544922,134.3070068359375,0.0
1676937600,134.33599853515625,135.1909942626953,134.156005859375,134.33599853515625,0.0
1677024000,134.9759979248047,135.04800415039062,134.38299560546875,134.9759979248047,0.0
1677110400,134.9320068359375,135.34300231933594,134.6439971923828,134.9320068359375,0.0
1677196800,134.6280059814453,136.4239959716797,134.18099975585938,134.6280059814453,0.0
1677456000,136.39500427246094,136.4759979248047,135.9290008544922,136.39500427246094,0.0
1677542400,136.31700134277344,136.90899658203125,136.02200317382812,136.31700134277344,0.0
1677628800,136.34800720214844,136.46200561523438,135.25999450683594,136.34800720214844,0.0
1677715200,136.19400024414062,137.06500244140625,136.08799743652344,136.19400024414062,0.0
1677801600,136.7050018310547,136.74000549316406,135.8280029296875,136.7050018310547,0.0
1678060800,135.8699951171875,136.1790008544922,135.39500427246094,135.86000061035156,0.0
1678147200,135.99899291992188,136.94700622558594,135.58099365234375,135.99899291992188,0.0
1678233600,137.39100646972656,137.89599609375,136.50599670410156,137.39100646972656,0.0
1678320000,137.2259979248047,137.2519989013672,135.99000549316406,137.2259979248047,0.0
1678406400,136.39500427246094,136.97900390625,134.1719970703125,136.39500427246094,0.0
1678665600,134.97000122070312,135.02000427246094,132.29299926757812,134.97999572753906,0.0
1678752000,133.11399841308594,134.8730010986328,133.0709991455078,133.11399841308594,0.0
1678838400,134.39700317382812,135.05799865722656,132.2519989013672,134.39700317382812,0.0
1678924800,132.9290008544922,133.45799255371094,131.74400329589844,132.9290008544922,0.0
1679011200,133.3679962158203,133.5659942626953,131.83700561523438,133.3679962158203,0.0
1679270400,132.28399658203125,132.6300048828125,130.55799865722656,132.28399658203125,0.0
1679356800,131.39199829101562,132.43699645996094,131.04800415039062,131.39199829101562,0.0
1679443200,132.34800720214844,132.9929962158203,132.26699829101562,132.34800720214844,0.0
1679529600,131.1790008544922,131.63600158691406,130.447998046875,131.1790008544922,0.0
1679616000,130.86500549316406,130.91900634765625,129.6739959716797,130.86500549316406,0.0
1679875200,130.8459930419922,131.74099731445312,130.50900268554688,130.8459930419922,0.0
1679961600,131.23300170898438,131.2760009765625,130.4459991455078,131.23300170898438,0.0
1680048000,131.04600524902344,132.697998046875,130.92799377441406,131.04600524902344,0.0
1680134400,132.5760040283203,132.93299865722656,132.2220001220703,132.5760040283203,0.0
1680220800,133.2010040283203,133.56399536132812,132.7259979248047,133.2010040283203,0.0
1680480000,133.3470001220703,133.7310028076172,132.2209930419922,133.3470001220703,0.0
1680566400,132.2989959716797,133.13999938964844,131.57400512695312,132.2989959716797,0.0
1680652800,131.48500061035156,131.83900451660156,130.6840057373047,131.48500061035156,0.0
1680739200,130.9340057373047,131.85299682617188,130.79100036621094,130.9340057373047,0.0
1680825600,131.66900634765625,132.3159942626953,131.52499389648438,131.66900634765625,0.0
1681084800,132.0970001220703,133.8419952392578,132.01400756835938,132.0970001220703,0.0
1681171200,133.468994140625,133.66600036621094,132.9810028076172,133.468994140625,0.0
1681257600,133.593994140625,134.0229949951172,132.781005859375,133.593994140625,0.0
1681344000,133.0850067138672,133.36700439453125,132.02999877929688,133.0850067138672,0.0
1681430400,132.48699951171875,133.75599670410156,132.17599487304688,132.48699951171875,0.0
1681689600,133.9709930419922,134.56500244140625,133.71400451660156,133.9709930419922,0.0
1681776000,134.4250030517578,134.6929931640625,133.8679962158203,134.4250030517578,0.0
1681862400,134.04400634765625,135.0469970703125,133.96099853515625,134.04400634765625,0.0
1681948800,134.70399475097656,134.9600067138672,134.02699279785156,134.70399475097656,0.0
1682035200,133.99600219726562,134.46499633789062,133.55499267578125,133.99600219726562,0.0
1682294400,133.96099853515625,134.72500610351562,133.88999938964844,133.96099853515625,0.0
1682380800,134.08399963378906,134.44900512695312,133.7469940185547,134.08399963378906,0.0
1682467200,133.71099853515625,133.86599731445312,133.0260009765625,133.71099853515625,0.0
1682553600,133.46499633789062,134.1820068359375,133.2949981689453,133.46499633789062,0.0
1682640000,133.802001953125,136.5290069580078,133.73399353027344,133.802001953125,0.0
1682899200,136.38600158691406,137.40199279785156,136.26300048828125,136.38600158691406,0.0
1682985600,137.52099609375,137.76499938964844,136.40899658203125,137.52099609375,0.0
1683072000,136.46600341796875,136.56900024414062,135.07200622558594,136.46600341796875,0.0
1683158400,134.54400634765625,134.8699951171875,133.68600463867188,134.54400634765625,0.0
1683244800,134.1790008544922,135.0850067138672,133.88600158691406,134.1790008544922,0.0
1683504000,135.19900512695312,135.20599365234375,134.66400146484375,135.19900512695312,0.0
1683590400,135.072998046875,135.33599853515625,134.73699951171875,135.072998046875,0.0
1683676800,135.28799438476562,135.45599365234375,134.30999755859375,135.28799438476562,0.0
1683763200,134.08700561523438,134.84100341796875,133.7519989013672,134.08700561523438,0.0
1683849600,134.4980010986328,135.62899780273438,134.40199279785156,134.4980010986328,0.0
1684108800,135.82200622558594,136.31199645996094,135.71600341796875,135.82200622558594,0.0
1684195200,136.0449981689453,136.6750030517578,135.697998046875,136.0449981689453,0.0
1684281600,136.42999267578125,137.5659942626953,136.3040008544922,136.42999267578125,0.0
1684368000,137.61399841308594,138.65899658203125,137.31100463867188,137.61399841308594,0.0
1684454400,138.6199951171875,138.64700317382812,137.46200561523438,138.6199951171875,0.0
1684713600,137.69200134277344,138.65899658203125,137.50399780273438,137.69200134277344,0.0
1684800000,138.6719970703125,138.87600708007812,138.2530059814453,138.6719970703125,0.0
1684886400,138.59800720214844,139.177001953125,138.24899291992188,138.59800720214844,0.0
1684972800,139.2830047607422,139.87600708007812,139.20599365234375,139.2830047607422,0.0
1685059200,140.01699829101562,140.68099975585938,139.51400756835938,140.01699829101562,0.0
1685318400,140.87100219726562,140.9010009765625,140.1199951171875,140.87100219726562,0.0
1685404800,140.4409942626953,140.9029998779297,139.5800018310547,140.4409942626953,0.0
1685491200,139.79200744628906,140.34100341796875,139.3159942626953,139.79200744628906,0.0
1685577600,139.1269989013672,139.9459991455078,138.4969940185547,139.1269989013672,0.0
1685664000,138.7480010986328,139.7969970703125,138.61000061035156,138.7480010986328,0.0
1685923200,140.20700073242188,140.44500732421875,139.25599670410156,140.20700073242188,0.0
1686009600,139.38299560546875,139.96099853515625,139.11700439453125,139.38299560546875,0.0
1686096000,139.52699279785156,140.0260009765625,139.04299926757812,139.52699279785156,0.0
1686182400,139.8990020751953,140.08999633789062,138.8249969482422,139.8990020751953,0.0
1686268800,138.86300659179688,139.71499633789062,138.89999389648438,138.86300659179688,0.0
1686528000,139.37100219726562,139.72500610351562,139.0709991455078,139.37100219726562,0.0
1686614400,139.4600067138672,140.10699462890625,139.01600646972656,139.4600067138672,0.0
1686700800,140.177001953125,140.1929931640625,139.2969970703125,140.177001953125,0.0
1686787200,139.9770050048828,141.4759979248047,139.9600067138672,139.9770050048828,0.0
1686873600,140.26800537109375,141.86599731445312,139.86199951171875,140.26800537109375,0.0
1687132800,141.86700439453125,141.99600219726562,141.45399475097656,141.86700439453125,0.0
1687219200,141.8990020751953,142.2239990234375,141.2449951171875,141.8990020751953,0.0
1687305600,141.3350067138672,142.32899475097656,141.37100219726562,141.3350067138672,0.0
1687392000,141.68800354003906,142.9340057373047,141.62600708007812,141.68800354003906,0.0
1687478400,143.02999877929688,143.85400390625,142.76199340820312,143.02999877929688,0.0
1687737600,143.54100036621094,143.6820068359375,142.97300720214844,143.54100036621094,0.0
1687824000,143.4600067138672,144.16299438476562,143.29200744628906,143.4600067138672,0.0
1687910400,143.8820037841797,144.59500122070312,143.73599243164062,143.8820037841797,0.0
1687996800,144.38900756835938,144.89199829101562,144.13800048828125,144.38900756835938,0.0
1688083200,144.77999877929688,145.0330047607422,144.22799682617188,144.77999877929688,0.0
1688342400,144.3979949951172,144.90899658203125,144.0229949951172,144.3979949951172,0.0
1688428800,144.58399963378906,144.67300415039062,144.2100067138672,144.58399963378906,0.0
1688515200,144.406005859375,144.72500610351562,144.08999633789062,144.406005859375,0.0
1688601600,144.48899841308594,144.64199829101562,143.58299255371094,144.48899841308594,0.0
1688688000,143.9510040283203,144.1929931640625,142.11000061035156,143.9510040283203,0.0
1688947200,142.20899963378906,142.99899291992188,141.5279998779297,142.20899963378906,0.0
1689033600,141.2969970703125,141.4409942626953,140.1649932861328,141.2969970703125,0.0
1689120000,140.1179962158203,140.07400512695312,138.2050018310547,140.1179962158203,0.0
1689206400,138.31500244140625,138.93699645996094,138.05599975585938,138.31500244140625,0.0
1689292800,138.0749969482422,139.1009979248047,137.31500244140625,138.0749969482422,0.0
1689552000,138.6820068359375,139.3939971923828,138.01499938964844,138.6820068359375,0.0
1689638400,138.72900390625,138.95599365234375,137.8280029296875,138.72900390625,0.0
1689724800,139.02699279785156,139.99000549316406,138.87600708007812,139.02699279785156,0.0
1689811200,139.59800720214844,140.4029998779297,139.1230010986328,139.59800720214844,0.0
1689897600,139.86399841308594,141.93699645996094,139.7519989013672,139.86399841308594,0.0
1690156800,141.75,141.77099609375,140.88600158691406,141.75,0.0
1690243200,141.52200317382812,141.69000244140625,140.9149932861328,141.52200317382812,0.0
1690329600,140.91299438476562,141.1790008544922,140.18899536132812,140.91299438476562,0.0
1690416000,140.36700439453125,141.281005859375,139.3979949951172,140.36700439453125,0.0
1690502400,138.86399841308594,140.95700073242188,138.08999633789062,138.86399841308594,0.0
1690761600,140.75799560546875,142.6479949951172,140.7010040283203,140.75799560546875,0.0
1690848000,142.322998046875,143.4530029296875,142.2899932861328,142.322998046875,0.0
1690934400,142.97000122070312,143.4600067138672,142.2570037841797,142.97000122070312,0.0
1691020800,143.343994140625,143.8780059814453,142.09300231933594,143.343994140625,0.0
1691107200,142.59800720214844,142.86700439453125,141.5570068359375,142.59800720214844,0.0
1691366400,141.87600708007812,142.48800659179688,141.5229949951172,141.87600708007812,0.0
1691452800,142.5240020751953,143.41900634765625,142.572998046875,142.5240020751953,0.0
1691539200,143.2779998779297,143.71200561523438,143.01400756835938,143.2779998779297,0.0
1691625600,143.7270050048828,144.48300170898438,143.33900451660156,143.7270050048828,0.0
1691712000,144.85400390625,144.96299743652344,144.43699645996094,144.85400390625,0.0
1691971200,144.81700134277344,145.5659942626953,144.75100708007812,144.81700134277344,0.0
1692057600,145.43699645996094,145.85800170898438,145.10699462890625,145.43699645996094,0.0
1692144000,145.60800170898438,145.88299560546875,145.31900024414062,145.60800170898438,0.0
1692230400,146.33299255371094,146.52499389648438,145.63800048828125,146.33299255371094,0.0
1692316800,145.71400451660156,145.7740020751953,145.13400268554688,145.71400451660156,0.0
1692576000,145.30499267578125,146.38299560546875,145.1490020751953,145.30499267578125,0.0
1692662400,146.23800659179688,146.38999938964844,145.5019989013672,146.23800659179688,0.0
1692748800,145.76300048828125,145.81300354003906,144.5800018310547,145.76300048828125,0.0
1692835200,144.67300415039062,145.94700622558594,144.62100219726562,144.67300415039062,0.0
1692921600,146.06700134277344,146.60499572753906,145.73399353027344,146.06700134277344,0.0
1693180800,146.531005859375,146.71600341796875,146.2779998779297,146.531005859375,0.0
1693267200,146.46400451660156,147.343994140625,145.8520050048828,146.46400451660156,0.0
1693353600,145.98800659179688,146.5229949951172,145.55799865722656,145.98800659179688,0.0
1693440000,146.0989990234375,146.1909942626953,145.531005859375,146.0989990234375,0.0
1693526400,145.47300720214844,146.2270050048828,144.48199462890625,145.47300720214844,0.0
1693785600,146.0570068359375,146.49000549316406,146.04100036621094,146.0570068359375,0.0
1693872000,146.54299926757812,147.71600341796875,146.4980010986328,146.54299926757812,0.0
1693958400,147.4709930419922,147.79600524902344,147.03700256347656,147.4709930419922,0.0
1694044800,147.70899963378906,147.86500549316406,147.0570068359375,147.70899963378906,0.0
1694131200,147.33099365234375,147.74200439453125,146.68699645996094,147.33099365234375,0.0
1694390400,147.11300659179688,147.10000610351562,145.91299438476562,147.11300659179688,0.0
1694476800,146.67799377441406,147.218994140625,146.47300720214844,146.67799377441406,0.0
1694563200,147.1580047607422,147.61500549316406,147.11199951171875,147.1580047607422,0.0
1694649600,147.3459930419922,147.53700256347656,147.02699279785156,147.3459930419922,0.0
1694736000,147.48199462890625,147.94900512695312,147.34100341796875,147.48199462890625,0.0
1694995200,147.8679962158203,147.86099243164062,147.55999755859375,147.8679962158203,0.0
1695081600,147.60499572753906,147.88999938964844,147.51499938964844,147.60499572753906,0.0
1695168000,147.74200439453125,148.16299438476562,147.6230010986328,147.74200439453125,0.0
1695254400,148.3209991455078,148.447998046875,147.3249969482422,148.3209991455078,0.0
1695340800,147.6439971923828,148.4040069580078,147.5290069580078,147.6439971923828,0.0
1695600000,148.4340057373047,148.94400024414062,148.28500366210938,148.4340057373047,0.0
1695686400,148.81100463867188,149.17599487304688,148.70799255371094,148.81100463867188,0.0
1695772800,149.0449981689453,149.4949951171875,148.86599731445312,149.0449981689453,0.0
1695859200,149.4980010986328,149.54200744628906,149.16400146484375,149.4980010986328,0.0
1695945600,149.33700561523438,149.4459991455078,148.531005859375,149.33700561523438,0.0
1696204800,149.5399932861328,149.86399841308594,149.46499633789062,149.5399932861328,0.0
1696291200,149.8509979248047,150.14199829101562,148.71200561523438,149.8509979248047,0.0
1696377600,149.19200134277344,149.30599975585938,148.74000549316406,149.19200134277344,0.0
1696464000,148.96600341796875,149.10000610351562,148.30599975585938,148.96600341796875,0.0
1696550400,148.46299743652344,149.48800659179688,148.46499633789062,148.46299743652344,0.0
1696809600,149.16000366210938,149.21800231933594,148.5229949951172,149.16000366210938,0.0
1696896000,148.32699584960938,149.09300231933594,148.18899536132812,148.32699584960938,0.0
1696982400,148.6280059814453,149.17999267578125,148.43800354003906,148.6280059814453,0.0
1697068800,149.03599548339844,149.78199768066406,148.95799255371094,149.03599548339844,0.0
1697155200,149.7899932861328,149.822998046875,149.45599365234375,149.7899932861328,0.0
1697414400,149.5659942626953,149.7530059814453,149.3780059814453,149.5659942626953,0.0
1697500800,149.5780029296875,149.78900146484375,149.31900024414062,149.5780029296875,0.0
1697587200,149.75900268554688,149.87899780273438,149.51300048828125,149.75900268554688,0.0
1697673600,149.74200439453125,149.9320068359375,149.70700073242188,149.74200439453125,0.0
1697760000,149.802001953125,149.99200439453125,149.80499267578125,149.802001953125,0.0
1698019200,149.8800048828125,149.98899841308594,149.74200439453125,149.8800048828125,0.0
1698105600,149.7689971923828,149.91799926757812,149.3350067138672,149.7689971923828,0.0
1698192000,149.85400390625,149.97000122070312,149.7949981689453,149.85400390625,0.0
1698278400,150.09800720214844,150.77200317382812,150.04800415039062,150.09800720214844,0.0
1698364800,150.36599731445312,150.4029998779297,149.5540008544922,150.36599731445312,0.0
1698624000,149.73300170898438,149.8459930419922,148.81399536132812,149.73300170898438,0.0
1698710400,149.11099243164062,151.5290069580078,149.02999877929688,149.11099243164062,0.0
1698796800,151.29400634765625,151.4320068359375,150.82400512695312,151.29400634765625,0.0
1698883200,150.5749969482422,150.58799743652344,149.85000610351562,150.5749969482422,0.0
1698969600,150.4969940185547,150.4929962158203,149.25900268554688,150.4969940185547,0.0
1699228800,149.44900512695312,149.8300018310547,149.3820037841797,149.44900512695312,0.0
1699315200,149.98899841308594,150.68699645996094,149.968994140625,149.98899841308594,0.0
1699401600,150.39599609375,150.98199462890625,150.3459930419922,150.39599609375,0.0
1699488000,150.86399841308594,151.17599487304688,150.79800415039062,150.86399841308594,0.0
1699574400,151.3489990234375,151.5590057373047,151.22500610351562,151.3489990234375,0.0
1699833600,151.468994140625,151.9029998779297,151.24000549316406,151.468994140625,0.0
1699920000,151.64599609375,151.77499389648438,150.69700622558594,151.64599609375,0.0
1700006400,150.48500061035156,151.23199462890625,150.25999450683594,150.48500061035156,0.0
1700092800,151.21499633789062,151.42100524902344,150.2969970703125,151.21499633789062,0.0
1700179200,150.7050018310547,150.7689971923828,149.21499633789062,150.7050018310547,0.0
1700438400,149.94200134277344,149.968994140625,148.10899353027344,149.94200134277344,0.0
1700524800,148.36199951171875,148.41700744628906,147.16900634765625,148.36199951171875,0.0
1700611200,148.15199279785156,149.74400329589844,148.093994140625,148.15199279785156,0.0
1700697600,149.4600067138672,149.68699645996094,148.88800048828125,149.4600067138672,0.0
1700784000,149.63499450683594,149.69900512695312,149.2010040283203,149.63499450683594,0.0
1701043200,149.5709991455078,149.6529998779297,148.6739959716797,149.5709991455078,0.0
1701129600,148.45199584960938,148.79600524902344,147.39999389648438,148.45199584960938,0.0
1701216000,147.06300354003906,147.88800048828125,146.69900512695312,147.06300354003906,0.0
1701302400,147.03900146484375,148.4600067138672,146.88600158691406,147.03900146484375,0.0
1701388800,147.99899291992188,148.31399536132812,146.8509979248047,147.99899291992188,0.0
1701648000,146.39300537109375,147.22300720214844,146.25399780273438,146.39300537109375,0.0
1701734400,147.32699584960938,147.3699951171875,146.593994140625,147.32699584960938,0.0
1701820800,147.18499755859375,147.48699951171875,146.90499877929688,147.18499755859375,0.0
1701907200,147.1840057373047,147.18099975585938,143.85699462890625,147.1840057373047,0.0
1701993600,144.2779998779297,145.1479949951172,142.5229949951172,144.2779998779297,0.0
1702252800,144.98300170898438,146.55299377441406,144.9029998779297,144.98300170898438,0.0
1702339200,146.0850067138672,146.11599731445312,144.81500244140625,146.0850067138672,0.0
1702425600,145.27999877929688,145.9770050048828,145.06199645996094,145.27999877929688,0.0
1702512000,142.7729949951172,142.8730010986328,141.04400634765625,142.7729949951172,0.0
1702598400,142.2790069580078,142.44700622558594,141.47000122070312,142.2790069580078,0.0
1702857600,142.31300354003906,143.1269989013672,142.0760040283203,142.31300354003906,0.0
1702944000,142.7220001220703,144.93499755859375,142.26300048828125,142.7220001220703,0.0
1703030400,143.88900756835938,144.06300354003906,143.302001953125,143.88900756835938,0.0
1703116800,143.5229949951172,143.5489959716797,142.05999755859375,143.5229949951172,0.0
1703203200,142.07000732421875,142.64599609375,141.88400268554688,142.07000732421875,0.0
1703462400,142.3419952392578,142.47999572753906,142.13900756835938,142.3419952392578,0.0
1703548800,142.22999572753906,142.6199951171875,142.10800170898438,142.22999572753906,0.0
1703635200,142.46099853515625,142.83200073242188,141.85800170898438,142.46099853515625,0.0
1703721600,141.3990020751953,141.65199279785156,140.2899932861328,141.3990020751953,0.0
1703808000,141.42999267578125,141.8990020751953,140.82899475097656,141.42999267578125,0.0
1704067200,140.95199584960938,141.02499389648438,140.95199584960938,140.95199584960938,0.0
1704153600,141.12600708007812,142.18600463867188,141.10699462890625,141.12600708007812,0.0
1704240000,142.15499877929688,143.6929931640625,141.86900329589844,142.15499877929688,0.0
1704326400,142.99899291992188,144.83200073242188,142.8679962158203,142.99899291992188,0.0
1704412800,144.76499938964844,145.95799255371094,143.84800720214844,144.76499938964844,0.0
1704672000,144.71600341796875,144.79299926757812,143.6699981689453,144.71600341796875,0.0
1704758400,144.22999572753906,144.4320068359375,143.4530029296875,144.22999572753906,0.0
1704844800,144.42799377441406,145.80999755859375,144.43899536132812,144.42799377441406,0.0
1704931200,145.73399353027344,146.35899353027344,145.2790069580078,145.73399353027344,0.0
1705017600,145.04600524902344,145.51100158691406,144.36900329589844,145.04600524902344,0.0
1705276800,145.1490020751953,145.9340057373047,145.0970001220703,145.1490020751953,0.0
1705363200,145.79400634765625,147.16400146484375,145.59100341796875,145.79400634765625,0.0
1705449600,147.24600219726562,148.5019989013672,147.1269989013672,147.24600219726562,0.0
1705536000,148.1179962158203,148.29800415039062,147.66700744628906,148.1179962158203,0.0
1705622400,148.1280059814453,148.781005859375,147.85000610351562,148.1280059814453,0.0
1705881600,148.12100219726562,148.2760009765625,147.64100646972656,148.12100219726562,0.0
1705968000,148.14199829101562,148.5800018310547,147.04299926757812,148.14199829101562,0.0
1706054400,148.25100708007812,148.23800659179688,146.67599487304688,148.25100708007812,0.0
1706140800,147.59100341796875,147.85800170898438,147.10899353027344,147.59100341796875,0.0
1706227200,147.72300720214844,148.13900756835938,147.50900268554688,147.72300720214844,0.0
1706486400,148.13999938964844,148.32200622558594,147.6060028076172,148.13999938964844,0.0
1706572800,147.46800231933594,147.90199279785156,147.11000061035156,147.46800231933594,0.0
1706659200,147.36900329589844,147.88999938964844,146.08200073242188,147.36900329589844,0.0
1706745600,146.99600219726562,147.10899353027344,145.92100524902344,146.99600219726562,0.0
1706832000,146.4510040283203,148.56199645996094,146.2480010986328,146.4510040283203,0.0
1707091200,148.50100708007812,148.8800048828125,148.27999877929688,148.50100708007812,0.0
1707177600,148.63999938964844,148.7830047607422,148.00599670410156,148.63999938964844,0.0
1707264000,147.8179931640625,148.2449951171875,147.66299438476562,147.8179931640625,0.0
1707350400,148.08599853515625,149.4739990234375,147.93499755859375,148.08599853515625,0.0
1707436800,149.25900268554688,149.5709991455078,149.0590057373047,149.25900268554688,0.0
1707696000,149.16700744628906,149.4759979248047,148.9320068359375,149.16700744628906,0.0
1707782400,149.40499877929688,150.75399780273438,149.28399658203125,149.40499877929688,0.0
1707868800,150.7239990234375,150.7740020751953,150.36300659179688,150.7239990234375,0.0
1707955200,150.54400634765625,150.5590057373047,149.75900268554688,150.54400634765625,0.0
1708041600,149.9459991455078,150.63699340820312,149.92999267578125,149.9459991455078,0.0
1708300800,150.13900756835938,150.18699645996094,149.88299560546875,150.09100341796875,0.0
1708387200,150.27000427246094,150.4340057373047,149.697998046875,150.27000427246094,0.0
1708473600,149.93899536132812,150.2949981689453,149.85699462890625,149.93899536132812,0.0
1708560000,150.35499572753906,150.63900756835938,150.01600646972656,150.35499572753906,0.0
1708646400,150.48300170898438,150.76199340820312,150.30599975585938,150.48300170898438,0.0
1708905600,150.4969940185547,150.81399536132812,150.29600524902344,150.4980010986328,0.0
1708992000,150.5659942626953,150.60000610351562,150.1280059814453,150.5659942626953,0.0
1709078400,150.4949951171875,150.83700561523438,150.3730010986328,150.4949951171875,0.0
1709164800,150.656005859375,150.64100646972656,149.21499633789062,150.656005859375,0.0
1709251200,150.09500122070312,150.697998046875,150.06900024414062,150.09500122070312,0.0
1709510400,150.10499572753906,150.5659942626953,149.843994140625,150.10499572753906,0.0
1709596800,150.46600341796875,150.54200744628906,149.73300170898438,150.46600341796875,0.0
1709683200,150.0489959716797,150.0760040283203,149.13900756835938,150.0489959716797,0.0
1709769600,149.2689971923828,149.25900268554688,147.58299255371094,149.2689971923828,0.0
1709856000,147.8679962158203,148.10000610351562,146.50399780273438,147.8679962158203,0.0
1710115200,146.7740020751953,147.125,146.4949951171875,146.7740020751953,0.0
1710201600,146.73199462890625,147.95599365234375,146.64500427246094,146.73199462890625,0.0
1710288000,147.61900329589844,148.031005859375,147.2519989013672,147.61900329589844,0.0
1710374400,147.62100219726562,148.30299377441406,147.50900268554688,147.62100219726562,0.0
1710460800,148.29600524902344,149.1580047607422,148.0570068359375,148.29600524902344,0.0
1710720000,148.9550018310547,149.3209991455078,148.9290008544922,148.9550018310547,0.0
1710806400,149.1439971923828,150.83900451660156,149.11700439453125,149.1439971923828,0.0
1710892800,151.03500366210938,151.79100036621094,151.01600646972656,151.03500366210938,0.0
1710979200,150.75999450683594,151.65199279785156,150.2760009765625,150.75999450683594,0.0
1711065600,151.63299560546875,151.8459930419922,151.0260009765625,151.63299560546875,0.0
1711324800,151.30499267578125,151.42999267578125,151.0570068359375,151.30499267578125,0.0
1711411200,151.3730010986328,151.59100341796875,151.218994140625,151.3730010986328,0.0
1711497600,151.52999877929688,151.94400024414062,151.03799438476562,151.52999877929688,0.0
1711584000,151.28700256347656,151.53900146484375,151.15199279785156,151.28700256347656,0.0
1711670400,151.44000244140625,151.48899841308594,151.16900634765625,151.44000244140625,0.0
1711929600,151.3979949951172,151.75399780273438,151.25799560546875,151.3979949951172,0.0
1712016000,151.58099365234375,151.78700256347656,151.4770050048828,151.58099365234375,0.0
1712102400,151.5399932861328,151.94700622558594,151.45899963378906,151.5399932861328,0.0
1712188800,151.58099365234375,151.76300048828125,151.51199340820312,151.58099365234375,0.0
1712275200,151.29200744628906,151.7429962158203,150.85400390625,151.29200744628906,0.0
1712534400,151.69000244140625,151.9320068359375,151.677001953125,151.69000244140625,0.0
1712620800,151.84300231933594,151.92799377441406,151.57899475097656,151.84300231933594,0.0
1712707200,151.77699279785156,152.92599487304688,151.68299865722656,151.77699279785156,0.0
1712793600,152.96400451660156,153.3090057373047,152.76699829101562,152.96400451660156,0.0
1712880000,153.19200134277344,153.3769989013672,152.61700439453125,153.19200134277344,0.0
1713139200,153.2830047607422,154.43600463867188,153.28500366210938,153.2830047607422,0.0
1713225600,154.20599365234375,154.76100158691406,154.14999389648438,154.20599365234375,0.0
1713312000,154.697998046875,154.7270050048828,154.46099853515625,154.697998046875,0.0
1713398400,154.3419952392578,154.64100646972656,153.98500061035156,154.3419952392578,0.0
1713484800,154.61000061035156,154.66099548339844,153.6179962158203,154.61000061035156,0.0
1713744000,154.62899780273438,154.78399658203125,154.58700561523438,154.63999938964844,0.0
1713830400,154.81300354003906,154.87100219726562,154.593994140625,154.81300354003906,0.0
1713916800,154.74400329589844,155.1300048828125,154.74000549316406,154.74400329589844,0.0
1714003200,155.25900268554688,155.73599243164062,155.25900268554688,155.25900268554688,0.0
1714089600,155.5970001220703,157.66600036621094,155.47900390625,155.5970001220703,0.0
1714348800,158.2239990234375,159.96099853515625,154.5489959716797,158.2239990234375,0.0
1714435200,156.31399536132812,157.55599975585938,156.20399475097656,156.31399536132812,0.0
1714521600,157.7220001220703,157.98199462890625,157.42100524902344,157.7220001220703,0.0
1714608000,155.70399475097656,156.25100708007812,153.4949951171875,155.70399475097656,0.0
1714694400,153.0449981689453,153.41000366210938,151.88099670410156,153.0449981689453,0.0
1714953600,153.5659942626953,154.0050048828125,153.3209991455078,153.5659942626953,0.0
1715040000,154.23699951171875,154.63999938964844,153.8939971923828,154.23699951171875,0.0
1715126400,154.7480010986328,155.64999389648438,154.69400024414062,154.7480010986328,0.0
1715212800,155.41900634765625,155.94700622558594,155.2259979248047,155.41900634765625,0.0
1715299200,155.38900756835938,155.88600158691406,155.38099670410156,155.38900756835938,0.0
1715558400,155.8179931640625,156.2100067138672,155.5959930419922,155.8179931640625,0.0
1715644800,156.23300170898438,156.67100524902344,156.2270050048828,156.23300170898438,0.0
1715731200,156.4980010986328,156.55299377441406,154.75900268554688,156.4980010986328,0.0
1715817600,154.28199768066406,155.51600646972656,153.58999633789062,154.28199768066406,0.0
1715904000,155.37899780273438,155.97500610351562,155.27099609375,155.37899780273438,0.0
1716163200,155.75399780273438,156.218994140625,155.51400756835938,155.75399780273438,0.0
1716249600,156.3699951171875,156.5240020751953,155.8719940185547,156.3699951171875,0.0
1716336000,156.25100708007812,156.60499572753906,156.14700317382812,156.25100708007812,0.0
1716422400,156.70399475097656,157.16299438476562,156.5290069580078,156.70399475097656,0.0
1716508800,156.97300720214844,157.13699340820312,156.8679962158203,156.97300720214844,0.0
1716768000,156.8699951171875,156.9550018310547,156.67799377441406,156.8699951171875,0.0
1716854400,156.84500122070312,156.98899841308594,156.61199951171875,156.84500122070312,0.0
1716940800,157.26199340820312,157.63900756835938,157.02200317382812,157.26199340820312,0.0
1717027200,157.60800170898438,157.6269989013672,156.427001953125,157.60800170898438,0.0
1717113600,156.9530029296875,157.36199951171875,156.57000732421875,156.9530029296875,0.0
1717372800,157.17999267578125,157.4510040283203,155.9709930419922,157.17999267578125,0.0
1717459200,156.0760040283203,156.47900390625,154.6009979248047,156.0760040283203,0.0
1717545600,155.12399291992188,156.47300720214844,155.11099243164062,155.12399291992188,0.0
1717632000,155.9290008544922,156.39599609375,155.40699768066406,155.9290008544922,0.0
1717718400,155.69700622558594,157.06700134277344,155.14199829101562,155.69700622558594,0.0
1717977600,156.83299255371094,157.18600463867188,156.72300720214844,156.83299255371094,0.0
1718064000,157.0399932861328,157.38800048828125,156.81100463867188,157.0399932861328,0.0
1718150400,157.10499572753906,157.36500549316406,155.72900390625,157.10499572753906,0.0
1718236800,156.8000030517578,157.3000030517578,156.57699584960938,156.8000030517578,0.0
1718323200,157.1280059814453,158.2469940185547,156.89999389648438,157.1280059814453,0.0
1718582400,157.54600524902344,157.95199584960938,157.1699981689453,157.54600524902344,0.0
1718668800,157.6999969482422,158.22799682617188,157.52499389648438,157.6999969482422,0.0
1718755200,157.87100219726562,157.94500732421875,157.61300659179688,157.87100219726562,0.0
1718841600,157.95799255371094,158.77200317382812,157.95599365234375,157.95799255371094,0.0
1718928000,158.93099975585938,159.60800170898438,158.68600463867188,158.93099975585938,0.0
1719187200,159.86099243164062,159.91299438476562,159.01800537109375,159.86099243164062,0.0
1719273600,159.68600463867188,159.75,159.2530059814453,159.68600463867188,0.0
1719360000,159.68600463867188,160.80299377441406,159.66299438476562,159.68600463867188,0.0
1719446400,160.62100219726562,160.7239990234375,160.31399536132812,160.62100219726562,0.0
1719532800,160.68699645996094,161.24099731445312,160.27699279785156,160.68699645996094,0.0
1719792000,160.90699768066406,161.71499633789062,160.81900024414062,160.90699768066406,0.0
1719878400,161.51199340820312,161.72999572753906,161.28500366210938,161.51199340820312,0.0
1719964800,161.50399780273438,161.94200134277344,160.86500549316406,161.50399780273438,0.0
1720051200,161.62100219726562,161.58599853515625,160.9550018310547,161.62100219726562,0.0
1720137600,161.35800170898438,161.3719940185547,160.4459991455078,161.35800170898438,0.0
1720396800,160.63800048828125,161.10699462890625,160.27200317382812,160.63800048828125,0.0
1720483200,160.85699462890625,161.4949951171875,160.7469940185547,160.85699462890625,0.0
1720569600,161.33099365234375,161.74000549316406,161.3000030517578,161.33099365234375,0.0
1720656000,161.60699462890625,161.7469940185547,157.48899841308594,161.60699462890625,0.0
1720742400,158.2010040283203,159.37600708007812,157.37899780273438,158.2010040283203,0.0
1721001600,158.31300354003906,158.35800170898438,157.75399780273438,158.31300354003906,0.0
1721088000,158.14100646972656,158.84100341796875,158.11300659179688,158.14100646972656,0.0
1721174400,158.35000610351562,158.5780029296875,156.1199951171875,158.35000610351562,0.0
1721260800,155.68600463867188,156.98500061035156,155.4969940185547,155.68600463867188,0.0
1721347200,157.14999389648438,157.85499572753906,156.97799682617188,157.14999389648438,0.0
1721606400,157.4219970703125,157.60499572753906,156.2989959716797,157.4219970703125,0.0
1721692800,156.89100646972656,156.9029998779297,155.82899475097656,156.89100646972656,0.0
1721779200,155.76800537109375,155.9770050048828,153.11099243164062,155.76800537109375,0.0
1721865600,153.89100646972656,154.1510009765625,151.9669952392578,153.89100646972656,0.0
1721952000,153.69700622558594,154.7310028076172,153.26199340820312,153.69700622558594,0.0
1722211200,154.13900756835938,154.33700561523438,153.06300354003906,154.13900756835938,0.0
1722297600,153.83299255371094,155.19000244140625,153.656005859375,153.83299255371094,0.0
1722384000,152.6699981689453,153.58099365234375,149.66400146484375,152.6699981689453,0.0
1722470400,149.74400329589844,150.85699462890625,148.5050048828125,149.74400329589844,0.0
1722556800,149.2010040283203,149.76400756835938,146.4239959716797,149.2010040283203,0.0
1722816000,145.58399963378906,145.91799926757812,141.69700622558594,145.58399963378906,0.0
1722902400,145.7899932861328,146.2570037841797,144.06300354003906,145.7899932861328,0.0
1722988800,144.73199462890625,147.82200622558594,144.5540008544922,144.73199462890625,0.0
1723075200,146.12399291992188,147.47500610351562,145.4709930419922,146.12399291992188,0.0
1723161600,147.66900634765625,147.73599243164062,146.31199645996094,147.66900634765625,0.0
1723420800,147.04200744628906,148.2010040283203,146.69900512695312,147.04200744628906,0.0
1723507200,146.98199462890625,147.92999267578125,146.91099548339844,146.98199462890625,0.0
1723593600,146.9709930419922,147.552001953125,146.08099365234375,146.9709930419922,0.0
1723680000,147.2530059814453,149.26300048828125,147.06300354003906,147.2530059814453,0.0
1723766400,149.2220001220703,149.22999572753906,147.63900756835938,149.2220001220703,0.0
1724025600,147.95599365234375,147.95899963378906,145.2209930419922,147.95599365234375,0.0
1724112000,146.69900512695312,147.31900024414062,145.53399658203125,146.69900512695312,0.0
1724198400,145.3470001220703,146.33900451660156,144.9810028076172,145.3470001220703,0.0
1724284800,145.1179962158203,146.47000122070312,144.947998046875,145.1179962158203,0.0
1724371200,146.20199584960938,146.47300720214844,144.60499572753906,146.20199584960938,0.0
1724630400,144.0,144.57899475097656,143.4600067138672,144.0,0.0
1724716800,144.51600646972656,145.1529998779297,144.1649932861328,144.51600646972656,0.0
1724803200,143.97500610351562,145.02499389648438,143.91200256347656,143.97500610351562,0.0
1724889600,144.43299865722656,145.52499389648438,144.2830047607422,144.43299865722656,0.0
1724976000,144.88999938964844,145.96200561523438,144.70199584960938,144.88999938964844,0.0
1725235200,146.38099670410156,147.11900329589844,145.79600524902344,146.38099670410156,0.0
1725321600,146.7220001220703,147.18800354003906,145.16799926757812,146.7220001220703,0.0
1725408000,145.35299682617188,145.53799438476562,144.02699279785156,145.35299682617188,0.0
1725494400,143.32400512695312,144.20399475097656,142.85400390625,143.32400512695312,0.0
1725580800,143.39300537109375,143.84800720214844,141.76499938964844,143.39300537109375,0.0
1725840000,142.48599243164062,143.78599548339844,142.44500732421875,142.48599243164062,0.0
1725926400,143.177001953125,143.6750030517578,142.26199340820312,143.177001953125,0.0
1726012800,142.23399353027344,142.46800231933594,140.71800231933594,142.23399353027344,0.0
1726099200,142.58999633789062,143.01100158691406,141.91299438476562,142.58999633789062,0.0
1726185600,141.49899291992188,141.52699279785156,140.36199951171875,141.49899291992188,0.0
1726444800,140.7899932861328,140.8990020751953,139.5780029296875,140.7899932861328,0.0
1726531200,140.7899932861328,141.85000610351562,140.322998046875,140.7899932861328,0.0
1726617600,142.01499938964844,142.05099487304688,141.24400329589844,142.01499938964844,0.0
1726704000,142.7100067138672,143.93499755859375,142.06500244140625,142.7100067138672,0.0
1726790400,142.85800170898438,144.4759979248047,141.76300048828125,142.85800170898438,0.0
1727049600,144.00399780273438,144.43899536132812,143.1959991455078,144.00399780273438,0.0
1727136000,143.63800048828125,144.6649932861328,143.41200256347656,143.63800048828125,0.0
1727222400,142.96299743652344,144.58799743652344,142.93600463867188,142.96299743652344,0.0
1727308800,144.68299865722656,145.18800354003906,144.11700439453125,144.68299865722656,0.0
1727395200,145.0760040283203,146.46200561523438,142.45399475097656,145.0760040283203,0.0
1727654400,142.7830047607422,143.3560028076172,141.64700317382812,142.7830047607422,0.0
1727740800,143.7100067138672,144.49600219726562,143.0229949951172,143.7100067138672,0.0
1727827200,143.73599243164062,146.2519989013672,143.53199768066406,143.73599243164062,0.0
1727913600,146.58200073242188,147.2100067138672,146.33299255371094,146.58200073242188,0.0
1728000000,146.83999633789062,148.73800659179688,145.94200134277344,146.83999633789062,0.0
1728259200,148.82000732421875,148.78799438476562,147.86300659179688,148.82000732421875,0.0
1728345600,148.14599609375,148.3509979248047,147.38800048828125,148.14599609375,0.0
1728432000,148.15899658203125,149.25799560546875,148.02499389648438,148.15899658203125,0.0
1728518400,149.16000366210938,149.52999877929688,148.41799926757812,149.16000366210938,0.0
1728604800,148.70399475097656,149.26300048828125,148.3990020751953,148.70399475097656,0.0
1728864000,149.33399963378906,149.94900512695312,149.14599609375,149.33399963378906,0.0
1728950400,149.6699981689453,149.74000549316406,148.85299682617188,149.6699981689453,0.0
1729036800,149.0989990234375,149.73500061035156,148.92999267578125,149.0989990234375,0.0
1729123200,149.5760040283203,150.13800048828125,149.2570037841797,149.5760040283203,0.0
1729209600,150.10000610351562,150.13900756835938,149.51499938964844,150.10000610351562,0.0
1729468800,149.60000610351562,150.48699951171875,149.0959930419922,149.60000610351562,0.0
1729555200,150.60499572753906,151.12899780273438,150.51800537109375,150.60499572753906,0.0
1729641600,151.13800048828125,153.1649932861328,151.15199279785156,151.13800048828125,0.0
1729728000,152.7689971923828,152.76800537109375,151.78399658203125,152.7689971923828,0.0
1729814400,151.7830047607422,152.13999938964844,151.49400329589844,151.7830047607422,0.0
1730073600,152.95199584960938,153.8679962158203,152.42100524902344,152.95199584960938,0.0
1730160000,153.1790008544922,153.83999633789062,152.76800537109375,153.1790008544922,0.0
1730246400,153.2740020751953,153.4720001220703,152.8000030517578,153.2740020751953,0.0
1730332800,153.20399475097656,153.55599975585938,151.9219970703125,153.20399475097656,0.0
1730419200,151.97999572753906,153.0019989013672,151.8350067138672,151.97999572753906,0.0
1730678400,152.28700256347656,152.28500366210938,151.55099487304688,152.28700256347656,0.0
1730764800,152.2760009765625,152.531005859375,151.79600524902344,152.2760009765625,0.0
1730851200,151.43499755859375,154.64999389648438,151.34300231933594,151.43499755859375,0.0
1730937600,154.32000732421875,154.70199584960938,152.86099243164062,154.32000732421875,0.0
1731024000,153.17999267578125,153.35299682617188,152.17100524902344,153.17999267578125,0.0
1731283200,152.9040069580078,153.94400024414062,152.8699951171875,152.9040069580078,0.0
1731369600,153.47999572753906,154.75999450683594,153.41099548339844,153.47999572753906,0.0
1731456000,154.65499877929688,155.29200744628906,154.35000610351562,154.65499877929688,0.0
1731542400,155.4290008544922,156.23800659179688,155.42599487304688,155.4290008544922,0.0
1731628800,156.46800231933594,156.74600219726562,154.52999877929688,156.46800231933594,0.0
1731888000,154.66400146484375,155.33999633789062,153.86399841308594,154.66400146484375,0.0
1731974400,154.61700439453125,154.64500427246094,153.39700317382812,154.61700439453125,0.0
1732060800,154.71800231933594,155.8719940185547,154.61199951171875,154.71800231933594,0.0
1732147200,155.2949981689453,155.27000427246094,153.95199584960938,155.2949981689453,0.0
1732233600,154.21800231933594,154.97900390625,153.97500610351562,154.21800231933594,0.0
1732492800,154.14599609375,154.6959991455078,153.5500030517578,154.14599609375,0.0
1732579200,154.3780059814453,154.37399291992188,153.02499389648438,154.3780059814453,0.0
1732665600,153.00900268554688,153.0070037841797,150.52699279785156,153.00900268554688,0.0
1732752000,151.33599853515625,151.9409942626953,151.28900146484375,151.33599853515625,0.0
1732838400,151.1739959716797,151.18499755859375,149.58999633789062,151.1739959716797,0.0
1733097600,149.8159942626953,150.74000549316406,149.1179962158203,149.8979949951172,0.0
1733184000,149.50799560546875,150.21499633789062,148.6510009765625,149.50799560546875,0.0
1733270400,149.64700317382812,151.2169952392578,149.53700256347656,149.64700317382812,0.0
1733356800,150.56700134277344,150.6840057373047,149.6649932861328,150.56700134277344,0.0
1733443200,150.20700073242188,150.68299865722656,149.4199981689453,150.20700073242188,0.0
1733702400,149.93099975585938,151.24899291992188,149.69700622558594,150.02999877929688,0.0
1733788800,151.4080047607422,152.16700744628906,150.91099548339844,151.4080047607422,0.0
1733875200,151.8070068359375,152.77000427246094,151.197998046875,151.8070068359375,0.0
1733961600,152.2449951171875,152.76800537109375,151.83599853515625,152.2449951171875,0.0
1734048000,152.58700561523438,153.77099609375,152.60000610351562,152.58700561523438,0.0
1734307200,153.4530029296875,154.4739990234375,153.3260040283203,153.4530029296875,0.0
1734393600,154.08599853515625,154.3280029296875,153.39999389648438,154.08599853515625,0.0
1734480000,153.57200622558594,154.072998046875,153.33799743652344,153.57200622558594,0.0
1734566400,154.67300415039062,157.79100036621094,154.46299743652344,154.67300415039062,0.0
1734652800,157.6439971923828,157.8730010986328,156.10299682617188,157.6439971923828,0.0
1734912000,156.5330047607422,157.25999450683594,156.33599853515625,156.5330047607422,0.0
1734998400,157.1649932861328,157.3769989013672,156.89999389648438,157.1649932861328,0.0
1735084800,157.10699462890625,157.86099243164062,146.20199584960938,157.10699462890625,0.0
1735171200,157.13299560546875,158.0749969482422,157.0800018310547,157.13299560546875,0.0
1735257600,157.7480010986328,157.9149932861328,157.3520050048828,157.7480010986328,0.0
1735516800,157.8730010986328,158.0590057373047,156.66799926757812,157.8730010986328,0.0
1735603200,156.9949951171875,157.41000366210938,156.04299926757812,156.9949951171875,0.0
1735776000,157.718994140625,157.76499938964844,156.44900512695312,157.718994140625,0.0
1735862400,157.36199951171875,157.4810028076172,157.0279998779297,157.36199951171875,0.0
1736121600,157.4810028076172,157.9499969482422,156.2740020751953,157.4810028076172,0.0
1736208000,157.7429962158203,158.42100524902344,157.38999938964844,157.7429962158203,0.0
1736294400,158.23599243164062,158.54299926757812,157.90199279785156,158.23599243164062,0.0
1736380800,158.19200134277344,158.3040008544922,157.58099365234375,158.19200134277344,0.0
1736467200,158.04800415039062,158.85699462890625,157.22500610351562,158.04800415039062,0.0
1736726400,157.88699340820312,157.9550018310547,156.90899658203125,157.88699340820312,0.0
1736812800,157.36399841308594,158.1219940185547,157.1490020751953,157.36399841308594,0.0
1736899200,158.0500030517578,158.08200073242188,155.968994140625,158.0500030517578,0.0
1736985600,156.2550048828125,156.50399780273438,155.11900329589844,156.2550048828125,0.0
1737072000,155.3560028076172,156.36500549316406,154.98300170898438,155.3560028076172,0.0
1737331200,156.30599975585938,156.45700073242188,155.42300415039062,156.30599975585938,0.0
1737417600,155.24899291992188,156.16099548339844,154.79800415039062,155.24899291992188,0.0
1737504000,155.7740020751953,156.63499450683594,155.38499450683594,155.7740020751953,0.0
1737590400,156.44000244140625,156.7469940185547,155.87399291992188,156.44000244140625,0.0
1737676800,156.15499877929688,156.5679931640625,154.86199951171875,156.15499877929688,0.0
1737936000,155.74400329589844,156.2259979248047,153.72500610351562,155.74400329589844,0.0
1738022400,154.90899658203125,155.9709930419922,154.8070068359375,154.90899658203125,0.0
1738108800,155.5590057373047,155.77699279785156,154.97300720214844,155.5590057373047,0.0
1738195200,155.1699981689453,155.17599487304688,153.802001953125,155.1699981689453,0.0
1738281600,154.0970001220703,154.99400329589844,153.9320068359375,154.0970001220703,0.0
1738540800,155.36300659179688,155.86399841308594,154.0189971923828,155.36300659179688,0.0
1738627200,155.27699279785156,155.49099731445312,154.4739990234375,155.27699279785156,0.0
1738713600,154.13299560546875,154.3489990234375,152.11700439453125,154.13299560546875,0.0
1738800000,152.6060028076172,152.86099243164062,151.6840057373047,152.6060028076172,0.0
1738886400,151.1929931640625,152.27699279785156,150.94400024414062,151.1929931640625,0.0
1739145600,151.8459930419922,152.52499389648438,151.57899475097656,151.8459930419922,0.0
1739232000,151.75900268554688,152.57899475097656,151.68699645996094,151.75900268554688,0.0
1739318400,152.73899841308594,154.79200744628906,152.73899841308594,152.73899841308594,0.0
1739404800,154.2550048828125,154.64700317382812,152.9320068359375,154.2550048828125,0.0
1739491200,152.98899841308594,153.07899475097656,152.0290069580078,152.98899841308594,0.0
1739750400,152.0229949951172,152.09500122070312,151.33799743652344,152.0229949951172,0.0
1739836800,151.44400024414062,152.20700073242188,151.43600463867188,151.44400024414062,0.0
1739923200,151.93099975585938,152.29800415039062,151.2550048828125,151.93099975585938,0.0
1740009600,151.22000122070312,151.20899963378906,149.49200439453125,151.22000122070312,0.0
1740096000,149.4080047607422,150.73500061035156,149.41099548339844,149.4080047607422,0.0
1740355200,149.38699340820312,149.86000061035156,148.843994140625,149.38699340820312,0.0
1740441600,149.86399841308594,150.28700256347656,148.5959930419922,149.86399841308594,0.0
1740528000,149.0780029296875,149.88499450683594,148.6580047607422,149.0780029296875,0.0
1740614400,148.83799743652344,150.14700317382812,148.802001953125,148.83799743652344,0.0
1740700800,150.01199340820312,150.96499633789062,149.10699462890625,150.01199340820312,0.0
1740960000,150.77099609375,151.2989959716797,149.94900512695312,150.77099609375,0.0
1741046400,149.30499267578125,149.5570068359375,148.10299682617188,149.30499267578125,0.0
1741132800,149.7989959716797,150.1790008544922,148.4199981689453,149.7989959716797,0.0
1741219200,148.8979949951172,149.31399536132812,147.3280029296875,148.8979949951172,0.0
1741305600,148.10800170898438,148.13699340820312,146.99000549316406,148.10800170898438,0.0
1741564800,147.60800170898438,147.7830047607422,146.63800048828125,147.60800170898438,0.0
1741651200,147.06900024414062,148.11399841308594,146.5469970703125,147.06900024414062,0.0
1741737600,148.04200744628906,149.18600463867188,147.84800720214844,148.04200744628906,0.0
1741824000,148.2790069580078,148.36000061035156,147.58799743652344,148.2790069580078,0.0
1741910400,147.94900512695312,148.99600219726562,147.85000610351562,147.94900512695312,0.0
1742169600,148.59800720214844,149.0800018310547,148.28799438476562,148.59800720214844,0.0
1742256000,149.37899780273438,149.93299865722656,149.25900268554688,149.37899780273438,0.0
1742342400,149.45199584960938,150.14199829101562,149.15499877929688,149.45199584960938,0.0
1742428800,148.49000549316406,148.94200134277344,148.17999267578125,148.49000549316406,0.0
1742515200,148.5959930419922,149.6510009765625,148.5970001220703,148.5959930419922,0.0
1742774400,149.677001953125,150.7429962158203,149.47000122070312,149.677001953125,0.0
1742860800,150.7740020751953,150.93499755859375,149.552001953125,150.7740020751953,0.0
1742947200,149.9499969482422,150.74200439453125,149.8509979248047,149.9499969482422,0.0
1743033600,150.47300720214844,151.08299255371094,150.06500244140625,150.47300720214844,0.0
1743120000,150.8470001220703,151.1999969482422,149.92300415039062,150.8470001220703,0.0
1743379200,149.61700439453125,149.9530029296875,148.7100067138672,149.61700439453125,0.0
1743465600,149.91299438476562,149.97999572753906,148.9770050048828,149.91299438476562,0.0
1743552000,149.7830047607422,150.0760040283203,149.11099243164062,149.7830047607422,0.0
1743638400,147.8719940185547,148.3179931640625,145.33900451660156,147.8719940185547,0.0
1743724800,146.2310028076172,146.5,144.6020050048828,146.2310028076172,0.0
1743984000,145.43299865722656,147.96200561523438,145.09500122070312,145.43299865722656,0.0
1744070400,147.78900146484375,147.93499755859375,146.6820068359375,147.78900146484375,0.0
1744156800,145.84500122070312,145.88499450683594,144.0449981689453,145.84500122070312,0.0
1744243200,147.3990020751953,147.43499755859375,144.06700134277344,147.3990020751953,0.0
1744329600,143.7469940185547,144.11000061035156,142.1009979248047,143.7469940185547,0.0
1744588800,143.6959991455078,144.0469970703125,142.26499938964844,143.6959991455078,0.0
1744675200,143.2209930419922,143.57899475097656,142.61199951171875,143.2209930419922,0.0
1744761600,143.18099975585938,143.1580047607422,142.0709991455078,143.18099975585938,0.0
1744848000,141.92799377441406,143.02000427246094,141.9149932861328,141.92799377441406,0.0
1745280000,140.87600708007812,141.13999938964844,139.89199829101562,140.87600708007812,0.0
1745366400,142.68800354003906,142.7519989013672,141.531005859375,142.68800354003906,0.0
1745452800,143.22300720214844,143.33299255371094,142.30799865722656,143.22300720214844,0.0
1745539200,142.87899780273438,144.0229949951172,142.843994140625,142.87899780273438,0.0
1745798400,143.84100341796875,143.86399841308594,142.64500427246094,143.84100341796875,0.0
1745884800,142.17799377441406,142.7570037841797,142.02200317382812,142.17799377441406,0.0
1745971200,142.2989959716797,143.14300537109375,142.17100524902344,142.2989959716797,0.0
1746057600,143.00900268554688,145.63400268554688,142.88999938964844,143.00900268554688,0.0
1746144000,145.447998046875,145.906005859375,143.73800659179688,145.447998046875,0.0
1746403200,144.62399291992188,144.77699279785156,143.54400634765625,144.62399291992188,0.0
1746489600,143.6540069580078,144.25,142.36300659179688,143.6540069580078,0.0
1746576000,143.03500366210938,143.50799560546875,142.76800537109375,143.03500366210938,0.0
1746662400,143.84800720214844,145.5540008544922,143.46800231933594,143.84800720214844,0.0
1746748800,146.01499938964844,146.16600036621094,144.8489990234375,146.01499938964844,0.0
1747008000,145.81199645996094,148.58200073242188,145.71800231933594,145.81199645996094,0.0
1747094400,148.30999755859375,148.2449951171875,147.656005859375,148.30999755859375,0.0
1747180800,147.5279998779297,147.64599609375,145.62899780273438,147.5279998779297,0.0
1747267200,146.64999389648438,146.7209930419922,145.41600036621094,146.64999389648438,0.0
1747353600,145.61300659179688,146.0570068359375,144.9320068359375,145.61300659179688,0.0
1747612800,145.29800415039062,145.33900451660156,144.6580047607422,145.29800415039062,0.0
1747699200,144.97500610351562,145.44900512695312,144.0970001220703,144.97500610351562,0.0
1747785600,144.3280029296875,144.3470001220703,143.45899963378906,144.3280029296875,0.0
1747872000,143.7550048828125,144.0449981689453,142.8280029296875,143.7550048828125,0.0
1747958400,143.85800170898438,144.00999450683594,142.468994140625,143.85800170898438,0.0
1748217600,142.86700439453125,143.0330047607422,142.23399353027344,142.86700439453125,0.0
1748304000,142.65499877929688,144.44900512695312,142.13099670410156,142.65499877929688,0.0
1748390400,144.177001953125,145.06399536132812,143.86900329589844,144.177001953125,0.0
1748476800,145.69700622558594,146.25100708007812,144.06700134277344,145.69700622558594,0.0
1748563200,143.7790069580078,144.4010009765625,143.44400024414062,143.7790069580078,0.0
1748822400,143.81500244140625,143.7969970703125,142.54600524902344,143.81500244140625,0.0
1748908800,142.45199584960938,143.97300720214844,142.42300415039062,142.45199584960938,0.0
1748995200,143.83700561523438,144.3489990234375,142.9029998779297,143.83700561523438,0.0
1749081600,142.73199462890625,143.947998046875,142.58700561523438,142.73199462890625,0.0
1749168000,143.54200744628906,145.0749969482422,143.5449981689453,143.54200744628906,0.0
1749427200,144.6909942626953,144.9409942626953,143.98399353027344,144.6909942626953,0.0
1749513600,144.5399932861328,145.28799438476562,144.41000366210938,144.5399932861328,0.0
1749600000,144.83799743652344,145.41299438476562,144.3769989013672,144.83799743652344,0.0
1749686400,144.2030029296875,144.3249969482422,143.20599365234375,144.2030029296875,0.0
1749772800,143.19400024414062,144.46400451660156,142.81700134277344,143.19400024414062,0.0
1750032000,144.09100341796875,144.5709991455078,143.66000366210938,144.09100341796875,0.0
1750118400,144.72900390625,145.26300048828125,144.41400146484375,144.72900390625,0.0
1750204800,145.37600708007812,145.43800354003906,144.5500030517578,145.37600708007812,0.0
1750291200,144.9550018310547,145.76499938964844,144.7480010986328,144.9550018310547,0.0
1750377600,145.21800231933594,145.9530029296875,145.14700317382812,145.21800231933594,0.0
1750636800,146.2239990234375,148.0019989013672,146.14100646972656,146.2239990234375,0.0
1750723200,145.92799377441406,145.8990020751953,144.5260009765625,145.92799377441406,0.0
1750809600,144.95700073242188,145.94900512695312,144.6280059814453,144.95700073242188,0.0
1750896000,144.9040069580078,144.93499755859375,143.77099609375,144.9040069580078,0.0
1750982400,144.69400024414062,144.93099975585938,144.1959991455078,144.69400024414062,0.0
1751241600,144.51699829101562,144.7259979248047,143.79800415039062,144.51699829101562,0.0
1751328000,143.8000030517578,143.9239959716797,142.69500732421875,143.8000030517578,0.0
1751414400,143.40199279785156,144.2209930419922,143.375,143.40199279785156,0.0
1751500800,143.5260009765625,145.21600341796875,143.4550018310547,143.5260009765625,0.0
1751587200,144.6820068359375,144.77999877929688,144.1929931640625,144.6820068359375,0.0
1751846400,144.4980010986328,145.88800048828125,144.23399353027344,144.4980010986328,0.0
1751932800,145.89199829101562,146.96400451660156,145.85000610351562,145.89199829101562,0.0
1752019200,146.8489990234375,147.1719970703125,146.27099609375,146.8489990234375,0.0
1752105600,146.11399841308594,146.76300048828125,145.76499938964844,146.11399841308594,0.0
1752192000,146.28799438476562,147.49200439453125,146.26199340820312,146.28799438476562,0.0
1752451200,147.2949981689453,147.70799255371094,146.88099670410156,147.2949981689453,0.0
1752537600,147.79200744628906,149.01300048828125,147.552001953125,147.79200744628906,0.0
1752624000,148.76100158691406,149.16700744628906,146.9669952392578,148.76100158691406,0.0
1752710400,148.0030059814453,149.01400756835938,148.00599670410156,148.0030059814453,0.0
1752796800,148.44200134277344,148.88299560546875,148.21400451660156,148.44200134277344,0.0
1753056000,148.43099975585938,148.55099487304688,147.2570037841797,148.43099975585938,0.0
1753142400,147.40899658203125,147.92999267578125,146.34500122070312,147.40899658203125,0.0
1753228800,146.78500366210938,147.18499755859375,146.13600158691406,146.78500366210938,0.0
1753315200,146.3489990234375,146.94500732421875,145.8560028076172,146.3489990234375,0.0
1753401600,147.0050048828125,147.92300415039062,146.86399841308594,147.0050048828125,0.0
1753660800,147.81300354003906,148.48399353027344,147.52499389648438,147.81300354003906,0.0
1753747200,148.47900390625,148.7989959716797,148.1699981689453,148.47900390625,0.0
1753833600,148.44200134277344,149.0959930419922,147.81100463867188,148.44200134277344,0.0
1753920000,149.2259979248047,150.62600708007812,148.6009979248047,149.2259979248047,0.0
1754006400,150.77200317382812,150.9149932861328,147.68099975585938,150.77200317382812,0.0
1754265600,147.34300231933594,148.06700134277344,146.8780059814453,147.34300231933594,0.0
1754352000,146.79299926757812,147.82699584960938,146.61700439453125,146.79299926757812,0.0
1754438400,147.55999755859375,147.87399291992188,147.22900390625,147.55999755859375,0.0
1754524800,147.1929931640625,147.69400024414062,146.6999969482422,147.1929931640625,0.0
1754611200,146.83700561523438,147.8800048828125,146.77000427246094,146.83700561523438,0.0
1754870400,147.66400146484375,148.0989990234375,147.35299682617188,147.66400146484375,0.0
1754956800,148.125,148.5050048828125,147.6060028076172,148.125,0.0
1755043200,147.75799560546875,148.16099548339844,147.10400390625,147.75799560546875,0.0
1755129600,147.1199951171875,147.79800415039062,146.2220001220703,147.1199951171875,0.0
1755216000,147.6909942626953,147.71299743652344,146.75599670410156,147.6909942626953,0.0
1755475200,147.26400756835938,147.9810028076172,147.1269989013672,147.26400756835938,0.0
1755561600,147.91600036621094,148.09300231933594,147.54600524902344,147.91600036621094,0.0
1755648000,147.7310028076172,147.80999755859375,146.88499450683594,147.7310028076172,0.0
1755734400,147.3179931640625,148.36900329589844,147.26199340820312,147.3179931640625,0.0
1755820800,148.38600158691406,148.76600646972656,146.58799743652344,148.38600158691406,0.0
1756080000,147.21499633789062,147.66700744628906,147.0989990234375,147.21499633789062,0.0
1756166400,147.82200622558594,147.89500427246094,147.00399780273438,147.82200622558594,0.0
1756252800,147.46200561523438,148.16600036621094,147.40199279785156,147.46200561523438,0.0
1756339200,147.3159942626953,147.46600341796875,146.8070068359375,147.3159942626953,0.0
1756425600,146.7899932861328,147.38900756835938,146.77000427246094,146.7899932861328,0.0
1756684800,147.0970001220703,147.37100219726562,146.78900146484375,147.0970001220703,0.0
1756771200,147.08399963378906,148.93299865722656,147.09300231933594,147.08399963378906,0.0
1756857600,148.54800415039062,149.11599731445312,147.9530029296875,148.54800415039062,0.0
1756944000,147.97999572753906,148.77000427246094,147.83900451660156,147.97999572753906,0.0
1757030400,148.375,148.42799377441406,146.82400512695312,148.375,0.0
1757289600,148.343994140625,148.54600524902344,147.4709930419922,148.343994140625,0.0
1757376000,147.36399841308594,147.4149932861328,146.32699584960938,147.36399841308594,0.0
1757462400,147.39199829101562,147.5959930419922,147.1280059814453,147.39199829101562,0.0
1757548800,147.33200073242188,147.98199462890625,147.00599670410156,147.33200073242188,0.0
1757635200,147.2239990234375,148.052001953125,147.16799926757812,147.2239990234375,0.0
1757894400,147.66600036621094,147.68099975585938,147.23699951171875,147.66600036621094,0.0
1757980800,147.40499877929688,147.53700256347656,146.5070037841797,147.40499877929688,0.0
1758067200,146.41299438476562,146.68099975585938,146.2169952392578,146.41299438476562,0.0
1758153600,146.89100646972656,148.2570037841797,146.86500549316406,146.89100646972656,0.0
1758240000,147.94700622558594,148.2480010986328,147.2100067138672,147.94700622558594,0.0
1758499200,148.09500122070312,148.3699951171875,147.73699951171875,148.09500122070312,0.0
1758585600,147.72500610351562,147.9199981689453,147.50999450683594,147.72500610351562,0.0
1758672000,147.61300659179688,148.7689971923828,147.51400756835938,147.61300659179688,0.0
1758758400,148.75100708007812,149.822998046875,148.56199645996094,148.75100708007812,0.0
1758844800,149.86099243164062,149.93499755859375,149.4250030517578,149.86099243164062,0.0
1759104000,149.40499877929688,149.4040069580078,148.46800231933594,149.40499877929688,0.0
1759190400,148.59500122070312,148.81100463867188,147.65899658203125,148.59500122070312,0.0
1759276800,147.9969940185547,148.22000122070312,146.60899353027344,147.9969940185547,0.0
1759363200,147.08299255371094,147.50900268554688,146.60899353027344,147.08299255371094,0.0
1759449600,147.14999389648438,147.81100463867188,147.17100524902344,147.14999389648438,0.0
1759708800,149.6060028076172,150.4669952392578,149.4810028076172,149.6060028076172,0.0
1759795200,150.33099365234375,151.1999969482422,150.2480010986328,150.33099365234375,0.0
1759881600,152.05099487304688,152.99099731445312,152.0970001220703,152.05099487304688,0.0
1759968000,152.67999267578125,153.21200561523438,152.19200134277344,152.67999267578125,0.0
1760054400,152.96499633789062,153.14999389648438,151.5260009765625,152.96499633789062,0.0
1760313600,152.05599975585938,152.4409942626953,151.73500061035156,152.05599975585938,0.0
1760400000,152.4340057373047,152.59300231933594,151.65699768066406,152.4340057373047,0.0
1760486400,151.7310028076172,151.82200622558594,150.91400146484375,151.7310028076172,0.0
1760572800,150.9739990234375,151.39199829101562,150.52200317382812,150.9739990234375,0.0
1760659200,150.1199951171875,150.5850067138672,149.40699768066406,150.1199951171875,0.0
1760918400,150.89999389648438,151.19900512695312,150.28599548339844,150.89999389648438,0.0
1761004800,150.7740020751953,152.16000366210938,150.49200439453125,150.7740020751953,0.0
1761091200,151.89300537109375,152.02699279785156,151.5070037841797,151.89300537109375,0.0
1761177600,151.95399475097656,152.78599548339844,151.97500610351562,151.95399475097656,0.0
1761264000,152.6020050048828,153.05599975585938,152.3470001220703,152.6020050048828,0.0
1761523200,153.06100463867188,153.2429962158203,152.57699584960938,153.06100463867188,0.0
1761609600,152.69200134277344,152.72900390625,151.75599670410156,152.69200134277344,0.0
1761696000,151.7310028076172,152.51400756835938,151.5489959716797,151.7310028076172,0.0
1761782400,152.7220001220703,154.4409942626953,152.18499755859375,152.7220001220703,0.0
1761868800,153.89999389648438,154.37600708007812,153.656005859375,153.89999389648438,0.0
1762128000,154.19500732421875,154.28399658203125,153.94700622558594,154.19500732421875,0.0
1762214400,154.20399475097656,154.46200561523438,153.32200622558594,154.20399475097656,0.0
1762300800,153.5570068359375,154.3520050048828,152.9810028076172,153.5570068359375,0.0
1762387200,154.072998046875,154.1320037841797,152.9770050048828,154.072998046875,0.0
1762473600,152.947998046875,153.51699829101562,152.85299682617188,152.947998046875,0.0
1762732800,153.5449981689453,154.23500061035156,153.5449981689453,153.81700134277344,0.0
1762819200,154.16400146484375,154.46499633789062,153.6699981689453,154.14599609375,0.0
1762905600,154.05299377441406,155.0189971923828,154.05299377441406,154.0749969482422,0.0
1762992000,154.7030029296875,154.98500061035156,154.1479949951172,154.71299743652344,0.0
1763078400,154.62899780273438,154.7469940185547,153.64999389648438,154.63299560546875,0.0
1763337600,154.6179962158203,155.2949981689453,154.41400146484375,154.5850067138672,0.0
1763424000,155.25,155.4949951171875,154.8350067138672,155.2729949951172,0.0
1763510400,155.5240020751953,156.69900512695312,155.22000122070312,155.54800415039062,0.0
1763596800,156.99200439453125,157.88699340820312,156.87899780273438,156.99200439453125,0.0
1763683200,157.38299560546875,157.52699279785156,156.22500610351562,157.36900329589844,0.0
1763942400,156.66200256347656,157.1699981689453,156.49899291992188,156.68800354003906,0.0
1764028800,156.8780059814453,156.97000122070312,155.91400146484375,156.93899536132812,0.0
1764115200,156.16900634765625,156.7220001220703,155.67100524902344,156.22999572753906,0.0
1764201600,156.21200561523438,156.4010009765625,155.7220001220703,156.23899841308594,0.0
1764288000,156.28700256347656,156.57400512695312,155.97799682617188,156.28399658203125,0.0
1764547200,155.88699340820312,155.91099548339844,154.68600463867188,155.92799377441406,0.0
1764633600,155.5469970703125,156.17100524902344,155.45899963378906,155.5570068359375,0.0
1764720000,155.74899291992188,155.7949981689453,155.00999450683594,155.8070068359375,0.0
1764806400,155.0970001220703,155.52999877929688,154.5189971923828,155.10699462890625,0.0
1764892800,155.1020050048828,155.48199462890625,154.3520050048828,155.14199829101562,0.0
1765152000,155.30299377441406,155.97500610351562,154.9029998779297,155.33999633789062,0.0
1765238400,155.83900451660156,156.9149932861328,155.75,155.843994140625,0.0
1765324800,156.79800415039062,156.91799926757812,156.322998046875,156.83799743652344,0.0
1765411200,155.74400329589844,156.1439971923828,154.94500732421875,155.7899932861328,0.0
1765497600,155.4770050048828,156.1219940185547,155.46099853515625,155.56700134277344,0.0
1765756800,155.85899353027344,155.96800231933594,154.85000610351562,155.88800048828125,0.0
1765843200,155.0240020751953,155.11099243164062,154.47000122070312,155.01499938964844,0.0
1765929600,154.76800537109375,155.6269989013672,154.51400756835938,154.7779998779297,0.0
1766016000,155.47999572753906,155.96499633789062,155.28900146484375,155.4949951171875,0.0
1766102400,155.5679931640625,157.48699951171875,155.5679931640625,155.58599853515625,0.0
1766361600,157.60899353027344,157.6490020751953,156.86500549316406,157.67599487304688,0.0
1766448000,156.91099548339844,156.91099548339844,155.66400146484375,156.8769989013672,0.0
1766534400,156.1649932861328,156.2519989013672,155.57200622558594,156.17599487304688,0.0
1766707200,156.1699981689453,156.63800048828125,155.9949951171875,156.08999633789062,0.0
1766966400,156.27499389648438,156.5,155.92799377441406,156.46299743652344,0.0
1767052800,155.9320068359375,156.54800415039062,155.74200439453125,156.01300048828125,0.0
1767139200,156.36700439453125,156.98899841308594,156.33099365234375,156.41299438476562,0.0
1767312000,156.73699951171875,156.99200439453125,156.50999450683594,156.7310028076172,0.0
1767571200,156.96600341796875,157.29200744628906,156.31500244140625,156.98899841308594,0.0
1767657600,156.58599853515625,156.7830047607422,156.15899658203125,156.62600708007812,0.0
1767744000,156.65699768066406,156.79400634765625,156.2989959716797,156.67999267578125,0.0
1767830400,156.6929931640625,157.05999755859375,156.4669952392578,156.7310028076172,0.0
1767916800,156.89599609375,158.16099548339844,156.88499450683594,156.8800048828125,0.0
1768176000,158.1230010986328,158.18800354003906,157.52099609375,158.1490020751953,0.0
1768262400,157.99600219726562,159.18699645996094,157.96499633789062,157.98599243164062,0.0
1768348800,159.1790008544922,159.43800354003906,158.11000061035156,159.1790008544922,0.0
1768435200,158.43600463867188,158.875,158.22300720214844,158.40199279785156,0.0
1768521600,158.57200622558594,158.67599487304688,157.8209991455078,158.5959930419922,0.0
1768780800,157.56700134277344,158.1479949951172,157.4250030517578,157.53500366210938,0.0
1768867200,158.17999267578125,158.5919952392578,157.5659942626953,158.177001953125,0.0
1768953600,158.156005859375,158.2969970703125,157.75,158.16200256347656,0.0
1769040000,158.45700073242188,158.875,158.2030029296875,158.45599365234375,0.0
1769126400,158.48800659179688,159.20700073242188,157.39199829101562,158.50100708007812,0.0
1769385600,155.18699645996094,155.3260040283203,153.35299682617188,155.16600036621094,0.0
1769472000,154.3489990234375,154.86900329589844,152.89100646972656,154.33599853515625,0.0
1769558400,152.5189971923828,153.76600646972656,152.3300018310547,152.4530029296875,0.0
1769644800,153.12399291992188,153.50599670410156,152.75900268554688,153.0959930419922,0.0
1769731200,153.14700317382812,154.74600219726562,153.0850067138672,153.16200256347656,0.0
1769990400,155.13499450683594,155.68499755859375,154.56900024414062,155.20199584960938,0.0
1770076800,155.5030059814453,156.07000732421875,155.31199645996094,155.4429931640625,0.0
1770163200,155.81500244140625,156.84500122070312,155.81500244140625,155.7989959716797,0.0
1770249600,156.9040069580078,157.3280029296875,156.56300354003906,156.91700744628906,0.0
1770336000,156.77099609375,157.13099670410156,156.53900146484375,156.78399658203125,0.0
1770595200,157.2550048828125,157.2550048828125,155.53199768066406,157.24400329589844,0.0
1770681600,156.1219940185547,156.28500366210938,154.07400512695312,156.1320037841797,0.0
1770768000,154.5019989013672,154.54600524902344,152.82400512695312,154.48199462890625,0.0
1770854400,153.23899841308594,153.73800659179688,152.2779998779297,153.2689971923828,0.0
1770940800,152.7570037841797,153.65499877929688,152.7449951171875,152.8209991455078,0.0
1771200000,152.78799438476562,153.61900329589844,152.77000427246094,152.7790069580078,0.0
1771286400,153.5500030517578,153.88699340820312,152.7010040283203,153.60899353027344,0.0
1771372800,153.11599731445312,154.47900390625,153.06300354003906,153.1490020751953,0.0
1771459200,154.6840057373047,155.31199645996094,154.53799438476562,154.6929931640625,0.0
1771545600,155.1739959716797,155.625,154.718994140625,155.16000366210938,0.0
1771804800,154.3560028076172,155.02200317382812,153.9949951171875,154.33900451660156,0.0
1771891200,154.63699340820312,156.24200439453125,154.61900329589844,154.63499450683594,0.0
1771977600,155.91200256347656,156.80799865722656,155.35699462890625,155.8800048828125,0.0
1772064000,156.14300537109375,156.26100158691406,155.74600219726562,156.1999969482422,0.0
1772150400,155.87100219726562,156.2169952392578,155.54100036621094,155.85899353027344,0.0
1772409600,156.60800170898438,157.74400329589844,156.1479949951172,156.63299560546875,0.0
1772496000,157.27200317382812,157.96600341796875,157.1529998779297,157.2570037841797,0.0
1772582400,157.781005859375,157.84500122070312,156.88299560546875,157.7729949951172,0.0
1772668800,156.9709930419922,157.76800537109375,156.4739990234375,156.98300170898438,0.0
1772755200,157.52200317382812,158.07400512695312,157.41200256347656,157.53399658203125,0.0
1773014400,158.38400268554688,158.8939971923828,158.0030059814453,158.427001953125,0.0
1773100800,157.8560028076172,157.95899963378906,157.27699279785156,157.84800720214844,0.0
1773187200,158.0679931640625,158.83900451660156,157.8699951171875,158.11399841308594,0.0
1773273600,159.09300231933594,159.28399658203125,158.572998046875,159.0749969482422,0.0
1773360000,159.2100067138672,159.63099670410156,159.00399780273438,159.20599365234375,0.0
1773619200,159.51199340820312,159.62100219726562,158.85400390625,159.5679931640625,0.0
1773705600,159.13900756835938,159.48699951171875,158.72500610351562,159.10499572753906,0.0
1773792000,158.88999938964844,159.5659942626953,158.56700134277344,158.88900756835938,0.0
1773878400,159.8159942626953,159.8159942626953,158.07400512695312,159.7949981689453,0.0
1773964800,157.9149932861328,159.2570037841797,157.73699951171875,157.9239959716797,0.0
1774224000,159.13999938964844,159.64999389648438,158.22500610351562,159.23399353027344,0.0
1774310400,158.49000549316406,158.93699645996094,158.40899658203125,158.47900390625,0.0
1774396800,158.7100067138672,159.22500610351562,158.57699584960938,158.71800231933594,0.0
1774483200,159.4010009765625,159.68899536132812,159.28700256347656,159.38400268554688,0.0
1774569600,159.71499633789062,160.1580047607422,159.45599365234375,159.70399475097656,0.0
1774828800,160.2310028076172,160.2310028076172,159.3209991455078,160.23399353027344,0.0
1774915200,159.75399780273438,159.95899963378906,158.89199829101562,159.84100341796875,0.0
1775001600,158.5679931640625,158.99000549316406,158.2790069580078,158.57899475097656,0.0
1775088000,158.69900512695312,159.74200439453125,158.6009979248047,158.68800354003906,0.0
1775174400,159.45599365234375,159.69500732421875,159.427001953125,159.49099731445312,0.0
1775433600,159.75,159.79299926757812,159.31700134277344,159.77999877929688,0.0
1775520000,159.70599365234375,160.01499938964844,159.47300720214844,159.68299865722656,0.0
1775606400,158.6479949951172,158.7469940185547,157.89300537109375,158.71600341796875,0.0
1775692800,158.63400268554688,159.27999877929688,158.63400268554688,158.64199829101562,0.0
1775779200,159.08900451660156,159.36399841308594,159.00900268554688,159.11199951171875,0.0
1776038400,159.69700622558594,159.85000610351562,159.51699829101562,159.67999267578125,0.0
1776124800,159.26199340820312,159.32400512695312,158.60299682617188,159.21400451660156,0.0
1776211200,158.76300048828125,159.1529998779297,158.65199279785156,158.79200744628906,0.0
1776297600,158.7830047607422,159.28700256347656,158.2779998779297,158.8090057373047,0.0
1776384000,159.2239990234375,159.51499938964844,157.61199951171875,159.19500732421875,0.0
1776643200,159.1529998779297,159.177001953125,158.55099487304688,159.16099548339844,0.0
1776729600,158.85400390625,159.43099975585938,158.80299377441406,158.843994140625,0.0
1776816000,159.33799743652344,159.50399780273438,159.10400390625,159.3730010986328,0.0
1776902400,159.49400329589844,159.7760009765625,159.29800415039062,159.48800659179688,0.0
1776988800,159.74200439453125,159.83700561523438,159.33599853515625,159.7469940185547,0.0
1777248000,159.5749969482422,159.5749969482422,159.08999633789062,159.5760040283203,0.0
1777334400,159.35899353027344,159.78399658203125,158.97000122070312,159.35699462890625,0.0
1777420800,159.5449981689453,160.28799438476562,159.52099609375,159.552001953125,0.0
1777507200,160.1929931640625,160.70199584960938,155.55099487304688,160.1840057373047,0.0
1777593600,156.99400329589844,157.3090057373047,155.51600646972656,156.97799682617188,0.0
1777852800,156.89999389648438,157.27699279785156,155.81500244140625,156.8459930419922,0.0
1777939200,157.2050018310547,157.8350067138672,157.12100219726562,157.19400024414062,0.0
1778025600,157.6649932861328,157.88900756835938,155.0469970703125,157.677001953125,0.0
1778112000,156.51100158691406,156.51100158691406,156.03599548339844,156.50799560546875,0.0
1778198400,156.83799743652344,156.97300720214844,156.4459991455078,156.82899475097656,0.0
1778457600,156.88900756835938,157.16900634765625,156.85499572753906,156.85800170898438,0.0
1778544000,157.27000427246094,157.74600219726562,156.8090057373047,157.2310028076172,0.0
1778630400,157.6750030517578,157.89100646972656,157.57899475097656,157.67100524902344,0.0
1778716800,157.8470001220703,158.18299865722656,157.60899353027344,157.8509979248047,0.0
1778803200,158.39300537109375,158.73800659179688,158.30499267578125,158.3820037841797,0.0
1779062400,158.86900329589844,159.0590057373047,158.63999938964844,158.843994140625,0.0
1779148800,158.875,159.24200439453125,158.7779998779297,158.86099243164062,0.0
1779235200,159.05299377441406,159.16600036621094,158.593994140625,159.03500366210938,0.0
1779321600,158.88800048828125,159.3179931640625,158.8179931640625,158.88800048828125,0.0
1779408000,159.04800415039062,159.22500610351562,159.0,159.01800537109375,0.0
1779667200,158.94200134277344,159.03700256347656,158.75900268554688,158.9459991455078,0.0
1779753600,158.947998046875,159.3719940185547,158.90699768066406,158.95399475097656,0.0
1779840000,159.2239990234375,159.51800537109375,159.1739959716797,159.2429962158203,0.0
1779926400,159.57400512695312,159.64300537109375,159.16600036621094,159.5679931640625,0.0
1780012800,159.26100158691406,159.37600708007812,159.0989990234375,159.27000427246094,0.0
1780272000,159.38299560546875,159.74899291992188,159.3679962158203,159.35299682617188,0.0
1780358400,159.63999938964844,159.89500427246094,159.63600158691406,159.63600158691406,0.0
1780444800,159.97500610351562,159.99400329589844,159.51199340820312,159.96800231933594,0.0
1780531200,159.9459991455078,160.02099609375,159.75,159.94000244140625,0.0
1780617600,159.99000549316406,160.2899932861328,159.82400512695312,159.99000549316406,0.0
1780876800,160.3280029296875,160.38800048828125,159.906005859375,160.32699584960938,0.0
1780963200,160.1820068359375,160.2989959716797,160.05499267578125,160.1739959716797,0.0
1781049600,160.3820037841797,160.52099609375,160.25100708007812,160.38400268554688,0.0
1781136000,160.50799560546875,160.58599853515625,160.427001953125,160.52699279785156,0.0
1781222400,160.16799926757812,160.36900329589844,159.97300720214844,160.1300048828125,0.0
1781481600,159.91600036621094,160.2220001220703,159.88699340820312,159.9550018310547,0.0
1781568000,160.24000549316406,160.45799255371094,160.05799865722656,160.22900390625,0.0
1781654400,160.41400146484375,160.4219970703125,160.1179962158203,160.41900634765625,0.0
1781740800,160.5500030517578,161.36599731445312,160.53900146484375,160.60000610351562,0.0
1781827200,161.2480010986328,161.44900512695312,161.00599670410156,161.28900146484375,0.0
1782086400,161.43299865722656,161.91400146484375,161.10299682617188,161.43299865722656,0.0
1782172800,161.5469970703125,161.73300170898438,161.30999755859375,161.57000732421875,0.0
1782259200,161.55799865722656,161.802001953125,161.531005859375,161.5989990234375,0.0
1782345600,161.73300170898438,161.93499755859375,161.58700561523438,161.76300048828125,0.0
1782432000,161.7899932861328,161.84300231933594,161.53500366210938,161.80499267578125,0.0
1782691200,161.76300048828125,161.9550018310547,161.718994140625,161.78700256347656,0.0
1782777600,161.9199981689453,162.6510009765625,161.9199981689453,161.92300415039062,0.0
1782864000,162.66000366210938,162.83599853515625,162.29400634765625,162.6280059814453,0.0
1782950400,162.54200744628906,162.58399963378906,160.68800354003906,162.53900146484375,0.0
1783036800,161.10000610351562,161.5240020751953,160.46600341796875,161.33700561523438,0.0
