[     375ms] [ERROR] Failed to load resource: net::ERR_CONNECTION_REFUSED @ https://www.googletagmanager.com/gtag/js?id=AW-17509959674&gtg_health=1:0
[     678ms] [INFO] 
    _____
 ___ |[]|_n__n_I_c
|___||__|###|____}
 O-O--O-O+++--O-O
****************************************
*                                      *
*           Enjoying Railway?          *
*                                      *
*         Want to ride with us?        *
*                                      *
*              Hop aboard,             *
*   the train is leaving the station!  *
*                                      *
*      https://railway.com/careers     *
*                                      *
****************************************
 @ https://railway.com/assets/main-CJPSc2xh.js:64
[     678ms] [INFO] 
    _____
 ___ |[]|_n__n_I_c
|___||__|###|____}
 O-O--O-O+++--O-O
****************************************
*                                      *
*           Enjoying Railway?          *
*                                      *
*         Want to ride with us?        *
*                                      *
*              Hop aboard,             *
*   the train is leaving the station!  *
*                                      *
*      https://railway.com/careers     *
*                                      *
****************************************
 @ https://railway.com/assets/main-CJPSc2xh.js:102
[     825ms] Error: Minified React error #418; visit https://reactjs.org/docs/error-decoder.html?invariant=418 for the full message or use the non-minified dev environment for full errors and additional helpful warnings.
    at Va (https://railway.com/assets/react-dom-CWIgXKDx.js:6:4758)
    at Wl (https://railway.com/assets/react-dom-CWIgXKDx.js:8:45043)
    at Pl (https://railway.com/assets/react-dom-CWIgXKDx.js:8:39294)
    at Nl (https://railway.com/assets/react-dom-CWIgXKDx.js:8:39267)
    at vl (https://railway.com/assets/react-dom-CWIgXKDx.js:8:34357)
    at te (https://railway.com/assets/react-dom-CWIgXKDx.js:1:1616)
    at MessagePort.se (https://railway.com/assets/react-dom-CWIgXKDx.js:1:1986)
[     826ms] Error: Minified React error #418; visit https://reactjs.org/docs/error-decoder.html?invariant=418 for the full message or use the non-minified dev environment for full errors and additional helpful warnings.
    at Va (https://railway.com/assets/react-dom-CWIgXKDx.js:6:4758)
    at Wl (https://railway.com/assets/react-dom-CWIgXKDx.js:8:45043)
    at Pl (https://railway.com/assets/react-dom-CWIgXKDx.js:8:39294)
    at Nl (https://railway.com/assets/react-dom-CWIgXKDx.js:8:39267)
    at vl (https://railway.com/assets/react-dom-CWIgXKDx.js:8:34357)
    at te (https://railway.com/assets/react-dom-CWIgXKDx.js:1:1616)
    at MessagePort.se (https://railway.com/assets/react-dom-CWIgXKDx.js:1:1986)
[     826ms] Error: Minified React error #418; visit https://reactjs.org/docs/error-decoder.html?invariant=418 for the full message or use the non-minified dev environment for full errors and additional helpful warnings.
    at Va (https://railway.com/assets/react-dom-CWIgXKDx.js:6:4758)
    at Wl (https://railway.com/assets/react-dom-CWIgXKDx.js:8:45043)
    at Pl (https://railway.com/assets/react-dom-CWIgXKDx.js:8:39294)
    at Nl (https://railway.com/assets/react-dom-CWIgXKDx.js:8:39267)
    at vl (https://railway.com/assets/react-dom-CWIgXKDx.js:8:34357)
    at te (https://railway.com/assets/react-dom-CWIgXKDx.js:1:1616)
    at MessagePort.se (https://railway.com/assets/react-dom-CWIgXKDx.js:1:1986)
[     826ms] Error: Minified React error #418; visit https://reactjs.org/docs/error-decoder.html?invariant=418 for the full message or use the non-minified dev environment for full errors and additional helpful warnings.
    at Va (https://railway.com/assets/react-dom-CWIgXKDx.js:6:4758)
    at Wl (https://railway.com/assets/react-dom-CWIgXKDx.js:8:45043)
    at Pl (https://railway.com/assets/react-dom-CWIgXKDx.js:8:39294)
    at Nl (https://railway.com/assets/react-dom-CWIgXKDx.js:8:39267)
    at vl (https://railway.com/assets/react-dom-CWIgXKDx.js:8:34357)
    at te (https://railway.com/assets/react-dom-CWIgXKDx.js:1:1616)
    at MessagePort.se (https://railway.com/assets/react-dom-CWIgXKDx.js:1:1986)
[     826ms] Error: Minified React error #418; visit https://reactjs.org/docs/error-decoder.html?invariant=418 for the full message or use the non-minified dev environment for full errors and additional helpful warnings.
    at Va (https://railway.com/assets/react-dom-CWIgXKDx.js:6:4758)
    at Wl (https://railway.com/assets/react-dom-CWIgXKDx.js:8:45043)
    at Pl (https://railway.com/assets/react-dom-CWIgXKDx.js:8:39294)
    at Nl (https://railway.com/assets/react-dom-CWIgXKDx.js:8:39267)
    at vl (https://railway.com/assets/react-dom-CWIgXKDx.js:8:34357)
    at te (https://railway.com/assets/react-dom-CWIgXKDx.js:1:1616)
    at MessagePort.se (https://railway.com/assets/react-dom-CWIgXKDx.js:1:1986)
[     826ms] Error: Minified React error #418; visit https://reactjs.org/docs/error-decoder.html?invariant=418 for the full message or use the non-minified dev environment for full errors and additional helpful warnings.
    at Va (https://railway.com/assets/react-dom-CWIgXKDx.js:6:4758)
    at Wl (https://railway.com/assets/react-dom-CWIgXKDx.js:8:45043)
    at Pl (https://railway.com/assets/react-dom-CWIgXKDx.js:8:39294)
    at Nl (https://railway.com/assets/react-dom-CWIgXKDx.js:8:39267)
    at vl (https://railway.com/assets/react-dom-CWIgXKDx.js:8:34357)
    at te (https://railway.com/assets/react-dom-CWIgXKDx.js:1:1616)
    at MessagePort.se (https://railway.com/assets/react-dom-CWIgXKDx.js:1:1986)
[     826ms] Error: Minified React error #418; visit https://reactjs.org/docs/error-decoder.html?invariant=418 for the full message or use the non-minified dev environment for full errors and additional helpful warnings.
    at Va (https://railway.com/assets/react-dom-CWIgXKDx.js:6:4758)
    at Wl (https://railway.com/assets/react-dom-CWIgXKDx.js:8:45043)
    at Pl (https://railway.com/assets/react-dom-CWIgXKDx.js:8:39294)
    at Nl (https://railway.com/assets/react-dom-CWIgXKDx.js:8:39267)
    at vl (https://railway.com/assets/react-dom-CWIgXKDx.js:8:34357)
    at te (https://railway.com/assets/react-dom-CWIgXKDx.js:1:1616)
    at MessagePort.se (https://railway.com/assets/react-dom-CWIgXKDx.js:1:1986)
[     826ms] Error: Minified React error #418; visit https://reactjs.org/docs/error-decoder.html?invariant=418 for the full message or use the non-minified dev environment for full errors and additional helpful warnings.
    at Va (https://railway.com/assets/react-dom-CWIgXKDx.js:6:4758)
    at Wl (https://railway.com/assets/react-dom-CWIgXKDx.js:8:45043)
    at Pl (https://railway.com/assets/react-dom-CWIgXKDx.js:8:39294)
    at Nl (https://railway.com/assets/react-dom-CWIgXKDx.js:8:39267)
    at vl (https://railway.com/assets/react-dom-CWIgXKDx.js:8:34357)
    at te (https://railway.com/assets/react-dom-CWIgXKDx.js:1:1616)
    at MessagePort.se (https://railway.com/assets/react-dom-CWIgXKDx.js:1:1986)
[     826ms] Error: Minified React error #418; visit https://reactjs.org/docs/error-decoder.html?invariant=418 for the full message or use the non-minified dev environment for full errors and additional helpful warnings.
    at Va (https://railway.com/assets/react-dom-CWIgXKDx.js:6:4758)
    at Wl (https://railway.com/assets/react-dom-CWIgXKDx.js:8:45043)
    at Pl (https://railway.com/assets/react-dom-CWIgXKDx.js:8:39294)
    at Nl (https://railway.com/assets/react-dom-CWIgXKDx.js:8:39267)
    at vl (https://railway.com/assets/react-dom-CWIgXKDx.js:8:34357)
    at te (https://railway.com/assets/react-dom-CWIgXKDx.js:1:1616)
    at MessagePort.se (https://railway.com/assets/react-dom-CWIgXKDx.js:1:1986)
[     826ms] Error: Minified React error #418; visit https://reactjs.org/docs/error-decoder.html?invariant=418 for the full message or use the non-minified dev environment for full errors and additional helpful warnings.
    at Va (https://railway.com/assets/react-dom-CWIgXKDx.js:6:4758)
    at Wl (https://railway.com/assets/react-dom-CWIgXKDx.js:8:45043)
    at Pl (https://railway.com/assets/react-dom-CWIgXKDx.js:8:39294)
    at Nl (https://railway.com/assets/react-dom-CWIgXKDx.js:8:39267)
    at vl (https://railway.com/assets/react-dom-CWIgXKDx.js:8:34357)
    at te (https://railway.com/assets/react-dom-CWIgXKDx.js:1:1616)
    at MessagePort.se (https://railway.com/assets/react-dom-CWIgXKDx.js:1:1986)
[     826ms] Error: Minified React error #418; visit https://reactjs.org/docs/error-decoder.html?invariant=418 for the full message or use the non-minified dev environment for full errors and additional helpful warnings.
    at Va (https://railway.com/assets/react-dom-CWIgXKDx.js:6:4758)
    at Wl (https://railway.com/assets/react-dom-CWIgXKDx.js:8:45043)
    at Pl (https://railway.com/assets/react-dom-CWIgXKDx.js:8:39294)
    at Nl (https://railway.com/assets/react-dom-CWIgXKDx.js:8:39267)
    at vl (https://railway.com/assets/react-dom-CWIgXKDx.js:8:34357)
    at te (https://railway.com/assets/react-dom-CWIgXKDx.js:1:1616)
    at MessagePort.se (https://railway.com/assets/react-dom-CWIgXKDx.js:1:1986)
[     826ms] Error: Minified React error #418; visit https://reactjs.org/docs/error-decoder.html?invariant=418 for the full message or use the non-minified dev environment for full errors and additional helpful warnings.
    at Va (https://railway.com/assets/react-dom-CWIgXKDx.js:6:4758)
    at Wl (https://railway.com/assets/react-dom-CWIgXKDx.js:8:45043)
    at Pl (https://railway.com/assets/react-dom-CWIgXKDx.js:8:39294)
    at Nl (https://railway.com/assets/react-dom-CWIgXKDx.js:8:39267)
    at vl (https://railway.com/assets/react-dom-CWIgXKDx.js:8:34357)
    at te (https://railway.com/assets/react-dom-CWIgXKDx.js:1:1616)
    at MessagePort.se (https://railway.com/assets/react-dom-CWIgXKDx.js:1:1986)
[     826ms] Error: Minified React error #418; visit https://reactjs.org/docs/error-decoder.html?invariant=418 for the full message or use the non-minified dev environment for full errors and additional helpful warnings.
    at Va (https://railway.com/assets/react-dom-CWIgXKDx.js:6:4758)
    at Wl (https://railway.com/assets/react-dom-CWIgXKDx.js:8:45043)
    at Pl (https://railway.com/assets/react-dom-CWIgXKDx.js:8:39294)
    at Nl (https://railway.com/assets/react-dom-CWIgXKDx.js:8:39267)
    at vl (https://railway.com/assets/react-dom-CWIgXKDx.js:8:34357)
    at te (https://railway.com/assets/react-dom-CWIgXKDx.js:1:1616)
    at MessagePort.se (https://railway.com/assets/react-dom-CWIgXKDx.js:1:1986)
[     826ms] Error: Minified React error #418; visit https://reactjs.org/docs/error-decoder.html?invariant=418 for the full message or use the non-minified dev environment for full errors and additional helpful warnings.
    at Va (https://railway.com/assets/react-dom-CWIgXKDx.js:6:4758)
    at Wl (https://railway.com/assets/react-dom-CWIgXKDx.js:8:45043)
    at Pl (https://railway.com/assets/react-dom-CWIgXKDx.js:8:39294)
    at Nl (https://railway.com/assets/react-dom-CWIgXKDx.js:8:39267)
    at vl (https://railway.com/assets/react-dom-CWIgXKDx.js:8:34357)
    at te (https://railway.com/assets/react-dom-CWIgXKDx.js:1:1616)
    at MessagePort.se (https://railway.com/assets/react-dom-CWIgXKDx.js:1:1986)
[     826ms] Error: Minified React error #418; visit https://reactjs.org/docs/error-decoder.html?invariant=418 for the full message or use the non-minified dev environment for full errors and additional helpful warnings.
    at Va (https://railway.com/assets/react-dom-CWIgXKDx.js:6:4758)
    at Wl (https://railway.com/assets/react-dom-CWIgXKDx.js:8:45043)
    at Pl (https://railway.com/assets/react-dom-CWIgXKDx.js:8:39294)
    at Nl (https://railway.com/assets/react-dom-CWIgXKDx.js:8:39267)
    at vl (https://railway.com/assets/react-dom-CWIgXKDx.js:8:34357)
    at te (https://railway.com/assets/react-dom-CWIgXKDx.js:1:1616)
    at MessagePort.se (https://railway.com/assets/react-dom-CWIgXKDx.js:1:1986)
[     826ms] Error: Minified React error #418; visit https://reactjs.org/docs/error-decoder.html?invariant=418 for the full message or use the non-minified dev environment for full errors and additional helpful warnings.
    at Va (https://railway.com/assets/react-dom-CWIgXKDx.js:6:4758)
    at Wl (https://railway.com/assets/react-dom-CWIgXKDx.js:8:45043)
    at Pl (https://railway.com/assets/react-dom-CWIgXKDx.js:8:39294)
    at Nl (https://railway.com/assets/react-dom-CWIgXKDx.js:8:39267)
    at vl (https://railway.com/assets/react-dom-CWIgXKDx.js:8:34357)
    at te (https://railway.com/assets/react-dom-CWIgXKDx.js:1:1616)
    at MessagePort.se (https://railway.com/assets/react-dom-CWIgXKDx.js:1:1986)
[     826ms] Error: Minified React error #418; visit https://reactjs.org/docs/error-decoder.html?invariant=418 for the full message or use the non-minified dev environment for full errors and additional helpful warnings.
    at Va (https://railway.com/assets/react-dom-CWIgXKDx.js:6:4758)
    at Wl (https://railway.com/assets/react-dom-CWIgXKDx.js:8:45043)
    at Pl (https://railway.com/assets/react-dom-CWIgXKDx.js:8:39294)
    at Nl (https://railway.com/assets/react-dom-CWIgXKDx.js:8:39267)
    at vl (https://railway.com/assets/react-dom-CWIgXKDx.js:8:34357)
    at te (https://railway.com/assets/react-dom-CWIgXKDx.js:1:1616)
    at MessagePort.se (https://railway.com/assets/react-dom-CWIgXKDx.js:1:1986)
[     826ms] Error: Minified React error #418; visit https://reactjs.org/docs/error-decoder.html?invariant=418 for the full message or use the non-minified dev environment for full errors and additional helpful warnings.
    at Va (https://railway.com/assets/react-dom-CWIgXKDx.js:6:4758)
    at Wl (https://railway.com/assets/react-dom-CWIgXKDx.js:8:45043)
    at Pl (https://railway.com/assets/react-dom-CWIgXKDx.js:8:39294)
    at Nl (https://railway.com/assets/react-dom-CWIgXKDx.js:8:39267)
    at vl (https://railway.com/assets/react-dom-CWIgXKDx.js:8:34357)
    at te (https://railway.com/assets/react-dom-CWIgXKDx.js:1:1616)
    at MessagePort.se (https://railway.com/assets/react-dom-CWIgXKDx.js:1:1986)
[     826ms] Error: Minified React error #418; visit https://reactjs.org/docs/error-decoder.html?invariant=418 for the full message or use the non-minified dev environment for full errors and additional helpful warnings.
    at Va (https://railway.com/assets/react-dom-CWIgXKDx.js:6:4758)
    at Wl (https://railway.com/assets/react-dom-CWIgXKDx.js:8:45043)
    at Pl (https://railway.com/assets/react-dom-CWIgXKDx.js:8:39294)
    at Nl (https://railway.com/assets/react-dom-CWIgXKDx.js:8:39267)
    at vl (https://railway.com/assets/react-dom-CWIgXKDx.js:8:34357)
    at te (https://railway.com/assets/react-dom-CWIgXKDx.js:1:1616)
    at MessagePort.se (https://railway.com/assets/react-dom-CWIgXKDx.js:1:1986)
[     826ms] Error: Minified React error #418; visit https://reactjs.org/docs/error-decoder.html?invariant=418 for the full message or use the non-minified dev environment for full errors and additional helpful warnings.
    at Va (https://railway.com/assets/react-dom-CWIgXKDx.js:6:4758)
    at Wl (https://railway.com/assets/react-dom-CWIgXKDx.js:8:45043)
    at Pl (https://railway.com/assets/react-dom-CWIgXKDx.js:8:39294)
    at Nl (https://railway.com/assets/react-dom-CWIgXKDx.js:8:39267)
    at vl (https://railway.com/assets/react-dom-CWIgXKDx.js:8:34357)
    at te (https://railway.com/assets/react-dom-CWIgXKDx.js:1:1616)
    at MessagePort.se (https://railway.com/assets/react-dom-CWIgXKDx.js:1:1986)
[     826ms] Error: Minified React error #418; visit https://reactjs.org/docs/error-decoder.html?invariant=418 for the full message or use the non-minified dev environment for full errors and additional helpful warnings.
    at Va (https://railway.com/assets/react-dom-CWIgXKDx.js:6:4758)
    at Wl (https://railway.com/assets/react-dom-CWIgXKDx.js:8:45043)
    at Pl (https://railway.com/assets/react-dom-CWIgXKDx.js:8:39294)
    at Nl (https://railway.com/assets/react-dom-CWIgXKDx.js:8:39267)
    at vl (https://railway.com/assets/react-dom-CWIgXKDx.js:8:34357)
    at te (https://railway.com/assets/react-dom-CWIgXKDx.js:1:1616)
    at MessagePort.se (https://railway.com/assets/react-dom-CWIgXKDx.js:1:1986)
[     826ms] Error: Minified React error #418; visit https://reactjs.org/docs/error-decoder.html?invariant=418 for the full message or use the non-minified dev environment for full errors and additional helpful warnings.
    at Va (https://railway.com/assets/react-dom-CWIgXKDx.js:6:4758)
    at Wl (https://railway.com/assets/react-dom-CWIgXKDx.js:8:45043)
    at Pl (https://railway.com/assets/react-dom-CWIgXKDx.js:8:39294)
    at Nl (https://railway.com/assets/react-dom-CWIgXKDx.js:8:39267)
    at vl (https://railway.com/assets/react-dom-CWIgXKDx.js:8:34357)
    at te (https://railway.com/assets/react-dom-CWIgXKDx.js:1:1616)
    at MessagePort.se (https://railway.com/assets/react-dom-CWIgXKDx.js:1:1986)
[     826ms] Error: Minified React error #418; visit https://reactjs.org/docs/error-decoder.html?invariant=418 for the full message or use the non-minified dev environment for full errors and additional helpful warnings.
    at Va (https://railway.com/assets/react-dom-CWIgXKDx.js:6:4758)
    at Wl (https://railway.com/assets/react-dom-CWIgXKDx.js:8:45043)
    at Pl (https://railway.com/assets/react-dom-CWIgXKDx.js:8:39294)
    at Nl (https://railway.com/assets/react-dom-CWIgXKDx.js:8:39267)
    at vl (https://railway.com/assets/react-dom-CWIgXKDx.js:8:34357)
    at te (https://railway.com/assets/react-dom-CWIgXKDx.js:1:1616)
    at MessagePort.se (https://railway.com/assets/react-dom-CWIgXKDx.js:1:1986)
[     826ms] Error: Minified React error #418; visit https://reactjs.org/docs/error-decoder.html?invariant=418 for the full message or use the non-minified dev environment for full errors and additional helpful warnings.
    at Va (https://railway.com/assets/react-dom-CWIgXKDx.js:6:4758)
    at Wl (https://railway.com/assets/react-dom-CWIgXKDx.js:8:45043)
    at Pl (https://railway.com/assets/react-dom-CWIgXKDx.js:8:39294)
    at Nl (https://railway.com/assets/react-dom-CWIgXKDx.js:8:39267)
    at vl (https://railway.com/assets/react-dom-CWIgXKDx.js:8:34357)
    at te (https://railway.com/assets/react-dom-CWIgXKDx.js:1:1616)
    at MessagePort.se (https://railway.com/assets/react-dom-CWIgXKDx.js:1:1986)
[     826ms] Error: Minified React error #418; visit https://reactjs.org/docs/error-decoder.html?invariant=418 for the full message or use the non-minified dev environment for full errors and additional helpful warnings.
    at Va (https://railway.com/assets/react-dom-CWIgXKDx.js:6:4758)
    at Wl (https://railway.com/assets/react-dom-CWIgXKDx.js:8:45043)
    at Pl (https://railway.com/assets/react-dom-CWIgXKDx.js:8:39294)
    at Nl (https://railway.com/assets/react-dom-CWIgXKDx.js:8:39267)
    at vl (https://railway.com/assets/react-dom-CWIgXKDx.js:8:34357)
    at te (https://railway.com/assets/react-dom-CWIgXKDx.js:1:1616)
    at MessagePort.se (https://railway.com/assets/react-dom-CWIgXKDx.js:1:1986)
[     826ms] Error: Minified React error #418; visit https://reactjs.org/docs/error-decoder.html?invariant=418 for the full message or use the non-minified dev environment for full errors and additional helpful warnings.
    at Va (https://railway.com/assets/react-dom-CWIgXKDx.js:6:4758)
    at Wl (https://railway.com/assets/react-dom-CWIgXKDx.js:8:45043)
    at Pl (https://railway.com/assets/react-dom-CWIgXKDx.js:8:39294)
    at Nl (https://railway.com/assets/react-dom-CWIgXKDx.js:8:39267)
    at vl (https://railway.com/assets/react-dom-CWIgXKDx.js:8:34357)
    at te (https://railway.com/assets/react-dom-CWIgXKDx.js:1:1616)
    at MessagePort.se (https://railway.com/assets/react-dom-CWIgXKDx.js:1:1986)
[     826ms] Error: Minified React error #418; visit https://reactjs.org/docs/error-decoder.html?invariant=418 for the full message or use the non-minified dev environment for full errors and additional helpful warnings.
    at Va (https://railway.com/assets/react-dom-CWIgXKDx.js:6:4758)
    at Wl (https://railway.com/assets/react-dom-CWIgXKDx.js:8:45043)
    at Pl (https://railway.com/assets/react-dom-CWIgXKDx.js:8:39294)
    at Nl (https://railway.com/assets/react-dom-CWIgXKDx.js:8:39267)
    at vl (https://railway.com/assets/react-dom-CWIgXKDx.js:8:34357)
    at te (https://railway.com/assets/react-dom-CWIgXKDx.js:1:1616)
    at MessagePort.se (https://railway.com/assets/react-dom-CWIgXKDx.js:1:1986)
[     826ms] Error: Minified React error #418; visit https://reactjs.org/docs/error-decoder.html?invariant=418 for the full message or use the non-minified dev environment for full errors and additional helpful warnings.
    at Va (https://railway.com/assets/react-dom-CWIgXKDx.js:6:4758)
    at Wl (https://railway.com/assets/react-dom-CWIgXKDx.js:8:45043)
    at Pl (https://railway.com/assets/react-dom-CWIgXKDx.js:8:39294)
    at Nl (https://railway.com/assets/react-dom-CWIgXKDx.js:8:39267)
    at vl (https://railway.com/assets/react-dom-CWIgXKDx.js:8:34357)
    at te (https://railway.com/assets/react-dom-CWIgXKDx.js:1:1616)
    at MessagePort.se (https://railway.com/assets/react-dom-CWIgXKDx.js:1:1986)
[     826ms] Error: Minified React error #418; visit https://reactjs.org/docs/error-decoder.html?invariant=418 for the full message or use the non-minified dev environment for full errors and additional helpful warnings.
    at Va (https://railway.com/assets/react-dom-CWIgXKDx.js:6:4758)
    at Wl (https://railway.com/assets/react-dom-CWIgXKDx.js:8:45043)
    at Pl (https://railway.com/assets/react-dom-CWIgXKDx.js:8:39294)
    at Nl (https://railway.com/assets/react-dom-CWIgXKDx.js:8:39267)
    at vl (https://railway.com/assets/react-dom-CWIgXKDx.js:8:34357)
    at te (https://railway.com/assets/react-dom-CWIgXKDx.js:1:1616)
    at MessagePort.se (https://railway.com/assets/react-dom-CWIgXKDx.js:1:1986)
[     826ms] Error: Minified React error #418; visit https://reactjs.org/docs/error-decoder.html?invariant=418 for the full message or use the non-minified dev environment for full errors and additional helpful warnings.
    at Va (https://railway.com/assets/react-dom-CWIgXKDx.js:6:4758)
    at Wl (https://railway.com/assets/react-dom-CWIgXKDx.js:8:45043)
    at Pl (https://railway.com/assets/react-dom-CWIgXKDx.js:8:39294)
    at Nl (https://railway.com/assets/react-dom-CWIgXKDx.js:8:39267)
    at vl (https://railway.com/assets/react-dom-CWIgXKDx.js:8:34357)
    at te (https://railway.com/assets/react-dom-CWIgXKDx.js:1:1616)
    at MessagePort.se (https://railway.com/assets/react-dom-CWIgXKDx.js:1:1986)
[     826ms] Error: Minified React error #418; visit https://reactjs.org/docs/error-decoder.html?invariant=418 for the full message or use the non-minified dev environment for full errors and additional helpful warnings.
    at Va (https://railway.com/assets/react-dom-CWIgXKDx.js:6:4758)
    at Wl (https://railway.com/assets/react-dom-CWIgXKDx.js:8:45043)
    at Pl (https://railway.com/assets/react-dom-CWIgXKDx.js:8:39294)
    at Nl (https://railway.com/assets/react-dom-CWIgXKDx.js:8:39267)
    at vl (https://railway.com/assets/react-dom-CWIgXKDx.js:8:34357)
    at te (https://railway.com/assets/react-dom-CWIgXKDx.js:1:1616)
    at MessagePort.se (https://railway.com/assets/react-dom-CWIgXKDx.js:1:1986)
[     826ms] Error: Minified React error #418; visit https://reactjs.org/docs/error-decoder.html?invariant=418 for the full message or use the non-minified dev environment for full errors and additional helpful warnings.
    at Va (https://railway.com/assets/react-dom-CWIgXKDx.js:6:4758)
    at Wl (https://railway.com/assets/react-dom-CWIgXKDx.js:8:45043)
    at Pl (https://railway.com/assets/react-dom-CWIgXKDx.js:8:39294)
    at Nl (https://railway.com/assets/react-dom-CWIgXKDx.js:8:39267)
    at vl (https://railway.com/assets/react-dom-CWIgXKDx.js:8:34357)
    at te (https://railway.com/assets/react-dom-CWIgXKDx.js:1:1616)
    at MessagePort.se (https://railway.com/assets/react-dom-CWIgXKDx.js:1:1986)
[     826ms] Error: Minified React error #418; visit https://reactjs.org/docs/error-decoder.html?invariant=418 for the full message or use the non-minified dev environment for full errors and additional helpful warnings.
    at Va (https://railway.com/assets/react-dom-CWIgXKDx.js:6:4758)
    at Wl (https://railway.com/assets/react-dom-CWIgXKDx.js:8:45043)
    at Pl (https://railway.com/assets/react-dom-CWIgXKDx.js:8:39294)
    at Nl (https://railway.com/assets/react-dom-CWIgXKDx.js:8:39267)
    at vl (https://railway.com/assets/react-dom-CWIgXKDx.js:8:34357)
    at te (https://railway.com/assets/react-dom-CWIgXKDx.js:1:1616)
    at MessagePort.se (https://railway.com/assets/react-dom-CWIgXKDx.js:1:1986)
[     826ms] Error: Minified React error #418; visit https://reactjs.org/docs/error-decoder.html?invariant=418 for the full message or use the non-minified dev environment for full errors and additional helpful warnings.
    at Va (https://railway.com/assets/react-dom-CWIgXKDx.js:6:4758)
    at Wl (https://railway.com/assets/react-dom-CWIgXKDx.js:8:45043)
    at Pl (https://railway.com/assets/react-dom-CWIgXKDx.js:8:39294)
    at Nl (https://railway.com/assets/react-dom-CWIgXKDx.js:8:39267)
    at vl (https://railway.com/assets/react-dom-CWIgXKDx.js:8:34357)
    at te (https://railway.com/assets/react-dom-CWIgXKDx.js:1:1616)
    at MessagePort.se (https://railway.com/assets/react-dom-CWIgXKDx.js:1:1986)
[     826ms] Error: Minified React error #418; visit https://reactjs.org/docs/error-decoder.html?invariant=418 for the full message or use the non-minified dev environment for full errors and additional helpful warnings.
    at Va (https://railway.com/assets/react-dom-CWIgXKDx.js:6:4758)
    at Wl (https://railway.com/assets/react-dom-CWIgXKDx.js:8:45043)
    at Pl (https://railway.com/assets/react-dom-CWIgXKDx.js:8:39294)
    at Nl (https://railway.com/assets/react-dom-CWIgXKDx.js:8:39267)
    at vl (https://railway.com/assets/react-dom-CWIgXKDx.js:8:34357)
    at te (https://railway.com/assets/react-dom-CWIgXKDx.js:1:1616)
    at MessagePort.se (https://railway.com/assets/react-dom-CWIgXKDx.js:1:1986)
[     826ms] Error: Minified React error #418; visit https://reactjs.org/docs/error-decoder.html?invariant=418 for the full message or use the non-minified dev environment for full errors and additional helpful warnings.
    at Va (https://railway.com/assets/react-dom-CWIgXKDx.js:6:4758)
    at Wl (https://railway.com/assets/react-dom-CWIgXKDx.js:8:45043)
    at Pl (https://railway.com/assets/react-dom-CWIgXKDx.js:8:39294)
    at Nl (https://railway.com/assets/react-dom-CWIgXKDx.js:8:39267)
    at vl (https://railway.com/assets/react-dom-CWIgXKDx.js:8:34357)
    at te (https://railway.com/assets/react-dom-CWIgXKDx.js:1:1616)
    at MessagePort.se (https://railway.com/assets/react-dom-CWIgXKDx.js:1:1986)
[     826ms] Error: Minified React error #418; visit https://reactjs.org/docs/error-decoder.html?invariant=418 for the full message or use the non-minified dev environment for full errors and additional helpful warnings.
    at Va (https://railway.com/assets/react-dom-CWIgXKDx.js:6:4758)
    at Wl (https://railway.com/assets/react-dom-CWIgXKDx.js:8:45043)
    at Pl (https://railway.com/assets/react-dom-CWIgXKDx.js:8:39294)
    at Nl (https://railway.com/assets/react-dom-CWIgXKDx.js:8:39267)
    at vl (https://railway.com/assets/react-dom-CWIgXKDx.js:8:34357)
    at te (https://railway.com/assets/react-dom-CWIgXKDx.js:1:1616)
    at MessagePort.se (https://railway.com/assets/react-dom-CWIgXKDx.js:1:1986)
[     826ms] Error: Minified React error #418; visit https://reactjs.org/docs/error-decoder.html?invariant=418 for the full message or use the non-minified dev environment for full errors and additional helpful warnings.
    at Va (https://railway.com/assets/react-dom-CWIgXKDx.js:6:4758)
    at Wl (https://railway.com/assets/react-dom-CWIgXKDx.js:8:45043)
    at Pl (https://railway.com/assets/react-dom-CWIgXKDx.js:8:39294)
    at Nl (https://railway.com/assets/react-dom-CWIgXKDx.js:8:39267)
    at vl (https://railway.com/assets/react-dom-CWIgXKDx.js:8:34357)
    at te (https://railway.com/assets/react-dom-CWIgXKDx.js:1:1616)
    at MessagePort.se (https://railway.com/assets/react-dom-CWIgXKDx.js:1:1986)
[     826ms] Error: Minified React error #418; visit https://reactjs.org/docs/error-decoder.html?invariant=418 for the full message or use the non-minified dev environment for full errors and additional helpful warnings.
    at Va (https://railway.com/assets/react-dom-CWIgXKDx.js:6:4758)
    at Wl (https://railway.com/assets/react-dom-CWIgXKDx.js:8:45043)
    at Pl (https://railway.com/assets/react-dom-CWIgXKDx.js:8:39294)
    at Nl (https://railway.com/assets/react-dom-CWIgXKDx.js:8:39267)
    at vl (https://railway.com/assets/react-dom-CWIgXKDx.js:8:34357)
    at te (https://railway.com/assets/react-dom-CWIgXKDx.js:1:1616)
    at MessagePort.se (https://railway.com/assets/react-dom-CWIgXKDx.js:1:1986)
[     826ms] Error: Minified React error #418; visit https://reactjs.org/docs/error-decoder.html?invariant=418 for the full message or use the non-minified dev environment for full errors and additional helpful warnings.
    at Va (https://railway.com/assets/react-dom-CWIgXKDx.js:6:4758)
    at Wl (https://railway.com/assets/react-dom-CWIgXKDx.js:8:45043)
    at Pl (https://railway.com/assets/react-dom-CWIgXKDx.js:8:39294)
    at Nl (https://railway.com/assets/react-dom-CWIgXKDx.js:8:39267)
    at vl (https://railway.com/assets/react-dom-CWIgXKDx.js:8:34357)
    at te (https://railway.com/assets/react-dom-CWIgXKDx.js:1:1616)
    at MessagePort.se (https://railway.com/assets/react-dom-CWIgXKDx.js:1:1986)
[     826ms] Error: Minified React error #418; visit https://reactjs.org/docs/error-decoder.html?invariant=418 for the full message or use the non-minified dev environment for full errors and additional helpful warnings.
    at Va (https://railway.com/assets/react-dom-CWIgXKDx.js:6:4758)
    at Wl (https://railway.com/assets/react-dom-CWIgXKDx.js:8:45043)
    at Pl (https://railway.com/assets/react-dom-CWIgXKDx.js:8:39294)
    at Nl (https://railway.com/assets/react-dom-CWIgXKDx.js:8:39267)
    at vl (https://railway.com/assets/react-dom-CWIgXKDx.js:8:34357)
    at te (https://railway.com/assets/react-dom-CWIgXKDx.js:1:1616)
    at MessagePort.se (https://railway.com/assets/react-dom-CWIgXKDx.js:1:1986)
[     826ms] Error: Minified React error #418; visit https://reactjs.org/docs/error-decoder.html?invariant=418 for the full message or use the non-minified dev environment for full errors and additional helpful warnings.
    at Va (https://railway.com/assets/react-dom-CWIgXKDx.js:6:4758)
    at Wl (https://railway.com/assets/react-dom-CWIgXKDx.js:8:45043)
    at Pl (https://railway.com/assets/react-dom-CWIgXKDx.js:8:39294)
    at Nl (https://railway.com/assets/react-dom-CWIgXKDx.js:8:39267)
    at vl (https://railway.com/assets/react-dom-CWIgXKDx.js:8:34357)
    at te (https://railway.com/assets/react-dom-CWIgXKDx.js:1:1616)
    at MessagePort.se (https://railway.com/assets/react-dom-CWIgXKDx.js:1:1986)
[     826ms] Error: Minified React error #418; visit https://reactjs.org/docs/error-decoder.html?invariant=418 for the full message or use the non-minified dev environment for full errors and additional helpful warnings.
    at Va (https://railway.com/assets/react-dom-CWIgXKDx.js:6:4758)
    at Wl (https://railway.com/assets/react-dom-CWIgXKDx.js:8:45043)
    at Pl (https://railway.com/assets/react-dom-CWIgXKDx.js:8:39294)
    at Nl (https://railway.com/assets/react-dom-CWIgXKDx.js:8:39267)
    at vl (https://railway.com/assets/react-dom-CWIgXKDx.js:8:34357)
    at te (https://railway.com/assets/react-dom-CWIgXKDx.js:1:1616)
    at MessagePort.se (https://railway.com/assets/react-dom-CWIgXKDx.js:1:1986)
[     826ms] Error: Minified React error #418; visit https://reactjs.org/docs/error-decoder.html?invariant=418 for the full message or use the non-minified dev environment for full errors and additional helpful warnings.
    at Va (https://railway.com/assets/react-dom-CWIgXKDx.js:6:4758)
    at Wl (https://railway.com/assets/react-dom-CWIgXKDx.js:8:45043)
    at Pl (https://railway.com/assets/react-dom-CWIgXKDx.js:8:39294)
    at Nl (https://railway.com/assets/react-dom-CWIgXKDx.js:8:39267)
    at vl (https://railway.com/assets/react-dom-CWIgXKDx.js:8:34357)
    at te (https://railway.com/assets/react-dom-CWIgXKDx.js:1:1616)
    at MessagePort.se (https://railway.com/assets/react-dom-CWIgXKDx.js:1:1986)
[     826ms] Error: Minified React error #418; visit https://reactjs.org/docs/error-decoder.html?invariant=418 for the full message or use the non-minified dev environment for full errors and additional helpful warnings.
    at Va (https://railway.com/assets/react-dom-CWIgXKDx.js:6:4758)
    at Wl (https://railway.com/assets/react-dom-CWIgXKDx.js:8:45043)
    at Pl (https://railway.com/assets/react-dom-CWIgXKDx.js:8:39294)
    at Nl (https://railway.com/assets/react-dom-CWIgXKDx.js:8:39267)
    at vl (https://railway.com/assets/react-dom-CWIgXKDx.js:8:34357)
    at te (https://railway.com/assets/react-dom-CWIgXKDx.js:1:1616)
    at MessagePort.se (https://railway.com/assets/react-dom-CWIgXKDx.js:1:1986)
[     826ms] Error: Minified React error #423; visit https://reactjs.org/docs/error-decoder.html?invariant=423 for the full message or use the non-minified dev environment for full errors and additional helpful warnings.
    at Wl (https://railway.com/assets/react-dom-CWIgXKDx.js:8:44706)
    at Pl (https://railway.com/assets/react-dom-CWIgXKDx.js:8:39294)
    at Ml (https://railway.com/assets/react-dom-CWIgXKDx.js:8:39225)
    at jl (https://railway.com/assets/react-dom-CWIgXKDx.js:8:39085)
    at yl (https://railway.com/assets/react-dom-CWIgXKDx.js:8:35523)
    at vl (https://railway.com/assets/react-dom-CWIgXKDx.js:8:34489)
    at te (https://railway.com/assets/react-dom-CWIgXKDx.js:1:1616)
    at MessagePort.se (https://railway.com/assets/react-dom-CWIgXKDx.js:1:1986)
[     850ms] [ERROR] Failed to load resource: net::ERR_CONNECTION_REFUSED @ https://unifyintent.com/analytics/api/v1/page:0
[    5955ms] [WARNING] The resource https://fonts.gstatic.com/s/ibmplexserif/v20/jizAREVNn1dOx-zrZ2X3pZvkTi3s-CI0q1s.woff2 was preloaded using link preload but not used within a few seconds from the window's load event. Please make sure it has an appropriate `as` value and it is preloaded intentionally. @ https://railway.com/?referralCode=TSXivW:0
[   12209ms] [ERROR] Failed to load resource: net::ERR_CONNECTION_REFUSED @ https://cdn.usefathom.com/script.js:0
[   12209ms] [ERROR] Failed to load resource: net::ERR_CONNECTION_REFUSED @ https://consent.api.osano.com/record:0
[   15364ms] [WARNING] The resource https://fonts.gstatic.com/s/ibmplexserif/v20/jizAREVNn1dOx-zrZ2X3pZvkTi3s-CI0q1s.woff2 was preloaded using link preload but not used within a few seconds from the window's load event. Please make sure it has an appropriate `as` value and it is preloaded intentionally. @ https://railway.com/?referralCode=TSXivW:0
[   31141ms] [ERROR] Failed to load resource: net::ERR_CONNECTION_REFUSED @ https://tattle.api.osano.com/:0
[   34189ms] [WARNING] The resource https://fonts.gstatic.com/s/ibmplexserif/v20/jizAREVNn1dOx-zrZ2X3pZvkTi3s-CI0q1s.woff2 was preloaded using link preload but not used within a few seconds from the window's load event. Please make sure it has an appropriate `as` value and it is preloaded intentionally. @ https://railway.com/?referralCode=TSXivW:0
[   61135ms] [ERROR] Failed to load resource: net::ERR_CONNECTION_REFUSED @ https://tattle.api.osano.com/:0
[   64137ms] [WARNING] The resource https://fonts.gstatic.com/s/ibmplexserif/v20/jizAREVNn1dOx-zrZ2X3pZvkTi3s-CI0q1s.woff2 was preloaded using link preload but not used within a few seconds from the window's load event. Please make sure it has an appropriate `as` value and it is preloaded intentionally. @ https://railway.com/?referralCode=TSXivW:0
[   91131ms] [ERROR] Failed to load resource: net::ERR_CONNECTION_REFUSED @ https://tattle.api.osano.com/:0
[   94131ms] [WARNING] The resource https://fonts.gstatic.com/s/ibmplexserif/v20/jizAREVNn1dOx-zrZ2X3pZvkTi3s-CI0q1s.woff2 was preloaded using link preload but not used within a few seconds from the window's load event. Please make sure it has an appropriate `as` value and it is preloaded intentionally. @ https://railway.com/?referralCode=TSXivW:0
[  121140ms] [ERROR] Failed to load resource: net::ERR_CONNECTION_REFUSED @ https://tattle.api.osano.com/:0
[  124141ms] [WARNING] The resource https://fonts.gstatic.com/s/ibmplexserif/v20/jizAREVNn1dOx-zrZ2X3pZvkTi3s-CI0q1s.woff2 was preloaded using link preload but not used within a few seconds from the window's load event. Please make sure it has an appropriate `as` value and it is preloaded intentionally. @ https://railway.com/?referralCode=TSXivW:0
[  151138ms] [ERROR] Failed to load resource: net::ERR_CONNECTION_REFUSED @ https://tattle.api.osano.com/:0
[  154141ms] [WARNING] The resource https://fonts.gstatic.com/s/ibmplexserif/v20/jizAREVNn1dOx-zrZ2X3pZvkTi3s-CI0q1s.woff2 was preloaded using link preload but not used within a few seconds from the window's load event. Please make sure it has an appropriate `as` value and it is preloaded intentionally. @ https://railway.com/?referralCode=TSXivW:0
[  181138ms] [ERROR] Failed to load resource: net::ERR_CONNECTION_REFUSED @ https://tattle.api.osano.com/:0
[  184139ms] [WARNING] The resource https://fonts.gstatic.com/s/ibmplexserif/v20/jizAREVNn1dOx-zrZ2X3pZvkTi3s-CI0q1s.woff2 was preloaded using link preload but not used within a few seconds from the window's load event. Please make sure it has an appropriate `as` value and it is preloaded intentionally. @ https://railway.com/?referralCode=TSXivW:0
[  211146ms] [ERROR] Failed to load resource: net::ERR_CONNECTION_REFUSED @ https://tattle.api.osano.com/:0
[  214147ms] [WARNING] The resource https://fonts.gstatic.com/s/ibmplexserif/v20/jizAREVNn1dOx-zrZ2X3pZvkTi3s-CI0q1s.woff2 was preloaded using link preload but not used within a few seconds from the window's load event. Please make sure it has an appropriate `as` value and it is preloaded intentionally. @ https://railway.com/?referralCode=TSXivW:0
[  241134ms] [ERROR] Failed to load resource: net::ERR_CONNECTION_REFUSED @ https://tattle.api.osano.com/:0
[  244136ms] [WARNING] The resource https://fonts.gstatic.com/s/ibmplexserif/v20/jizAREVNn1dOx-zrZ2X3pZvkTi3s-CI0q1s.woff2 was preloaded using link preload but not used within a few seconds from the window's load event. Please make sure it has an appropriate `as` value and it is preloaded intentionally. @ https://railway.com/?referralCode=TSXivW:0
[  271131ms] [ERROR] Failed to load resource: net::ERR_CONNECTION_REFUSED @ https://tattle.api.osano.com/:0
[  274133ms] [WARNING] The resource https://fonts.gstatic.com/s/ibmplexserif/v20/jizAREVNn1dOx-zrZ2X3pZvkTi3s-CI0q1s.woff2 was preloaded using link preload but not used within a few seconds from the window's load event. Please make sure it has an appropriate `as` value and it is preloaded intentionally. @ https://railway.com/?referralCode=TSXivW:0
[  301136ms] [ERROR] Failed to load resource: net::ERR_CONNECTION_REFUSED @ https://tattle.api.osano.com/:0
[  304139ms] [WARNING] The resource https://fonts.gstatic.com/s/ibmplexserif/v20/jizAREVNn1dOx-zrZ2X3pZvkTi3s-CI0q1s.woff2 was preloaded using link preload but not used within a few seconds from the window's load event. Please make sure it has an appropriate `as` value and it is preloaded intentionally. @ https://railway.com/?referralCode=TSXivW:0
[  331129ms] [ERROR] Failed to load resource: net::ERR_CONNECTION_REFUSED @ https://tattle.api.osano.com/:0
[  334132ms] [WARNING] The resource https://fonts.gstatic.com/s/ibmplexserif/v20/jizAREVNn1dOx-zrZ2X3pZvkTi3s-CI0q1s.woff2 was preloaded using link preload but not used within a few seconds from the window's load event. Please make sure it has an appropriate `as` value and it is preloaded intentionally. @ https://railway.com/?referralCode=TSXivW:0
[  361135ms] [ERROR] Failed to load resource: net::ERR_CONNECTION_REFUSED @ https://tattle.api.osano.com/:0
[  364139ms] [WARNING] The resource https://fonts.gstatic.com/s/ibmplexserif/v20/jizAREVNn1dOx-zrZ2X3pZvkTi3s-CI0q1s.woff2 was preloaded using link preload but not used within a few seconds from the window's load event. Please make sure it has an appropriate `as` value and it is preloaded intentionally. @ https://railway.com/?referralCode=TSXivW:0
[  391142ms] [ERROR] Failed to load resource: net::ERR_CONNECTION_REFUSED @ https://tattle.api.osano.com/:0
[  394143ms] [WARNING] The resource https://fonts.gstatic.com/s/ibmplexserif/v20/jizAREVNn1dOx-zrZ2X3pZvkTi3s-CI0q1s.woff2 was preloaded using link preload but not used within a few seconds from the window's load event. Please make sure it has an appropriate `as` value and it is preloaded intentionally. @ https://railway.com/?referralCode=TSXivW:0
[  421136ms] [ERROR] Failed to load resource: net::ERR_CONNECTION_REFUSED @ https://tattle.api.osano.com/:0
[  424139ms] [WARNING] The resource https://fonts.gstatic.com/s/ibmplexserif/v20/jizAREVNn1dOx-zrZ2X3pZvkTi3s-CI0q1s.woff2 was preloaded using link preload but not used within a few seconds from the window's load event. Please make sure it has an appropriate `as` value and it is preloaded intentionally. @ https://railway.com/?referralCode=TSXivW:0
[  451138ms] [ERROR] Failed to load resource: net::ERR_CONNECTION_REFUSED @ https://tattle.api.osano.com/:0
[  454141ms] [WARNING] The resource https://fonts.gstatic.com/s/ibmplexserif/v20/jizAREVNn1dOx-zrZ2X3pZvkTi3s-CI0q1s.woff2 was preloaded using link preload but not used within a few seconds from the window's load event. Please make sure it has an appropriate `as` value and it is preloaded intentionally. @ https://railway.com/?referralCode=TSXivW:0
[  481194ms] [ERROR] Failed to load resource: net::ERR_CONNECTION_REFUSED @ https://tattle.api.osano.com/:0
[  484196ms] [WARNING] The resource https://fonts.gstatic.com/s/ibmplexserif/v20/jizAREVNn1dOx-zrZ2X3pZvkTi3s-CI0q1s.woff2 was preloaded using link preload but not used within a few seconds from the window's load event. Please make sure it has an appropriate `as` value and it is preloaded intentionally. @ https://railway.com/?referralCode=TSXivW:0
[  511144ms] [ERROR] Failed to load resource: net::ERR_CONNECTION_REFUSED @ https://tattle.api.osano.com/:0
[  514144ms] [WARNING] The resource https://fonts.gstatic.com/s/ibmplexserif/v20/jizAREVNn1dOx-zrZ2X3pZvkTi3s-CI0q1s.woff2 was preloaded using link preload but not used within a few seconds from the window's load event. Please make sure it has an appropriate `as` value and it is preloaded intentionally. @ https://railway.com/?referralCode=TSXivW:0
[  541138ms] [ERROR] Failed to load resource: net::ERR_CONNECTION_REFUSED @ https://tattle.api.osano.com/:0
[  544140ms] [WARNING] The resource https://fonts.gstatic.com/s/ibmplexserif/v20/jizAREVNn1dOx-zrZ2X3pZvkTi3s-CI0q1s.woff2 was preloaded using link preload but not used within a few seconds from the window's load event. Please make sure it has an appropriate `as` value and it is preloaded intentionally. @ https://railway.com/?referralCode=TSXivW:0
[  571139ms] [ERROR] Failed to load resource: net::ERR_CONNECTION_REFUSED @ https://tattle.api.osano.com/:0
[  574142ms] [WARNING] The resource https://fonts.gstatic.com/s/ibmplexserif/v20/jizAREVNn1dOx-zrZ2X3pZvkTi3s-CI0q1s.woff2 was preloaded using link preload but not used within a few seconds from the window's load event. Please make sure it has an appropriate `as` value and it is preloaded intentionally. @ https://railway.com/?referralCode=TSXivW:0
[  601144ms] [ERROR] Failed to load resource: net::ERR_CONNECTION_REFUSED @ https://tattle.api.osano.com/:0
[  604147ms] [WARNING] The resource https://fonts.gstatic.com/s/ibmplexserif/v20/jizAREVNn1dOx-zrZ2X3pZvkTi3s-CI0q1s.woff2 was preloaded using link preload but not used within a few seconds from the window's load event. Please make sure it has an appropriate `as` value and it is preloaded intentionally. @ https://railway.com/?referralCode=TSXivW:0
[  631141ms] [ERROR] Failed to load resource: net::ERR_CONNECTION_REFUSED @ https://tattle.api.osano.com/:0
[  634142ms] [WARNING] The resource https://fonts.gstatic.com/s/ibmplexserif/v20/jizAREVNn1dOx-zrZ2X3pZvkTi3s-CI0q1s.woff2 was preloaded using link preload but not used within a few seconds from the window's load event. Please make sure it has an appropriate `as` value and it is preloaded intentionally. @ https://railway.com/?referralCode=TSXivW:0
[  661139ms] [ERROR] Failed to load resource: net::ERR_CONNECTION_REFUSED @ https://tattle.api.osano.com/:0
[  664139ms] [WARNING] The resource https://fonts.gstatic.com/s/ibmplexserif/v20/jizAREVNn1dOx-zrZ2X3pZvkTi3s-CI0q1s.woff2 was preloaded using link preload but not used within a few seconds from the window's load event. Please make sure it has an appropriate `as` value and it is preloaded intentionally. @ https://railway.com/?referralCode=TSXivW:0
[  691145ms] [ERROR] Failed to load resource: net::ERR_CONNECTION_REFUSED @ https://tattle.api.osano.com/:0
[  694148ms] [WARNING] The resource https://fonts.gstatic.com/s/ibmplexserif/v20/jizAREVNn1dOx-zrZ2X3pZvkTi3s-CI0q1s.woff2 was preloaded using link preload but not used within a few seconds from the window's load event. Please make sure it has an appropriate `as` value and it is preloaded intentionally. @ https://railway.com/?referralCode=TSXivW:0
[  721139ms] [ERROR] Failed to load resource: net::ERR_CONNECTION_REFUSED @ https://tattle.api.osano.com/:0
[  724141ms] [WARNING] The resource https://fonts.gstatic.com/s/ibmplexserif/v20/jizAREVNn1dOx-zrZ2X3pZvkTi3s-CI0q1s.woff2 was preloaded using link preload but not used within a few seconds from the window's load event. Please make sure it has an appropriate `as` value and it is preloaded intentionally. @ https://railway.com/?referralCode=TSXivW:0
[  751140ms] [ERROR] Failed to load resource: net::ERR_CONNECTION_REFUSED @ https://tattle.api.osano.com/:0
[  754142ms] [WARNING] The resource https://fonts.gstatic.com/s/ibmplexserif/v20/jizAREVNn1dOx-zrZ2X3pZvkTi3s-CI0q1s.woff2 was preloaded using link preload but not used within a few seconds from the window's load event. Please make sure it has an appropriate `as` value and it is preloaded intentionally. @ https://railway.com/?referralCode=TSXivW:0
[  781144ms] [ERROR] Failed to load resource: net::ERR_CONNECTION_REFUSED @ https://tattle.api.osano.com/:0
[  784145ms] [WARNING] The resource https://fonts.gstatic.com/s/ibmplexserif/v20/jizAREVNn1dOx-zrZ2X3pZvkTi3s-CI0q1s.woff2 was preloaded using link preload but not used within a few seconds from the window's load event. Please make sure it has an appropriate `as` value and it is preloaded intentionally. @ https://railway.com/?referralCode=TSXivW:0
[  811142ms] [ERROR] Failed to load resource: net::ERR_CONNECTION_REFUSED @ https://tattle.api.osano.com/:0
[  814145ms] [WARNING] The resource https://fonts.gstatic.com/s/ibmplexserif/v20/jizAREVNn1dOx-zrZ2X3pZvkTi3s-CI0q1s.woff2 was preloaded using link preload but not used within a few seconds from the window's load event. Please make sure it has an appropriate `as` value and it is preloaded intentionally. @ https://railway.com/?referralCode=TSXivW:0
[  841140ms] [ERROR] Failed to load resource: net::ERR_CONNECTION_REFUSED @ https://tattle.api.osano.com/:0
[  844142ms] [WARNING] The resource https://fonts.gstatic.com/s/ibmplexserif/v20/jizAREVNn1dOx-zrZ2X3pZvkTi3s-CI0q1s.woff2 was preloaded using link preload but not used within a few seconds from the window's load event. Please make sure it has an appropriate `as` value and it is preloaded intentionally. @ https://railway.com/?referralCode=TSXivW:0
[  871144ms] [ERROR] Failed to load resource: net::ERR_CONNECTION_REFUSED @ https://tattle.api.osano.com/:0
[  874147ms] [WARNING] The resource https://fonts.gstatic.com/s/ibmplexserif/v20/jizAREVNn1dOx-zrZ2X3pZvkTi3s-CI0q1s.woff2 was preloaded using link preload but not used within a few seconds from the window's load event. Please make sure it has an appropriate `as` value and it is preloaded intentionally. @ https://railway.com/?referralCode=TSXivW:0
[  901141ms] [ERROR] Failed to load resource: net::ERR_CONNECTION_REFUSED @ https://tattle.api.osano.com/:0
[  904144ms] [WARNING] The resource https://fonts.gstatic.com/s/ibmplexserif/v20/jizAREVNn1dOx-zrZ2X3pZvkTi3s-CI0q1s.woff2 was preloaded using link preload but not used within a few seconds from the window's load event. Please make sure it has an appropriate `as` value and it is preloaded intentionally. @ https://railway.com/?referralCode=TSXivW:0
[  931140ms] [ERROR] Failed to load resource: net::ERR_CONNECTION_REFUSED @ https://tattle.api.osano.com/:0
[  934141ms] [WARNING] The resource https://fonts.gstatic.com/s/ibmplexserif/v20/jizAREVNn1dOx-zrZ2X3pZvkTi3s-CI0q1s.woff2 was preloaded using link preload but not used within a few seconds from the window's load event. Please make sure it has an appropriate `as` value and it is preloaded intentionally. @ https://railway.com/?referralCode=TSXivW:0
[  961144ms] [ERROR] Failed to load resource: net::ERR_CONNECTION_REFUSED @ https://tattle.api.osano.com/:0
[  964145ms] [WARNING] The resource https://fonts.gstatic.com/s/ibmplexserif/v20/jizAREVNn1dOx-zrZ2X3pZvkTi3s-CI0q1s.woff2 was preloaded using link preload but not used within a few seconds from the window's load event. Please make sure it has an appropriate `as` value and it is preloaded intentionally. @ https://railway.com/?referralCode=TSXivW:0
[  991139ms] [ERROR] Failed to load resource: net::ERR_CONNECTION_REFUSED @ https://tattle.api.osano.com/:0
[  994140ms] [WARNING] The resource https://fonts.gstatic.com/s/ibmplexserif/v20/jizAREVNn1dOx-zrZ2X3pZvkTi3s-CI0q1s.woff2 was preloaded using link preload but not used within a few seconds from the window's load event. Please make sure it has an appropriate `as` value and it is preloaded intentionally. @ https://railway.com/?referralCode=TSXivW:0
[ 1021140ms] [ERROR] Failed to load resource: net::ERR_CONNECTION_REFUSED @ https://tattle.api.osano.com/:0
[ 1024142ms] [WARNING] The resource https://fonts.gstatic.com/s/ibmplexserif/v20/jizAREVNn1dOx-zrZ2X3pZvkTi3s-CI0q1s.woff2 was preloaded using link preload but not used within a few seconds from the window's load event. Please make sure it has an appropriate `as` value and it is preloaded intentionally. @ https://railway.com/?referralCode=TSXivW:0
[ 1051145ms] [ERROR] Failed to load resource: net::ERR_CONNECTION_REFUSED @ https://tattle.api.osano.com/:0
[ 1054147ms] [WARNING] The resource https://fonts.gstatic.com/s/ibmplexserif/v20/jizAREVNn1dOx-zrZ2X3pZvkTi3s-CI0q1s.woff2 was preloaded using link preload but not used within a few seconds from the window's load event. Please make sure it has an appropriate `as` value and it is preloaded intentionally. @ https://railway.com/?referralCode=TSXivW:0
[ 1081142ms] [ERROR] Failed to load resource: net::ERR_CONNECTION_REFUSED @ https://tattle.api.osano.com/:0
[ 1084144ms] [WARNING] The resource https://fonts.gstatic.com/s/ibmplexserif/v20/jizAREVNn1dOx-zrZ2X3pZvkTi3s-CI0q1s.woff2 was preloaded using link preload but not used within a few seconds from the window's load event. Please make sure it has an appropriate `as` value and it is preloaded intentionally. @ https://railway.com/?referralCode=TSXivW:0
[ 1111139ms] [ERROR] Failed to load resource: net::ERR_CONNECTION_REFUSED @ https://tattle.api.osano.com/:0
[ 1114142ms] [WARNING] The resource https://fonts.gstatic.com/s/ibmplexserif/v20/jizAREVNn1dOx-zrZ2X3pZvkTi3s-CI0q1s.woff2 was preloaded using link preload but not used within a few seconds from the window's load event. Please make sure it has an appropriate `as` value and it is preloaded intentionally. @ https://railway.com/?referralCode=TSXivW:0
[ 1141148ms] [ERROR] Failed to load resource: net::ERR_CONNECTION_REFUSED @ https://tattle.api.osano.com/:0
[ 1144151ms] [WARNING] The resource https://fonts.gstatic.com/s/ibmplexserif/v20/jizAREVNn1dOx-zrZ2X3pZvkTi3s-CI0q1s.woff2 was preloaded using link preload but not used within a few seconds from the window's load event. Please make sure it has an appropriate `as` value and it is preloaded intentionally. @ https://railway.com/?referralCode=TSXivW:0
[ 1171141ms] [ERROR] Failed to load resource: net::ERR_CONNECTION_REFUSED @ https://tattle.api.osano.com/:0
[ 1174144ms] [WARNING] The resource https://fonts.gstatic.com/s/ibmplexserif/v20/jizAREVNn1dOx-zrZ2X3pZvkTi3s-CI0q1s.woff2 was preloaded using link preload but not used within a few seconds from the window's load event. Please make sure it has an appropriate `as` value and it is preloaded intentionally. @ https://railway.com/?referralCode=TSXivW:0
[ 1201140ms] [ERROR] Failed to load resource: net::ERR_CONNECTION_REFUSED @ https://tattle.api.osano.com/:0
[ 1204141ms] [WARNING] The resource https://fonts.gstatic.com/s/ibmplexserif/v20/jizAREVNn1dOx-zrZ2X3pZvkTi3s-CI0q1s.woff2 was preloaded using link preload but not used within a few seconds from the window's load event. Please make sure it has an appropriate `as` value and it is preloaded intentionally. @ https://railway.com/?referralCode=TSXivW:0
[ 1231145ms] [ERROR] Failed to load resource: net::ERR_CONNECTION_REFUSED @ https://tattle.api.osano.com/:0
[ 1234147ms] [WARNING] The resource https://fonts.gstatic.com/s/ibmplexserif/v20/jizAREVNn1dOx-zrZ2X3pZvkTi3s-CI0q1s.woff2 was preloaded using link preload but not used within a few seconds from the window's load event. Please make sure it has an appropriate `as` value and it is preloaded intentionally. @ https://railway.com/?referralCode=TSXivW:0
[ 1261138ms] [ERROR] Failed to load resource: net::ERR_CONNECTION_REFUSED @ https://tattle.api.osano.com/:0
[ 1264140ms] [WARNING] The resource https://fonts.gstatic.com/s/ibmplexserif/v20/jizAREVNn1dOx-zrZ2X3pZvkTi3s-CI0q1s.woff2 was preloaded using link preload but not used within a few seconds from the window's load event. Please make sure it has an appropriate `as` value and it is preloaded intentionally. @ https://railway.com/?referralCode=TSXivW:0
[ 1291139ms] [ERROR] Failed to load resource: net::ERR_CONNECTION_REFUSED @ https://tattle.api.osano.com/:0
[ 1294142ms] [WARNING] The resource https://fonts.gstatic.com/s/ibmplexserif/v20/jizAREVNn1dOx-zrZ2X3pZvkTi3s-CI0q1s.woff2 was preloaded using link preload but not used within a few seconds from the window's load event. Please make sure it has an appropriate `as` value and it is preloaded intentionally. @ https://railway.com/?referralCode=TSXivW:0
[ 1321148ms] [ERROR] Failed to load resource: net::ERR_CONNECTION_REFUSED @ https://tattle.api.osano.com/:0
[ 1324158ms] [WARNING] The resource https://fonts.gstatic.com/s/ibmplexserif/v20/jizAREVNn1dOx-zrZ2X3pZvkTi3s-CI0q1s.woff2 was preloaded using link preload but not used within a few seconds from the window's load event. Please make sure it has an appropriate `as` value and it is preloaded intentionally. @ https://railway.com/?referralCode=TSXivW:0
[ 1351141ms] [ERROR] Failed to load resource: net::ERR_CONNECTION_REFUSED @ https://tattle.api.osano.com/:0
[ 1354142ms] [WARNING] The resource https://fonts.gstatic.com/s/ibmplexserif/v20/jizAREVNn1dOx-zrZ2X3pZvkTi3s-CI0q1s.woff2 was preloaded using link preload but not used within a few seconds from the window's load event. Please make sure it has an appropriate `as` value and it is preloaded intentionally. @ https://railway.com/?referralCode=TSXivW:0
[ 1381143ms] [ERROR] Failed to load resource: net::ERR_CONNECTION_REFUSED @ https://tattle.api.osano.com/:0
[ 1384145ms] [WARNING] The resource https://fonts.gstatic.com/s/ibmplexserif/v20/jizAREVNn1dOx-zrZ2X3pZvkTi3s-CI0q1s.woff2 was preloaded using link preload but not used within a few seconds from the window's load event. Please make sure it has an appropriate `as` value and it is preloaded intentionally. @ https://railway.com/?referralCode=TSXivW:0
[ 1411149ms] [ERROR] Failed to load resource: net::ERR_CONNECTION_REFUSED @ https://tattle.api.osano.com/:0
[ 1414151ms] [WARNING] The resource https://fonts.gstatic.com/s/ibmplexserif/v20/jizAREVNn1dOx-zrZ2X3pZvkTi3s-CI0q1s.woff2 was preloaded using link preload but not used within a few seconds from the window's load event. Please make sure it has an appropriate `as` value and it is preloaded intentionally. @ https://railway.com/?referralCode=TSXivW:0
[ 1441142ms] [ERROR] Failed to load resource: net::ERR_CONNECTION_REFUSED @ https://tattle.api.osano.com/:0
[ 1444144ms] [WARNING] The resource https://fonts.gstatic.com/s/ibmplexserif/v20/jizAREVNn1dOx-zrZ2X3pZvkTi3s-CI0q1s.woff2 was preloaded using link preload but not used within a few seconds from the window's load event. Please make sure it has an appropriate `as` value and it is preloaded intentionally. @ https://railway.com/?referralCode=TSXivW:0
[ 1471143ms] [ERROR] Failed to load resource: net::ERR_CONNECTION_REFUSED @ https://tattle.api.osano.com/:0
[ 1474146ms] [WARNING] The resource https://fonts.gstatic.com/s/ibmplexserif/v20/jizAREVNn1dOx-zrZ2X3pZvkTi3s-CI0q1s.woff2 was preloaded using link preload but not used within a few seconds from the window's load event. Please make sure it has an appropriate `as` value and it is preloaded intentionally. @ https://railway.com/?referralCode=TSXivW:0
[ 1501148ms] [ERROR] Failed to load resource: net::ERR_CONNECTION_REFUSED @ https://tattle.api.osano.com/:0
[ 1504148ms] [WARNING] The resource https://fonts.gstatic.com/s/ibmplexserif/v20/jizAREVNn1dOx-zrZ2X3pZvkTi3s-CI0q1s.woff2 was preloaded using link preload but not used within a few seconds from the window's load event. Please make sure it has an appropriate `as` value and it is preloaded intentionally. @ https://railway.com/?referralCode=TSXivW:0
[ 1531142ms] [ERROR] Failed to load resource: net::ERR_CONNECTION_REFUSED @ https://tattle.api.osano.com/:0
[ 1534144ms] [WARNING] The resource https://fonts.gstatic.com/s/ibmplexserif/v20/jizAREVNn1dOx-zrZ2X3pZvkTi3s-CI0q1s.woff2 was preloaded using link preload but not used within a few seconds from the window's load event. Please make sure it has an appropriate `as` value and it is preloaded intentionally. @ https://railway.com/?referralCode=TSXivW:0
[ 1561140ms] [ERROR] Failed to load resource: net::ERR_CONNECTION_REFUSED @ https://tattle.api.osano.com/:0
[ 1564141ms] [WARNING] The resource https://fonts.gstatic.com/s/ibmplexserif/v20/jizAREVNn1dOx-zrZ2X3pZvkTi3s-CI0q1s.woff2 was preloaded using link preload but not used within a few seconds from the window's load event. Please make sure it has an appropriate `as` value and it is preloaded intentionally. @ https://railway.com/?referralCode=TSXivW:0
[ 1591148ms] [ERROR] Failed to load resource: net::ERR_CONNECTION_REFUSED @ https://tattle.api.osano.com/:0
[ 1594148ms] [WARNING] The resource https://fonts.gstatic.com/s/ibmplexserif/v20/jizAREVNn1dOx-zrZ2X3pZvkTi3s-CI0q1s.woff2 was preloaded using link preload but not used within a few seconds from the window's load event. Please make sure it has an appropriate `as` value and it is preloaded intentionally. @ https://railway.com/?referralCode=TSXivW:0
[ 1621141ms] [ERROR] Failed to load resource: net::ERR_CONNECTION_REFUSED @ https://tattle.api.osano.com/:0
[ 1624141ms] [WARNING] The resource https://fonts.gstatic.com/s/ibmplexserif/v20/jizAREVNn1dOx-zrZ2X3pZvkTi3s-CI0q1s.woff2 was preloaded using link preload but not used within a few seconds from the window's load event. Please make sure it has an appropriate `as` value and it is preloaded intentionally. @ https://railway.com/?referralCode=TSXivW:0
[ 1651140ms] [ERROR] Failed to load resource: net::ERR_CONNECTION_REFUSED @ https://tattle.api.osano.com/:0
[ 1654142ms] [WARNING] The resource https://fonts.gstatic.com/s/ibmplexserif/v20/jizAREVNn1dOx-zrZ2X3pZvkTi3s-CI0q1s.woff2 was preloaded using link preload but not used within a few seconds from the window's load event. Please make sure it has an appropriate `as` value and it is preloaded intentionally. @ https://railway.com/?referralCode=TSXivW:0
[ 1681148ms] [ERROR] Failed to load resource: net::ERR_CONNECTION_REFUSED @ https://tattle.api.osano.com/:0
[ 1684149ms] [WARNING] The resource https://fonts.gstatic.com/s/ibmplexserif/v20/jizAREVNn1dOx-zrZ2X3pZvkTi3s-CI0q1s.woff2 was preloaded using link preload but not used within a few seconds from the window's load event. Please make sure it has an appropriate `as` value and it is preloaded intentionally. @ https://railway.com/?referralCode=TSXivW:0
[ 1711142ms] [ERROR] Failed to load resource: net::ERR_CONNECTION_REFUSED @ https://tattle.api.osano.com/:0
[ 1714144ms] [WARNING] The resource https://fonts.gstatic.com/s/ibmplexserif/v20/jizAREVNn1dOx-zrZ2X3pZvkTi3s-CI0q1s.woff2 was preloaded using link preload but not used within a few seconds from the window's load event. Please make sure it has an appropriate `as` value and it is preloaded intentionally. @ https://railway.com/?referralCode=TSXivW:0
[ 1741142ms] [ERROR] Failed to load resource: net::ERR_CONNECTION_REFUSED @ https://tattle.api.osano.com/:0
[ 1744143ms] [WARNING] The resource https://fonts.gstatic.com/s/ibmplexserif/v20/jizAREVNn1dOx-zrZ2X3pZvkTi3s-CI0q1s.woff2 was preloaded using link preload but not used within a few seconds from the window's load event. Please make sure it has an appropriate `as` value and it is preloaded intentionally. @ https://railway.com/?referralCode=TSXivW:0
[ 1771148ms] [ERROR] Failed to load resource: net::ERR_CONNECTION_REFUSED @ https://tattle.api.osano.com/:0
[ 1774149ms] [WARNING] The resource https://fonts.gstatic.com/s/ibmplexserif/v20/jizAREVNn1dOx-zrZ2X3pZvkTi3s-CI0q1s.woff2 was preloaded using link preload but not used within a few seconds from the window's load event. Please make sure it has an appropriate `as` value and it is preloaded intentionally. @ https://railway.com/?referralCode=TSXivW:0
[ 1801145ms] [ERROR] Failed to load resource: net::ERR_CONNECTION_REFUSED @ https://tattle.api.osano.com/:0
[ 1804146ms] [WARNING] The resource https://fonts.gstatic.com/s/ibmplexserif/v20/jizAREVNn1dOx-zrZ2X3pZvkTi3s-CI0q1s.woff2 was preloaded using link preload but not used within a few seconds from the window's load event. Please make sure it has an appropriate `as` value and it is preloaded intentionally. @ https://railway.com/?referralCode=TSXivW:0
[ 1831142ms] [ERROR] Failed to load resource: net::ERR_CONNECTION_REFUSED @ https://tattle.api.osano.com/:0
[ 1834143ms] [WARNING] The resource https://fonts.gstatic.com/s/ibmplexserif/v20/jizAREVNn1dOx-zrZ2X3pZvkTi3s-CI0q1s.woff2 was preloaded using link preload but not used within a few seconds from the window's load event. Please make sure it has an appropriate `as` value and it is preloaded intentionally. @ https://railway.com/?referralCode=TSXivW:0
[ 1861148ms] [ERROR] Failed to load resource: net::ERR_CONNECTION_REFUSED @ https://tattle.api.osano.com/:0
[ 1864149ms] [WARNING] The resource https://fonts.gstatic.com/s/ibmplexserif/v20/jizAREVNn1dOx-zrZ2X3pZvkTi3s-CI0q1s.woff2 was preloaded using link preload but not used within a few seconds from the window's load event. Please make sure it has an appropriate `as` value and it is preloaded intentionally. @ https://railway.com/?referralCode=TSXivW:0
[ 1891145ms] [ERROR] Failed to load resource: net::ERR_CONNECTION_REFUSED @ https://tattle.api.osano.com/:0
[ 1894146ms] [WARNING] The resource https://fonts.gstatic.com/s/ibmplexserif/v20/jizAREVNn1dOx-zrZ2X3pZvkTi3s-CI0q1s.woff2 was preloaded using link preload but not used within a few seconds from the window's load event. Please make sure it has an appropriate `as` value and it is preloaded intentionally. @ https://railway.com/?referralCode=TSXivW:0
[ 1921143ms] [ERROR] Failed to load resource: net::ERR_CONNECTION_REFUSED @ https://tattle.api.osano.com/:0
[ 1924146ms] [WARNING] The resource https://fonts.gstatic.com/s/ibmplexserif/v20/jizAREVNn1dOx-zrZ2X3pZvkTi3s-CI0q1s.woff2 was preloaded using link preload but not used within a few seconds from the window's load event. Please make sure it has an appropriate `as` value and it is preloaded intentionally. @ https://railway.com/?referralCode=TSXivW:0
[ 1951148ms] [ERROR] Failed to load resource: net::ERR_CONNECTION_REFUSED @ https://tattle.api.osano.com/:0
[ 1954151ms] [WARNING] The resource https://fonts.gstatic.com/s/ibmplexserif/v20/jizAREVNn1dOx-zrZ2X3pZvkTi3s-CI0q1s.woff2 was preloaded using link preload but not used within a few seconds from the window's load event. Please make sure it has an appropriate `as` value and it is preloaded intentionally. @ https://railway.com/?referralCode=TSXivW:0
[ 1981142ms] [ERROR] Failed to load resource: net::ERR_CONNECTION_REFUSED @ https://tattle.api.osano.com/:0
[ 1984144ms] [WARNING] The resource https://fonts.gstatic.com/s/ibmplexserif/v20/jizAREVNn1dOx-zrZ2X3pZvkTi3s-CI0q1s.woff2 was preloaded using link preload but not used within a few seconds from the window's load event. Please make sure it has an appropriate `as` value and it is preloaded intentionally. @ https://railway.com/?referralCode=TSXivW:0
[ 2011142ms] [ERROR] Failed to load resource: net::ERR_CONNECTION_REFUSED @ https://tattle.api.osano.com/:0
[ 2014143ms] [WARNING] The resource https://fonts.gstatic.com/s/ibmplexserif/v20/jizAREVNn1dOx-zrZ2X3pZvkTi3s-CI0q1s.woff2 was preloaded using link preload but not used within a few seconds from the window's load event. Please make sure it has an appropriate `as` value and it is preloaded intentionally. @ https://railway.com/?referralCode=TSXivW:0
[ 2041148ms] [ERROR] Failed to load resource: net::ERR_CONNECTION_REFUSED @ https://tattle.api.osano.com/:0
[ 2044151ms] [WARNING] The resource https://fonts.gstatic.com/s/ibmplexserif/v20/jizAREVNn1dOx-zrZ2X3pZvkTi3s-CI0q1s.woff2 was preloaded using link preload but not used within a few seconds from the window's load event. Please make sure it has an appropriate `as` value and it is preloaded intentionally. @ https://railway.com/?referralCode=TSXivW:0
[ 2071142ms] [ERROR] Failed to load resource: net::ERR_CONNECTION_REFUSED @ https://tattle.api.osano.com/:0
[ 2074144ms] [WARNING] The resource https://fonts.gstatic.com/s/ibmplexserif/v20/jizAREVNn1dOx-zrZ2X3pZvkTi3s-CI0q1s.woff2 was preloaded using link preload but not used within a few seconds from the window's load event. Please make sure it has an appropriate `as` value and it is preloaded intentionally. @ https://railway.com/?referralCode=TSXivW:0
[ 2101144ms] [ERROR] Failed to load resource: net::ERR_CONNECTION_REFUSED @ https://tattle.api.osano.com/:0
[ 2104145ms] [WARNING] The resource https://fonts.gstatic.com/s/ibmplexserif/v20/jizAREVNn1dOx-zrZ2X3pZvkTi3s-CI0q1s.woff2 was preloaded using link preload but not used within a few seconds from the window's load event. Please make sure it has an appropriate `as` value and it is preloaded intentionally. @ https://railway.com/?referralCode=TSXivW:0
[ 2131147ms] [ERROR] Failed to load resource: net::ERR_CONNECTION_REFUSED @ https://tattle.api.osano.com/:0
[ 2134148ms] [WARNING] The resource https://fonts.gstatic.com/s/ibmplexserif/v20/jizAREVNn1dOx-zrZ2X3pZvkTi3s-CI0q1s.woff2 was preloaded using link preload but not used within a few seconds from the window's load event. Please make sure it has an appropriate `as` value and it is preloaded intentionally. @ https://railway.com/?referralCode=TSXivW:0
[ 2161145ms] [ERROR] Failed to load resource: net::ERR_CONNECTION_REFUSED @ https://tattle.api.osano.com/:0
[ 2164148ms] [WARNING] The resource https://fonts.gstatic.com/s/ibmplexserif/v20/jizAREVNn1dOx-zrZ2X3pZvkTi3s-CI0q1s.woff2 was preloaded using link preload but not used within a few seconds from the window's load event. Please make sure it has an appropriate `as` value and it is preloaded intentionally. @ https://railway.com/?referralCode=TSXivW:0
[ 2191143ms] [ERROR] Failed to load resource: net::ERR_CONNECTION_REFUSED @ https://tattle.api.osano.com/:0
[ 2194143ms] [WARNING] The resource https://fonts.gstatic.com/s/ibmplexserif/v20/jizAREVNn1dOx-zrZ2X3pZvkTi3s-CI0q1s.woff2 was preloaded using link preload but not used within a few seconds from the window's load event. Please make sure it has an appropriate `as` value and it is preloaded intentionally. @ https://railway.com/?referralCode=TSXivW:0
[ 2221148ms] [ERROR] Failed to load resource: net::ERR_CONNECTION_REFUSED @ https://tattle.api.osano.com/:0
[ 2224148ms] [WARNING] The resource https://fonts.gstatic.com/s/ibmplexserif/v20/jizAREVNn1dOx-zrZ2X3pZvkTi3s-CI0q1s.woff2 was preloaded using link preload but not used within a few seconds from the window's load event. Please make sure it has an appropriate `as` value and it is preloaded intentionally. @ https://railway.com/?referralCode=TSXivW:0
[ 2251144ms] [ERROR] Failed to load resource: net::ERR_CONNECTION_REFUSED @ https://tattle.api.osano.com/:0
[ 2254145ms] [WARNING] The resource https://fonts.gstatic.com/s/ibmplexserif/v20/jizAREVNn1dOx-zrZ2X3pZvkTi3s-CI0q1s.woff2 was preloaded using link preload but not used within a few seconds from the window's load event. Please make sure it has an appropriate `as` value and it is preloaded intentionally. @ https://railway.com/?referralCode=TSXivW:0
[ 2281143ms] [ERROR] Failed to load resource: net::ERR_CONNECTION_REFUSED @ https://tattle.api.osano.com/:0
[ 2284145ms] [WARNING] The resource https://fonts.gstatic.com/s/ibmplexserif/v20/jizAREVNn1dOx-zrZ2X3pZvkTi3s-CI0q1s.woff2 was preloaded using link preload but not used within a few seconds from the window's load event. Please make sure it has an appropriate `as` value and it is preloaded intentionally. @ https://railway.com/?referralCode=TSXivW:0
[ 2311147ms] [ERROR] Failed to load resource: net::ERR_CONNECTION_REFUSED @ https://tattle.api.osano.com/:0
[ 2314148ms] [WARNING] The resource https://fonts.gstatic.com/s/ibmplexserif/v20/jizAREVNn1dOx-zrZ2X3pZvkTi3s-CI0q1s.woff2 was preloaded using link preload but not used within a few seconds from the window's load event. Please make sure it has an appropriate `as` value and it is preloaded intentionally. @ https://railway.com/?referralCode=TSXivW:0
[ 2341146ms] [ERROR] Failed to load resource: net::ERR_CONNECTION_REFUSED @ https://tattle.api.osano.com/:0
[ 2344146ms] [WARNING] The resource https://fonts.gstatic.com/s/ibmplexserif/v20/jizAREVNn1dOx-zrZ2X3pZvkTi3s-CI0q1s.woff2 was preloaded using link preload but not used within a few seconds from the window's load event. Please make sure it has an appropriate `as` value and it is preloaded intentionally. @ https://railway.com/?referralCode=TSXivW:0
[ 2371147ms] [ERROR] Failed to load resource: net::ERR_CONNECTION_REFUSED @ https://tattle.api.osano.com/:0
[ 2374149ms] [WARNING] The resource https://fonts.gstatic.com/s/ibmplexserif/v20/jizAREVNn1dOx-zrZ2X3pZvkTi3s-CI0q1s.woff2 was preloaded using link preload but not used within a few seconds from the window's load event. Please make sure it has an appropriate `as` value and it is preloaded intentionally. @ https://railway.com/?referralCode=TSXivW:0
[ 2401155ms] [ERROR] Failed to load resource: net::ERR_CONNECTION_REFUSED @ https://tattle.api.osano.com/:0
[ 2404158ms] [WARNING] The resource https://fonts.gstatic.com/s/ibmplexserif/v20/jizAREVNn1dOx-zrZ2X3pZvkTi3s-CI0q1s.woff2 was preloaded using link preload but not used within a few seconds from the window's load event. Please make sure it has an appropriate `as` value and it is preloaded intentionally. @ https://railway.com/?referralCode=TSXivW:0
[ 2431153ms] [ERROR] Failed to load resource: net::ERR_CONNECTION_REFUSED @ https://tattle.api.osano.com/:0
[ 2434154ms] [WARNING] The resource https://fonts.gstatic.com/s/ibmplexserif/v20/jizAREVNn1dOx-zrZ2X3pZvkTi3s-CI0q1s.woff2 was preloaded using link preload but not used within a few seconds from the window's load event. Please make sure it has an appropriate `as` value and it is preloaded intentionally. @ https://railway.com/?referralCode=TSXivW:0
[ 2461156ms] [ERROR] Failed to load resource: net::ERR_CONNECTION_REFUSED @ https://tattle.api.osano.com/:0
[ 2464156ms] [WARNING] The resource https://fonts.gstatic.com/s/ibmplexserif/v20/jizAREVNn1dOx-zrZ2X3pZvkTi3s-CI0q1s.woff2 was preloaded using link preload but not used within a few seconds from the window's load event. Please make sure it has an appropriate `as` value and it is preloaded intentionally. @ https://railway.com/?referralCode=TSXivW:0
[ 2491160ms] [ERROR] Failed to load resource: net::ERR_CONNECTION_REFUSED @ https://tattle.api.osano.com/:0
[ 2494161ms] [WARNING] The resource https://fonts.gstatic.com/s/ibmplexserif/v20/jizAREVNn1dOx-zrZ2X3pZvkTi3s-CI0q1s.woff2 was preloaded using link preload but not used within a few seconds from the window's load event. Please make sure it has an appropriate `as` value and it is preloaded intentionally. @ https://railway.com/?referralCode=TSXivW:0
[ 2521155ms] [ERROR] Failed to load resource: net::ERR_CONNECTION_REFUSED @ https://tattle.api.osano.com/:0
[ 2524155ms] [WARNING] The resource https://fonts.gstatic.com/s/ibmplexserif/v20/jizAREVNn1dOx-zrZ2X3pZvkTi3s-CI0q1s.woff2 was preloaded using link preload but not used within a few seconds from the window's load event. Please make sure it has an appropriate `as` value and it is preloaded intentionally. @ https://railway.com/?referralCode=TSXivW:0
[ 2551152ms] [ERROR] Failed to load resource: net::ERR_CONNECTION_REFUSED @ https://tattle.api.osano.com/:0
[ 2554154ms] [WARNING] The resource https://fonts.gstatic.com/s/ibmplexserif/v20/jizAREVNn1dOx-zrZ2X3pZvkTi3s-CI0q1s.woff2 was preloaded using link preload but not used within a few seconds from the window's load event. Please make sure it has an appropriate `as` value and it is preloaded intentionally. @ https://railway.com/?referralCode=TSXivW:0
[ 2581158ms] [ERROR] Failed to load resource: net::ERR_CONNECTION_REFUSED @ https://tattle.api.osano.com/:0
[ 2584160ms] [WARNING] The resource https://fonts.gstatic.com/s/ibmplexserif/v20/jizAREVNn1dOx-zrZ2X3pZvkTi3s-CI0q1s.woff2 was preloaded using link preload but not used within a few seconds from the window's load event. Please make sure it has an appropriate `as` value and it is preloaded intentionally. @ https://railway.com/?referralCode=TSXivW:0
[ 2611154ms] [ERROR] Failed to load resource: net::ERR_CONNECTION_REFUSED @ https://tattle.api.osano.com/:0
[ 2614157ms] [WARNING] The resource https://fonts.gstatic.com/s/ibmplexserif/v20/jizAREVNn1dOx-zrZ2X3pZvkTi3s-CI0q1s.woff2 was preloaded using link preload but not used within a few seconds from the window's load event. Please make sure it has an appropriate `as` value and it is preloaded intentionally. @ https://railway.com/?referralCode=TSXivW:0
[ 2641156ms] [ERROR] Failed to load resource: net::ERR_CONNECTION_REFUSED @ https://tattle.api.osano.com/:0
[ 2644157ms] [WARNING] The resource https://fonts.gstatic.com/s/ibmplexserif/v20/jizAREVNn1dOx-zrZ2X3pZvkTi3s-CI0q1s.woff2 was preloaded using link preload but not used within a few seconds from the window's load event. Please make sure it has an appropriate `as` value and it is preloaded intentionally. @ https://railway.com/?referralCode=TSXivW:0
[ 2671161ms] [ERROR] Failed to load resource: net::ERR_CONNECTION_REFUSED @ https://tattle.api.osano.com/:0
[ 2674162ms] [WARNING] The resource https://fonts.gstatic.com/s/ibmplexserif/v20/jizAREVNn1dOx-zrZ2X3pZvkTi3s-CI0q1s.woff2 was preloaded using link preload but not used within a few seconds from the window's load event. Please make sure it has an appropriate `as` value and it is preloaded intentionally. @ https://railway.com/?referralCode=TSXivW:0
[ 2701154ms] [ERROR] Failed to load resource: net::ERR_CONNECTION_REFUSED @ https://tattle.api.osano.com/:0
[ 2704155ms] [WARNING] The resource https://fonts.gstatic.com/s/ibmplexserif/v20/jizAREVNn1dOx-zrZ2X3pZvkTi3s-CI0q1s.woff2 was preloaded using link preload but not used within a few seconds from the window's load event. Please make sure it has an appropriate `as` value and it is preloaded intentionally. @ https://railway.com/?referralCode=TSXivW:0
[ 2731153ms] [ERROR] Failed to load resource: net::ERR_CONNECTION_REFUSED @ https://tattle.api.osano.com/:0
[ 2734155ms] [WARNING] The resource https://fonts.gstatic.com/s/ibmplexserif/v20/jizAREVNn1dOx-zrZ2X3pZvkTi3s-CI0q1s.woff2 was preloaded using link preload but not used within a few seconds from the window's load event. Please make sure it has an appropriate `as` value and it is preloaded intentionally. @ https://railway.com/?referralCode=TSXivW:0
[ 2761166ms] [ERROR] Failed to load resource: net::ERR_CONNECTION_REFUSED @ https://tattle.api.osano.com/:0
[ 2764167ms] [WARNING] The resource https://fonts.gstatic.com/s/ibmplexserif/v20/jizAREVNn1dOx-zrZ2X3pZvkTi3s-CI0q1s.woff2 was preloaded using link preload but not used within a few seconds from the window's load event. Please make sure it has an appropriate `as` value and it is preloaded intentionally. @ https://railway.com/?referralCode=TSXivW:0
[ 2791156ms] [ERROR] Failed to load resource: net::ERR_CONNECTION_REFUSED @ https://tattle.api.osano.com/:0
[ 2794158ms] [WARNING] The resource https://fonts.gstatic.com/s/ibmplexserif/v20/jizAREVNn1dOx-zrZ2X3pZvkTi3s-CI0q1s.woff2 was preloaded using link preload but not used within a few seconds from the window's load event. Please make sure it has an appropriate `as` value and it is preloaded intentionally. @ https://railway.com/?referralCode=TSXivW:0
[ 2821156ms] [ERROR] Failed to load resource: net::ERR_CONNECTION_REFUSED @ https://tattle.api.osano.com/:0
[ 2824156ms] [WARNING] The resource https://fonts.gstatic.com/s/ibmplexserif/v20/jizAREVNn1dOx-zrZ2X3pZvkTi3s-CI0q1s.woff2 was preloaded using link preload but not used within a few seconds from the window's load event. Please make sure it has an appropriate `as` value and it is preloaded intentionally. @ https://railway.com/?referralCode=TSXivW:0
[ 2851161ms] [ERROR] Failed to load resource: net::ERR_CONNECTION_REFUSED @ https://tattle.api.osano.com/:0
[ 2854162ms] [WARNING] The resource https://fonts.gstatic.com/s/ibmplexserif/v20/jizAREVNn1dOx-zrZ2X3pZvkTi3s-CI0q1s.woff2 was preloaded using link preload but not used within a few seconds from the window's load event. Please make sure it has an appropriate `as` value and it is preloaded intentionally. @ https://railway.com/?referralCode=TSXivW:0
[ 2881156ms] [ERROR] Failed to load resource: net::ERR_CONNECTION_REFUSED @ https://tattle.api.osano.com/:0
[ 2884158ms] [WARNING] The resource https://fonts.gstatic.com/s/ibmplexserif/v20/jizAREVNn1dOx-zrZ2X3pZvkTi3s-CI0q1s.woff2 was preloaded using link preload but not used within a few seconds from the window's load event. Please make sure it has an appropriate `as` value and it is preloaded intentionally. @ https://railway.com/?referralCode=TSXivW:0
[ 2911156ms] [ERROR] Failed to load resource: net::ERR_CONNECTION_REFUSED @ https://tattle.api.osano.com/:0
[ 2914162ms] [WARNING] The resource https://fonts.gstatic.com/s/ibmplexserif/v20/jizAREVNn1dOx-zrZ2X3pZvkTi3s-CI0q1s.woff2 was preloaded using link preload but not used within a few seconds from the window's load event. Please make sure it has an appropriate `as` value and it is preloaded intentionally. @ https://railway.com/?referralCode=TSXivW:0
[ 2941162ms] [ERROR] Failed to load resource: net::ERR_CONNECTION_REFUSED @ https://tattle.api.osano.com/:0
[ 2944166ms] [WARNING] The resource https://fonts.gstatic.com/s/ibmplexserif/v20/jizAREVNn1dOx-zrZ2X3pZvkTi3s-CI0q1s.woff2 was preloaded using link preload but not used within a few seconds from the window's load event. Please make sure it has an appropriate `as` value and it is preloaded intentionally. @ https://railway.com/?referralCode=TSXivW:0
[ 2971155ms] [ERROR] Failed to load resource: net::ERR_CONNECTION_REFUSED @ https://tattle.api.osano.com/:0
[ 2974159ms] [WARNING] The resource https://fonts.gstatic.com/s/ibmplexserif/v20/jizAREVNn1dOx-zrZ2X3pZvkTi3s-CI0q1s.woff2 was preloaded using link preload but not used within a few seconds from the window's load event. Please make sure it has an appropriate `as` value and it is preloaded intentionally. @ https://railway.com/?referralCode=TSXivW:0
[ 3001158ms] [ERROR] Failed to load resource: net::ERR_CONNECTION_REFUSED @ https://tattle.api.osano.com/:0
[ 3004159ms] [WARNING] The resource https://fonts.gstatic.com/s/ibmplexserif/v20/jizAREVNn1dOx-zrZ2X3pZvkTi3s-CI0q1s.woff2 was preloaded using link preload but not used within a few seconds from the window's load event. Please make sure it has an appropriate `as` value and it is preloaded intentionally. @ https://railway.com/?referralCode=TSXivW:0
[ 3031162ms] [ERROR] Failed to load resource: net::ERR_CONNECTION_REFUSED @ https://tattle.api.osano.com/:0
[ 3034163ms] [WARNING] The resource https://fonts.gstatic.com/s/ibmplexserif/v20/jizAREVNn1dOx-zrZ2X3pZvkTi3s-CI0q1s.woff2 was preloaded using link preload but not used within a few seconds from the window's load event. Please make sure it has an appropriate `as` value and it is preloaded intentionally. @ https://railway.com/?referralCode=TSXivW:0
[ 3061157ms] [ERROR] Failed to load resource: net::ERR_CONNECTION_REFUSED @ https://tattle.api.osano.com/:0
[ 3064158ms] [WARNING] The resource https://fonts.gstatic.com/s/ibmplexserif/v20/jizAREVNn1dOx-zrZ2X3pZvkTi3s-CI0q1s.woff2 was preloaded using link preload but not used within a few seconds from the window's load event. Please make sure it has an appropriate `as` value and it is preloaded intentionally. @ https://railway.com/?referralCode=TSXivW:0
[ 3091158ms] [ERROR] Failed to load resource: net::ERR_CONNECTION_REFUSED @ https://tattle.api.osano.com/:0
[ 3094161ms] [WARNING] The resource https://fonts.gstatic.com/s/ibmplexserif/v20/jizAREVNn1dOx-zrZ2X3pZvkTi3s-CI0q1s.woff2 was preloaded using link preload but not used within a few seconds from the window's load event. Please make sure it has an appropriate `as` value and it is preloaded intentionally. @ https://railway.com/?referralCode=TSXivW:0
[ 3121162ms] [ERROR] Failed to load resource: net::ERR_CONNECTION_REFUSED @ https://tattle.api.osano.com/:0
[ 3124163ms] [WARNING] The resource https://fonts.gstatic.com/s/ibmplexserif/v20/jizAREVNn1dOx-zrZ2X3pZvkTi3s-CI0q1s.woff2 was preloaded using link preload but not used within a few seconds from the window's load event. Please make sure it has an appropriate `as` value and it is preloaded intentionally. @ https://railway.com/?referralCode=TSXivW:0
[ 3151157ms] [ERROR] Failed to load resource: net::ERR_CONNECTION_REFUSED @ https://tattle.api.osano.com/:0
[ 3154158ms] [WARNING] The resource https://fonts.gstatic.com/s/ibmplexserif/v20/jizAREVNn1dOx-zrZ2X3pZvkTi3s-CI0q1s.woff2 was preloaded using link preload but not used within a few seconds from the window's load event. Please make sure it has an appropriate `as` value and it is preloaded intentionally. @ https://railway.com/?referralCode=TSXivW:0
[ 3181159ms] [ERROR] Failed to load resource: net::ERR_CONNECTION_REFUSED @ https://tattle.api.osano.com/:0
[ 3184160ms] [WARNING] The resource https://fonts.gstatic.com/s/ibmplexserif/v20/jizAREVNn1dOx-zrZ2X3pZvkTi3s-CI0q1s.woff2 was preloaded using link preload but not used within a few seconds from the window's load event. Please make sure it has an appropriate `as` value and it is preloaded intentionally. @ https://railway.com/?referralCode=TSXivW:0
[ 3211164ms] [ERROR] Failed to load resource: net::ERR_CONNECTION_REFUSED @ https://tattle.api.osano.com/:0
[ 3214166ms] [WARNING] The resource https://fonts.gstatic.com/s/ibmplexserif/v20/jizAREVNn1dOx-zrZ2X3pZvkTi3s-CI0q1s.woff2 was preloaded using link preload but not used within a few seconds from the window's load event. Please make sure it has an appropriate `as` value and it is preloaded intentionally. @ https://railway.com/?referralCode=TSXivW:0
[ 3241157ms] [ERROR] Failed to load resource: net::ERR_CONNECTION_REFUSED @ https://tattle.api.osano.com/:0
[ 3244158ms] [WARNING] The resource https://fonts.gstatic.com/s/ibmplexserif/v20/jizAREVNn1dOx-zrZ2X3pZvkTi3s-CI0q1s.woff2 was preloaded using link preload but not used within a few seconds from the window's load event. Please make sure it has an appropriate `as` value and it is preloaded intentionally. @ https://railway.com/?referralCode=TSXivW:0
[ 3271159ms] [ERROR] Failed to load resource: net::ERR_CONNECTION_REFUSED @ https://tattle.api.osano.com/:0
[ 3274172ms] [WARNING] The resource https://fonts.gstatic.com/s/ibmplexserif/v20/jizAREVNn1dOx-zrZ2X3pZvkTi3s-CI0q1s.woff2 was preloaded using link preload but not used within a few seconds from the window's load event. Please make sure it has an appropriate `as` value and it is preloaded intentionally. @ https://railway.com/?referralCode=TSXivW:0
[ 3301163ms] [ERROR] Failed to load resource: net::ERR_CONNECTION_REFUSED @ https://tattle.api.osano.com/:0
[ 3304166ms] [WARNING] The resource https://fonts.gstatic.com/s/ibmplexserif/v20/jizAREVNn1dOx-zrZ2X3pZvkTi3s-CI0q1s.woff2 was preloaded using link preload but not used within a few seconds from the window's load event. Please make sure it has an appropriate `as` value and it is preloaded intentionally. @ https://railway.com/?referralCode=TSXivW:0
[ 3331161ms] [ERROR] Failed to load resource: net::ERR_CONNECTION_REFUSED @ https://tattle.api.osano.com/:0
[ 3334163ms] [WARNING] The resource https://fonts.gstatic.com/s/ibmplexserif/v20/jizAREVNn1dOx-zrZ2X3pZvkTi3s-CI0q1s.woff2 was preloaded using link preload but not used within a few seconds from the window's load event. Please make sure it has an appropriate `as` value and it is preloaded intentionally. @ https://railway.com/?referralCode=TSXivW:0
[ 3361159ms] [ERROR] Failed to load resource: net::ERR_CONNECTION_REFUSED @ https://tattle.api.osano.com/:0
[ 3364162ms] [WARNING] The resource https://fonts.gstatic.com/s/ibmplexserif/v20/jizAREVNn1dOx-zrZ2X3pZvkTi3s-CI0q1s.woff2 was preloaded using link preload but not used within a few seconds from the window's load event. Please make sure it has an appropriate `as` value and it is preloaded intentionally. @ https://railway.com/?referralCode=TSXivW:0
[ 3391167ms] [ERROR] Failed to load resource: net::ERR_CONNECTION_REFUSED @ https://tattle.api.osano.com/:0
[ 3394168ms] [WARNING] The resource https://fonts.gstatic.com/s/ibmplexserif/v20/jizAREVNn1dOx-zrZ2X3pZvkTi3s-CI0q1s.woff2 was preloaded using link preload but not used within a few seconds from the window's load event. Please make sure it has an appropriate `as` value and it is preloaded intentionally. @ https://railway.com/?referralCode=TSXivW:0
[ 3421157ms] [ERROR] Failed to load resource: net::ERR_CONNECTION_REFUSED @ https://tattle.api.osano.com/:0
[ 3424160ms] [WARNING] The resource https://fonts.gstatic.com/s/ibmplexserif/v20/jizAREVNn1dOx-zrZ2X3pZvkTi3s-CI0q1s.woff2 was preloaded using link preload but not used within a few seconds from the window's load event. Please make sure it has an appropriate `as` value and it is preloaded intentionally. @ https://railway.com/?referralCode=TSXivW:0
[ 3451162ms] [ERROR] Failed to load resource: net::ERR_CONNECTION_REFUSED @ https://tattle.api.osano.com/:0
[ 3454162ms] [WARNING] The resource https://fonts.gstatic.com/s/ibmplexserif/v20/jizAREVNn1dOx-zrZ2X3pZvkTi3s-CI0q1s.woff2 was preloaded using link preload but not used within a few seconds from the window's load event. Please make sure it has an appropriate `as` value and it is preloaded intentionally. @ https://railway.com/?referralCode=TSXivW:0
[ 3481164ms] [ERROR] Failed to load resource: net::ERR_CONNECTION_REFUSED @ https://tattle.api.osano.com/:0
[ 3484166ms] [WARNING] The resource https://fonts.gstatic.com/s/ibmplexserif/v20/jizAREVNn1dOx-zrZ2X3pZvkTi3s-CI0q1s.woff2 was preloaded using link preload but not used within a few seconds from the window's load event. Please make sure it has an appropriate `as` value and it is preloaded intentionally. @ https://railway.com/?referralCode=TSXivW:0
[ 3511160ms] [ERROR] Failed to load resource: net::ERR_CONNECTION_REFUSED @ https://tattle.api.osano.com/:0
[ 3514162ms] [WARNING] The resource https://fonts.gstatic.com/s/ibmplexserif/v20/jizAREVNn1dOx-zrZ2X3pZvkTi3s-CI0q1s.woff2 was preloaded using link preload but not used within a few seconds from the window's load event. Please make sure it has an appropriate `as` value and it is preloaded intentionally. @ https://railway.com/?referralCode=TSXivW:0
[ 3541162ms] [ERROR] Failed to load resource: net::ERR_CONNECTION_REFUSED @ https://tattle.api.osano.com/:0
[ 3544165ms] [WARNING] The resource https://fonts.gstatic.com/s/ibmplexserif/v20/jizAREVNn1dOx-zrZ2X3pZvkTi3s-CI0q1s.woff2 was preloaded using link preload but not used within a few seconds from the window's load event. Please make sure it has an appropriate `as` value and it is preloaded intentionally. @ https://railway.com/?referralCode=TSXivW:0
[ 3571167ms] [ERROR] Failed to load resource: net::ERR_CONNECTION_REFUSED @ https://tattle.api.osano.com/:0
[ 3574168ms] [WARNING] The resource https://fonts.gstatic.com/s/ibmplexserif/v20/jizAREVNn1dOx-zrZ2X3pZvkTi3s-CI0q1s.woff2 was preloaded using link preload but not used within a few seconds from the window's load event. Please make sure it has an appropriate `as` value and it is preloaded intentionally. @ https://railway.com/?referralCode=TSXivW:0
[ 3601161ms] [ERROR] Failed to load resource: net::ERR_CONNECTION_REFUSED @ https://tattle.api.osano.com/:0
[ 3604162ms] [WARNING] The resource https://fonts.gstatic.com/s/ibmplexserif/v20/jizAREVNn1dOx-zrZ2X3pZvkTi3s-CI0q1s.woff2 was preloaded using link preload but not used within a few seconds from the window's load event. Please make sure it has an appropriate `as` value and it is preloaded intentionally. @ https://railway.com/?referralCode=TSXivW:0
[ 3631159ms] [ERROR] Failed to load resource: net::ERR_CONNECTION_REFUSED @ https://tattle.api.osano.com/:0
[ 3634161ms] [WARNING] The resource https://fonts.gstatic.com/s/ibmplexserif/v20/jizAREVNn1dOx-zrZ2X3pZvkTi3s-CI0q1s.woff2 was preloaded using link preload but not used within a few seconds from the window's load event. Please make sure it has an appropriate `as` value and it is preloaded intentionally. @ https://railway.com/?referralCode=TSXivW:0
[ 3661172ms] [ERROR] Failed to load resource: net::ERR_CONNECTION_REFUSED @ https://tattle.api.osano.com/:0
[ 3664173ms] [WARNING] The resource https://fonts.gstatic.com/s/ibmplexserif/v20/jizAREVNn1dOx-zrZ2X3pZvkTi3s-CI0q1s.woff2 was preloaded using link preload but not used within a few seconds from the window's load event. Please make sure it has an appropriate `as` value and it is preloaded intentionally. @ https://railway.com/?referralCode=TSXivW:0
[ 3691162ms] [ERROR] Failed to load resource: net::ERR_CONNECTION_REFUSED @ https://tattle.api.osano.com/:0
[ 3694164ms] [WARNING] The resource https://fonts.gstatic.com/s/ibmplexserif/v20/jizAREVNn1dOx-zrZ2X3pZvkTi3s-CI0q1s.woff2 was preloaded using link preload but not used within a few seconds from the window's load event. Please make sure it has an appropriate `as` value and it is preloaded intentionally. @ https://railway.com/?referralCode=TSXivW:0
[ 3721163ms] [ERROR] Failed to load resource: net::ERR_CONNECTION_REFUSED @ https://tattle.api.osano.com/:0
[ 3724166ms] [WARNING] The resource https://fonts.gstatic.com/s/ibmplexserif/v20/jizAREVNn1dOx-zrZ2X3pZvkTi3s-CI0q1s.woff2 was preloaded using link preload but not used within a few seconds from the window's load event. Please make sure it has an appropriate `as` value and it is preloaded intentionally. @ https://railway.com/?referralCode=TSXivW:0
[ 3751169ms] [ERROR] Failed to load resource: net::ERR_CONNECTION_REFUSED @ https://tattle.api.osano.com/:0
[ 3754172ms] [WARNING] The resource https://fonts.gstatic.com/s/ibmplexserif/v20/jizAREVNn1dOx-zrZ2X3pZvkTi3s-CI0q1s.woff2 was preloaded using link preload but not used within a few seconds from the window's load event. Please make sure it has an appropriate `as` value and it is preloaded intentionally. @ https://railway.com/?referralCode=TSXivW:0
[ 3781162ms] [ERROR] Failed to load resource: net::ERR_CONNECTION_REFUSED @ https://tattle.api.osano.com/:0
[ 3784164ms] [WARNING] The resource https://fonts.gstatic.com/s/ibmplexserif/v20/jizAREVNn1dOx-zrZ2X3pZvkTi3s-CI0q1s.woff2 was preloaded using link preload but not used within a few seconds from the window's load event. Please make sure it has an appropriate `as` value and it is preloaded intentionally. @ https://railway.com/?referralCode=TSXivW:0
[ 3811169ms] [ERROR] Failed to load resource: net::ERR_CONNECTION_REFUSED @ https://tattle.api.osano.com/:0
[ 3814181ms] [WARNING] The resource https://fonts.gstatic.com/s/ibmplexserif/v20/jizAREVNn1dOx-zrZ2X3pZvkTi3s-CI0q1s.woff2 was preloaded using link preload but not used within a few seconds from the window's load event. Please make sure it has an appropriate `as` value and it is preloaded intentionally. @ https://railway.com/?referralCode=TSXivW:0
[ 3841175ms] [ERROR] Failed to load resource: net::ERR_CONNECTION_REFUSED @ https://tattle.api.osano.com/:0
[ 3844183ms] [WARNING] The resource https://fonts.gstatic.com/s/ibmplexserif/v20/jizAREVNn1dOx-zrZ2X3pZvkTi3s-CI0q1s.woff2 was preloaded using link preload but not used within a few seconds from the window's load event. Please make sure it has an appropriate `as` value and it is preloaded intentionally. @ https://railway.com/?referralCode=TSXivW:0
[ 3871165ms] [ERROR] Failed to load resource: net::ERR_CONNECTION_REFUSED @ https://tattle.api.osano.com/:0
[ 3874165ms] [WARNING] The resource https://fonts.gstatic.com/s/ibmplexserif/v20/jizAREVNn1dOx-zrZ2X3pZvkTi3s-CI0q1s.woff2 was preloaded using link preload but not used within a few seconds from the window's load event. Please make sure it has an appropriate `as` value and it is preloaded intentionally. @ https://railway.com/?referralCode=TSXivW:0
[ 3901162ms] [ERROR] Failed to load resource: net::ERR_CONNECTION_REFUSED @ https://tattle.api.osano.com/:0
[ 3904170ms] [WARNING] The resource https://fonts.gstatic.com/s/ibmplexserif/v20/jizAREVNn1dOx-zrZ2X3pZvkTi3s-CI0q1s.woff2 was preloaded using link preload but not used within a few seconds from the window's load event. Please make sure it has an appropriate `as` value and it is preloaded intentionally. @ https://railway.com/?referralCode=TSXivW:0
[ 3931168ms] [ERROR] Failed to load resource: net::ERR_CONNECTION_REFUSED @ https://tattle.api.osano.com/:0
[ 3934171ms] [WARNING] The resource https://fonts.gstatic.com/s/ibmplexserif/v20/jizAREVNn1dOx-zrZ2X3pZvkTi3s-CI0q1s.woff2 was preloaded using link preload but not used within a few seconds from the window's load event. Please make sure it has an appropriate `as` value and it is preloaded intentionally. @ https://railway.com/?referralCode=TSXivW:0
[ 3961167ms] [ERROR] Failed to load resource: net::ERR_CONNECTION_REFUSED @ https://tattle.api.osano.com/:0
[ 3964168ms] [WARNING] The resource https://fonts.gstatic.com/s/ibmplexserif/v20/jizAREVNn1dOx-zrZ2X3pZvkTi3s-CI0q1s.woff2 was preloaded using link preload but not used within a few seconds from the window's load event. Please make sure it has an appropriate `as` value and it is preloaded intentionally. @ https://railway.com/?referralCode=TSXivW:0
[ 3991163ms] [ERROR] Failed to load resource: net::ERR_CONNECTION_REFUSED @ https://tattle.api.osano.com/:0
[ 3994165ms] [WARNING] The resource https://fonts.gstatic.com/s/ibmplexserif/v20/jizAREVNn1dOx-zrZ2X3pZvkTi3s-CI0q1s.woff2 was preloaded using link preload but not used within a few seconds from the window's load event. Please make sure it has an appropriate `as` value and it is preloaded intentionally. @ https://railway.com/?referralCode=TSXivW:0
[ 4021168ms] [ERROR] Failed to load resource: net::ERR_CONNECTION_REFUSED @ https://tattle.api.osano.com/:0
[ 4024168ms] [WARNING] The resource https://fonts.gstatic.com/s/ibmplexserif/v20/jizAREVNn1dOx-zrZ2X3pZvkTi3s-CI0q1s.woff2 was preloaded using link preload but not used within a few seconds from the window's load event. Please make sure it has an appropriate `as` value and it is preloaded intentionally. @ https://railway.com/?referralCode=TSXivW:0
[ 4051166ms] [ERROR] Failed to load resource: net::ERR_CONNECTION_REFUSED @ https://tattle.api.osano.com/:0
[ 4054168ms] [WARNING] The resource https://fonts.gstatic.com/s/ibmplexserif/v20/jizAREVNn1dOx-zrZ2X3pZvkTi3s-CI0q1s.woff2 was preloaded using link preload but not used within a few seconds from the window's load event. Please make sure it has an appropriate `as` value and it is preloaded intentionally. @ https://railway.com/?referralCode=TSXivW:0
[ 4081163ms] [ERROR] Failed to load resource: net::ERR_CONNECTION_REFUSED @ https://tattle.api.osano.com/:0
[ 4084165ms] [WARNING] The resource https://fonts.gstatic.com/s/ibmplexserif/v20/jizAREVNn1dOx-zrZ2X3pZvkTi3s-CI0q1s.woff2 was preloaded using link preload but not used within a few seconds from the window's load event. Please make sure it has an appropriate `as` value and it is preloaded intentionally. @ https://railway.com/?referralCode=TSXivW:0
[ 4111168ms] [ERROR] Failed to load resource: net::ERR_CONNECTION_REFUSED @ https://tattle.api.osano.com/:0
[ 4114171ms] [WARNING] The resource https://fonts.gstatic.com/s/ibmplexserif/v20/jizAREVNn1dOx-zrZ2X3pZvkTi3s-CI0q1s.woff2 was preloaded using link preload but not used within a few seconds from the window's load event. Please make sure it has an appropriate `as` value and it is preloaded intentionally. @ https://railway.com/?referralCode=TSXivW:0
[ 4141162ms] [ERROR] Failed to load resource: net::ERR_CONNECTION_REFUSED @ https://tattle.api.osano.com/:0
[ 4144164ms] [WARNING] The resource https://fonts.gstatic.com/s/ibmplexserif/v20/jizAREVNn1dOx-zrZ2X3pZvkTi3s-CI0q1s.woff2 was preloaded using link preload but not used within a few seconds from the window's load event. Please make sure it has an appropriate `as` value and it is preloaded intentionally. @ https://railway.com/?referralCode=TSXivW:0
[ 4171164ms] [ERROR] Failed to load resource: net::ERR_CONNECTION_REFUSED @ https://tattle.api.osano.com/:0
[ 4174166ms] [WARNING] The resource https://fonts.gstatic.com/s/ibmplexserif/v20/jizAREVNn1dOx-zrZ2X3pZvkTi3s-CI0q1s.woff2 was preloaded using link preload but not used within a few seconds from the window's load event. Please make sure it has an appropriate `as` value and it is preloaded intentionally. @ https://railway.com/?referralCode=TSXivW:0
[ 4201178ms] [ERROR] Failed to load resource: net::ERR_CONNECTION_REFUSED @ https://tattle.api.osano.com/:0
[ 4204180ms] [WARNING] The resource https://fonts.gstatic.com/s/ibmplexserif/v20/jizAREVNn1dOx-zrZ2X3pZvkTi3s-CI0q1s.woff2 was preloaded using link preload but not used within a few seconds from the window's load event. Please make sure it has an appropriate `as` value and it is preloaded intentionally. @ https://railway.com/?referralCode=TSXivW:0
[ 4231174ms] [ERROR] Failed to load resource: net::ERR_CONNECTION_REFUSED @ https://tattle.api.osano.com/:0
[ 4234174ms] [WARNING] The resource https://fonts.gstatic.com/s/ibmplexserif/v20/jizAREVNn1dOx-zrZ2X3pZvkTi3s-CI0q1s.woff2 was preloaded using link preload but not used within a few seconds from the window's load event. Please make sure it has an appropriate `as` value and it is preloaded intentionally. @ https://railway.com/?referralCode=TSXivW:0
[ 4261180ms] [ERROR] Failed to load resource: net::ERR_CONNECTION_REFUSED @ https://tattle.api.osano.com/:0
[ 4264180ms] [WARNING] The resource https://fonts.gstatic.com/s/ibmplexserif/v20/jizAREVNn1dOx-zrZ2X3pZvkTi3s-CI0q1s.woff2 was preloaded using link preload but not used within a few seconds from the window's load event. Please make sure it has an appropriate `as` value and it is preloaded intentionally. @ https://railway.com/?referralCode=TSXivW:0
[ 4291173ms] [ERROR] Failed to load resource: net::ERR_CONNECTION_REFUSED @ https://tattle.api.osano.com/:0
[ 4294176ms] [WARNING] The resource https://fonts.gstatic.com/s/ibmplexserif/v20/jizAREVNn1dOx-zrZ2X3pZvkTi3s-CI0q1s.woff2 was preloaded using link preload but not used within a few seconds from the window's load event. Please make sure it has an appropriate `as` value and it is preloaded intentionally. @ https://railway.com/?referralCode=TSXivW:0
[ 4321171ms] [ERROR] Failed to load resource: net::ERR_CONNECTION_REFUSED @ https://tattle.api.osano.com/:0
[ 4324174ms] [WARNING] The resource https://fonts.gstatic.com/s/ibmplexserif/v20/jizAREVNn1dOx-zrZ2X3pZvkTi3s-CI0q1s.woff2 was preloaded using link preload but not used within a few seconds from the window's load event. Please make sure it has an appropriate `as` value and it is preloaded intentionally. @ https://railway.com/?referralCode=TSXivW:0
[ 4351177ms] [ERROR] Failed to load resource: net::ERR_CONNECTION_REFUSED @ https://tattle.api.osano.com/:0
[ 4354179ms] [WARNING] The resource https://fonts.gstatic.com/s/ibmplexserif/v20/jizAREVNn1dOx-zrZ2X3pZvkTi3s-CI0q1s.woff2 was preloaded using link preload but not used within a few seconds from the window's load event. Please make sure it has an appropriate `as` value and it is preloaded intentionally. @ https://railway.com/?referralCode=TSXivW:0
[ 4381184ms] [ERROR] Failed to load resource: net::ERR_CONNECTION_REFUSED @ https://tattle.api.osano.com/:0
[ 4384185ms] [WARNING] The resource https://fonts.gstatic.com/s/ibmplexserif/v20/jizAREVNn1dOx-zrZ2X3pZvkTi3s-CI0q1s.woff2 was preloaded using link preload but not used within a few seconds from the window's load event. Please make sure it has an appropriate `as` value and it is preloaded intentionally. @ https://railway.com/?referralCode=TSXivW:0
[ 4411179ms] [ERROR] Failed to load resource: net::ERR_CONNECTION_REFUSED @ https://tattle.api.osano.com/:0
[ 4414180ms] [WARNING] The resource https://fonts.gstatic.com/s/ibmplexserif/v20/jizAREVNn1dOx-zrZ2X3pZvkTi3s-CI0q1s.woff2 was preloaded using link preload but not used within a few seconds from the window's load event. Please make sure it has an appropriate `as` value and it is preloaded intentionally. @ https://railway.com/?referralCode=TSXivW:0
[ 4441178ms] [ERROR] Failed to load resource: net::ERR_CONNECTION_REFUSED @ https://tattle.api.osano.com/:0
[ 4444181ms] [WARNING] The resource https://fonts.gstatic.com/s/ibmplexserif/v20/jizAREVNn1dOx-zrZ2X3pZvkTi3s-CI0q1s.woff2 was preloaded using link preload but not used within a few seconds from the window's load event. Please make sure it has an appropriate `as` value and it is preloaded intentionally. @ https://railway.com/?referralCode=TSXivW:0
[ 4471187ms] [ERROR] Failed to load resource: net::ERR_CONNECTION_REFUSED @ https://tattle.api.osano.com/:0
[ 4474188ms] [WARNING] The resource https://fonts.gstatic.com/s/ibmplexserif/v20/jizAREVNn1dOx-zrZ2X3pZvkTi3s-CI0q1s.woff2 was preloaded using link preload but not used within a few seconds from the window's load event. Please make sure it has an appropriate `as` value and it is preloaded intentionally. @ https://railway.com/?referralCode=TSXivW:0
[ 4501178ms] [ERROR] Failed to load resource: net::ERR_CONNECTION_REFUSED @ https://tattle.api.osano.com/:0
[ 4504180ms] [WARNING] The resource https://fonts.gstatic.com/s/ibmplexserif/v20/jizAREVNn1dOx-zrZ2X3pZvkTi3s-CI0q1s.woff2 was preloaded using link preload but not used within a few seconds from the window's load event. Please make sure it has an appropriate `as` value and it is preloaded intentionally. @ https://railway.com/?referralCode=TSXivW:0
[ 4531179ms] [ERROR] Failed to load resource: net::ERR_CONNECTION_REFUSED @ https://tattle.api.osano.com/:0
[ 4534181ms] [WARNING] The resource https://fonts.gstatic.com/s/ibmplexserif/v20/jizAREVNn1dOx-zrZ2X3pZvkTi3s-CI0q1s.woff2 was preloaded using link preload but not used within a few seconds from the window's load event. Please make sure it has an appropriate `as` value and it is preloaded intentionally. @ https://railway.com/?referralCode=TSXivW:0
[ 4561188ms] [ERROR] Failed to load resource: net::ERR_CONNECTION_REFUSED @ https://tattle.api.osano.com/:0
[ 4564188ms] [WARNING] The resource https://fonts.gstatic.com/s/ibmplexserif/v20/jizAREVNn1dOx-zrZ2X3pZvkTi3s-CI0q1s.woff2 was preloaded using link preload but not used within a few seconds from the window's load event. Please make sure it has an appropriate `as` value and it is preloaded intentionally. @ https://railway.com/?referralCode=TSXivW:0
[ 4591193ms] [ERROR] Failed to load resource: net::ERR_CONNECTION_REFUSED @ https://tattle.api.osano.com/:0
[ 4594194ms] [WARNING] The resource https://fonts.gstatic.com/s/ibmplexserif/v20/jizAREVNn1dOx-zrZ2X3pZvkTi3s-CI0q1s.woff2 was preloaded using link preload but not used within a few seconds from the window's load event. Please make sure it has an appropriate `as` value and it is preloaded intentionally. @ https://railway.com/?referralCode=TSXivW:0
[ 4621194ms] [ERROR] Failed to load resource: net::ERR_CONNECTION_REFUSED @ https://tattle.api.osano.com/:0
[ 4624195ms] [WARNING] The resource https://fonts.gstatic.com/s/ibmplexserif/v20/jizAREVNn1dOx-zrZ2X3pZvkTi3s-CI0q1s.woff2 was preloaded using link preload but not used within a few seconds from the window's load event. Please make sure it has an appropriate `as` value and it is preloaded intentionally. @ https://railway.com/?referralCode=TSXivW:0
[ 4651197ms] [ERROR] Failed to load resource: net::ERR_CONNECTION_REFUSED @ https://tattle.api.osano.com/:0
[ 4654197ms] [WARNING] The resource https://fonts.gstatic.com/s/ibmplexserif/v20/jizAREVNn1dOx-zrZ2X3pZvkTi3s-CI0q1s.woff2 was preloaded using link preload but not used within a few seconds from the window's load event. Please make sure it has an appropriate `as` value and it is preloaded intentionally. @ https://railway.com/?referralCode=TSXivW:0
[ 4681194ms] [ERROR] Failed to load resource: net::ERR_CONNECTION_REFUSED @ https://tattle.api.osano.com/:0
[ 4684195ms] [WARNING] The resource https://fonts.gstatic.com/s/ibmplexserif/v20/jizAREVNn1dOx-zrZ2X3pZvkTi3s-CI0q1s.woff2 was preloaded using link preload but not used within a few seconds from the window's load event. Please make sure it has an appropriate `as` value and it is preloaded intentionally. @ https://railway.com/?referralCode=TSXivW:0
[ 4711194ms] [ERROR] Failed to load resource: net::ERR_CONNECTION_REFUSED @ https://tattle.api.osano.com/:0
[ 4714195ms] [WARNING] The resource https://fonts.gstatic.com/s/ibmplexserif/v20/jizAREVNn1dOx-zrZ2X3pZvkTi3s-CI0q1s.woff2 was preloaded using link preload but not used within a few seconds from the window's load event. Please make sure it has an appropriate `as` value and it is preloaded intentionally. @ https://railway.com/?referralCode=TSXivW:0
[ 4741189ms] [ERROR] Failed to load resource: net::ERR_CONNECTION_REFUSED @ https://tattle.api.osano.com/:0
[ 4744190ms] [WARNING] The resource https://fonts.gstatic.com/s/ibmplexserif/v20/jizAREVNn1dOx-zrZ2X3pZvkTi3s-CI0q1s.woff2 was preloaded using link preload but not used within a few seconds from the window's load event. Please make sure it has an appropriate `as` value and it is preloaded intentionally. @ https://railway.com/?referralCode=TSXivW:0
[ 4771183ms] [ERROR] Failed to load resource: net::ERR_CONNECTION_REFUSED @ https://tattle.api.osano.com/:0
[ 4774184ms] [WARNING] The resource https://fonts.gstatic.com/s/ibmplexserif/v20/jizAREVNn1dOx-zrZ2X3pZvkTi3s-CI0q1s.woff2 was preloaded using link preload but not used within a few seconds from the window's load event. Please make sure it has an appropriate `as` value and it is preloaded intentionally. @ https://railway.com/?referralCode=TSXivW:0
[ 4801181ms] [ERROR] Failed to load resource: net::ERR_CONNECTION_REFUSED @ https://tattle.api.osano.com/:0
[ 4804183ms] [WARNING] The resource https://fonts.gstatic.com/s/ibmplexserif/v20/jizAREVNn1dOx-zrZ2X3pZvkTi3s-CI0q1s.woff2 was preloaded using link preload but not used within a few seconds from the window's load event. Please make sure it has an appropriate `as` value and it is preloaded intentionally. @ https://railway.com/?referralCode=TSXivW:0
[ 4831190ms] [ERROR] Failed to load resource: net::ERR_CONNECTION_REFUSED @ https://tattle.api.osano.com/:0
[ 4834191ms] [WARNING] The resource https://fonts.gstatic.com/s/ibmplexserif/v20/jizAREVNn1dOx-zrZ2X3pZvkTi3s-CI0q1s.woff2 was preloaded using link preload but not used within a few seconds from the window's load event. Please make sure it has an appropriate `as` value and it is preloaded intentionally. @ https://railway.com/?referralCode=TSXivW:0
[ 4861184ms] [ERROR] Failed to load resource: net::ERR_CONNECTION_REFUSED @ https://tattle.api.osano.com/:0
[ 4864184ms] [WARNING] The resource https://fonts.gstatic.com/s/ibmplexserif/v20/jizAREVNn1dOx-zrZ2X3pZvkTi3s-CI0q1s.woff2 was preloaded using link preload but not used within a few seconds from the window's load event. Please make sure it has an appropriate `as` value and it is preloaded intentionally. @ https://railway.com/?referralCode=TSXivW:0
[ 4891182ms] [ERROR] Failed to load resource: net::ERR_CONNECTION_REFUSED @ https://tattle.api.osano.com/:0
[ 4894184ms] [WARNING] The resource https://fonts.gstatic.com/s/ibmplexserif/v20/jizAREVNn1dOx-zrZ2X3pZvkTi3s-CI0q1s.woff2 was preloaded using link preload but not used within a few seconds from the window's load event. Please make sure it has an appropriate `as` value and it is preloaded intentionally. @ https://railway.com/?referralCode=TSXivW:0
[ 4921191ms] [ERROR] Failed to load resource: net::ERR_CONNECTION_REFUSED @ https://tattle.api.osano.com/:0
[ 4924195ms] [WARNING] The resource https://fonts.gstatic.com/s/ibmplexserif/v20/jizAREVNn1dOx-zrZ2X3pZvkTi3s-CI0q1s.woff2 was preloaded using link preload but not used within a few seconds from the window's load event. Please make sure it has an appropriate `as` value and it is preloaded intentionally. @ https://railway.com/?referralCode=TSXivW:0
[ 4951184ms] [ERROR] Failed to load resource: net::ERR_CONNECTION_REFUSED @ https://tattle.api.osano.com/:0
[ 4954185ms] [WARNING] The resource https://fonts.gstatic.com/s/ibmplexserif/v20/jizAREVNn1dOx-zrZ2X3pZvkTi3s-CI0q1s.woff2 was preloaded using link preload but not used within a few seconds from the window's load event. Please make sure it has an appropriate `as` value and it is preloaded intentionally. @ https://railway.com/?referralCode=TSXivW:0
[ 4981183ms] [ERROR] Failed to load resource: net::ERR_CONNECTION_REFUSED @ https://tattle.api.osano.com/:0
[ 4984185ms] [WARNING] The resource https://fonts.gstatic.com/s/ibmplexserif/v20/jizAREVNn1dOx-zrZ2X3pZvkTi3s-CI0q1s.woff2 was preloaded using link preload but not used within a few seconds from the window's load event. Please make sure it has an appropriate `as` value and it is preloaded intentionally. @ https://railway.com/?referralCode=TSXivW:0
[ 5011192ms] [ERROR] Failed to load resource: net::ERR_CONNECTION_REFUSED @ https://tattle.api.osano.com/:0
[ 5014195ms] [WARNING] The resource https://fonts.gstatic.com/s/ibmplexserif/v20/jizAREVNn1dOx-zrZ2X3pZvkTi3s-CI0q1s.woff2 was preloaded using link preload but not used within a few seconds from the window's load event. Please make sure it has an appropriate `as` value and it is preloaded intentionally. @ https://railway.com/?referralCode=TSXivW:0
[ 5041186ms] [ERROR] Failed to load resource: net::ERR_CONNECTION_REFUSED @ https://tattle.api.osano.com/:0
[ 5044188ms] [WARNING] The resource https://fonts.gstatic.com/s/ibmplexserif/v20/jizAREVNn1dOx-zrZ2X3pZvkTi3s-CI0q1s.woff2 was preloaded using link preload but not used within a few seconds from the window's load event. Please make sure it has an appropriate `as` value and it is preloaded intentionally. @ https://railway.com/?referralCode=TSXivW:0
[ 5071186ms] [ERROR] Failed to load resource: net::ERR_CONNECTION_REFUSED @ https://tattle.api.osano.com/:0
[ 5074187ms] [WARNING] The resource https://fonts.gstatic.com/s/ibmplexserif/v20/jizAREVNn1dOx-zrZ2X3pZvkTi3s-CI0q1s.woff2 was preloaded using link preload but not used within a few seconds from the window's load event. Please make sure it has an appropriate `as` value and it is preloaded intentionally. @ https://railway.com/?referralCode=TSXivW:0
[ 5101192ms] [ERROR] Failed to load resource: net::ERR_CONNECTION_REFUSED @ https://tattle.api.osano.com/:0
[ 5104193ms] [WARNING] The resource https://fonts.gstatic.com/s/ibmplexserif/v20/jizAREVNn1dOx-zrZ2X3pZvkTi3s-CI0q1s.woff2 was preloaded using link preload but not used within a few seconds from the window's load event. Please make sure it has an appropriate `as` value and it is preloaded intentionally. @ https://railway.com/?referralCode=TSXivW:0
[ 5131187ms] [ERROR] Failed to load resource: net::ERR_CONNECTION_REFUSED @ https://tattle.api.osano.com/:0
[ 5134192ms] [WARNING] The resource https://fonts.gstatic.com/s/ibmplexserif/v20/jizAREVNn1dOx-zrZ2X3pZvkTi3s-CI0q1s.woff2 was preloaded using link preload but not used within a few seconds from the window's load event. Please make sure it has an appropriate `as` value and it is preloaded intentionally. @ https://railway.com/?referralCode=TSXivW:0
[ 5161184ms] [ERROR] Failed to load resource: net::ERR_CONNECTION_REFUSED @ https://tattle.api.osano.com/:0
[ 5164186ms] [WARNING] The resource https://fonts.gstatic.com/s/ibmplexserif/v20/jizAREVNn1dOx-zrZ2X3pZvkTi3s-CI0q1s.woff2 was preloaded using link preload but not used within a few seconds from the window's load event. Please make sure it has an appropriate `as` value and it is preloaded intentionally. @ https://railway.com/?referralCode=TSXivW:0
[ 5191193ms] [ERROR] Failed to load resource: net::ERR_CONNECTION_REFUSED @ https://tattle.api.osano.com/:0
[ 5194193ms] [WARNING] The resource https://fonts.gstatic.com/s/ibmplexserif/v20/jizAREVNn1dOx-zrZ2X3pZvkTi3s-CI0q1s.woff2 was preloaded using link preload but not used within a few seconds from the window's load event. Please make sure it has an appropriate `as` value and it is preloaded intentionally. @ https://railway.com/?referralCode=TSXivW:0
[ 5221192ms] [ERROR] Failed to load resource: net::ERR_CONNECTION_REFUSED @ https://tattle.api.osano.com/:0
[ 5224194ms] [WARNING] The resource https://fonts.gstatic.com/s/ibmplexserif/v20/jizAREVNn1dOx-zrZ2X3pZvkTi3s-CI0q1s.woff2 was preloaded using link preload but not used within a few seconds from the window's load event. Please make sure it has an appropriate `as` value and it is preloaded intentionally. @ https://railway.com/?referralCode=TSXivW:0
[ 5251188ms] [ERROR] Failed to load resource: net::ERR_CONNECTION_REFUSED @ https://tattle.api.osano.com/:0
[ 5254192ms] [WARNING] The resource https://fonts.gstatic.com/s/ibmplexserif/v20/jizAREVNn1dOx-zrZ2X3pZvkTi3s-CI0q1s.woff2 was preloaded using link preload but not used within a few seconds from the window's load event. Please make sure it has an appropriate `as` value and it is preloaded intentionally. @ https://railway.com/?referralCode=TSXivW:0
[ 5281194ms] [ERROR] Failed to load resource: net::ERR_CONNECTION_REFUSED @ https://tattle.api.osano.com/:0
[ 5284194ms] [WARNING] The resource https://fonts.gstatic.com/s/ibmplexserif/v20/jizAREVNn1dOx-zrZ2X3pZvkTi3s-CI0q1s.woff2 was preloaded using link preload but not used within a few seconds from the window's load event. Please make sure it has an appropriate `as` value and it is preloaded intentionally. @ https://railway.com/?referralCode=TSXivW:0
[ 5311191ms] [ERROR] Failed to load resource: net::ERR_CONNECTION_REFUSED @ https://tattle.api.osano.com/:0
[ 5314192ms] [WARNING] The resource https://fonts.gstatic.com/s/ibmplexserif/v20/jizAREVNn1dOx-zrZ2X3pZvkTi3s-CI0q1s.woff2 was preloaded using link preload but not used within a few seconds from the window's load event. Please make sure it has an appropriate `as` value and it is preloaded intentionally. @ https://railway.com/?referralCode=TSXivW:0
[ 5341189ms] [ERROR] Failed to load resource: net::ERR_CONNECTION_REFUSED @ https://tattle.api.osano.com/:0
[ 5344190ms] [WARNING] The resource https://fonts.gstatic.com/s/ibmplexserif/v20/jizAREVNn1dOx-zrZ2X3pZvkTi3s-CI0q1s.woff2 was preloaded using link preload but not used within a few seconds from the window's load event. Please make sure it has an appropriate `as` value and it is preloaded intentionally. @ https://railway.com/?referralCode=TSXivW:0
[ 5371194ms] [ERROR] Failed to load resource: net::ERR_CONNECTION_REFUSED @ https://tattle.api.osano.com/:0
[ 5374195ms] [WARNING] The resource https://fonts.gstatic.com/s/ibmplexserif/v20/jizAREVNn1dOx-zrZ2X3pZvkTi3s-CI0q1s.woff2 was preloaded using link preload but not used within a few seconds from the window's load event. Please make sure it has an appropriate `as` value and it is preloaded intentionally. @ https://railway.com/?referralCode=TSXivW:0
[ 5401189ms] [ERROR] Failed to load resource: net::ERR_CONNECTION_REFUSED @ https://tattle.api.osano.com/:0
[ 5404192ms] [WARNING] The resource https://fonts.gstatic.com/s/ibmplexserif/v20/jizAREVNn1dOx-zrZ2X3pZvkTi3s-CI0q1s.woff2 was preloaded using link preload but not used within a few seconds from the window's load event. Please make sure it has an appropriate `as` value and it is preloaded intentionally. @ https://railway.com/?referralCode=TSXivW:0
[ 5431189ms] [ERROR] Failed to load resource: net::ERR_CONNECTION_REFUSED @ https://tattle.api.osano.com/:0
[ 5434189ms] [WARNING] The resource https://fonts.gstatic.com/s/ibmplexserif/v20/jizAREVNn1dOx-zrZ2X3pZvkTi3s-CI0q1s.woff2 was preloaded using link preload but not used within a few seconds from the window's load event. Please make sure it has an appropriate `as` value and it is preloaded intentionally. @ https://railway.com/?referralCode=TSXivW:0
[ 5461195ms] [ERROR] Failed to load resource: net::ERR_CONNECTION_REFUSED @ https://tattle.api.osano.com/:0
[ 5464196ms] [WARNING] The resource https://fonts.gstatic.com/s/ibmplexserif/v20/jizAREVNn1dOx-zrZ2X3pZvkTi3s-CI0q1s.woff2 was preloaded using link preload but not used within a few seconds from the window's load event. Please make sure it has an appropriate `as` value and it is preloaded intentionally. @ https://railway.com/?referralCode=TSXivW:0
[ 5491190ms] [ERROR] Failed to load resource: net::ERR_CONNECTION_REFUSED @ https://tattle.api.osano.com/:0
[ 5494192ms] [WARNING] The resource https://fonts.gstatic.com/s/ibmplexserif/v20/jizAREVNn1dOx-zrZ2X3pZvkTi3s-CI0q1s.woff2 was preloaded using link preload but not used within a few seconds from the window's load event. Please make sure it has an appropriate `as` value and it is preloaded intentionally. @ https://railway.com/?referralCode=TSXivW:0
[ 5521191ms] [ERROR] Failed to load resource: net::ERR_CONNECTION_REFUSED @ https://tattle.api.osano.com/:0
[ 5524191ms] [WARNING] The resource https://fonts.gstatic.com/s/ibmplexserif/v20/jizAREVNn1dOx-zrZ2X3pZvkTi3s-CI0q1s.woff2 was preloaded using link preload but not used within a few seconds from the window's load event. Please make sure it has an appropriate `as` value and it is preloaded intentionally. @ https://railway.com/?referralCode=TSXivW:0
[ 5551200ms] [ERROR] Failed to load resource: net::ERR_CONNECTION_REFUSED @ https://tattle.api.osano.com/:0
[ 5554200ms] [WARNING] The resource https://fonts.gstatic.com/s/ibmplexserif/v20/jizAREVNn1dOx-zrZ2X3pZvkTi3s-CI0q1s.woff2 was preloaded using link preload but not used within a few seconds from the window's load event. Please make sure it has an appropriate `as` value and it is preloaded intentionally. @ https://railway.com/?referralCode=TSXivW:0
[ 5581190ms] [ERROR] Failed to load resource: net::ERR_CONNECTION_REFUSED @ https://tattle.api.osano.com/:0
[ 5584194ms] [WARNING] The resource https://fonts.gstatic.com/s/ibmplexserif/v20/jizAREVNn1dOx-zrZ2X3pZvkTi3s-CI0q1s.woff2 was preloaded using link preload but not used within a few seconds from the window's load event. Please make sure it has an appropriate `as` value and it is preloaded intentionally. @ https://railway.com/?referralCode=TSXivW:0
[ 5611190ms] [ERROR] Failed to load resource: net::ERR_CONNECTION_REFUSED @ https://tattle.api.osano.com/:0
[ 5614191ms] [WARNING] The resource https://fonts.gstatic.com/s/ibmplexserif/v20/jizAREVNn1dOx-zrZ2X3pZvkTi3s-CI0q1s.woff2 was preloaded using link preload but not used within a few seconds from the window's load event. Please make sure it has an appropriate `as` value and it is preloaded intentionally. @ https://railway.com/?referralCode=TSXivW:0
[ 5641196ms] [ERROR] Failed to load resource: net::ERR_CONNECTION_REFUSED @ https://tattle.api.osano.com/:0
[ 5644197ms] [WARNING] The resource https://fonts.gstatic.com/s/ibmplexserif/v20/jizAREVNn1dOx-zrZ2X3pZvkTi3s-CI0q1s.woff2 was preloaded using link preload but not used within a few seconds from the window's load event. Please make sure it has an appropriate `as` value and it is preloaded intentionally. @ https://railway.com/?referralCode=TSXivW:0
[ 5671191ms] [ERROR] Failed to load resource: net::ERR_CONNECTION_REFUSED @ https://tattle.api.osano.com/:0
[ 5674193ms] [WARNING] The resource https://fonts.gstatic.com/s/ibmplexserif/v20/jizAREVNn1dOx-zrZ2X3pZvkTi3s-CI0q1s.woff2 was preloaded using link preload but not used within a few seconds from the window's load event. Please make sure it has an appropriate `as` value and it is preloaded intentionally. @ https://railway.com/?referralCode=TSXivW:0
[ 5701193ms] [ERROR] Failed to load resource: net::ERR_CONNECTION_REFUSED @ https://tattle.api.osano.com/:0
[ 5704195ms] [WARNING] The resource https://fonts.gstatic.com/s/ibmplexserif/v20/jizAREVNn1dOx-zrZ2X3pZvkTi3s-CI0q1s.woff2 was preloaded using link preload but not used within a few seconds from the window's load event. Please make sure it has an appropriate `as` value and it is preloaded intentionally. @ https://railway.com/?referralCode=TSXivW:0
[ 5731198ms] [ERROR] Failed to load resource: net::ERR_CONNECTION_REFUSED @ https://tattle.api.osano.com/:0
[ 5734199ms] [WARNING] The resource https://fonts.gstatic.com/s/ibmplexserif/v20/jizAREVNn1dOx-zrZ2X3pZvkTi3s-CI0q1s.woff2 was preloaded using link preload but not used within a few seconds from the window's load event. Please make sure it has an appropriate `as` value and it is preloaded intentionally. @ https://railway.com/?referralCode=TSXivW:0
[ 5761195ms] [ERROR] Failed to load resource: net::ERR_CONNECTION_REFUSED @ https://tattle.api.osano.com/:0
[ 5764195ms] [WARNING] The resource https://fonts.gstatic.com/s/ibmplexserif/v20/jizAREVNn1dOx-zrZ2X3pZvkTi3s-CI0q1s.woff2 was preloaded using link preload but not used within a few seconds from the window's load event. Please make sure it has an appropriate `as` value and it is preloaded intentionally. @ https://railway.com/?referralCode=TSXivW:0
[ 5791194ms] [ERROR] Failed to load resource: net::ERR_CONNECTION_REFUSED @ https://tattle.api.osano.com/:0
[ 5794195ms] [WARNING] The resource https://fonts.gstatic.com/s/ibmplexserif/v20/jizAREVNn1dOx-zrZ2X3pZvkTi3s-CI0q1s.woff2 was preloaded using link preload but not used within a few seconds from the window's load event. Please make sure it has an appropriate `as` value and it is preloaded intentionally. @ https://railway.com/?referralCode=TSXivW:0
[ 5821198ms] [ERROR] Failed to load resource: net::ERR_CONNECTION_REFUSED @ https://tattle.api.osano.com/:0
[ 5824198ms] [WARNING] The resource https://fonts.gstatic.com/s/ibmplexserif/v20/jizAREVNn1dOx-zrZ2X3pZvkTi3s-CI0q1s.woff2 was preloaded using link preload but not used within a few seconds from the window's load event. Please make sure it has an appropriate `as` value and it is preloaded intentionally. @ https://railway.com/?referralCode=TSXivW:0
[ 5851193ms] [ERROR] Failed to load resource: net::ERR_CONNECTION_REFUSED @ https://tattle.api.osano.com/:0
[ 5854195ms] [WARNING] The resource https://fonts.gstatic.com/s/ibmplexserif/v20/jizAREVNn1dOx-zrZ2X3pZvkTi3s-CI0q1s.woff2 was preloaded using link preload but not used within a few seconds from the window's load event. Please make sure it has an appropriate `as` value and it is preloaded intentionally. @ https://railway.com/?referralCode=TSXivW:0
[ 5881194ms] [ERROR] Failed to load resource: net::ERR_CONNECTION_REFUSED @ https://tattle.api.osano.com/:0
[ 5884196ms] [WARNING] The resource https://fonts.gstatic.com/s/ibmplexserif/v20/jizAREVNn1dOx-zrZ2X3pZvkTi3s-CI0q1s.woff2 was preloaded using link preload but not used within a few seconds from the window's load event. Please make sure it has an appropriate `as` value and it is preloaded intentionally. @ https://railway.com/?referralCode=TSXivW:0
[ 5911201ms] [ERROR] Failed to load resource: net::ERR_CONNECTION_REFUSED @ https://tattle.api.osano.com/:0
[ 5914202ms] [WARNING] The resource https://fonts.gstatic.com/s/ibmplexserif/v20/jizAREVNn1dOx-zrZ2X3pZvkTi3s-CI0q1s.woff2 was preloaded using link preload but not used within a few seconds from the window's load event. Please make sure it has an appropriate `as` value and it is preloaded intentionally. @ https://railway.com/?referralCode=TSXivW:0
[ 5941196ms] [ERROR] Failed to load resource: net::ERR_CONNECTION_REFUSED @ https://tattle.api.osano.com/:0
[ 5944196ms] [WARNING] The resource https://fonts.gstatic.com/s/ibmplexserif/v20/jizAREVNn1dOx-zrZ2X3pZvkTi3s-CI0q1s.woff2 was preloaded using link preload but not used within a few seconds from the window's load event. Please make sure it has an appropriate `as` value and it is preloaded intentionally. @ https://railway.com/?referralCode=TSXivW:0
[ 5971198ms] [ERROR] Failed to load resource: net::ERR_CONNECTION_REFUSED @ https://tattle.api.osano.com/:0
[ 5974199ms] [WARNING] The resource https://fonts.gstatic.com/s/ibmplexserif/v20/jizAREVNn1dOx-zrZ2X3pZvkTi3s-CI0q1s.woff2 was preloaded using link preload but not used within a few seconds from the window's load event. Please make sure it has an appropriate `as` value and it is preloaded intentionally. @ https://railway.com/?referralCode=TSXivW:0
[ 6001191ms] [ERROR] Failed to load resource: net::ERR_CONNECTION_REFUSED @ https://tattle.api.osano.com/:0
[ 6004192ms] [WARNING] The resource https://fonts.gstatic.com/s/ibmplexserif/v20/jizAREVNn1dOx-zrZ2X3pZvkTi3s-CI0q1s.woff2 was preloaded using link preload but not used within a few seconds from the window's load event. Please make sure it has an appropriate `as` value and it is preloaded intentionally. @ https://railway.com/?referralCode=TSXivW:0
[ 6031181ms] [ERROR] Failed to load resource: net::ERR_CONNECTION_REFUSED @ https://tattle.api.osano.com/:0
[ 6034183ms] [WARNING] The resource https://fonts.gstatic.com/s/ibmplexserif/v20/jizAREVNn1dOx-zrZ2X3pZvkTi3s-CI0q1s.woff2 was preloaded using link preload but not used within a few seconds from the window's load event. Please make sure it has an appropriate `as` value and it is preloaded intentionally. @ https://railway.com/?referralCode=TSXivW:0
[ 6061186ms] [ERROR] Failed to load resource: net::ERR_CONNECTION_REFUSED @ https://tattle.api.osano.com/:0
[ 6064188ms] [WARNING] The resource https://fonts.gstatic.com/s/ibmplexserif/v20/jizAREVNn1dOx-zrZ2X3pZvkTi3s-CI0q1s.woff2 was preloaded using link preload but not used within a few seconds from the window's load event. Please make sure it has an appropriate `as` value and it is preloaded intentionally. @ https://railway.com/?referralCode=TSXivW:0
[ 6091206ms] [ERROR] Failed to load resource: net::ERR_CONNECTION_REFUSED @ https://tattle.api.osano.com/:0
[ 6094221ms] [WARNING] The resource https://fonts.gstatic.com/s/ibmplexserif/v20/jizAREVNn1dOx-zrZ2X3pZvkTi3s-CI0q1s.woff2 was preloaded using link preload but not used within a few seconds from the window's load event. Please make sure it has an appropriate `as` value and it is preloaded intentionally. @ https://railway.com/?referralCode=TSXivW:0
[ 6121209ms] [ERROR] Failed to load resource: net::ERR_CONNECTION_REFUSED @ https://tattle.api.osano.com/:0
[ 6124218ms] [WARNING] The resource https://fonts.gstatic.com/s/ibmplexserif/v20/jizAREVNn1dOx-zrZ2X3pZvkTi3s-CI0q1s.woff2 was preloaded using link preload but not used within a few seconds from the window's load event. Please make sure it has an appropriate `as` value and it is preloaded intentionally. @ https://railway.com/?referralCode=TSXivW:0
[ 6151197ms] [ERROR] Failed to load resource: net::ERR_CONNECTION_REFUSED @ https://tattle.api.osano.com/:0
[ 6154207ms] [WARNING] The resource https://fonts.gstatic.com/s/ibmplexserif/v20/jizAREVNn1dOx-zrZ2X3pZvkTi3s-CI0q1s.woff2 was preloaded using link preload but not used within a few seconds from the window's load event. Please make sure it has an appropriate `as` value and it is preloaded intentionally. @ https://railway.com/?referralCode=TSXivW:0
[ 6181201ms] [ERROR] Failed to load resource: net::ERR_CONNECTION_REFUSED @ https://tattle.api.osano.com/:0
[ 6184211ms] [WARNING] The resource https://fonts.gstatic.com/s/ibmplexserif/v20/jizAREVNn1dOx-zrZ2X3pZvkTi3s-CI0q1s.woff2 was preloaded using link preload but not used within a few seconds from the window's load event. Please make sure it has an appropriate `as` value and it is preloaded intentionally. @ https://railway.com/?referralCode=TSXivW:0
[ 6211190ms] [ERROR] Failed to load resource: net::ERR_CONNECTION_REFUSED @ https://tattle.api.osano.com/:0
[ 6214209ms] [WARNING] The resource https://fonts.gstatic.com/s/ibmplexserif/v20/jizAREVNn1dOx-zrZ2X3pZvkTi3s-CI0q1s.woff2 was preloaded using link preload but not used within a few seconds from the window's load event. Please make sure it has an appropriate `as` value and it is preloaded intentionally. @ https://railway.com/?referralCode=TSXivW:0
[ 6241204ms] [ERROR] Failed to load resource: net::ERR_CONNECTION_REFUSED @ https://tattle.api.osano.com/:0
[ 6244218ms] [WARNING] The resource https://fonts.gstatic.com/s/ibmplexserif/v20/jizAREVNn1dOx-zrZ2X3pZvkTi3s-CI0q1s.woff2 was preloaded using link preload but not used within a few seconds from the window's load event. Please make sure it has an appropriate `as` value and it is preloaded intentionally. @ https://railway.com/?referralCode=TSXivW:0
[ 6271207ms] [ERROR] Failed to load resource: net::ERR_CONNECTION_REFUSED @ https://tattle.api.osano.com/:0
[ 6274223ms] [WARNING] The resource https://fonts.gstatic.com/s/ibmplexserif/v20/jizAREVNn1dOx-zrZ2X3pZvkTi3s-CI0q1s.woff2 was preloaded using link preload but not used within a few seconds from the window's load event. Please make sure it has an appropriate `as` value and it is preloaded intentionally. @ https://railway.com/?referralCode=TSXivW:0
[ 6301198ms] [ERROR] Failed to load resource: net::ERR_CONNECTION_REFUSED @ https://tattle.api.osano.com/:0
[ 6304205ms] [WARNING] The resource https://fonts.gstatic.com/s/ibmplexserif/v20/jizAREVNn1dOx-zrZ2X3pZvkTi3s-CI0q1s.woff2 was preloaded using link preload but not used within a few seconds from the window's load event. Please make sure it has an appropriate `as` value and it is preloaded intentionally. @ https://railway.com/?referralCode=TSXivW:0
[ 6331196ms] [ERROR] Failed to load resource: net::ERR_CONNECTION_REFUSED @ https://tattle.api.osano.com/:0
[ 6334204ms] [WARNING] The resource https://fonts.gstatic.com/s/ibmplexserif/v20/jizAREVNn1dOx-zrZ2X3pZvkTi3s-CI0q1s.woff2 was preloaded using link preload but not used within a few seconds from the window's load event. Please make sure it has an appropriate `as` value and it is preloaded intentionally. @ https://railway.com/?referralCode=TSXivW:0
[ 6361213ms] [ERROR] Failed to load resource: net::ERR_CONNECTION_REFUSED @ https://tattle.api.osano.com/:0
[ 6364231ms] [WARNING] The resource https://fonts.gstatic.com/s/ibmplexserif/v20/jizAREVNn1dOx-zrZ2X3pZvkTi3s-CI0q1s.woff2 was preloaded using link preload but not used within a few seconds from the window's load event. Please make sure it has an appropriate `as` value and it is preloaded intentionally. @ https://railway.com/?referralCode=TSXivW:0
[ 6391190ms] [ERROR] Failed to load resource: net::ERR_CONNECTION_REFUSED @ https://tattle.api.osano.com/:0
[ 6394207ms] [WARNING] The resource https://fonts.gstatic.com/s/ibmplexserif/v20/jizAREVNn1dOx-zrZ2X3pZvkTi3s-CI0q1s.woff2 was preloaded using link preload but not used within a few seconds from the window's load event. Please make sure it has an appropriate `as` value and it is preloaded intentionally. @ https://railway.com/?referralCode=TSXivW:0
[ 6421194ms] [ERROR] Failed to load resource: net::ERR_CONNECTION_REFUSED @ https://tattle.api.osano.com/:0
[ 6424206ms] [WARNING] The resource https://fonts.gstatic.com/s/ibmplexserif/v20/jizAREVNn1dOx-zrZ2X3pZvkTi3s-CI0q1s.woff2 was preloaded using link preload but not used within a few seconds from the window's load event. Please make sure it has an appropriate `as` value and it is preloaded intentionally. @ https://railway.com/?referralCode=TSXivW:0
[ 6451204ms] [ERROR] Failed to load resource: net::ERR_CONNECTION_REFUSED @ https://tattle.api.osano.com/:0
[ 6454205ms] [WARNING] The resource https://fonts.gstatic.com/s/ibmplexserif/v20/jizAREVNn1dOx-zrZ2X3pZvkTi3s-CI0q1s.woff2 was preloaded using link preload but not used within a few seconds from the window's load event. Please make sure it has an appropriate `as` value and it is preloaded intentionally. @ https://railway.com/?referralCode=TSXivW:0
[ 6481281ms] [ERROR] Failed to load resource: net::ERR_CONNECTION_REFUSED @ https://tattle.api.osano.com/:0
[ 6484291ms] [WARNING] The resource https://fonts.gstatic.com/s/ibmplexserif/v20/jizAREVNn1dOx-zrZ2X3pZvkTi3s-CI0q1s.woff2 was preloaded using link preload but not used within a few seconds from the window's load event. Please make sure it has an appropriate `as` value and it is preloaded intentionally. @ https://railway.com/?referralCode=TSXivW:0
[ 6511204ms] [ERROR] Failed to load resource: net::ERR_CONNECTION_REFUSED @ https://tattle.api.osano.com/:0
[ 6514219ms] [WARNING] The resource https://fonts.gstatic.com/s/ibmplexserif/v20/jizAREVNn1dOx-zrZ2X3pZvkTi3s-CI0q1s.woff2 was preloaded using link preload but not used within a few seconds from the window's load event. Please make sure it has an appropriate `as` value and it is preloaded intentionally. @ https://railway.com/?referralCode=TSXivW:0
[ 6541214ms] [ERROR] Failed to load resource: net::ERR_CONNECTION_REFUSED @ https://tattle.api.osano.com/:0
[ 6544232ms] [WARNING] The resource https://fonts.gstatic.com/s/ibmplexserif/v20/jizAREVNn1dOx-zrZ2X3pZvkTi3s-CI0q1s.woff2 was preloaded using link preload but not used within a few seconds from the window's load event. Please make sure it has an appropriate `as` value and it is preloaded intentionally. @ https://railway.com/?referralCode=TSXivW:0
[ 6571194ms] [ERROR] Failed to load resource: net::ERR_CONNECTION_REFUSED @ https://tattle.api.osano.com/:0
[ 6574208ms] [WARNING] The resource https://fonts.gstatic.com/s/ibmplexserif/v20/jizAREVNn1dOx-zrZ2X3pZvkTi3s-CI0q1s.woff2 was preloaded using link preload but not used within a few seconds from the window's load event. Please make sure it has an appropriate `as` value and it is preloaded intentionally. @ https://railway.com/?referralCode=TSXivW:0
[ 6601200ms] [ERROR] Failed to load resource: net::ERR_CONNECTION_REFUSED @ https://tattle.api.osano.com/:0
[ 6604211ms] [WARNING] The resource https://fonts.gstatic.com/s/ibmplexserif/v20/jizAREVNn1dOx-zrZ2X3pZvkTi3s-CI0q1s.woff2 was preloaded using link preload but not used within a few seconds from the window's load event. Please make sure it has an appropriate `as` value and it is preloaded intentionally. @ https://railway.com/?referralCode=TSXivW:0
[ 6631211ms] [ERROR] Failed to load resource: net::ERR_CONNECTION_REFUSED @ https://tattle.api.osano.com/:0
[ 6634230ms] [WARNING] The resource https://fonts.gstatic.com/s/ibmplexserif/v20/jizAREVNn1dOx-zrZ2X3pZvkTi3s-CI0q1s.woff2 was preloaded using link preload but not used within a few seconds from the window's load event. Please make sure it has an appropriate `as` value and it is preloaded intentionally. @ https://railway.com/?referralCode=TSXivW:0
[ 6661202ms] [ERROR] Failed to load resource: net::ERR_CONNECTION_REFUSED @ https://tattle.api.osano.com/:0
[ 6664218ms] [WARNING] The resource https://fonts.gstatic.com/s/ibmplexserif/v20/jizAREVNn1dOx-zrZ2X3pZvkTi3s-CI0q1s.woff2 was preloaded using link preload but not used within a few seconds from the window's load event. Please make sure it has an appropriate `as` value and it is preloaded intentionally. @ https://railway.com/?referralCode=TSXivW:0
[ 6691205ms] [ERROR] Failed to load resource: net::ERR_CONNECTION_REFUSED @ https://tattle.api.osano.com/:0
[ 6694212ms] [WARNING] The resource https://fonts.gstatic.com/s/ibmplexserif/v20/jizAREVNn1dOx-zrZ2X3pZvkTi3s-CI0q1s.woff2 was preloaded using link preload but not used within a few seconds from the window's load event. Please make sure it has an appropriate `as` value and it is preloaded intentionally. @ https://railway.com/?referralCode=TSXivW:0
[ 6721194ms] [ERROR] Failed to load resource: net::ERR_CONNECTION_REFUSED @ https://tattle.api.osano.com/:0
[ 6724203ms] [WARNING] The resource https://fonts.gstatic.com/s/ibmplexserif/v20/jizAREVNn1dOx-zrZ2X3pZvkTi3s-CI0q1s.woff2 was preloaded using link preload but not used within a few seconds from the window's load event. Please make sure it has an appropriate `as` value and it is preloaded intentionally. @ https://railway.com/?referralCode=TSXivW:0
[ 6751201ms] [ERROR] Failed to load resource: net::ERR_CONNECTION_REFUSED @ https://tattle.api.osano.com/:0
[ 6754203ms] [WARNING] The resource https://fonts.gstatic.com/s/ibmplexserif/v20/jizAREVNn1dOx-zrZ2X3pZvkTi3s-CI0q1s.woff2 was preloaded using link preload but not used within a few seconds from the window's load event. Please make sure it has an appropriate `as` value and it is preloaded intentionally. @ https://railway.com/?referralCode=TSXivW:0
[ 6781207ms] [ERROR] Failed to load resource: net::ERR_CONNECTION_REFUSED @ https://tattle.api.osano.com/:0
[ 6784228ms] [WARNING] The resource https://fonts.gstatic.com/s/ibmplexserif/v20/jizAREVNn1dOx-zrZ2X3pZvkTi3s-CI0q1s.woff2 was preloaded using link preload but not used within a few seconds from the window's load event. Please make sure it has an appropriate `as` value and it is preloaded intentionally. @ https://railway.com/?referralCode=TSXivW:0
[ 6811202ms] [ERROR] Failed to load resource: net::ERR_CONNECTION_REFUSED @ https://tattle.api.osano.com/:0
[ 6814220ms] [WARNING] The resource https://fonts.gstatic.com/s/ibmplexserif/v20/jizAREVNn1dOx-zrZ2X3pZvkTi3s-CI0q1s.woff2 was preloaded using link preload but not used within a few seconds from the window's load event. Please make sure it has an appropriate `as` value and it is preloaded intentionally. @ https://railway.com/?referralCode=TSXivW:0
[ 6841217ms] [ERROR] Failed to load resource: net::ERR_CONNECTION_REFUSED @ https://tattle.api.osano.com/:0
[ 6844230ms] [WARNING] The resource https://fonts.gstatic.com/s/ibmplexserif/v20/jizAREVNn1dOx-zrZ2X3pZvkTi3s-CI0q1s.woff2 was preloaded using link preload but not used within a few seconds from the window's load event. Please make sure it has an appropriate `as` value and it is preloaded intentionally. @ https://railway.com/?referralCode=TSXivW:0
[ 6871219ms] [ERROR] Failed to load resource: net::ERR_CONNECTION_REFUSED @ https://tattle.api.osano.com/:0
[ 6874235ms] [WARNING] The resource https://fonts.gstatic.com/s/ibmplexserif/v20/jizAREVNn1dOx-zrZ2X3pZvkTi3s-CI0q1s.woff2 was preloaded using link preload but not used within a few seconds from the window's load event. Please make sure it has an appropriate `as` value and it is preloaded intentionally. @ https://railway.com/?referralCode=TSXivW:0
[ 6901204ms] [ERROR] Failed to load resource: net::ERR_CONNECTION_REFUSED @ https://tattle.api.osano.com/:0
[ 6904206ms] [WARNING] The resource https://fonts.gstatic.com/s/ibmplexserif/v20/jizAREVNn1dOx-zrZ2X3pZvkTi3s-CI0q1s.woff2 was preloaded using link preload but not used within a few seconds from the window's load event. Please make sure it has an appropriate `as` value and it is preloaded intentionally. @ https://railway.com/?referralCode=TSXivW:0
[ 6931209ms] [ERROR] Failed to load resource: net::ERR_CONNECTION_REFUSED @ https://tattle.api.osano.com/:0
[ 6934211ms] [WARNING] The resource https://fonts.gstatic.com/s/ibmplexserif/v20/jizAREVNn1dOx-zrZ2X3pZvkTi3s-CI0q1s.woff2 was preloaded using link preload but not used within a few seconds from the window's load event. Please make sure it has an appropriate `as` value and it is preloaded intentionally. @ https://railway.com/?referralCode=TSXivW:0
[ 6961209ms] [ERROR] Failed to load resource: net::ERR_CONNECTION_REFUSED @ https://tattle.api.osano.com/:0
[ 6964223ms] [WARNING] The resource https://fonts.gstatic.com/s/ibmplexserif/v20/jizAREVNn1dOx-zrZ2X3pZvkTi3s-CI0q1s.woff2 was preloaded using link preload but not used within a few seconds from the window's load event. Please make sure it has an appropriate `as` value and it is preloaded intentionally. @ https://railway.com/?referralCode=TSXivW:0
[ 6991206ms] [ERROR] Failed to load resource: net::ERR_CONNECTION_REFUSED @ https://tattle.api.osano.com/:0
[ 6994218ms] [WARNING] The resource https://fonts.gstatic.com/s/ibmplexserif/v20/jizAREVNn1dOx-zrZ2X3pZvkTi3s-CI0q1s.woff2 was preloaded using link preload but not used within a few seconds from the window's load event. Please make sure it has an appropriate `as` value and it is preloaded intentionally. @ https://railway.com/?referralCode=TSXivW:0
[ 7021210ms] [ERROR] Failed to load resource: net::ERR_CONNECTION_REFUSED @ https://tattle.api.osano.com/:0
[ 7024211ms] [WARNING] The resource https://fonts.gstatic.com/s/ibmplexserif/v20/jizAREVNn1dOx-zrZ2X3pZvkTi3s-CI0q1s.woff2 was preloaded using link preload but not used within a few seconds from the window's load event. Please make sure it has an appropriate `as` value and it is preloaded intentionally. @ https://railway.com/?referralCode=TSXivW:0
[ 7051202ms] [ERROR] Failed to load resource: net::ERR_CONNECTION_REFUSED @ https://tattle.api.osano.com/:0
[ 7054205ms] [WARNING] The resource https://fonts.gstatic.com/s/ibmplexserif/v20/jizAREVNn1dOx-zrZ2X3pZvkTi3s-CI0q1s.woff2 was preloaded using link preload but not used within a few seconds from the window's load event. Please make sure it has an appropriate `as` value and it is preloaded intentionally. @ https://railway.com/?referralCode=TSXivW:0
[ 7081210ms] [ERROR] Failed to load resource: net::ERR_CONNECTION_REFUSED @ https://tattle.api.osano.com/:0
[ 7084229ms] [WARNING] The resource https://fonts.gstatic.com/s/ibmplexserif/v20/jizAREVNn1dOx-zrZ2X3pZvkTi3s-CI0q1s.woff2 was preloaded using link preload but not used within a few seconds from the window's load event. Please make sure it has an appropriate `as` value and it is preloaded intentionally. @ https://railway.com/?referralCode=TSXivW:0
[ 7111209ms] [ERROR] Failed to load resource: net::ERR_CONNECTION_REFUSED @ https://tattle.api.osano.com/:0
[ 7114226ms] [WARNING] The resource https://fonts.gstatic.com/s/ibmplexserif/v20/jizAREVNn1dOx-zrZ2X3pZvkTi3s-CI0q1s.woff2 was preloaded using link preload but not used within a few seconds from the window's load event. Please make sure it has an appropriate `as` value and it is preloaded intentionally. @ https://railway.com/?referralCode=TSXivW:0
[ 7141208ms] [ERROR] Failed to load resource: net::ERR_CONNECTION_REFUSED @ https://tattle.api.osano.com/:0
[ 7144222ms] [WARNING] The resource https://fonts.gstatic.com/s/ibmplexserif/v20/jizAREVNn1dOx-zrZ2X3pZvkTi3s-CI0q1s.woff2 was preloaded using link preload but not used within a few seconds from the window's load event. Please make sure it has an appropriate `as` value and it is preloaded intentionally. @ https://railway.com/?referralCode=TSXivW:0
[ 7171205ms] [ERROR] Failed to load resource: net::ERR_CONNECTION_REFUSED @ https://tattle.api.osano.com/:0
[ 7174219ms] [WARNING] The resource https://fonts.gstatic.com/s/ibmplexserif/v20/jizAREVNn1dOx-zrZ2X3pZvkTi3s-CI0q1s.woff2 was preloaded using link preload but not used within a few seconds from the window's load event. Please make sure it has an appropriate `as` value and it is preloaded intentionally. @ https://railway.com/?referralCode=TSXivW:0
[ 7201212ms] [ERROR] Failed to load resource: net::ERR_CONNECTION_REFUSED @ https://tattle.api.osano.com/:0
[ 7204226ms] [WARNING] The resource https://fonts.gstatic.com/s/ibmplexserif/v20/jizAREVNn1dOx-zrZ2X3pZvkTi3s-CI0q1s.woff2 was preloaded using link preload but not used within a few seconds from the window's load event. Please make sure it has an appropriate `as` value and it is preloaded intentionally. @ https://railway.com/?referralCode=TSXivW:0
[ 7231210ms] [ERROR] Failed to load resource: net::ERR_CONNECTION_REFUSED @ https://tattle.api.osano.com/:0
[ 7234242ms] [WARNING] The resource https://fonts.gstatic.com/s/ibmplexserif/v20/jizAREVNn1dOx-zrZ2X3pZvkTi3s-CI0q1s.woff2 was preloaded using link preload but not used within a few seconds from the window's load event. Please make sure it has an appropriate `as` value and it is preloaded intentionally. @ https://railway.com/?referralCode=TSXivW:0
[ 7261209ms] [ERROR] Failed to load resource: net::ERR_CONNECTION_REFUSED @ https://tattle.api.osano.com/:0
[ 7264226ms] [WARNING] The resource https://fonts.gstatic.com/s/ibmplexserif/v20/jizAREVNn1dOx-zrZ2X3pZvkTi3s-CI0q1s.woff2 was preloaded using link preload but not used within a few seconds from the window's load event. Please make sure it has an appropriate `as` value and it is preloaded intentionally. @ https://railway.com/?referralCode=TSXivW:0
[ 7291201ms] [ERROR] Failed to load resource: net::ERR_CONNECTION_REFUSED @ https://tattle.api.osano.com/:0
[ 7294213ms] [WARNING] The resource https://fonts.gstatic.com/s/ibmplexserif/v20/jizAREVNn1dOx-zrZ2X3pZvkTi3s-CI0q1s.woff2 was preloaded using link preload but not used within a few seconds from the window's load event. Please make sure it has an appropriate `as` value and it is preloaded intentionally. @ https://railway.com/?referralCode=TSXivW:0
[ 7321193ms] [ERROR] Failed to load resource: net::ERR_CONNECTION_REFUSED @ https://tattle.api.osano.com/:0
[ 7324202ms] [WARNING] The resource https://fonts.gstatic.com/s/ibmplexserif/v20/jizAREVNn1dOx-zrZ2X3pZvkTi3s-CI0q1s.woff2 was preloaded using link preload but not used within a few seconds from the window's load event. Please make sure it has an appropriate `as` value and it is preloaded intentionally. @ https://railway.com/?referralCode=TSXivW:0
[ 7351239ms] [ERROR] Failed to load resource: net::ERR_CONNECTION_REFUSED @ https://tattle.api.osano.com/:0
[ 7354244ms] [WARNING] The resource https://fonts.gstatic.com/s/ibmplexserif/v20/jizAREVNn1dOx-zrZ2X3pZvkTi3s-CI0q1s.woff2 was preloaded using link preload but not used within a few seconds from the window's load event. Please make sure it has an appropriate `as` value and it is preloaded intentionally. @ https://railway.com/?referralCode=TSXivW:0
[ 7381243ms] [ERROR] Failed to load resource: net::ERR_CONNECTION_REFUSED @ https://tattle.api.osano.com/:0
[ 7384256ms] [WARNING] The resource https://fonts.gstatic.com/s/ibmplexserif/v20/jizAREVNn1dOx-zrZ2X3pZvkTi3s-CI0q1s.woff2 was preloaded using link preload but not used within a few seconds from the window's load event. Please make sure it has an appropriate `as` value and it is preloaded intentionally. @ https://railway.com/?referralCode=TSXivW:0
[ 7411255ms] [ERROR] Failed to load resource: net::ERR_CONNECTION_REFUSED @ https://tattle.api.osano.com/:0
[ 7414272ms] [WARNING] The resource https://fonts.gstatic.com/s/ibmplexserif/v20/jizAREVNn1dOx-zrZ2X3pZvkTi3s-CI0q1s.woff2 was preloaded using link preload but not used within a few seconds from the window's load event. Please make sure it has an appropriate `as` value and it is preloaded intentionally. @ https://railway.com/?referralCode=TSXivW:0
[ 7441220ms] [ERROR] Failed to load resource: net::ERR_CONNECTION_REFUSED @ https://tattle.api.osano.com/:0
[ 7444232ms] [WARNING] The resource https://fonts.gstatic.com/s/ibmplexserif/v20/jizAREVNn1dOx-zrZ2X3pZvkTi3s-CI0q1s.woff2 was preloaded using link preload but not used within a few seconds from the window's load event. Please make sure it has an appropriate `as` value and it is preloaded intentionally. @ https://railway.com/?referralCode=TSXivW:0
[ 7471205ms] [ERROR] Failed to load resource: net::ERR_CONNECTION_REFUSED @ https://tattle.api.osano.com/:0
[ 7474219ms] [WARNING] The resource https://fonts.gstatic.com/s/ibmplexserif/v20/jizAREVNn1dOx-zrZ2X3pZvkTi3s-CI0q1s.woff2 was preloaded using link preload but not used within a few seconds from the window's load event. Please make sure it has an appropriate `as` value and it is preloaded intentionally. @ https://railway.com/?referralCode=TSXivW:0
[ 7501211ms] [ERROR] Failed to load resource: net::ERR_CONNECTION_REFUSED @ https://tattle.api.osano.com/:0
[ 7504222ms] [WARNING] The resource https://fonts.gstatic.com/s/ibmplexserif/v20/jizAREVNn1dOx-zrZ2X3pZvkTi3s-CI0q1s.woff2 was preloaded using link preload but not used within a few seconds from the window's load event. Please make sure it has an appropriate `as` value and it is preloaded intentionally. @ https://railway.com/?referralCode=TSXivW:0
[ 7531210ms] [ERROR] Failed to load resource: net::ERR_CONNECTION_REFUSED @ https://tattle.api.osano.com/:0
[ 7534227ms] [WARNING] The resource https://fonts.gstatic.com/s/ibmplexserif/v20/jizAREVNn1dOx-zrZ2X3pZvkTi3s-CI0q1s.woff2 was preloaded using link preload but not used within a few seconds from the window's load event. Please make sure it has an appropriate `as` value and it is preloaded intentionally. @ https://railway.com/?referralCode=TSXivW:0
[ 7561207ms] [ERROR] Failed to load resource: net::ERR_CONNECTION_REFUSED @ https://tattle.api.osano.com/:0
[ 7564217ms] [WARNING] The resource https://fonts.gstatic.com/s/ibmplexserif/v20/jizAREVNn1dOx-zrZ2X3pZvkTi3s-CI0q1s.woff2 was preloaded using link preload but not used within a few seconds from the window's load event. Please make sure it has an appropriate `as` value and it is preloaded intentionally. @ https://railway.com/?referralCode=TSXivW:0
[ 7591204ms] [ERROR] Failed to load resource: net::ERR_CONNECTION_REFUSED @ https://tattle.api.osano.com/:0
[ 7594219ms] [WARNING] The resource https://fonts.gstatic.com/s/ibmplexserif/v20/jizAREVNn1dOx-zrZ2X3pZvkTi3s-CI0q1s.woff2 was preloaded using link preload but not used within a few seconds from the window's load event. Please make sure it has an appropriate `as` value and it is preloaded intentionally. @ https://railway.com/?referralCode=TSXivW:0
[ 7621205ms] [ERROR] Failed to load resource: net::ERR_CONNECTION_REFUSED @ https://tattle.api.osano.com/:0
[ 7624224ms] [WARNING] The resource https://fonts.gstatic.com/s/ibmplexserif/v20/jizAREVNn1dOx-zrZ2X3pZvkTi3s-CI0q1s.woff2 was preloaded using link preload but not used within a few seconds from the window's load event. Please make sure it has an appropriate `as` value and it is preloaded intentionally. @ https://railway.com/?referralCode=TSXivW:0
[ 7651213ms] [ERROR] Failed to load resource: net::ERR_CONNECTION_REFUSED @ https://tattle.api.osano.com/:0
[ 7654230ms] [WARNING] The resource https://fonts.gstatic.com/s/ibmplexserif/v20/jizAREVNn1dOx-zrZ2X3pZvkTi3s-CI0q1s.woff2 was preloaded using link preload but not used within a few seconds from the window's load event. Please make sure it has an appropriate `as` value and it is preloaded intentionally. @ https://railway.com/?referralCode=TSXivW:0
[ 7681213ms] [ERROR] Failed to load resource: net::ERR_CONNECTION_REFUSED @ https://tattle.api.osano.com/:0
[ 7684229ms] [WARNING] The resource https://fonts.gstatic.com/s/ibmplexserif/v20/jizAREVNn1dOx-zrZ2X3pZvkTi3s-CI0q1s.woff2 was preloaded using link preload but not used within a few seconds from the window's load event. Please make sure it has an appropriate `as` value and it is preloaded intentionally. @ https://railway.com/?referralCode=TSXivW:0
[ 7711210ms] [ERROR] Failed to load resource: net::ERR_CONNECTION_REFUSED @ https://tattle.api.osano.com/:0
[ 7714228ms] [WARNING] The resource https://fonts.gstatic.com/s/ibmplexserif/v20/jizAREVNn1dOx-zrZ2X3pZvkTi3s-CI0q1s.woff2 was preloaded using link preload but not used within a few seconds from the window's load event. Please make sure it has an appropriate `as` value and it is preloaded intentionally. @ https://railway.com/?referralCode=TSXivW:0
[ 7741202ms] [ERROR] Failed to load resource: net::ERR_CONNECTION_REFUSED @ https://tattle.api.osano.com/:0
[ 7744212ms] [WARNING] The resource https://fonts.gstatic.com/s/ibmplexserif/v20/jizAREVNn1dOx-zrZ2X3pZvkTi3s-CI0q1s.woff2 was preloaded using link preload but not used within a few seconds from the window's load event. Please make sure it has an appropriate `as` value and it is preloaded intentionally. @ https://railway.com/?referralCode=TSXivW:0
[ 7771210ms] [ERROR] Failed to load resource: net::ERR_CONNECTION_REFUSED @ https://tattle.api.osano.com/:0
[ 7774222ms] [WARNING] The resource https://fonts.gstatic.com/s/ibmplexserif/v20/jizAREVNn1dOx-zrZ2X3pZvkTi3s-CI0q1s.woff2 was preloaded using link preload but not used within a few seconds from the window's load event. Please make sure it has an appropriate `as` value and it is preloaded intentionally. @ https://railway.com/?referralCode=TSXivW:0
[ 7801235ms] [ERROR] Failed to load resource: net::ERR_CONNECTION_REFUSED @ https://tattle.api.osano.com/:0
[ 7804249ms] [WARNING] The resource https://fonts.gstatic.com/s/ibmplexserif/v20/jizAREVNn1dOx-zrZ2X3pZvkTi3s-CI0q1s.woff2 was preloaded using link preload but not used within a few seconds from the window's load event. Please make sure it has an appropriate `as` value and it is preloaded intentionally. @ https://railway.com/?referralCode=TSXivW:0
[ 7831242ms] [ERROR] Failed to load resource: net::ERR_CONNECTION_REFUSED @ https://tattle.api.osano.com/:0
[ 7834251ms] [WARNING] The resource https://fonts.gstatic.com/s/ibmplexserif/v20/jizAREVNn1dOx-zrZ2X3pZvkTi3s-CI0q1s.woff2 was preloaded using link preload but not used within a few seconds from the window's load event. Please make sure it has an appropriate `as` value and it is preloaded intentionally. @ https://railway.com/?referralCode=TSXivW:0
[ 7861239ms] [ERROR] Failed to load resource: net::ERR_CONNECTION_REFUSED @ https://tattle.api.osano.com/:0
[ 7864249ms] [WARNING] The resource https://fonts.gstatic.com/s/ibmplexserif/v20/jizAREVNn1dOx-zrZ2X3pZvkTi3s-CI0q1s.woff2 was preloaded using link preload but not used within a few seconds from the window's load event. Please make sure it has an appropriate `as` value and it is preloaded intentionally. @ https://railway.com/?referralCode=TSXivW:0
[ 7891237ms] [ERROR] Failed to load resource: net::ERR_CONNECTION_REFUSED @ https://tattle.api.osano.com/:0
[ 7894250ms] [WARNING] The resource https://fonts.gstatic.com/s/ibmplexserif/v20/jizAREVNn1dOx-zrZ2X3pZvkTi3s-CI0q1s.woff2 was preloaded using link preload but not used within a few seconds from the window's load event. Please make sure it has an appropriate `as` value and it is preloaded intentionally. @ https://railway.com/?referralCode=TSXivW:0
[ 7921214ms] [ERROR] Failed to load resource: net::ERR_CONNECTION_REFUSED @ https://tattle.api.osano.com/:0
[ 7924225ms] [WARNING] The resource https://fonts.gstatic.com/s/ibmplexserif/v20/jizAREVNn1dOx-zrZ2X3pZvkTi3s-CI0q1s.woff2 was preloaded using link preload but not used within a few seconds from the window's load event. Please make sure it has an appropriate `as` value and it is preloaded intentionally. @ https://railway.com/?referralCode=TSXivW:0
[ 7951223ms] [ERROR] Failed to load resource: net::ERR_CONNECTION_REFUSED @ https://tattle.api.osano.com/:0
[ 7954235ms] [WARNING] The resource https://fonts.gstatic.com/s/ibmplexserif/v20/jizAREVNn1dOx-zrZ2X3pZvkTi3s-CI0q1s.woff2 was preloaded using link preload but not used within a few seconds from the window's load event. Please make sure it has an appropriate `as` value and it is preloaded intentionally. @ https://railway.com/?referralCode=TSXivW:0
[ 7981220ms] [ERROR] Failed to load resource: net::ERR_CONNECTION_REFUSED @ https://tattle.api.osano.com/:0
[ 7984236ms] [WARNING] The resource https://fonts.gstatic.com/s/ibmplexserif/v20/jizAREVNn1dOx-zrZ2X3pZvkTi3s-CI0q1s.woff2 was preloaded using link preload but not used within a few seconds from the window's load event. Please make sure it has an appropriate `as` value and it is preloaded intentionally. @ https://railway.com/?referralCode=TSXivW:0
[ 8011220ms] [ERROR] Failed to load resource: net::ERR_CONNECTION_REFUSED @ https://tattle.api.osano.com/:0
[ 8014231ms] [WARNING] The resource https://fonts.gstatic.com/s/ibmplexserif/v20/jizAREVNn1dOx-zrZ2X3pZvkTi3s-CI0q1s.woff2 was preloaded using link preload but not used within a few seconds from the window's load event. Please make sure it has an appropriate `as` value and it is preloaded intentionally. @ https://railway.com/?referralCode=TSXivW:0
[ 8041229ms] [ERROR] Failed to load resource: net::ERR_CONNECTION_REFUSED @ https://tattle.api.osano.com/:0
[ 8044231ms] [WARNING] The resource https://fonts.gstatic.com/s/ibmplexserif/v20/jizAREVNn1dOx-zrZ2X3pZvkTi3s-CI0q1s.woff2 was preloaded using link preload but not used within a few seconds from the window's load event. Please make sure it has an appropriate `as` value and it is preloaded intentionally. @ https://railway.com/?referralCode=TSXivW:0
[ 8071224ms] [ERROR] Failed to load resource: net::ERR_CONNECTION_REFUSED @ https://tattle.api.osano.com/:0
[ 8074244ms] [WARNING] The resource https://fonts.gstatic.com/s/ibmplexserif/v20/jizAREVNn1dOx-zrZ2X3pZvkTi3s-CI0q1s.woff2 was preloaded using link preload but not used within a few seconds from the window's load event. Please make sure it has an appropriate `as` value and it is preloaded intentionally. @ https://railway.com/?referralCode=TSXivW:0
[ 8101213ms] [ERROR] Failed to load resource: net::ERR_CONNECTION_REFUSED @ https://tattle.api.osano.com/:0
[ 8104271ms] [WARNING] The resource https://fonts.gstatic.com/s/ibmplexserif/v20/jizAREVNn1dOx-zrZ2X3pZvkTi3s-CI0q1s.woff2 was preloaded using link preload but not used within a few seconds from the window's load event. Please make sure it has an appropriate `as` value and it is preloaded intentionally. @ https://railway.com/?referralCode=TSXivW:0
[ 8131203ms] [ERROR] Failed to load resource: net::ERR_CONNECTION_REFUSED @ https://tattle.api.osano.com/:0
[ 8134244ms] [WARNING] The resource https://fonts.gstatic.com/s/ibmplexserif/v20/jizAREVNn1dOx-zrZ2X3pZvkTi3s-CI0q1s.woff2 was preloaded using link preload but not used within a few seconds from the window's load event. Please make sure it has an appropriate `as` value and it is preloaded intentionally. @ https://railway.com/?referralCode=TSXivW:0
[ 8161228ms] [ERROR] Failed to load resource: net::ERR_CONNECTION_REFUSED @ https://tattle.api.osano.com/:0
[ 8164245ms] [WARNING] The resource https://fonts.gstatic.com/s/ibmplexserif/v20/jizAREVNn1dOx-zrZ2X3pZvkTi3s-CI0q1s.woff2 was preloaded using link preload but not used within a few seconds from the window's load event. Please make sure it has an appropriate `as` value and it is preloaded intentionally. @ https://railway.com/?referralCode=TSXivW:0
[ 8191226ms] [ERROR] Failed to load resource: net::ERR_CONNECTION_REFUSED @ https://tattle.api.osano.com/:0
[ 8194277ms] [WARNING] The resource https://fonts.gstatic.com/s/ibmplexserif/v20/jizAREVNn1dOx-zrZ2X3pZvkTi3s-CI0q1s.woff2 was preloaded using link preload but not used within a few seconds from the window's load event. Please make sure it has an appropriate `as` value and it is preloaded intentionally. @ https://railway.com/?referralCode=TSXivW:0
[ 8221224ms] [ERROR] Failed to load resource: net::ERR_CONNECTION_REFUSED @ https://tattle.api.osano.com/:0
[ 8224251ms] [WARNING] The resource https://fonts.gstatic.com/s/ibmplexserif/v20/jizAREVNn1dOx-zrZ2X3pZvkTi3s-CI0q1s.woff2 was preloaded using link preload but not used within a few seconds from the window's load event. Please make sure it has an appropriate `as` value and it is preloaded intentionally. @ https://railway.com/?referralCode=TSXivW:0
[ 8251211ms] [ERROR] Failed to load resource: net::ERR_CONNECTION_REFUSED @ https://tattle.api.osano.com/:0
[ 8254232ms] [WARNING] The resource https://fonts.gstatic.com/s/ibmplexserif/v20/jizAREVNn1dOx-zrZ2X3pZvkTi3s-CI0q1s.woff2 was preloaded using link preload but not used within a few seconds from the window's load event. Please make sure it has an appropriate `as` value and it is preloaded intentionally. @ https://railway.com/?referralCode=TSXivW:0
[ 8269410ms] [ERROR] Failed to load resource: net::ERR_CONNECTION_REFUSED @ https://collector.github.com/github/collect:0
[ 8269421ms] [ERROR] Failed to load resource: net::ERR_CONNECTION_REFUSED @ https://collector.github.com/github/collect:0
[ 8270955ms] [ERROR] Failed to load resource: net::ERR_CONNECTION_REFUSED @ https://collector.github.com/github/collect:0
[ 8283849ms] [ERROR] Failed to load resource: net::ERR_CONNECTION_REFUSED @ https://collector.github.com/github/collect:0
[ 8294477ms] [ERROR] Failed to load resource: net::ERR_CONNECTION_REFUSED @ https://collector.github.com/github/collect:0
[ 8294478ms] [ERROR] Failed to load resource: net::ERR_CONNECTION_REFUSED @ https://collector.github.com/github/collect:0
[ 8298936ms] [ERROR] Failed to load resource: net::ERR_CONNECTION_REFUSED @ https://collector.github.com/github/collect:0
[ 8305566ms] [INFO] 
    _____
 ___ |[]|_n__n_I_c
|___||__|###|____}
 O-O--O-O+++--O-O
****************************************
*                                      *
*           Enjoying Railway?          *
*                                      *
*         Want to ride with us?        *
*                                      *
*              Hop aboard,             *
*   the train is leaving the station!  *
*                                      *
*      https://railway.com/careers     *
*                                      *
****************************************
 @ https://railway.com/assets/main-BOxXR_Bm.js:64
[ 8305566ms] [INFO] 
    _____
 ___ |[]|_n__n_I_c
|___||__|###|____}
 O-O--O-O+++--O-O
****************************************
*                                      *
*           Enjoying Railway?          *
*                                      *
*         Want to ride with us?        *
*                                      *
*              Hop aboard,             *
*   the train is leaving the station!  *
*                                      *
*      https://railway.com/careers     *
*                                      *
****************************************
 @ https://railway.com/assets/main-BOxXR_Bm.js:102
[ 8305818ms] Error: Minified React error #418; visit https://reactjs.org/docs/error-decoder.html?invariant=418 for the full message or use the non-minified dev environment for full errors and additional helpful warnings.
    at Va (https://railway.com/assets/react-dom-CWIgXKDx.js:6:4758)
    at Wl (https://railway.com/assets/react-dom-CWIgXKDx.js:8:45043)
    at Pl (https://railway.com/assets/react-dom-CWIgXKDx.js:8:39294)
    at Nl (https://railway.com/assets/react-dom-CWIgXKDx.js:8:39267)
    at vl (https://railway.com/assets/react-dom-CWIgXKDx.js:8:34357)
    at te (https://railway.com/assets/react-dom-CWIgXKDx.js:1:1616)
    at MessagePort.se (https://railway.com/assets/react-dom-CWIgXKDx.js:1:1986)
[ 8305818ms] Error: Minified React error #418; visit https://reactjs.org/docs/error-decoder.html?invariant=418 for the full message or use the non-minified dev environment for full errors and additional helpful warnings.
    at Va (https://railway.com/assets/react-dom-CWIgXKDx.js:6:4758)
    at Wl (https://railway.com/assets/react-dom-CWIgXKDx.js:8:45043)
    at Pl (https://railway.com/assets/react-dom-CWIgXKDx.js:8:39294)
    at Nl (https://railway.com/assets/react-dom-CWIgXKDx.js:8:39267)
    at vl (https://railway.com/assets/react-dom-CWIgXKDx.js:8:34357)
    at te (https://railway.com/assets/react-dom-CWIgXKDx.js:1:1616)
    at MessagePort.se (https://railway.com/assets/react-dom-CWIgXKDx.js:1:1986)
[ 8305818ms] Error: Minified React error #418; visit https://reactjs.org/docs/error-decoder.html?invariant=418 for the full message or use the non-minified dev environment for full errors and additional helpful warnings.
    at Va (https://railway.com/assets/react-dom-CWIgXKDx.js:6:4758)
    at Wl (https://railway.com/assets/react-dom-CWIgXKDx.js:8:45043)
    at Pl (https://railway.com/assets/react-dom-CWIgXKDx.js:8:39294)
    at Nl (https://railway.com/assets/react-dom-CWIgXKDx.js:8:39267)
    at vl (https://railway.com/assets/react-dom-CWIgXKDx.js:8:34357)
    at te (https://railway.com/assets/react-dom-CWIgXKDx.js:1:1616)
    at MessagePort.se (https://railway.com/assets/react-dom-CWIgXKDx.js:1:1986)
[ 8305818ms] Error: Minified React error #418; visit https://reactjs.org/docs/error-decoder.html?invariant=418 for the full message or use the non-minified dev environment for full errors and additional helpful warnings.
    at Va (https://railway.com/assets/react-dom-CWIgXKDx.js:6:4758)
    at Wl (https://railway.com/assets/react-dom-CWIgXKDx.js:8:45043)
    at Pl (https://railway.com/assets/react-dom-CWIgXKDx.js:8:39294)
    at Nl (https://railway.com/assets/react-dom-CWIgXKDx.js:8:39267)
    at vl (https://railway.com/assets/react-dom-CWIgXKDx.js:8:34357)
    at te (https://railway.com/assets/react-dom-CWIgXKDx.js:1:1616)
    at MessagePort.se (https://railway.com/assets/react-dom-CWIgXKDx.js:1:1986)
[ 8305818ms] Error: Minified React error #418; visit https://reactjs.org/docs/error-decoder.html?invariant=418 for the full message or use the non-minified dev environment for full errors and additional helpful warnings.
    at Va (https://railway.com/assets/react-dom-CWIgXKDx.js:6:4758)
    at Wl (https://railway.com/assets/react-dom-CWIgXKDx.js:8:45043)
    at Pl (https://railway.com/assets/react-dom-CWIgXKDx.js:8:39294)
    at Nl (https://railway.com/assets/react-dom-CWIgXKDx.js:8:39267)
    at vl (https://railway.com/assets/react-dom-CWIgXKDx.js:8:34357)
    at te (https://railway.com/assets/react-dom-CWIgXKDx.js:1:1616)
    at MessagePort.se (https://railway.com/assets/react-dom-CWIgXKDx.js:1:1986)
[ 8305818ms] Error: Minified React error #418; visit https://reactjs.org/docs/error-decoder.html?invariant=418 for the full message or use the non-minified dev environment for full errors and additional helpful warnings.
    at Va (https://railway.com/assets/react-dom-CWIgXKDx.js:6:4758)
    at Wl (https://railway.com/assets/react-dom-CWIgXKDx.js:8:45043)
    at Pl (https://railway.com/assets/react-dom-CWIgXKDx.js:8:39294)
    at Nl (https://railway.com/assets/react-dom-CWIgXKDx.js:8:39267)
    at vl (https://railway.com/assets/react-dom-CWIgXKDx.js:8:34357)
    at te (https://railway.com/assets/react-dom-CWIgXKDx.js:1:1616)
    at MessagePort.se (https://railway.com/assets/react-dom-CWIgXKDx.js:1:1986)
[ 8305818ms] Error: Minified React error #418; visit https://reactjs.org/docs/error-decoder.html?invariant=418 for the full message or use the non-minified dev environment for full errors and additional helpful warnings.
    at Va (https://railway.com/assets/react-dom-CWIgXKDx.js:6:4758)
    at Wl (https://railway.com/assets/react-dom-CWIgXKDx.js:8:45043)
    at Pl (https://railway.com/assets/react-dom-CWIgXKDx.js:8:39294)
    at Nl (https://railway.com/assets/react-dom-CWIgXKDx.js:8:39267)
    at vl (https://railway.com/assets/react-dom-CWIgXKDx.js:8:34357)
    at te (https://railway.com/assets/react-dom-CWIgXKDx.js:1:1616)
    at MessagePort.se (https://railway.com/assets/react-dom-CWIgXKDx.js:1:1986)
[ 8305818ms] Error: Minified React error #418; visit https://reactjs.org/docs/error-decoder.html?invariant=418 for the full message or use the non-minified dev environment for full errors and additional helpful warnings.
    at Va (https://railway.com/assets/react-dom-CWIgXKDx.js:6:4758)
    at Wl (https://railway.com/assets/react-dom-CWIgXKDx.js:8:45043)
    at Pl (https://railway.com/assets/react-dom-CWIgXKDx.js:8:39294)
    at Nl (https://railway.com/assets/react-dom-CWIgXKDx.js:8:39267)
    at vl (https://railway.com/assets/react-dom-CWIgXKDx.js:8:34357)
    at te (https://railway.com/assets/react-dom-CWIgXKDx.js:1:1616)
    at MessagePort.se (https://railway.com/assets/react-dom-CWIgXKDx.js:1:1986)
[ 8305818ms] Error: Minified React error #418; visit https://reactjs.org/docs/error-decoder.html?invariant=418 for the full message or use the non-minified dev environment for full errors and additional helpful warnings.
    at Va (https://railway.com/assets/react-dom-CWIgXKDx.js:6:4758)
    at Wl (https://railway.com/assets/react-dom-CWIgXKDx.js:8:45043)
    at Pl (https://railway.com/assets/react-dom-CWIgXKDx.js:8:39294)
    at Nl (https://railway.com/assets/react-dom-CWIgXKDx.js:8:39267)
    at vl (https://railway.com/assets/react-dom-CWIgXKDx.js:8:34357)
    at te (https://railway.com/assets/react-dom-CWIgXKDx.js:1:1616)
    at MessagePort.se (https://railway.com/assets/react-dom-CWIgXKDx.js:1:1986)
[ 8305818ms] Error: Minified React error #418; visit https://reactjs.org/docs/error-decoder.html?invariant=418 for the full message or use the non-minified dev environment for full errors and additional helpful warnings.
    at Va (https://railway.com/assets/react-dom-CWIgXKDx.js:6:4758)
    at Wl (https://railway.com/assets/react-dom-CWIgXKDx.js:8:45043)
    at Pl (https://railway.com/assets/react-dom-CWIgXKDx.js:8:39294)
    at Nl (https://railway.com/assets/react-dom-CWIgXKDx.js:8:39267)
    at vl (https://railway.com/assets/react-dom-CWIgXKDx.js:8:34357)
    at te (https://railway.com/assets/react-dom-CWIgXKDx.js:1:1616)
    at MessagePort.se (https://railway.com/assets/react-dom-CWIgXKDx.js:1:1986)
[ 8305818ms] Error: Minified React error #418; visit https://reactjs.org/docs/error-decoder.html?invariant=418 for the full message or use the non-minified dev environment for full errors and additional helpful warnings.
    at Va (https://railway.com/assets/react-dom-CWIgXKDx.js:6:4758)
    at Wl (https://railway.com/assets/react-dom-CWIgXKDx.js:8:45043)
    at Pl (https://railway.com/assets/react-dom-CWIgXKDx.js:8:39294)
    at Nl (https://railway.com/assets/react-dom-CWIgXKDx.js:8:39267)
    at vl (https://railway.com/assets/react-dom-CWIgXKDx.js:8:34357)
    at te (https://railway.com/assets/react-dom-CWIgXKDx.js:1:1616)
    at MessagePort.se (https://railway.com/assets/react-dom-CWIgXKDx.js:1:1986)
[ 8305818ms] Error: Minified React error #418; visit https://reactjs.org/docs/error-decoder.html?invariant=418 for the full message or use the non-minified dev environment for full errors and additional helpful warnings.
    at Va (https://railway.com/assets/react-dom-CWIgXKDx.js:6:4758)
    at Wl (https://railway.com/assets/react-dom-CWIgXKDx.js:8:45043)
    at Pl (https://railway.com/assets/react-dom-CWIgXKDx.js:8:39294)
    at Nl (https://railway.com/assets/react-dom-CWIgXKDx.js:8:39267)
    at vl (https://railway.com/assets/react-dom-CWIgXKDx.js:8:34357)
    at te (https://railway.com/assets/react-dom-CWIgXKDx.js:1:1616)
    at MessagePort.se (https://railway.com/assets/react-dom-CWIgXKDx.js:1:1986)
[ 8305818ms] Error: Minified React error #418; visit https://reactjs.org/docs/error-decoder.html?invariant=418 for the full message or use the non-minified dev environment for full errors and additional helpful warnings.
    at Va (https://railway.com/assets/react-dom-CWIgXKDx.js:6:4758)
    at Wl (https://railway.com/assets/react-dom-CWIgXKDx.js:8:45043)
    at Pl (https://railway.com/assets/react-dom-CWIgXKDx.js:8:39294)
    at Nl (https://railway.com/assets/react-dom-CWIgXKDx.js:8:39267)
    at vl (https://railway.com/assets/react-dom-CWIgXKDx.js:8:34357)
    at te (https://railway.com/assets/react-dom-CWIgXKDx.js:1:1616)
    at MessagePort.se (https://railway.com/assets/react-dom-CWIgXKDx.js:1:1986)
[ 8305818ms] Error: Minified React error #418; visit https://reactjs.org/docs/error-decoder.html?invariant=418 for the full message or use the non-minified dev environment for full errors and additional helpful warnings.
    at Va (https://railway.com/assets/react-dom-CWIgXKDx.js:6:4758)
    at Wl (https://railway.com/assets/react-dom-CWIgXKDx.js:8:45043)
    at Pl (https://railway.com/assets/react-dom-CWIgXKDx.js:8:39294)
    at Nl (https://railway.com/assets/react-dom-CWIgXKDx.js:8:39267)
    at vl (https://railway.com/assets/react-dom-CWIgXKDx.js:8:34357)
    at te (https://railway.com/assets/react-dom-CWIgXKDx.js:1:1616)
    at MessagePort.se (https://railway.com/assets/react-dom-CWIgXKDx.js:1:1986)
[ 8305818ms] Error: Minified React error #418; visit https://reactjs.org/docs/error-decoder.html?invariant=418 for the full message or use the non-minified dev environment for full errors and additional helpful warnings.
    at Va (https://railway.com/assets/react-dom-CWIgXKDx.js:6:4758)
    at Wl (https://railway.com/assets/react-dom-CWIgXKDx.js:8:45043)
    at Pl (https://railway.com/assets/react-dom-CWIgXKDx.js:8:39294)
    at Nl (https://railway.com/assets/react-dom-CWIgXKDx.js:8:39267)
    at vl (https://railway.com/assets/react-dom-CWIgXKDx.js:8:34357)
    at te (https://railway.com/assets/react-dom-CWIgXKDx.js:1:1616)
    at MessagePort.se (https://railway.com/assets/react-dom-CWIgXKDx.js:1:1986)
[ 8305818ms] Error: Minified React error #418; visit https://reactjs.org/docs/error-decoder.html?invariant=418 for the full message or use the non-minified dev environment for full errors and additional helpful warnings.
    at Va (https://railway.com/assets/react-dom-CWIgXKDx.js:6:4758)
    at Wl (https://railway.com/assets/react-dom-CWIgXKDx.js:8:45043)
    at Pl (https://railway.com/assets/react-dom-CWIgXKDx.js:8:39294)
    at Nl (https://railway.com/assets/react-dom-CWIgXKDx.js:8:39267)
    at vl (https://railway.com/assets/react-dom-CWIgXKDx.js:8:34357)
    at te (https://railway.com/assets/react-dom-CWIgXKDx.js:1:1616)
    at MessagePort.se (https://railway.com/assets/react-dom-CWIgXKDx.js:1:1986)
[ 8305818ms] Error: Minified React error #418; visit https://reactjs.org/docs/error-decoder.html?invariant=418 for the full message or use the non-minified dev environment for full errors and additional helpful warnings.
    at Va (https://railway.com/assets/react-dom-CWIgXKDx.js:6:4758)
    at Wl (https://railway.com/assets/react-dom-CWIgXKDx.js:8:45043)
    at Pl (https://railway.com/assets/react-dom-CWIgXKDx.js:8:39294)
    at Nl (https://railway.com/assets/react-dom-CWIgXKDx.js:8:39267)
    at vl (https://railway.com/assets/react-dom-CWIgXKDx.js:8:34357)
    at te (https://railway.com/assets/react-dom-CWIgXKDx.js:1:1616)
    at MessagePort.se (https://railway.com/assets/react-dom-CWIgXKDx.js:1:1986)
[ 8305818ms] Error: Minified React error #418; visit https://reactjs.org/docs/error-decoder.html?invariant=418 for the full message or use the non-minified dev environment for full errors and additional helpful warnings.
    at Va (https://railway.com/assets/react-dom-CWIgXKDx.js:6:4758)
    at Wl (https://railway.com/assets/react-dom-CWIgXKDx.js:8:45043)
    at Pl (https://railway.com/assets/react-dom-CWIgXKDx.js:8:39294)
    at Nl (https://railway.com/assets/react-dom-CWIgXKDx.js:8:39267)
    at vl (https://railway.com/assets/react-dom-CWIgXKDx.js:8:34357)
    at te (https://railway.com/assets/react-dom-CWIgXKDx.js:1:1616)
    at MessagePort.se (https://railway.com/assets/react-dom-CWIgXKDx.js:1:1986)
[ 8305818ms] Error: Minified React error #418; visit https://reactjs.org/docs/error-decoder.html?invariant=418 for the full message or use the non-minified dev environment for full errors and additional helpful warnings.
    at Va (https://railway.com/assets/react-dom-CWIgXKDx.js:6:4758)
    at Wl (https://railway.com/assets/react-dom-CWIgXKDx.js:8:45043)
    at Pl (https://railway.com/assets/react-dom-CWIgXKDx.js:8:39294)
    at Nl (https://railway.com/assets/react-dom-CWIgXKDx.js:8:39267)
    at vl (https://railway.com/assets/react-dom-CWIgXKDx.js:8:34357)
    at te (https://railway.com/assets/react-dom-CWIgXKDx.js:1:1616)
    at MessagePort.se (https://railway.com/assets/react-dom-CWIgXKDx.js:1:1986)
[ 8305818ms] Error: Minified React error #418; visit https://reactjs.org/docs/error-decoder.html?invariant=418 for the full message or use the non-minified dev environment for full errors and additional helpful warnings.
    at Va (https://railway.com/assets/react-dom-CWIgXKDx.js:6:4758)
    at Wl (https://railway.com/assets/react-dom-CWIgXKDx.js:8:45043)
    at Pl (https://railway.com/assets/react-dom-CWIgXKDx.js:8:39294)
    at Nl (https://railway.com/assets/react-dom-CWIgXKDx.js:8:39267)
    at vl (https://railway.com/assets/react-dom-CWIgXKDx.js:8:34357)
    at te (https://railway.com/assets/react-dom-CWIgXKDx.js:1:1616)
    at MessagePort.se (https://railway.com/assets/react-dom-CWIgXKDx.js:1:1986)
[ 8305818ms] Error: Minified React error #418; visit https://reactjs.org/docs/error-decoder.html?invariant=418 for the full message or use the non-minified dev environment for full errors and additional helpful warnings.
    at Va (https://railway.com/assets/react-dom-CWIgXKDx.js:6:4758)
    at Wl (https://railway.com/assets/react-dom-CWIgXKDx.js:8:45043)
    at Pl (https://railway.com/assets/react-dom-CWIgXKDx.js:8:39294)
    at Nl (https://railway.com/assets/react-dom-CWIgXKDx.js:8:39267)
    at vl (https://railway.com/assets/react-dom-CWIgXKDx.js:8:34357)
    at te (https://railway.com/assets/react-dom-CWIgXKDx.js:1:1616)
    at MessagePort.se (https://railway.com/assets/react-dom-CWIgXKDx.js:1:1986)
[ 8305818ms] Error: Minified React error #418; visit https://reactjs.org/docs/error-decoder.html?invariant=418 for the full message or use the non-minified dev environment for full errors and additional helpful warnings.
    at Va (https://railway.com/assets/react-dom-CWIgXKDx.js:6:4758)
    at Wl (https://railway.com/assets/react-dom-CWIgXKDx.js:8:45043)
    at Pl (https://railway.com/assets/react-dom-CWIgXKDx.js:8:39294)
    at Nl (https://railway.com/assets/react-dom-CWIgXKDx.js:8:39267)
    at vl (https://railway.com/assets/react-dom-CWIgXKDx.js:8:34357)
    at te (https://railway.com/assets/react-dom-CWIgXKDx.js:1:1616)
    at MessagePort.se (https://railway.com/assets/react-dom-CWIgXKDx.js:1:1986)
[ 8305818ms] Error: Minified React error #418; visit https://reactjs.org/docs/error-decoder.html?invariant=418 for the full message or use the non-minified dev environment for full errors and additional helpful warnings.
    at Va (https://railway.com/assets/react-dom-CWIgXKDx.js:6:4758)
    at Wl (https://railway.com/assets/react-dom-CWIgXKDx.js:8:45043)
    at Pl (https://railway.com/assets/react-dom-CWIgXKDx.js:8:39294)
    at Nl (https://railway.com/assets/react-dom-CWIgXKDx.js:8:39267)
    at vl (https://railway.com/assets/react-dom-CWIgXKDx.js:8:34357)
    at te (https://railway.com/assets/react-dom-CWIgXKDx.js:1:1616)
    at MessagePort.se (https://railway.com/assets/react-dom-CWIgXKDx.js:1:1986)
[ 8305818ms] Error: Minified React error #418; visit https://reactjs.org/docs/error-decoder.html?invariant=418 for the full message or use the non-minified dev environment for full errors and additional helpful warnings.
    at Va (https://railway.com/assets/react-dom-CWIgXKDx.js:6:4758)
    at Wl (https://railway.com/assets/react-dom-CWIgXKDx.js:8:45043)
    at Pl (https://railway.com/assets/react-dom-CWIgXKDx.js:8:39294)
    at Nl (https://railway.com/assets/react-dom-CWIgXKDx.js:8:39267)
    at vl (https://railway.com/assets/react-dom-CWIgXKDx.js:8:34357)
    at te (https://railway.com/assets/react-dom-CWIgXKDx.js:1:1616)
    at MessagePort.se (https://railway.com/assets/react-dom-CWIgXKDx.js:1:1986)
[ 8305819ms] Error: Minified React error #418; visit https://reactjs.org/docs/error-decoder.html?invariant=418 for the full message or use the non-minified dev environment for full errors and additional helpful warnings.
    at Va (https://railway.com/assets/react-dom-CWIgXKDx.js:6:4758)
    at Wl (https://railway.com/assets/react-dom-CWIgXKDx.js:8:45043)
    at Pl (https://railway.com/assets/react-dom-CWIgXKDx.js:8:39294)
    at Nl (https://railway.com/assets/react-dom-CWIgXKDx.js:8:39267)
    at vl (https://railway.com/assets/react-dom-CWIgXKDx.js:8:34357)
    at te (https://railway.com/assets/react-dom-CWIgXKDx.js:1:1616)
    at MessagePort.se (https://railway.com/assets/react-dom-CWIgXKDx.js:1:1986)
[ 8305819ms] Error: Minified React error #418; visit https://reactjs.org/docs/error-decoder.html?invariant=418 for the full message or use the non-minified dev environment for full errors and additional helpful warnings.
    at Va (https://railway.com/assets/react-dom-CWIgXKDx.js:6:4758)
    at Wl (https://railway.com/assets/react-dom-CWIgXKDx.js:8:45043)
    at Pl (https://railway.com/assets/react-dom-CWIgXKDx.js:8:39294)
    at Nl (https://railway.com/assets/react-dom-CWIgXKDx.js:8:39267)
    at vl (https://railway.com/assets/react-dom-CWIgXKDx.js:8:34357)
    at te (https://railway.com/assets/react-dom-CWIgXKDx.js:1:1616)
    at MessagePort.se (https://railway.com/assets/react-dom-CWIgXKDx.js:1:1986)
[ 8305819ms] Error: Minified React error #418; visit https://reactjs.org/docs/error-decoder.html?invariant=418 for the full message or use the non-minified dev environment for full errors and additional helpful warnings.
    at Va (https://railway.com/assets/react-dom-CWIgXKDx.js:6:4758)
    at Wl (https://railway.com/assets/react-dom-CWIgXKDx.js:8:45043)
    at Pl (https://railway.com/assets/react-dom-CWIgXKDx.js:8:39294)
    at Nl (https://railway.com/assets/react-dom-CWIgXKDx.js:8:39267)
    at vl (https://railway.com/assets/react-dom-CWIgXKDx.js:8:34357)
    at te (https://railway.com/assets/react-dom-CWIgXKDx.js:1:1616)
    at MessagePort.se (https://railway.com/assets/react-dom-CWIgXKDx.js:1:1986)
[ 8305819ms] Error: Minified React error #418; visit https://reactjs.org/docs/error-decoder.html?invariant=418 for the full message or use the non-minified dev environment for full errors and additional helpful warnings.
    at Va (https://railway.com/assets/react-dom-CWIgXKDx.js:6:4758)
    at Wl (https://railway.com/assets/react-dom-CWIgXKDx.js:8:45043)
    at Pl (https://railway.com/assets/react-dom-CWIgXKDx.js:8:39294)
    at Nl (https://railway.com/assets/react-dom-CWIgXKDx.js:8:39267)
    at vl (https://railway.com/assets/react-dom-CWIgXKDx.js:8:34357)
    at te (https://railway.com/assets/react-dom-CWIgXKDx.js:1:1616)
    at MessagePort.se (https://railway.com/assets/react-dom-CWIgXKDx.js:1:1986)
[ 8305819ms] Error: Minified React error #418; visit https://reactjs.org/docs/error-decoder.html?invariant=418 for the full message or use the non-minified dev environment for full errors and additional helpful warnings.
    at Va (https://railway.com/assets/react-dom-CWIgXKDx.js:6:4758)
    at Wl (https://railway.com/assets/react-dom-CWIgXKDx.js:8:45043)
    at Pl (https://railway.com/assets/react-dom-CWIgXKDx.js:8:39294)
    at Nl (https://railway.com/assets/react-dom-CWIgXKDx.js:8:39267)
    at vl (https://railway.com/assets/react-dom-CWIgXKDx.js:8:34357)
    at te (https://railway.com/assets/react-dom-CWIgXKDx.js:1:1616)
    at MessagePort.se (https://railway.com/assets/react-dom-CWIgXKDx.js:1:1986)
[ 8305819ms] Error: Minified React error #418; visit https://reactjs.org/docs/error-decoder.html?invariant=418 for the full message or use the non-minified dev environment for full errors and additional helpful warnings.
    at Va (https://railway.com/assets/react-dom-CWIgXKDx.js:6:4758)
    at Wl (https://railway.com/assets/react-dom-CWIgXKDx.js:8:45043)
    at Pl (https://railway.com/assets/react-dom-CWIgXKDx.js:8:39294)
    at Nl (https://railway.com/assets/react-dom-CWIgXKDx.js:8:39267)
    at vl (https://railway.com/assets/react-dom-CWIgXKDx.js:8:34357)
    at te (https://railway.com/assets/react-dom-CWIgXKDx.js:1:1616)
    at MessagePort.se (https://railway.com/assets/react-dom-CWIgXKDx.js:1:1986)
[ 8305819ms] Error: Minified React error #418; visit https://reactjs.org/docs/error-decoder.html?invariant=418 for the full message or use the non-minified dev environment for full errors and additional helpful warnings.
    at Va (https://railway.com/assets/react-dom-CWIgXKDx.js:6:4758)
    at Wl (https://railway.com/assets/react-dom-CWIgXKDx.js:8:45043)
    at Pl (https://railway.com/assets/react-dom-CWIgXKDx.js:8:39294)
    at Nl (https://railway.com/assets/react-dom-CWIgXKDx.js:8:39267)
    at vl (https://railway.com/assets/react-dom-CWIgXKDx.js:8:34357)
    at te (https://railway.com/assets/react-dom-CWIgXKDx.js:1:1616)
    at MessagePort.se (https://railway.com/assets/react-dom-CWIgXKDx.js:1:1986)
[ 8305819ms] Error: Minified React error #418; visit https://reactjs.org/docs/error-decoder.html?invariant=418 for the full message or use the non-minified dev environment for full errors and additional helpful warnings.
    at Va (https://railway.com/assets/react-dom-CWIgXKDx.js:6:4758)
    at Wl (https://railway.com/assets/react-dom-CWIgXKDx.js:8:45043)
    at Pl (https://railway.com/assets/react-dom-CWIgXKDx.js:8:39294)
    at Nl (https://railway.com/assets/react-dom-CWIgXKDx.js:8:39267)
    at vl (https://railway.com/assets/react-dom-CWIgXKDx.js:8:34357)
    at te (https://railway.com/assets/react-dom-CWIgXKDx.js:1:1616)
    at MessagePort.se (https://railway.com/assets/react-dom-CWIgXKDx.js:1:1986)
[ 8305819ms] Error: Minified React error #418; visit https://reactjs.org/docs/error-decoder.html?invariant=418 for the full message or use the non-minified dev environment for full errors and additional helpful warnings.
    at Va (https://railway.com/assets/react-dom-CWIgXKDx.js:6:4758)
    at Wl (https://railway.com/assets/react-dom-CWIgXKDx.js:8:45043)
    at Pl (https://railway.com/assets/react-dom-CWIgXKDx.js:8:39294)
    at Nl (https://railway.com/assets/react-dom-CWIgXKDx.js:8:39267)
    at vl (https://railway.com/assets/react-dom-CWIgXKDx.js:8:34357)
    at te (https://railway.com/assets/react-dom-CWIgXKDx.js:1:1616)
    at MessagePort.se (https://railway.com/assets/react-dom-CWIgXKDx.js:1:1986)
[ 8305819ms] Error: Minified React error #418; visit https://reactjs.org/docs/error-decoder.html?invariant=418 for the full message or use the non-minified dev environment for full errors and additional helpful warnings.
    at Va (https://railway.com/assets/react-dom-CWIgXKDx.js:6:4758)
    at Wl (https://railway.com/assets/react-dom-CWIgXKDx.js:8:45043)
    at Pl (https://railway.com/assets/react-dom-CWIgXKDx.js:8:39294)
    at Nl (https://railway.com/assets/react-dom-CWIgXKDx.js:8:39267)
    at vl (https://railway.com/assets/react-dom-CWIgXKDx.js:8:34357)
    at te (https://railway.com/assets/react-dom-CWIgXKDx.js:1:1616)
    at MessagePort.se (https://railway.com/assets/react-dom-CWIgXKDx.js:1:1986)
[ 8305819ms] Error: Minified React error #418; visit https://reactjs.org/docs/error-decoder.html?invariant=418 for the full message or use the non-minified dev environment for full errors and additional helpful warnings.
    at Va (https://railway.com/assets/react-dom-CWIgXKDx.js:6:4758)
    at Wl (https://railway.com/assets/react-dom-CWIgXKDx.js:8:45043)
    at Pl (https://railway.com/assets/react-dom-CWIgXKDx.js:8:39294)
    at Nl (https://railway.com/assets/react-dom-CWIgXKDx.js:8:39267)
    at vl (https://railway.com/assets/react-dom-CWIgXKDx.js:8:34357)
    at te (https://railway.com/assets/react-dom-CWIgXKDx.js:1:1616)
    at MessagePort.se (https://railway.com/assets/react-dom-CWIgXKDx.js:1:1986)
[ 8305819ms] Error: Minified React error #418; visit https://reactjs.org/docs/error-decoder.html?invariant=418 for the full message or use the non-minified dev environment for full errors and additional helpful warnings.
    at Va (https://railway.com/assets/react-dom-CWIgXKDx.js:6:4758)
    at Wl (https://railway.com/assets/react-dom-CWIgXKDx.js:8:45043)
    at Pl (https://railway.com/assets/react-dom-CWIgXKDx.js:8:39294)
    at Nl (https://railway.com/assets/react-dom-CWIgXKDx.js:8:39267)
    at vl (https://railway.com/assets/react-dom-CWIgXKDx.js:8:34357)
    at te (https://railway.com/assets/react-dom-CWIgXKDx.js:1:1616)
    at MessagePort.se (https://railway.com/assets/react-dom-CWIgXKDx.js:1:1986)
[ 8305819ms] Error: Minified React error #418; visit https://reactjs.org/docs/error-decoder.html?invariant=418 for the full message or use the non-minified dev environment for full errors and additional helpful warnings.
    at Va (https://railway.com/assets/react-dom-CWIgXKDx.js:6:4758)
    at Wl (https://railway.com/assets/react-dom-CWIgXKDx.js:8:45043)
    at Pl (https://railway.com/assets/react-dom-CWIgXKDx.js:8:39294)
    at Nl (https://railway.com/assets/react-dom-CWIgXKDx.js:8:39267)
    at vl (https://railway.com/assets/react-dom-CWIgXKDx.js:8:34357)
    at te (https://railway.com/assets/react-dom-CWIgXKDx.js:1:1616)
    at MessagePort.se (https://railway.com/assets/react-dom-CWIgXKDx.js:1:1986)
[ 8305819ms] Error: Minified React error #418; visit https://reactjs.org/docs/error-decoder.html?invariant=418 for the full message or use the non-minified dev environment for full errors and additional helpful warnings.
    at Va (https://railway.com/assets/react-dom-CWIgXKDx.js:6:4758)
    at Wl (https://railway.com/assets/react-dom-CWIgXKDx.js:8:45043)
    at Pl (https://railway.com/assets/react-dom-CWIgXKDx.js:8:39294)
    at Nl (https://railway.com/assets/react-dom-CWIgXKDx.js:8:39267)
    at vl (https://railway.com/assets/react-dom-CWIgXKDx.js:8:34357)
    at te (https://railway.com/assets/react-dom-CWIgXKDx.js:1:1616)
    at MessagePort.se (https://railway.com/assets/react-dom-CWIgXKDx.js:1:1986)
[ 8305819ms] Error: Minified React error #418; visit https://reactjs.org/docs/error-decoder.html?invariant=418 for the full message or use the non-minified dev environment for full errors and additional helpful warnings.
    at Va (https://railway.com/assets/react-dom-CWIgXKDx.js:6:4758)
    at Wl (https://railway.com/assets/react-dom-CWIgXKDx.js:8:45043)
    at Pl (https://railway.com/assets/react-dom-CWIgXKDx.js:8:39294)
    at Nl (https://railway.com/assets/react-dom-CWIgXKDx.js:8:39267)
    at vl (https://railway.com/assets/react-dom-CWIgXKDx.js:8:34357)
    at te (https://railway.com/assets/react-dom-CWIgXKDx.js:1:1616)
    at MessagePort.se (https://railway.com/assets/react-dom-CWIgXKDx.js:1:1986)
[ 8305819ms] Error: Minified React error #418; visit https://reactjs.org/docs/error-decoder.html?invariant=418 for the full message or use the non-minified dev environment for full errors and additional helpful warnings.
    at Va (https://railway.com/assets/react-dom-CWIgXKDx.js:6:4758)
    at Wl (https://railway.com/assets/react-dom-CWIgXKDx.js:8:45043)
    at Pl (https://railway.com/assets/react-dom-CWIgXKDx.js:8:39294)
    at Nl (https://railway.com/assets/react-dom-CWIgXKDx.js:8:39267)
    at vl (https://railway.com/assets/react-dom-CWIgXKDx.js:8:34357)
    at te (https://railway.com/assets/react-dom-CWIgXKDx.js:1:1616)
    at MessagePort.se (https://railway.com/assets/react-dom-CWIgXKDx.js:1:1986)
[ 8305819ms] Error: Minified React error #423; visit https://reactjs.org/docs/error-decoder.html?invariant=423 for the full message or use the non-minified dev environment for full errors and additional helpful warnings.
    at Wl (https://railway.com/assets/react-dom-CWIgXKDx.js:8:44706)
    at Pl (https://railway.com/assets/react-dom-CWIgXKDx.js:8:39294)
    at Ml (https://railway.com/assets/react-dom-CWIgXKDx.js:8:39225)
    at jl (https://railway.com/assets/react-dom-CWIgXKDx.js:8:39085)
    at yl (https://railway.com/assets/react-dom-CWIgXKDx.js:8:35523)
    at vl (https://railway.com/assets/react-dom-CWIgXKDx.js:8:34489)
    at te (https://railway.com/assets/react-dom-CWIgXKDx.js:1:1616)
    at MessagePort.se (https://railway.com/assets/react-dom-CWIgXKDx.js:1:1986)
[ 8305837ms] [ERROR] Failed to load resource: net::ERR_CONNECTION_REFUSED @ https://unifyintent.com/analytics/api/v1/page:0
[ 8306017ms] [ERROR] Failed to load resource: net::ERR_CONNECTION_REFUSED @ https://cdn.usefathom.com/script.js:0
[ 8316889ms] [WARNING] The resource https://fonts.gstatic.com/s/ibmplexserif/v20/jizAREVNn1dOx-zrZ2X3pZvkTi3s-CI0q1s.woff2 was preloaded using link preload but not used within a few seconds from the window's load event. Please make sure it has an appropriate `as` value and it is preloaded intentionally. @ https://railway.com/new:0
[ 8320148ms] [WARNING] The resource https://fonts.gstatic.com/s/ibmplexserif/v20/jizAREVNn1dOx-zrZ2X3pZvkTi3s-CI0q1s.woff2 was preloaded using link preload but not used within a few seconds from the window's load event. Please make sure it has an appropriate `as` value and it is preloaded intentionally. @ https://railway.com/new:0
[ 8339242ms] [WARNING] The resource https://fonts.gstatic.com/s/ibmplexserif/v20/jizAREVNn1dOx-zrZ2X3pZvkTi3s-CI0q1s.woff2 was preloaded using link preload but not used within a few seconds from the window's load event. Please make sure it has an appropriate `as` value and it is preloaded intentionally. @ https://railway.com/new:0
[ 8369855ms] [WARNING] The resource https://fonts.gstatic.com/s/ibmplexserif/v20/jizAREVNn1dOx-zrZ2X3pZvkTi3s-CI0q1s.woff2 was preloaded using link preload but not used within a few seconds from the window's load event. Please make sure it has an appropriate `as` value and it is preloaded intentionally. @ https://railway.com/new:0
[ 8430062ms] [WARNING] The resource https://fonts.gstatic.com/s/ibmplexserif/v20/jizAREVNn1dOx-zrZ2X3pZvkTi3s-CI0q1s.woff2 was preloaded using link preload but not used within a few seconds from the window's load event. Please make sure it has an appropriate `as` value and it is preloaded intentionally. @ https://railway.com/new:0
[ 8490268ms] [WARNING] The resource https://fonts.gstatic.com/s/ibmplexserif/v20/jizAREVNn1dOx-zrZ2X3pZvkTi3s-CI0q1s.woff2 was preloaded using link preload but not used within a few seconds from the window's load event. Please make sure it has an appropriate `as` value and it is preloaded intentionally. @ https://railway.com/new:0
[ 8550489ms] [WARNING] The resource https://fonts.gstatic.com/s/ibmplexserif/v20/jizAREVNn1dOx-zrZ2X3pZvkTi3s-CI0q1s.woff2 was preloaded using link preload but not used within a few seconds from the window's load event. Please make sure it has an appropriate `as` value and it is preloaded intentionally. @ https://railway.com/new:0
[ 8610708ms] [WARNING] The resource https://fonts.gstatic.com/s/ibmplexserif/v20/jizAREVNn1dOx-zrZ2X3pZvkTi3s-CI0q1s.woff2 was preloaded using link preload but not used within a few seconds from the window's load event. Please make sure it has an appropriate `as` value and it is preloaded intentionally. @ https://railway.com/new:0
[ 8639443ms] [WARNING] The resource https://fonts.gstatic.com/s/ibmplexserif/v20/jizAREVNn1dOx-zrZ2X3pZvkTi3s-CI0q1s.woff2 was preloaded using link preload but not used within a few seconds from the window's load event. Please make sure it has an appropriate `as` value and it is preloaded intentionally. @ https://railway.com/new:0
[ 8670909ms] [WARNING] The resource https://fonts.gstatic.com/s/ibmplexserif/v20/jizAREVNn1dOx-zrZ2X3pZvkTi3s-CI0q1s.woff2 was preloaded using link preload but not used within a few seconds from the window's load event. Please make sure it has an appropriate `as` value and it is preloaded intentionally. @ https://railway.com/new:0
[ 8731113ms] [WARNING] The resource https://fonts.gstatic.com/s/ibmplexserif/v20/jizAREVNn1dOx-zrZ2X3pZvkTi3s-CI0q1s.woff2 was preloaded using link preload but not used within a few seconds from the window's load event. Please make sure it has an appropriate `as` value and it is preloaded intentionally. @ https://railway.com/new:0
[ 8791316ms] [WARNING] The resource https://fonts.gstatic.com/s/ibmplexserif/v20/jizAREVNn1dOx-zrZ2X3pZvkTi3s-CI0q1s.woff2 was preloaded using link preload but not used within a few seconds from the window's load event. Please make sure it has an appropriate `as` value and it is preloaded intentionally. @ https://railway.com/new:0
[ 8851528ms] [WARNING] The resource https://fonts.gstatic.com/s/ibmplexserif/v20/jizAREVNn1dOx-zrZ2X3pZvkTi3s-CI0q1s.woff2 was preloaded using link preload but not used within a few seconds from the window's load event. Please make sure it has an appropriate `as` value and it is preloaded intentionally. @ https://railway.com/new:0
[ 8911734ms] [WARNING] The resource https://fonts.gstatic.com/s/ibmplexserif/v20/jizAREVNn1dOx-zrZ2X3pZvkTi3s-CI0q1s.woff2 was preloaded using link preload but not used within a few seconds from the window's load event. Please make sure it has an appropriate `as` value and it is preloaded intentionally. @ https://railway.com/new:0
[ 8939639ms] [WARNING] The resource https://fonts.gstatic.com/s/ibmplexserif/v20/jizAREVNn1dOx-zrZ2X3pZvkTi3s-CI0q1s.woff2 was preloaded using link preload but not used within a few seconds from the window's load event. Please make sure it has an appropriate `as` value and it is preloaded intentionally. @ https://railway.com/new:0
[ 8972755ms] [WARNING] The resource https://fonts.gstatic.com/s/ibmplexserif/v20/jizAREVNn1dOx-zrZ2X3pZvkTi3s-CI0q1s.woff2 was preloaded using link preload but not used within a few seconds from the window's load event. Please make sure it has an appropriate `as` value and it is preloaded intentionally. @ https://railway.com/new:0
[ 9032960ms] [WARNING] The resource https://fonts.gstatic.com/s/ibmplexserif/v20/jizAREVNn1dOx-zrZ2X3pZvkTi3s-CI0q1s.woff2 was preloaded using link preload but not used within a few seconds from the window's load event. Please make sure it has an appropriate `as` value and it is preloaded intentionally. @ https://railway.com/new:0
[ 9093163ms] [WARNING] The resource https://fonts.gstatic.com/s/ibmplexserif/v20/jizAREVNn1dOx-zrZ2X3pZvkTi3s-CI0q1s.woff2 was preloaded using link preload but not used within a few seconds from the window's load event. Please make sure it has an appropriate `as` value and it is preloaded intentionally. @ https://railway.com/new:0
[ 9153366ms] [WARNING] The resource https://fonts.gstatic.com/s/ibmplexserif/v20/jizAREVNn1dOx-zrZ2X3pZvkTi3s-CI0q1s.woff2 was preloaded using link preload but not used within a few seconds from the window's load event. Please make sure it has an appropriate `as` value and it is preloaded intentionally. @ https://railway.com/new:0
[ 9213573ms] [WARNING] The resource https://fonts.gstatic.com/s/ibmplexserif/v20/jizAREVNn1dOx-zrZ2X3pZvkTi3s-CI0q1s.woff2 was preloaded using link preload but not used within a few seconds from the window's load event. Please make sure it has an appropriate `as` value and it is preloaded intentionally. @ https://railway.com/new:0
[ 9239828ms] [WARNING] The resource https://fonts.gstatic.com/s/ibmplexserif/v20/jizAREVNn1dOx-zrZ2X3pZvkTi3s-CI0q1s.woff2 was preloaded using link preload but not used within a few seconds from the window's load event. Please make sure it has an appropriate `as` value and it is preloaded intentionally. @ https://railway.com/new:0
[ 9273778ms] [WARNING] The resource https://fonts.gstatic.com/s/ibmplexserif/v20/jizAREVNn1dOx-zrZ2X3pZvkTi3s-CI0q1s.woff2 was preloaded using link preload but not used within a few seconds from the window's load event. Please make sure it has an appropriate `as` value and it is preloaded intentionally. @ https://railway.com/new:0
[ 9333983ms] [WARNING] The resource https://fonts.gstatic.com/s/ibmplexserif/v20/jizAREVNn1dOx-zrZ2X3pZvkTi3s-CI0q1s.woff2 was preloaded using link preload but not used within a few seconds from the window's load event. Please make sure it has an appropriate `as` value and it is preloaded intentionally. @ https://railway.com/new:0
[ 9394206ms] [WARNING] The resource https://fonts.gstatic.com/s/ibmplexserif/v20/jizAREVNn1dOx-zrZ2X3pZvkTi3s-CI0q1s.woff2 was preloaded using link preload but not used within a few seconds from the window's load event. Please make sure it has an appropriate `as` value and it is preloaded intentionally. @ https://railway.com/new:0
[ 9454408ms] [WARNING] The resource https://fonts.gstatic.com/s/ibmplexserif/v20/jizAREVNn1dOx-zrZ2X3pZvkTi3s-CI0q1s.woff2 was preloaded using link preload but not used within a few seconds from the window's load event. Please make sure it has an appropriate `as` value and it is preloaded intentionally. @ https://railway.com/new:0
[ 9514613ms] [WARNING] The resource https://fonts.gstatic.com/s/ibmplexserif/v20/jizAREVNn1dOx-zrZ2X3pZvkTi3s-CI0q1s.woff2 was preloaded using link preload but not used within a few seconds from the window's load event. Please make sure it has an appropriate `as` value and it is preloaded intentionally. @ https://railway.com/new:0
[ 9540016ms] [WARNING] The resource https://fonts.gstatic.com/s/ibmplexserif/v20/jizAREVNn1dOx-zrZ2X3pZvkTi3s-CI0q1s.woff2 was preloaded using link preload but not used within a few seconds from the window's load event. Please make sure it has an appropriate `as` value and it is preloaded intentionally. @ https://railway.com/new:0
[ 9574827ms] [WARNING] The resource https://fonts.gstatic.com/s/ibmplexserif/v20/jizAREVNn1dOx-zrZ2X3pZvkTi3s-CI0q1s.woff2 was preloaded using link preload but not used within a few seconds from the window's load event. Please make sure it has an appropriate `as` value and it is preloaded intentionally. @ https://railway.com/new:0
[ 9635036ms] [WARNING] The resource https://fonts.gstatic.com/s/ibmplexserif/v20/jizAREVNn1dOx-zrZ2X3pZvkTi3s-CI0q1s.woff2 was preloaded using link preload but not used within a few seconds from the window's load event. Please make sure it has an appropriate `as` value and it is preloaded intentionally. @ https://railway.com/new:0
[ 9695245ms] [WARNING] The resource https://fonts.gstatic.com/s/ibmplexserif/v20/jizAREVNn1dOx-zrZ2X3pZvkTi3s-CI0q1s.woff2 was preloaded using link preload but not used within a few seconds from the window's load event. Please make sure it has an appropriate `as` value and it is preloaded intentionally. @ https://railway.com/new:0
[ 9755468ms] [WARNING] The resource https://fonts.gstatic.com/s/ibmplexserif/v20/jizAREVNn1dOx-zrZ2X3pZvkTi3s-CI0q1s.woff2 was preloaded using link preload but not used within a few seconds from the window's load event. Please make sure it has an appropriate `as` value and it is preloaded intentionally. @ https://railway.com/new:0
[ 9815674ms] [WARNING] The resource https://fonts.gstatic.com/s/ibmplexserif/v20/jizAREVNn1dOx-zrZ2X3pZvkTi3s-CI0q1s.woff2 was preloaded using link preload but not used within a few seconds from the window's load event. Please make sure it has an appropriate `as` value and it is preloaded intentionally. @ https://railway.com/new:0
[ 9840210ms] [WARNING] The resource https://fonts.gstatic.com/s/ibmplexserif/v20/jizAREVNn1dOx-zrZ2X3pZvkTi3s-CI0q1s.woff2 was preloaded using link preload but not used within a few seconds from the window's load event. Please make sure it has an appropriate `as` value and it is preloaded intentionally. @ https://railway.com/new:0
[ 9875877ms] [WARNING] The resource https://fonts.gstatic.com/s/ibmplexserif/v20/jizAREVNn1dOx-zrZ2X3pZvkTi3s-CI0q1s.woff2 was preloaded using link preload but not used within a few seconds from the window's load event. Please make sure it has an appropriate `as` value and it is preloaded intentionally. @ https://railway.com/new:0
[ 9936079ms] [WARNING] The resource https://fonts.gstatic.com/s/ibmplexserif/v20/jizAREVNn1dOx-zrZ2X3pZvkTi3s-CI0q1s.woff2 was preloaded using link preload but not used within a few seconds from the window's load event. Please make sure it has an appropriate `as` value and it is preloaded intentionally. @ https://railway.com/new:0
[ 9996306ms] [WARNING] The resource https://fonts.gstatic.com/s/ibmplexserif/v20/jizAREVNn1dOx-zrZ2X3pZvkTi3s-CI0q1s.woff2 was preloaded using link preload but not used within a few seconds from the window's load event. Please make sure it has an appropriate `as` value and it is preloaded intentionally. @ https://railway.com/new:0
[10056543ms] [WARNING] The resource https://fonts.gstatic.com/s/ibmplexserif/v20/jizAREVNn1dOx-zrZ2X3pZvkTi3s-CI0q1s.woff2 was preloaded using link preload but not used within a few seconds from the window's load event. Please make sure it has an appropriate `as` value and it is preloaded intentionally. @ https://railway.com/new:0
[10116788ms] [WARNING] The resource https://fonts.gstatic.com/s/ibmplexserif/v20/jizAREVNn1dOx-zrZ2X3pZvkTi3s-CI0q1s.woff2 was preloaded using link preload but not used within a few seconds from the window's load event. Please make sure it has an appropriate `as` value and it is preloaded intentionally. @ https://railway.com/new:0
[10140424ms] [WARNING] The resource https://fonts.gstatic.com/s/ibmplexserif/v20/jizAREVNn1dOx-zrZ2X3pZvkTi3s-CI0q1s.woff2 was preloaded using link preload but not used within a few seconds from the window's load event. Please make sure it has an appropriate `as` value and it is preloaded intentionally. @ https://railway.com/new:0
[10177005ms] [WARNING] The resource https://fonts.gstatic.com/s/ibmplexserif/v20/jizAREVNn1dOx-zrZ2X3pZvkTi3s-CI0q1s.woff2 was preloaded using link preload but not used within a few seconds from the window's load event. Please make sure it has an appropriate `as` value and it is preloaded intentionally. @ https://railway.com/new:0
[10237210ms] [WARNING] The resource https://fonts.gstatic.com/s/ibmplexserif/v20/jizAREVNn1dOx-zrZ2X3pZvkTi3s-CI0q1s.woff2 was preloaded using link preload but not used within a few seconds from the window's load event. Please make sure it has an appropriate `as` value and it is preloaded intentionally. @ https://railway.com/new:0
[10297413ms] [WARNING] The resource https://fonts.gstatic.com/s/ibmplexserif/v20/jizAREVNn1dOx-zrZ2X3pZvkTi3s-CI0q1s.woff2 was preloaded using link preload but not used within a few seconds from the window's load event. Please make sure it has an appropriate `as` value and it is preloaded intentionally. @ https://railway.com/new:0
[10357618ms] [WARNING] The resource https://fonts.gstatic.com/s/ibmplexserif/v20/jizAREVNn1dOx-zrZ2X3pZvkTi3s-CI0q1s.woff2 was preloaded using link preload but not used within a few seconds from the window's load event. Please make sure it has an appropriate `as` value and it is preloaded intentionally. @ https://railway.com/new:0
[10417827ms] [WARNING] The resource https://fonts.gstatic.com/s/ibmplexserif/v20/jizAREVNn1dOx-zrZ2X3pZvkTi3s-CI0q1s.woff2 was preloaded using link preload but not used within a few seconds from the window's load event. Please make sure it has an appropriate `as` value and it is preloaded intentionally. @ https://railway.com/new:0
[10440614ms] [WARNING] The resource https://fonts.gstatic.com/s/ibmplexserif/v20/jizAREVNn1dOx-zrZ2X3pZvkTi3s-CI0q1s.woff2 was preloaded using link preload but not used within a few seconds from the window's load event. Please make sure it has an appropriate `as` value and it is preloaded intentionally. @ https://railway.com/new:0
[10478041ms] [WARNING] The resource https://fonts.gstatic.com/s/ibmplexserif/v20/jizAREVNn1dOx-zrZ2X3pZvkTi3s-CI0q1s.woff2 was preloaded using link preload but not used within a few seconds from the window's load event. Please make sure it has an appropriate `as` value and it is preloaded intentionally. @ https://railway.com/new:0
[10538253ms] [WARNING] The resource https://fonts.gstatic.com/s/ibmplexserif/v20/jizAREVNn1dOx-zrZ2X3pZvkTi3s-CI0q1s.woff2 was preloaded using link preload but not used within a few seconds from the window's load event. Please make sure it has an appropriate `as` value and it is preloaded intentionally. @ https://railway.com/new:0
[10598455ms] [WARNING] The resource https://fonts.gstatic.com/s/ibmplexserif/v20/jizAREVNn1dOx-zrZ2X3pZvkTi3s-CI0q1s.woff2 was preloaded using link preload but not used within a few seconds from the window's load event. Please make sure it has an appropriate `as` value and it is preloaded intentionally. @ https://railway.com/new:0
[10658672ms] [WARNING] The resource https://fonts.gstatic.com/s/ibmplexserif/v20/jizAREVNn1dOx-zrZ2X3pZvkTi3s-CI0q1s.woff2 was preloaded using link preload but not used within a few seconds from the window's load event. Please make sure it has an appropriate `as` value and it is preloaded intentionally. @ https://railway.com/new:0
[10718886ms] [WARNING] The resource https://fonts.gstatic.com/s/ibmplexserif/v20/jizAREVNn1dOx-zrZ2X3pZvkTi3s-CI0q1s.woff2 was preloaded using link preload but not used within a few seconds from the window's load event. Please make sure it has an appropriate `as` value and it is preloaded intentionally. @ https://railway.com/new:0
[10740810ms] [WARNING] The resource https://fonts.gstatic.com/s/ibmplexserif/v20/jizAREVNn1dOx-zrZ2X3pZvkTi3s-CI0q1s.woff2 was preloaded using link preload but not used within a few seconds from the window's load event. Please make sure it has an appropriate `as` value and it is preloaded intentionally. @ https://railway.com/new:0
[10779099ms] [WARNING] The resource https://fonts.gstatic.com/s/ibmplexserif/v20/jizAREVNn1dOx-zrZ2X3pZvkTi3s-CI0q1s.woff2 was preloaded using link preload but not used within a few seconds from the window's load event. Please make sure it has an appropriate `as` value and it is preloaded intentionally. @ https://railway.com/new:0
[10839299ms] [WARNING] The resource https://fonts.gstatic.com/s/ibmplexserif/v20/jizAREVNn1dOx-zrZ2X3pZvkTi3s-CI0q1s.woff2 was preloaded using link preload but not used within a few seconds from the window's load event. Please make sure it has an appropriate `as` value and it is preloaded intentionally. @ https://railway.com/new:0
[10899511ms] [WARNING] The resource https://fonts.gstatic.com/s/ibmplexserif/v20/jizAREVNn1dOx-zrZ2X3pZvkTi3s-CI0q1s.woff2 was preloaded using link preload but not used within a few seconds from the window's load event. Please make sure it has an appropriate `as` value and it is preloaded intentionally. @ https://railway.com/new:0
[10959718ms] [WARNING] The resource https://fonts.gstatic.com/s/ibmplexserif/v20/jizAREVNn1dOx-zrZ2X3pZvkTi3s-CI0q1s.woff2 was preloaded using link preload but not used within a few seconds from the window's load event. Please make sure it has an appropriate `as` value and it is preloaded intentionally. @ https://railway.com/new:0
[11020423ms] [WARNING] The resource https://fonts.gstatic.com/s/ibmplexserif/v20/jizAREVNn1dOx-zrZ2X3pZvkTi3s-CI0q1s.woff2 was preloaded using link preload but not used within a few seconds from the window's load event. Please make sure it has an appropriate `as` value and it is preloaded intentionally. @ https://railway.com/new:0
[11041016ms] [WARNING] The resource https://fonts.gstatic.com/s/ibmplexserif/v20/jizAREVNn1dOx-zrZ2X3pZvkTi3s-CI0q1s.woff2 was preloaded using link preload but not used within a few seconds from the window's load event. Please make sure it has an appropriate `as` value and it is preloaded intentionally. @ https://railway.com/new:0
[11080627ms] [WARNING] The resource https://fonts.gstatic.com/s/ibmplexserif/v20/jizAREVNn1dOx-zrZ2X3pZvkTi3s-CI0q1s.woff2 was preloaded using link preload but not used within a few seconds from the window's load event. Please make sure it has an appropriate `as` value and it is preloaded intentionally. @ https://railway.com/new:0
[11140834ms] [WARNING] The resource https://fonts.gstatic.com/s/ibmplexserif/v20/jizAREVNn1dOx-zrZ2X3pZvkTi3s-CI0q1s.woff2 was preloaded using link preload but not used within a few seconds from the window's load event. Please make sure it has an appropriate `as` value and it is preloaded intentionally. @ https://railway.com/new:0
[11201046ms] [WARNING] The resource https://fonts.gstatic.com/s/ibmplexserif/v20/jizAREVNn1dOx-zrZ2X3pZvkTi3s-CI0q1s.woff2 was preloaded using link preload but not used within a few seconds from the window's load event. Please make sure it has an appropriate `as` value and it is preloaded intentionally. @ https://railway.com/new:0
[11261253ms] [WARNING] The resource https://fonts.gstatic.com/s/ibmplexserif/v20/jizAREVNn1dOx-zrZ2X3pZvkTi3s-CI0q1s.woff2 was preloaded using link preload but not used within a few seconds from the window's load event. Please make sure it has an appropriate `as` value and it is preloaded intentionally. @ https://railway.com/new:0
[11321457ms] [WARNING] The resource https://fonts.gstatic.com/s/ibmplexserif/v20/jizAREVNn1dOx-zrZ2X3pZvkTi3s-CI0q1s.woff2 was preloaded using link preload but not used within a few seconds from the window's load event. Please make sure it has an appropriate `as` value and it is preloaded intentionally. @ https://railway.com/new:0
[11341205ms] [WARNING] The resource https://fonts.gstatic.com/s/ibmplexserif/v20/jizAREVNn1dOx-zrZ2X3pZvkTi3s-CI0q1s.woff2 was preloaded using link preload but not used within a few seconds from the window's load event. Please make sure it has an appropriate `as` value and it is preloaded intentionally. @ https://railway.com/new:0
[11381675ms] [WARNING] The resource https://fonts.gstatic.com/s/ibmplexserif/v20/jizAREVNn1dOx-zrZ2X3pZvkTi3s-CI0q1s.woff2 was preloaded using link preload but not used within a few seconds from the window's load event. Please make sure it has an appropriate `as` value and it is preloaded intentionally. @ https://railway.com/new:0
[11441882ms] [WARNING] The resource https://fonts.gstatic.com/s/ibmplexserif/v20/jizAREVNn1dOx-zrZ2X3pZvkTi3s-CI0q1s.woff2 was preloaded using link preload but not used within a few seconds from the window's load event. Please make sure it has an appropriate `as` value and it is preloaded intentionally. @ https://railway.com/new:0
[11502086ms] [WARNING] The resource https://fonts.gstatic.com/s/ibmplexserif/v20/jizAREVNn1dOx-zrZ2X3pZvkTi3s-CI0q1s.woff2 was preloaded using link preload but not used within a few seconds from the window's load event. Please make sure it has an appropriate `as` value and it is preloaded intentionally. @ https://railway.com/new:0
[11562286ms] [WARNING] The resource https://fonts.gstatic.com/s/ibmplexserif/v20/jizAREVNn1dOx-zrZ2X3pZvkTi3s-CI0q1s.woff2 was preloaded using link preload but not used within a few seconds from the window's load event. Please make sure it has an appropriate `as` value and it is preloaded intentionally. @ https://railway.com/new:0
[11622521ms] [WARNING] The resource https://fonts.gstatic.com/s/ibmplexserif/v20/jizAREVNn1dOx-zrZ2X3pZvkTi3s-CI0q1s.woff2 was preloaded using link preload but not used within a few seconds from the window's load event. Please make sure it has an appropriate `as` value and it is preloaded intentionally. @ https://railway.com/new:0
[11641399ms] [WARNING] The resource https://fonts.gstatic.com/s/ibmplexserif/v20/jizAREVNn1dOx-zrZ2X3pZvkTi3s-CI0q1s.woff2 was preloaded using link preload but not used within a few seconds from the window's load event. Please make sure it has an appropriate `as` value and it is preloaded intentionally. @ https://railway.com/new:0
[11682729ms] [WARNING] The resource https://fonts.gstatic.com/s/ibmplexserif/v20/jizAREVNn1dOx-zrZ2X3pZvkTi3s-CI0q1s.woff2 was preloaded using link preload but not used within a few seconds from the window's load event. Please make sure it has an appropriate `as` value and it is preloaded intentionally. @ https://railway.com/new:0
[11742979ms] [WARNING] The resource https://fonts.gstatic.com/s/ibmplexserif/v20/jizAREVNn1dOx-zrZ2X3pZvkTi3s-CI0q1s.woff2 was preloaded using link preload but not used within a few seconds from the window's load event. Please make sure it has an appropriate `as` value and it is preloaded intentionally. @ https://railway.com/new:0
[11803197ms] [WARNING] The resource https://fonts.gstatic.com/s/ibmplexserif/v20/jizAREVNn1dOx-zrZ2X3pZvkTi3s-CI0q1s.woff2 was preloaded using link preload but not used within a few seconds from the window's load event. Please make sure it has an appropriate `as` value and it is preloaded intentionally. @ https://railway.com/new:0
[11863651ms] [WARNING] The resource https://fonts.gstatic.com/s/ibmplexserif/v20/jizAREVNn1dOx-zrZ2X3pZvkTi3s-CI0q1s.woff2 was preloaded using link preload but not used within a few seconds from the window's load event. Please make sure it has an appropriate `as` value and it is preloaded intentionally. @ https://railway.com/new:0
[11924068ms] [WARNING] The resource https://fonts.gstatic.com/s/ibmplexserif/v20/jizAREVNn1dOx-zrZ2X3pZvkTi3s-CI0q1s.woff2 was preloaded using link preload but not used within a few seconds from the window's load event. Please make sure it has an appropriate `as` value and it is preloaded intentionally. @ https://railway.com/new:0
[11941729ms] [WARNING] The resource https://fonts.gstatic.com/s/ibmplexserif/v20/jizAREVNn1dOx-zrZ2X3pZvkTi3s-CI0q1s.woff2 was preloaded using link preload but not used within a few seconds from the window's load event. Please make sure it has an appropriate `as` value and it is preloaded intentionally. @ https://railway.com/new:0
[11984266ms] [WARNING] The resource https://fonts.gstatic.com/s/ibmplexserif/v20/jizAREVNn1dOx-zrZ2X3pZvkTi3s-CI0q1s.woff2 was preloaded using link preload but not used within a few seconds from the window's load event. Please make sure it has an appropriate `as` value and it is preloaded intentionally. @ https://railway.com/new:0
[12044468ms] [WARNING] The resource https://fonts.gstatic.com/s/ibmplexserif/v20/jizAREVNn1dOx-zrZ2X3pZvkTi3s-CI0q1s.woff2 was preloaded using link preload but not used within a few seconds from the window's load event. Please make sure it has an appropriate `as` value and it is preloaded intentionally. @ https://railway.com/new:0
[12104673ms] [WARNING] The resource https://fonts.gstatic.com/s/ibmplexserif/v20/jizAREVNn1dOx-zrZ2X3pZvkTi3s-CI0q1s.woff2 was preloaded using link preload but not used within a few seconds from the window's load event. Please make sure it has an appropriate `as` value and it is preloaded intentionally. @ https://railway.com/new:0
[12164878ms] [WARNING] The resource https://fonts.gstatic.com/s/ibmplexserif/v20/jizAREVNn1dOx-zrZ2X3pZvkTi3s-CI0q1s.woff2 was preloaded using link preload but not used within a few seconds from the window's load event. Please make sure it has an appropriate `as` value and it is preloaded intentionally. @ https://railway.com/new:0
[12225086ms] [WARNING] The resource https://fonts.gstatic.com/s/ibmplexserif/v20/jizAREVNn1dOx-zrZ2X3pZvkTi3s-CI0q1s.woff2 was preloaded using link preload but not used within a few seconds from the window's load event. Please make sure it has an appropriate `as` value and it is preloaded intentionally. @ https://railway.com/new:0
[12241912ms] [WARNING] The resource https://fonts.gstatic.com/s/ibmplexserif/v20/jizAREVNn1dOx-zrZ2X3pZvkTi3s-CI0q1s.woff2 was preloaded using link preload but not used within a few seconds from the window's load event. Please make sure it has an appropriate `as` value and it is preloaded intentionally. @ https://railway.com/new:0
[12285290ms] [WARNING] The resource https://fonts.gstatic.com/s/ibmplexserif/v20/jizAREVNn1dOx-zrZ2X3pZvkTi3s-CI0q1s.woff2 was preloaded using link preload but not used within a few seconds from the window's load event. Please make sure it has an appropriate `as` value and it is preloaded intentionally. @ https://railway.com/new:0
[12345512ms] [WARNING] The resource https://fonts.gstatic.com/s/ibmplexserif/v20/jizAREVNn1dOx-zrZ2X3pZvkTi3s-CI0q1s.woff2 was preloaded using link preload but not used within a few seconds from the window's load event. Please make sure it has an appropriate `as` value and it is preloaded intentionally. @ https://railway.com/new:0
[12405764ms] [WARNING] The resource https://fonts.gstatic.com/s/ibmplexserif/v20/jizAREVNn1dOx-zrZ2X3pZvkTi3s-CI0q1s.woff2 was preloaded using link preload but not used within a few seconds from the window's load event. Please make sure it has an appropriate `as` value and it is preloaded intentionally. @ https://railway.com/new:0
[12465966ms] [WARNING] The resource https://fonts.gstatic.com/s/ibmplexserif/v20/jizAREVNn1dOx-zrZ2X3pZvkTi3s-CI0q1s.woff2 was preloaded using link preload but not used within a few seconds from the window's load event. Please make sure it has an appropriate `as` value and it is preloaded intentionally. @ https://railway.com/new:0
[12526393ms] [WARNING] The resource https://fonts.gstatic.com/s/ibmplexserif/v20/jizAREVNn1dOx-zrZ2X3pZvkTi3s-CI0q1s.woff2 was preloaded using link preload but not used within a few seconds from the window's load event. Please make sure it has an appropriate `as` value and it is preloaded intentionally. @ https://railway.com/new:0
[12542109ms] [WARNING] The resource https://fonts.gstatic.com/s/ibmplexserif/v20/jizAREVNn1dOx-zrZ2X3pZvkTi3s-CI0q1s.woff2 was preloaded using link preload but not used within a few seconds from the window's load event. Please make sure it has an appropriate `as` value and it is preloaded intentionally. @ https://railway.com/new:0
[12586602ms] [WARNING] The resource https://fonts.gstatic.com/s/ibmplexserif/v20/jizAREVNn1dOx-zrZ2X3pZvkTi3s-CI0q1s.woff2 was preloaded using link preload but not used within a few seconds from the window's load event. Please make sure it has an appropriate `as` value and it is preloaded intentionally. @ https://railway.com/new:0
[12646805ms] [WARNING] The resource https://fonts.gstatic.com/s/ibmplexserif/v20/jizAREVNn1dOx-zrZ2X3pZvkTi3s-CI0q1s.woff2 was preloaded using link preload but not used within a few seconds from the window's load event. Please make sure it has an appropriate `as` value and it is preloaded intentionally. @ https://railway.com/new:0
[12707011ms] [WARNING] The resource https://fonts.gstatic.com/s/ibmplexserif/v20/jizAREVNn1dOx-zrZ2X3pZvkTi3s-CI0q1s.woff2 was preloaded using link preload but not used within a few seconds from the window's load event. Please make sure it has an appropriate `as` value and it is preloaded intentionally. @ https://railway.com/new:0
[12767277ms] [WARNING] The resource https://fonts.gstatic.com/s/ibmplexserif/v20/jizAREVNn1dOx-zrZ2X3pZvkTi3s-CI0q1s.woff2 was preloaded using link preload but not used within a few seconds from the window's load event. Please make sure it has an appropriate `as` value and it is preloaded intentionally. @ https://railway.com/new:0
[12827501ms] [WARNING] The resource https://fonts.gstatic.com/s/ibmplexserif/v20/jizAREVNn1dOx-zrZ2X3pZvkTi3s-CI0q1s.woff2 was preloaded using link preload but not used within a few seconds from the window's load event. Please make sure it has an appropriate `as` value and it is preloaded intentionally. @ https://railway.com/new:0
[12842300ms] [WARNING] The resource https://fonts.gstatic.com/s/ibmplexserif/v20/jizAREVNn1dOx-zrZ2X3pZvkTi3s-CI0q1s.woff2 was preloaded using link preload but not used within a few seconds from the window's load event. Please make sure it has an appropriate `as` value and it is preloaded intentionally. @ https://railway.com/new:0
[12887703ms] [WARNING] The resource https://fonts.gstatic.com/s/ibmplexserif/v20/jizAREVNn1dOx-zrZ2X3pZvkTi3s-CI0q1s.woff2 was preloaded using link preload but not used within a few seconds from the window's load event. Please make sure it has an appropriate `as` value and it is preloaded intentionally. @ https://railway.com/new:0
[12947904ms] [WARNING] The resource https://fonts.gstatic.com/s/ibmplexserif/v20/jizAREVNn1dOx-zrZ2X3pZvkTi3s-CI0q1s.woff2 was preloaded using link preload but not used within a few seconds from the window's load event. Please make sure it has an appropriate `as` value and it is preloaded intentionally. @ https://railway.com/new:0
[13008107ms] [WARNING] The resource https://fonts.gstatic.com/s/ibmplexserif/v20/jizAREVNn1dOx-zrZ2X3pZvkTi3s-CI0q1s.woff2 was preloaded using link preload but not used within a few seconds from the window's load event. Please make sure it has an appropriate `as` value and it is preloaded intentionally. @ https://railway.com/new:0
[13068315ms] [WARNING] The resource https://fonts.gstatic.com/s/ibmplexserif/v20/jizAREVNn1dOx-zrZ2X3pZvkTi3s-CI0q1s.woff2 was preloaded using link preload but not used within a few seconds from the window's load event. Please make sure it has an appropriate `as` value and it is preloaded intentionally. @ https://railway.com/new:0
[13128726ms] [WARNING] The resource https://fonts.gstatic.com/s/ibmplexserif/v20/jizAREVNn1dOx-zrZ2X3pZvkTi3s-CI0q1s.woff2 was preloaded using link preload but not used within a few seconds from the window's load event. Please make sure it has an appropriate `as` value and it is preloaded intentionally. @ https://railway.com/new:0
[13142487ms] [WARNING] The resource https://fonts.gstatic.com/s/ibmplexserif/v20/jizAREVNn1dOx-zrZ2X3pZvkTi3s-CI0q1s.woff2 was preloaded using link preload but not used within a few seconds from the window's load event. Please make sure it has an appropriate `as` value and it is preloaded intentionally. @ https://railway.com/new:0
[13188925ms] [WARNING] The resource https://fonts.gstatic.com/s/ibmplexserif/v20/jizAREVNn1dOx-zrZ2X3pZvkTi3s-CI0q1s.woff2 was preloaded using link preload but not used within a few seconds from the window's load event. Please make sure it has an appropriate `as` value and it is preloaded intentionally. @ https://railway.com/new:0
[13249130ms] [WARNING] The resource https://fonts.gstatic.com/s/ibmplexserif/v20/jizAREVNn1dOx-zrZ2X3pZvkTi3s-CI0q1s.woff2 was preloaded using link preload but not used within a few seconds from the window's load event. Please make sure it has an appropriate `as` value and it is preloaded intentionally. @ https://railway.com/new:0
[13309333ms] [WARNING] The resource https://fonts.gstatic.com/s/ibmplexserif/v20/jizAREVNn1dOx-zrZ2X3pZvkTi3s-CI0q1s.woff2 was preloaded using link preload but not used within a few seconds from the window's load event. Please make sure it has an appropriate `as` value and it is preloaded intentionally. @ https://railway.com/new:0
[13369566ms] [WARNING] The resource https://fonts.gstatic.com/s/ibmplexserif/v20/jizAREVNn1dOx-zrZ2X3pZvkTi3s-CI0q1s.woff2 was preloaded using link preload but not used within a few seconds from the window's load event. Please make sure it has an appropriate `as` value and it is preloaded intentionally. @ https://railway.com/new:0
[13429779ms] [WARNING] The resource https://fonts.gstatic.com/s/ibmplexserif/v20/jizAREVNn1dOx-zrZ2X3pZvkTi3s-CI0q1s.woff2 was preloaded using link preload but not used within a few seconds from the window's load event. Please make sure it has an appropriate `as` value and it is preloaded intentionally. @ https://railway.com/new:0
[13442676ms] [WARNING] The resource https://fonts.gstatic.com/s/ibmplexserif/v20/jizAREVNn1dOx-zrZ2X3pZvkTi3s-CI0q1s.woff2 was preloaded using link preload but not used within a few seconds from the window's load event. Please make sure it has an appropriate `as` value and it is preloaded intentionally. @ https://railway.com/new:0
[13489986ms] [WARNING] The resource https://fonts.gstatic.com/s/ibmplexserif/v20/jizAREVNn1dOx-zrZ2X3pZvkTi3s-CI0q1s.woff2 was preloaded using link preload but not used within a few seconds from the window's load event. Please make sure it has an appropriate `as` value and it is preloaded intentionally. @ https://railway.com/new:0
[13550230ms] [WARNING] The resource https://fonts.gstatic.com/s/ibmplexserif/v20/jizAREVNn1dOx-zrZ2X3pZvkTi3s-CI0q1s.woff2 was preloaded using link preload but not used within a few seconds from the window's load event. Please make sure it has an appropriate `as` value and it is preloaded intentionally. @ https://railway.com/new:0
[13610430ms] [WARNING] The resource https://fonts.gstatic.com/s/ibmplexserif/v20/jizAREVNn1dOx-zrZ2X3pZvkTi3s-CI0q1s.woff2 was preloaded using link preload but not used within a few seconds from the window's load event. Please make sure it has an appropriate `as` value and it is preloaded intentionally. @ https://railway.com/new:0
[13670638ms] [WARNING] The resource https://fonts.gstatic.com/s/ibmplexserif/v20/jizAREVNn1dOx-zrZ2X3pZvkTi3s-CI0q1s.woff2 was preloaded using link preload but not used within a few seconds from the window's load event. Please make sure it has an appropriate `as` value and it is preloaded intentionally. @ https://railway.com/new:0
[13730846ms] [WARNING] The resource https://fonts.gstatic.com/s/ibmplexserif/v20/jizAREVNn1dOx-zrZ2X3pZvkTi3s-CI0q1s.woff2 was preloaded using link preload but not used within a few seconds from the window's load event. Please make sure it has an appropriate `as` value and it is preloaded intentionally. @ https://railway.com/new:0
[13742879ms] [WARNING] The resource https://fonts.gstatic.com/s/ibmplexserif/v20/jizAREVNn1dOx-zrZ2X3pZvkTi3s-CI0q1s.woff2 was preloaded using link preload but not used within a few seconds from the window's load event. Please make sure it has an appropriate `as` value and it is preloaded intentionally. @ https://railway.com/new:0
[13791085ms] [WARNING] The resource https://fonts.gstatic.com/s/ibmplexserif/v20/jizAREVNn1dOx-zrZ2X3pZvkTi3s-CI0q1s.woff2 was preloaded using link preload but not used within a few seconds from the window's load event. Please make sure it has an appropriate `as` value and it is preloaded intentionally. @ https://railway.com/new:0
[13851294ms] [WARNING] The resource https://fonts.gstatic.com/s/ibmplexserif/v20/jizAREVNn1dOx-zrZ2X3pZvkTi3s-CI0q1s.woff2 was preloaded using link preload but not used within a few seconds from the window's load event. Please make sure it has an appropriate `as` value and it is preloaded intentionally. @ https://railway.com/new:0
[13911552ms] [WARNING] The resource https://fonts.gstatic.com/s/ibmplexserif/v20/jizAREVNn1dOx-zrZ2X3pZvkTi3s-CI0q1s.woff2 was preloaded using link preload but not used within a few seconds from the window's load event. Please make sure it has an appropriate `as` value and it is preloaded intentionally. @ https://railway.com/new:0
